cell_idx,c_star,k_star,a,ref,family,group,seed,t,S,S_over_LB,LB
0,0,4,0.25,vacio,vacio,trivial,,0,0,-0,-54
0,0,4,0.25,clique_binaria_s2,clique_binaria,trivial,,1,-23.625,0.4375,-54
0,0,4,0.25,clique_difusa_s2,clique_difusa,trivial,,1,-23.625,0.4375,-54
0,0,4,0.25,clique_binaria_s3,clique_binaria,trivial,,1,241.780208999,-4.47741127776,-54
0,0,4,0.25,clique_difusa_s3,clique_difusa,trivial,,0.262132104214,-9.2090813048,0.170538542681,-54
0,0,4,0.25,clique_binaria_s4,clique_binaria,trivial,,1,889.424618472,-16.470826268,-54
0,0,4,0.25,clique_difusa_s4,clique_difusa,trivial,,0.184601966965,-9.70826470394,0.179782679703,-54
0,0,4,0.25,clique_binaria_s6,clique_binaria,trivial,,1,3400.27852729,-62.9681208757,-54
0,0,4,0.25,clique_difusa_s6,clique_difusa,trivial,,0.128883161853,-11.2262811414,0.20789409521,-54
0,0,4,0.25,clique_binaria_s8,clique_binaria,trivial,,1,7577.26692731,-140.319757913,-54
0,0,4,0.25,clique_difusa_s8,clique_difusa,trivial,,0.103974400523,-12.6061913174,0.233447987359,-54
0,0,4,0.25,clique_binaria_s9,clique_binaria,trivial,,1,10299.362508,-190.728935333,-54
0,0,4,0.25,clique_difusa_s9,clique_difusa,trivial,,0.0957255818776,-13.229104153,0.24498341024,-54
0,0,4,0.25,clique_binaria_s12,clique_binaria,trivial,,1,21022.6754159,-389.308803998,-54
0,0,4,0.25,clique_difusa_s12,clique_difusa,trivial,,0.0788732114791,-14.88157293,0.275584683889,-54
0,0,4,0.25,clique_binaria_s18,clique_binaria,trivial,,1,54066.5953003,-1001.2332463,-54
0,0,4,0.25,clique_difusa_s18,clique_difusa,trivial,,0.060755887688,-17.5112978723,0.324283293932,-54
0,0,4,0.25,clique_binaria_s24,clique_binaria,trivial,,1,102671.807368,-1901.32976607,-54
0,0,4,0.25,clique_difusa_s24,clique_difusa,trivial,,0.0506852642054,-19.5793847142,0.362581198411,-54
0,0,4,0.25,clique_binaria_s27,clique_binaria,trivial,,1,132830.764921,-2459.82898002,-54
0,0,4,0.25,clique_difusa_s27,clique_difusa,trivial,,0.0470752514785,-20.4717309262,0.379106128263,-54
0,0,4,0.25,clique_binaria_s36,clique_binaria,trivial,,1,246790.159328,-4570.1881357,-54
0,0,4,0.25,clique_difusa_s36,clique_difusa,trivial,,0.0392927174265,-22.7541093726,0.421372395789,-54
0,0,4,0.25,clique_binaria_s54,clique_binaria,trivial,,1,580619.424087,-10752.2115572,-54
0,0,4,0.25,clique_difusa_s54,clique_difusa,trivial,,0.0303707491472,-26.1840727947,0.484890236938,-54
0,0,4,0.25,clique_binaria_s72,clique_binaria,trivial,,1,1055930.1457,-19554.2619575,-54
0,0,4,0.25,clique_difusa_s72,clique_difusa,trivial,,0.0252046326659,-28.7290090779,0.532018686627,-54
0,0,4,0.25,clique_binaria_s108,clique_binaria,trivial,,1,2431624.16499,-45030.0771294,-54
0,0,4,0.25,clique_difusa_s108,clique_difusa,trivial,,0.0192350531552,-32.3894863849,0.599805303423,-54
0,0,4,0.25,clique_binaria_s216,clique_binaria,trivial,,1,9963658.15999,-184512.188148,-54
0,0,4,0.25,clique_difusa_s216,clique_difusa,trivial,,0.0117961008,-38.4926277849,0.712826440462,-54
0,0,4,0.25,bipartita,bipartita,trivial,,0.0370370375867,-54,1,-54
0,0,4,0.25,uniforme,uniforme,trivial,,0.0117961008,-38.4926277849,0.712826440462,-54
0,0,4,0.25,t3,t3,no_trivial,,0.666666666667,-54,1,-54
0,0,4,0.25,tree,tree,no_trivial,,1,-36.625,0.678240740741,-54
0,0,4,0.25,ring_k6,ring,no_trivial,,0.143884069044,-14.8185853441,0.274418247114,-54
0,0,4,0.25,ws_k6_b0.1,ws,no_trivial,,0.165297036715,-16.8688618734,0.312386330989,-54
0,0,4,0.25,tri_torus_12x18,tri_torus,no_trivial,,0.171886184521,-17.4872004319,0.323837045035,-54
0,0,4,0.25,rgg3_k6_s0,rgg3_k6,no_trivial,0,0.153628786842,-15.2770084694,0.282907564249,-54
0,0,4,0.25,rgg3_k6_s1,rgg3_k6,no_trivial,1,0.137803673603,-14.5381184728,0.269224416162,-54
0,0,4,0.25,rgg3_k6_s2,rgg3_k6,no_trivial,2,0.150032338323,-14.7447283376,0.27305052477,-54
0,0,4,0.25,rgg3_k6_s3,rgg3_k6,no_trivial,3,0.142126986,-14.8983354854,0.275895101581,-54
0,0,4,0.25,rgg3_k6_s4,rgg3_k6,no_trivial,4,0.15741077583,-15.1132309159,0.27987464659,-54
0,0,4,0.25,rgg3_k8_s0,rgg3_k8,no_trivial,0,0.127462626443,-16.5705223995,0.306861525917,-54
0,0,4,0.25,rgg3_k8_s1,rgg3_k8,no_trivial,1,0.128109512661,-16.6112423337,0.307615598773,-54
0,0,4,0.25,rgg3_k8_s2,rgg3_k8,no_trivial,2,0.128134173465,-16.881895115,0.312627687315,-54
0,0,4,0.25,rgg3_k8_s3,rgg3_k8,no_trivial,3,0.135586653144,-16.6832957166,0.308949920678,-54
0,0,4,0.25,rgg3_k8_s4,rgg3_k8,no_trivial,4,0.120105400181,-16.7535692244,0.310251281933,-54
0,0,4,0.25,rgg3_k12_s0,rgg3_k12,no_trivial,0,0.100646760798,-19.7522600326,0.365782593196,-54
0,0,4,0.25,rgg3_k12_s1,rgg3_k12,no_trivial,1,0.0980496432573,-19.8998952227,0.368516578199,-54
0,0,4,0.25,rgg3_k12_s2,rgg3_k12,no_trivial,2,0.0945008147158,-19.4326530026,0.359863944492,-54
0,0,4,0.25,rgg3_k12_s3,rgg3_k12,no_trivial,3,0.0936418169598,-19.5490817183,0.362020031821,-54
0,0,4,0.25,rgg3_k12_s4,rgg3_k12,no_trivial,4,0.100613073827,-19.6476625154,0.363845602138,-54
0,0,4,0.25,rgg3_k16_s0,rgg3_k16,no_trivial,0,0.083360841009,-22.2727943634,0.412459154878,-54
0,0,4,0.25,rgg3_k16_s1,rgg3_k16,no_trivial,1,0.0809179582676,-22.0823943658,0.408933228997,-54
0,0,4,0.25,rgg3_k16_s2,rgg3_k16,no_trivial,2,0.0771562191447,-21.3577543481,0.395513969409,-54
0,0,4,0.25,rgg3_k16_s3,rgg3_k16,no_trivial,3,0.0786446402074,-21.3609786202,0.395573678152,-54
0,0,4,0.25,rgg3_k16_s4,rgg3_k16,no_trivial,4,0.0854495065314,-22.1839853556,0.410814543621,-54
0,0,4,0.25,rr_k4_s0,rr_k4,no_trivial,0,0.69313142149,-41.8217353241,0.774476580075,-54
0,0,4,0.25,rr_k4_s1,rr_k4,no_trivial,1,0.752608602122,-44.5172303513,0.824393154654,-54
0,0,4,0.25,rr_k4_s2,rr_k4,no_trivial,2,0.791496116292,-46.1921142504,0.855409523156,-54
0,0,4,0.25,rr_k4_s3,rr_k4,no_trivial,3,0.647166810634,-39.6416353978,0.734104359218,-54
0,0,4,0.25,rr_k4_s4,rr_k4,no_trivial,4,0.720445669961,-43.0796775354,0.797771806211,-54
0,0,4,0.25,rr_k6_s0,rr_k6,no_trivial,0,0.473599242638,-42.4419910766,0.785962797716,-54
0,0,4,0.25,rr_k6_s1,rr_k6,no_trivial,1,0.468671051398,-42.0978906376,0.779590567363,-54
0,0,4,0.25,rr_k6_s2,rr_k6,no_trivial,2,0.502479740882,-44.3970217809,0.822167070017,-54
0,0,4,0.25,rr_k6_s3,rr_k6,no_trivial,3,0.483729954694,-43.14841413,0.799044706112,-54
0,0,4,0.25,rr_k6_s4,rr_k6,no_trivial,4,0.478730842906,-42.797816424,0.792552156,-54
0,0,4,0.25,rr_k8_s0,rr_k8,no_trivial,0,0.340830607645,-40.9756973568,0.758809210311,-54
0,0,4,0.25,rr_k8_s1,rr_k8,no_trivial,1,0.329722942689,-39.9056427158,0.738993383626,-54
0,0,4,0.25,rr_k8_s2,rr_k8,no_trivial,2,0.34764464905,-41.6217412127,0.770772985421,-54
0,0,4,0.25,rr_k8_s3,rr_k8,no_trivial,3,0.343430911964,-41.2252497727,0.763430551346,-54
0,0,4,0.25,rr_k8_s4,rr_k8,no_trivial,4,0.350226598391,-41.873691978,0.775438740333,-54
0,0,4,0.25,rr_k12_s0,rr_k12,no_trivial,0,0.223493952465,-40.3448740121,0.747127296521,-54
0,0,4,0.25,rr_k12_s1,rr_k12,no_trivial,1,0.222496329146,-40.2032238278,0.74450414496,-54
0,0,4,0.25,rr_k12_s2,rr_k12,no_trivial,2,0.224311811744,-40.4578256006,0.749218992604,-54
0,0,4,0.25,rr_k12_s3,rr_k12,no_trivial,3,0.221883270085,-40.1098085714,0.742774232803,-54
0,0,4,0.25,rr_k12_s4,rr_k12,no_trivial,4,0.219267113238,-39.7351941923,0.735836929487,-54
0,0,4,0.25,rr_k16_s0,rr_k16,no_trivial,0,0.166301803539,-40.0540881557,0.741742373253,-54
0,0,4,0.25,rr_k16_s1,rr_k16,no_trivial,1,0.162696346387,-39.3555474054,0.728806433433,-54
0,0,4,0.25,rr_k16_s2,rr_k16,no_trivial,2,0.167807995903,-40.3373079107,0.746987183532,-54
0,0,4,0.25,rr_k16_s3,rr_k16,no_trivial,3,0.168676636767,-40.5072037889,0.750133403499,-54
0,0,4,0.25,rr_k16_s4,rr_k16,no_trivial,4,0.166042283786,-40.001666197,0.740771596241,-54
0,0,4,0.25,er_k4_s0,er_k4,no_trivial,0,0.51687425957,-31.4855216556,0.583065215844,-54
0,0,4,0.25,er_k4_s1,er_k4,no_trivial,1,0.512909437383,-31.4439971541,0.582296243594,-54
0,0,4,0.25,er_k4_s2,er_k4,no_trivial,2,0.565489691188,-34.2044376866,0.633415512715,-54
0,0,4,0.25,er_k4_s3,er_k4,no_trivial,3,0.565227841694,-33.8908953577,0.62760917329,-54
0,0,4,0.25,er_k4_s4,er_k4,no_trivial,4,0.580331472431,-34.5410764459,0.639649563813,-54
0,0,4,0.25,er_k6_s0,er_k6,no_trivial,0,0.389318848292,-35.1887428969,0.651643386979,-54
0,0,4,0.25,er_k6_s1,er_k6,no_trivial,1,0.375618800044,-34.128586965,0.632010869723,-54
0,0,4,0.25,er_k6_s2,er_k6,no_trivial,2,0.377100086812,-34.1285159461,0.632009554558,-54
0,0,4,0.25,er_k6_s3,er_k6,no_trivial,3,0.37914119861,-34.5365676678,0.639566067923,-54
0,0,4,0.25,er_k6_s4,er_k6,no_trivial,4,0.405268456907,-36.465306388,0.67528345163,-54
0,0,4,0.25,er_k8_s0,er_k8,no_trivial,0,0.298044664986,-35.8931764814,0.664688453359,-54
0,0,4,0.25,er_k8_s1,er_k8,no_trivial,1,0.279907692886,-34.0386073427,0.630344580421,-54
0,0,4,0.25,er_k8_s2,er_k8,no_trivial,2,0.29956947222,-36.2397763051,0.671106968612,-54
0,0,4,0.25,er_k8_s3,er_k8,no_trivial,3,0.281888088915,-34.3119476578,0.635406438108,-54
0,0,4,0.25,er_k8_s4,er_k8,no_trivial,4,0.289926091179,-35.2443361737,0.652672892105,-54
0,0,4,0.25,er_k12_s0,er_k12,no_trivial,0,0.209717814308,-37.8495283758,0.700917192144,-54
0,0,4,0.25,er_k12_s1,er_k12,no_trivial,1,0.201014400414,-36.4671227037,0.675317087105,-54
0,0,4,0.25,er_k12_s2,er_k12,no_trivial,2,0.199265862602,-36.2741887086,0.671744235345,-54
0,0,4,0.25,er_k12_s3,er_k12,no_trivial,3,0.1991595507,-36.1925577684,0.670232551267,-54
0,0,4,0.25,er_k12_s4,er_k12,no_trivial,4,0.199276821282,-36.2131300704,0.670613519822,-54
0,0,4,0.25,er_k16_s0,er_k16,no_trivial,0,0.155725954074,-37.6464621347,0.697156706197,-54
0,0,4,0.25,er_k16_s1,er_k16,no_trivial,1,0.152383270556,-36.8888966091,0.683127714984,-54
0,0,4,0.25,er_k16_s2,er_k16,no_trivial,2,0.154117872614,-37.2578482451,0.689960152688,-54
0,0,4,0.25,er_k16_s3,er_k16,no_trivial,3,0.153746210617,-37.2584007362,0.689970384004,-54
0,0,4,0.25,er_k16_s4,er_k16,no_trivial,4,0.154471527863,-37.3851861946,0.692318262863,-54
1,0,4,1.0,vacio,vacio,trivial,,0,0,-0,-216
1,0,4,1.0,clique_binaria_s2,clique_binaria,trivial,,1,-94.5,0.4375,-216
1,0,4,1.0,clique_difusa_s2,clique_difusa,trivial,,1,-94.5,0.4375,-216
1,0,4,1.0,clique_binaria_s3,clique_binaria,trivial,,1,120.280208999,-0.55685281944,-216
1,0,4,1.0,clique_difusa_s3,clique_difusa,trivial,,0.470256070325,-65.0020964831,0.300935631866,-216
1,0,4,1.0,clique_binaria_s4,clique_binaria,trivial,,1,737.549618472,-3.414581567,-216
1,0,4,1.0,clique_difusa_s4,clique_difusa,trivial,,0.330075800704,-68.1824566136,0.315659521359,-216
1,0,4,1.0,clique_binaria_s6,clique_binaria,trivial,,1,3248.40352729,-15.0389052189,-216
1,0,4,1.0,clique_difusa_s6,clique_difusa,trivial,,0.228070890702,-77.6322335524,0.359408488668,-216
1,0,4,1.0,clique_binaria_s8,clique_binaria,trivial,,1,7506.39192731,-34.7518144783,-216
1,0,4,1.0,clique_difusa_s8,clique_difusa,trivial,,0.182189777927,-85.9313405043,0.397830280112,-216
1,0,4,1.0,clique_binaria_s9,clique_binaria,trivial,,1,10299.362508,-47.6822338333,-216
1,0,4,1.0,clique_difusa_s9,clique_difusa,trivial,,0.166969147751,-89.5865159869,0.414752388828,-216
1,0,4,1.0,clique_binaria_s12,clique_binaria,trivial,,1,21356.8004159,-98.8740759996,-216
1,0,4,1.0,clique_difusa_s12,clique_difusa,trivial,,0.13585483286,-99.0072575432,0.45836693307,-216
1,0,4,1.0,clique_binaria_s18,clique_binaria,trivial,,1,55615.7203003,-257.480186576,-216
1,0,4,1.0,clique_difusa_s18,clique_difusa,trivial,,0.10243692739,-113.171126565,0.523940400762,-216
1,0,4,1.0,clique_binaria_s24,clique_binaria,trivial,,1,106164.932368,-491.504316517,-216
1,0,4,1.0,clique_difusa_s24,clique_difusa,trivial,,0.0839298876439,-123.594825723,0.572198267237,-216
1,0,4,1.0,clique_binaria_s27,clique_binaria,trivial,,1,137569.264921,-636.894745006,-216
1,0,4,1.0,clique_difusa_s27,clique_difusa,trivial,,0.0773203126462,-127.898445132,0.592122431165,-216
1,0,4,1.0,clique_binaria_s36,clique_binaria,trivial,,1,256358.284328,-1186.84390892,-216
1,0,4,1.0,clique_difusa_s36,clique_difusa,trivial,,0.0631438969157,-138.376492312,0.640631908851,-216
1,0,4,1.0,clique_binaria_s54,clique_binaria,trivial,,1,604767.549087,-2799.84976429,-216
1,0,4,1.0,clique_difusa_s54,clique_difusa,trivial,,0.0470936964791,-152.707784534,0.706980483955,-216
1,0,4,1.0,clique_binaria_s72,clique_binaria,trivial,,1,1101219.2707,-5098.23736437,-216
1,0,4,1.0,clique_difusa_s72,clique_difusa,trivial,,0.0379698522191,-162.266489375,0.751233747106,-216
1,0,4,1.0,clique_binaria_s108,clique_binaria,trivial,,1,2538878.28999,-11754.0661574,-216
1,0,4,1.0,clique_difusa_s108,clique_difusa,trivial,,0.0276925474065,-174.468395147,0.807724051607,-216
1,0,4,1.0,clique_binaria_s216,clique_binaria,trivial,,1,10414271.285,-48214.218912,-216
1,0,4,1.0,clique_difusa_s216,clique_difusa,trivial,,0.0155840313852,-191.026950313,0.884384029227,-216
1,0,4,1.0,bipartita,bipartita,trivial,,0.0370370375867,-216,1,-216
1,0,4,1.0,uniforme,uniforme,trivial,,0.0155840313852,-191.026950313,0.884384029227,-216
1,0,4,1.0,t3,t3,no_trivial,,0.666666666667,-216,1,-216
1,0,4,1.0,tree,tree,no_trivial,,1,-146.5,0.678240740741,-216
1,0,4,1.0,ring_k6,ring,no_trivial,,0.247698005391,-98.5771647633,0.456375762793,-216
1,0,4,1.0,ws_k6_b0.1,ws,no_trivial,,0.278402245936,-109.116153793,0.505167378671,-216
1,0,4,1.0,tri_torus_12x18,tri_torus,no_trivial,,0.289866189552,-113.045959611,0.523360924124,-216
1,0,4,1.0,rgg3_k6_s0,rgg3_k6,no_trivial,0,0.257712027232,-98.3439200569,0.455295926189,-216
1,0,4,1.0,rgg3_k6_s1,rgg3_k6,no_trivial,1,0.231470418968,-93.7523607149,0.434038707013,-216
1,0,4,1.0,rgg3_k6_s2,rgg3_k6,no_trivial,2,0.252910146779,-95.5354446293,0.442293725136,-216
1,0,4,1.0,rgg3_k6_s3,rgg3_k6,no_trivial,3,0.23870490531,-96.0404452041,0.44463169076,-216
1,0,4,1.0,rgg3_k6_s4,rgg3_k6,no_trivial,4,0.264427274674,-97.450789257,0.451161061375,-216
1,0,4,1.0,rgg3_k8_s0,rgg3_k8,no_trivial,0,0.212740188467,-105.920907324,0.490374570945,-216
1,0,4,1.0,rgg3_k8_s1,rgg3_k8,no_trivial,1,0.213512920177,-105.944082387,0.490481862904,-216
1,0,4,1.0,rgg3_k8_s2,rgg3_k8,no_trivial,2,0.213891537086,-107.86971035,0.499396807176,-216
1,0,4,1.0,rgg3_k8_s3,rgg3_k8,no_trivial,3,0.22619916088,-106.570135861,0.493380258616,-216
1,0,4,1.0,rgg3_k8_s4,rgg3_k8,no_trivial,4,0.199831847797,-106.588409151,0.493464857183,-216
1,0,4,1.0,rgg3_k12_s0,rgg3_k12,no_trivial,0,0.164400578148,-122.688218201,0.568001010189,-216
1,0,4,1.0,rgg3_k12_s1,rgg3_k12,no_trivial,1,0.159149463855,-122.654779042,0.567846199267,-216
1,0,4,1.0,rgg3_k12_s2,rgg3_k12,no_trivial,2,0.153667639281,-120.050285936,0.555788360814,-216
1,0,4,1.0,rgg3_k12_s3,rgg3_k12,no_trivial,3,0.152122157012,-120.620905144,0.558430116407,-216
1,0,4,1.0,rgg3_k12_s4,rgg3_k12,no_trivial,4,0.163776438344,-121.506529733,0.562530230247,-216
1,0,4,1.0,rgg3_k16_s0,rgg3_k16,no_trivial,0,0.132907121329,-134.264432268,0.621594593832,-216
1,0,4,1.0,rgg3_k16_s1,rgg3_k16,no_trivial,1,0.129173816448,-133.326995265,0.61725460771,-216
1,0,4,1.0,rgg3_k16_s2,rgg3_k16,no_trivial,2,0.123283911896,-129.120739232,0.597781200148,-216
1,0,4,1.0,rgg3_k16_s3,rgg3_k16,no_trivial,3,0.125526269853,-128.972266269,0.597093825318,-216
1,0,4,1.0,rgg3_k16_s4,rgg3_k16,no_trivial,4,0.136507138711,-134.042558459,0.620567400273,-216
1,0,4,1.0,rr_k4_s0,rr_k4,no_trivial,0,0.870117009778,-197.468702958,0.914206958138,-216
1,0,4,1.0,rr_k4_s1,rr_k4,no_trivial,1,0.905104093986,-202.758924897,0.938698726373,-216
1,0,4,1.0,rr_k4_s2,rr_k4,no_trivial,2,0.92511690028,-205.685541799,0.952247878701,-216
1,0,4,1.0,rr_k4_s3,rr_k4,no_trivial,3,0.839219865827,-192.626887876,0.891791147574,-216
1,0,4,1.0,rr_k4_s4,rr_k4,no_trivial,4,0.886862222395,-200.028319449,0.926057034488,-216
1,0,4,1.0,rr_k6_s0,rr_k6,no_trivial,0,0.588068076346,-198.992709502,0.921262543989,-216
1,0,4,1.0,rr_k6_s1,rr_k6,no_trivial,1,0.585108446379,-198.302091079,0.918065236477,-216
1,0,4,1.0,rr_k6_s2,rr_k6,no_trivial,2,0.604387159062,-202.713629479,0.938489025365,-216
1,0,4,1.0,rr_k6_s3,rr_k6,no_trivial,3,0.593952585372,-200.366501197,0.927622690729,-216
1,0,4,1.0,rr_k6_s4,rr_k6,no_trivial,4,0.5910920227,-199.694672863,0.924512374367,-216
1,0,4,1.0,rr_k8_s0,rr_k8,no_trivial,0,0.432928269737,-196.168773306,0.908188765305,-216
1,0,4,1.0,rr_k8_s1,rr_k8,no_trivial,1,0.425760689835,-193.856715487,0.897484793922,-216
1,0,4,1.0,rr_k8_s2,rr_k8,no_trivial,2,0.437146440903,-197.510508262,0.914400501214,-216
1,0,4,1.0,rr_k8_s3,rr_k8,no_trivial,3,0.434539976987,-196.688317544,0.910594062705,-216
1,0,4,1.0,rr_k8_s4,rr_k8,no_trivial,4,0.438651700969,-198.008284693,0.916705021729,-216
1,0,4,1.0,rr_k12_s0,rr_k12,no_trivial,0,0.28676124675,-195.003637276,0.90279461702,-216
1,0,4,1.0,rr_k12_s1,rr_k12,no_trivial,1,0.286108999211,-194.69312432,0.901357057038,-216
1,0,4,1.0,rr_k12_s2,rr_k12,no_trivial,2,0.287308114897,-195.255335707,0.90395988753,-216
1,0,4,1.0,rr_k12_s3,rr_k12,no_trivial,3,0.285740951151,-194.499722891,0.900461680052,-216
1,0,4,1.0,rr_k12_s4,rr_k12,no_trivial,4,0.28400508085,-193.666667253,0.896604940987,-216
1,0,4,1.0,rr_k16_s0,rr_k16,no_trivial,0,0.214391126943,-194.448693086,0.900225430954,-216
1,0,4,1.0,rr_k16_s1,rr_k16,no_trivial,1,0.212026750474,-192.902974312,0.89306932552,-216
1,0,4,1.0,rr_k16_s2,rr_k16,no_trivial,2,0.215382754244,-195.073477418,0.903117951007,-216
1,0,4,1.0,rr_k16_s3,rr_k16,no_trivial,3,0.215915371947,-195.429618148,0.904766750687,-216
1,0,4,1.0,rr_k16_s4,rr_k16,no_trivial,4,0.214234857545,-194.339416747,0.899719521979,-216
1,0,4,1.0,er_k4_s0,er_k4,no_trivial,0,0.667176942029,-152.594997724,0.706458322797,-216
1,0,4,1.0,er_k4_s1,er_k4,no_trivial,1,0.671365599852,-154.338994521,0.714532382044,-216
1,0,4,1.0,er_k4_s2,er_k4,no_trivial,2,0.717726078377,-163.273153157,0.75589422758,-216
1,0,4,1.0,er_k4_s3,er_k4,no_trivial,3,0.703186055116,-158.958240785,0.735917781414,-216
1,0,4,1.0,er_k4_s4,er_k4,no_trivial,4,0.711194904522,-160.011329931,0.740793194126,-216
1,0,4,1.0,er_k6_s0,er_k6,no_trivial,0,0.495170623905,-168.567822943,0.7804065877,-216
1,0,4,1.0,er_k6_s1,er_k6,no_trivial,1,0.484254655513,-165.492699341,0.766169904354,-216
1,0,4,1.0,er_k6_s2,er_k6,no_trivial,2,0.481462726271,-164.056237076,0.75951961609,-216
1,0,4,1.0,er_k6_s3,er_k6,no_trivial,3,0.491344433556,-168.240383026,0.77889066216,-216
1,0,4,1.0,er_k6_s4,er_k6,no_trivial,4,0.510212475691,-173.139737869,0.801572860503,-216
1,0,4,1.0,er_k8_s0,er_k8,no_trivial,0,0.380763666219,-172.733784509,0.7996934468,-216
1,0,4,1.0,er_k8_s1,er_k8,no_trivial,1,0.366423096798,-167.433570309,0.775155418099,-216
1,0,4,1.0,er_k8_s2,er_k8,no_trivial,2,0.38689983084,-176.093541786,0.81524787864,-216
1,0,4,1.0,er_k8_s3,er_k8,no_trivial,3,0.369132336589,-168.798450595,0.781474308309,-216
1,0,4,1.0,er_k8_s4,er_k8,no_trivial,4,0.378313524154,-172.817593412,0.800081450982,-216
1,0,4,1.0,er_k12_s0,er_k12,no_trivial,0,0.269087785096,-182.951221885,0.846996397618,-216
1,0,4,1.0,er_k12_s1,er_k12,no_trivial,1,0.261161751015,-178.2258724,0.825119779632,-216
1,0,4,1.0,er_k12_s2,er_k12,no_trivial,2,0.260921917521,-178.525399424,0.826506478817,-216
1,0,4,1.0,er_k12_s3,er_k12,no_trivial,3,0.259896459106,-177.587929801,0.822166341671,-216
1,0,4,1.0,er_k12_s4,er_k12,no_trivial,4,0.259963879279,-177.633587842,0.822377721493,-216
1,0,4,1.0,er_k16_s0,er_k16,no_trivial,0,0.202600759212,-184.246409649,0.852992637266,-216
1,0,4,1.0,er_k16_s1,er_k16,no_trivial,1,0.19894726914,-181.104880709,0.8384485218,-216
1,0,4,1.0,er_k16_s2,er_k16,no_trivial,2,0.200560369869,-182.388670507,0.844391993087,-216
1,0,4,1.0,er_k16_s3,er_k16,no_trivial,3,0.201267982269,-183.361644274,0.848896501269,-216
1,0,4,1.0,er_k16_s4,er_k16,no_trivial,4,0.201522638433,-183.41752764,0.849155220555,-216
2,0,4,4.0,vacio,vacio,trivial,,0,0,-0,-864
2,0,4,4.0,clique_binaria_s2,clique_binaria,trivial,,1,-378,0.4375,-864
2,0,4,4.0,clique_difusa_s2,clique_difusa,trivial,,1,-378,0.4375,-864
2,0,4,4.0,clique_binaria_s3,clique_binaria,trivial,,1,-365.719791001,0.42328679514,-864
2,0,4,4.0,clique_difusa_s3,clique_difusa,trivial,,0.782322985127,-417.572917397,0.483301987728,-864
2,0,4,4.0,clique_binaria_s4,clique_binaria,trivial,,1,130.049618472,-0.150520391749,-864
2,0,4,4.0,clique_difusa_s4,clique_difusa,trivial,,0.545946487478,-434.508400365,0.502903241163,-864
2,0,4,4.0,clique_binaria_s6,clique_binaria,trivial,,1,2640.90352729,-3.05660130473,-864
2,0,4,4.0,clique_difusa_s6,clique_difusa,trivial,,0.370477598753,-482.818900357,0.558818171709,-864
2,0,4,4.0,clique_binaria_s8,clique_binaria,trivial,,1,7222.89192731,-8.35982861958,-864
2,0,4,4.0,clique_difusa_s8,clique_difusa,trivial,,0.290961933156,-522.747753054,0.605032121591,-864
2,0,4,4.0,clique_binaria_s9,clique_binaria,trivial,,1,10299.362508,-11.9205584583,-864
2,0,4,4.0,clique_difusa_s9,clique_difusa,trivial,,0.264570754176,-539.587993301,0.624523140395,-864
2,0,4,4.0,clique_binaria_s12,clique_binaria,trivial,,1,22693.3004159,-26.2653939999,-864
2,0,4,4.0,clique_difusa_s12,clique_difusa,trivial,,0.210731205109,-580.882898562,0.672318169632,-864
2,0,4,4.0,clique_binaria_s18,clique_binaria,trivial,,1,61812.2203003,-71.5419216439,-864
2,0,4,4.0,clique_difusa_s18,clique_difusa,trivial,,0.153393708329,-637.254721679,0.737563335276,-864
2,0,4,4.0,clique_binaria_s24,clique_binaria,trivial,,1,120137.432368,-139.047954129,-864
2,0,4,4.0,clique_difusa_s24,clique_difusa,trivial,,0.122131296977,-674.392560392,0.780546944898,-864
2,0,4,4.0,clique_binaria_s27,clique_binaria,trivial,,1,156523.264921,-181.161186251,-864
2,0,4,4.0,clique_difusa_s27,clique_difusa,trivial,,0.111110026505,-688.665601926,0.797066668896,-864
2,0,4,4.0,clique_binaria_s36,clique_binaria,trivial,,1,294630.784328,-341.007852231,-864
2,0,4,4.0,clique_difusa_s36,clique_difusa,trivial,,0.0878429036397,-720.877582599,0.834349053934,-864
2,0,4,4.0,clique_binaria_s54,clique_binaria,trivial,,1,701360.049087,-811.759316073,-864
2,0,4,4.0,clique_difusa_s54,clique_difusa,trivial,,0.0623883153738,-759.299361047,0.878818704916,-864
2,0,4,4.0,clique_binaria_s72,clique_binaria,trivial,,1,1282375.7707,-1484.23121609,-864
2,0,4,4.0,clique_difusa_s72,clique_difusa,trivial,,0.048538983927,-781.492903428,0.904505675263,-864
2,0,4,4.0,clique_binaria_s108,clique_binaria,trivial,,1,2967894.78999,-3435.06341434,-864
2,0,4,4.0,clique_difusa_s108,clique_difusa,trivial,,0.033702788019,-806.117265651,0.933006094504,-864
2,0,4,4.0,clique_binaria_s216,clique_binaria,trivial,,1,12216723.785,-14139.726603,-864
2,0,4,4.0,clique_difusa_s216,clique_difusa,trivial,,0.0176282921134,-833.532410898,0.964736586688,-864
2,0,4,4.0,bipartita,bipartita,trivial,,0.0370370375867,-864,1,-864
2,0,4,4.0,uniforme,uniforme,trivial,,0.0176282921134,-833.532410898,0.964736586688,-864
2,0,4,4.0,t3,t3,no_trivial,,0.666666666667,-864,1,-864
2,0,4,4.0,tree,tree,no_trivial,,1,-586,0.678240740741,-864
2,0,4,4.0,ring_k6,ring,no_trivial,,0.384509507924,-578.796552496,0.669903417241,-864
2,0,4,4.0,ws_k6_b0.1,ws,no_trivial,,0.418550609929,-617.062377571,0.714192566634,-864
2,0,4,4.0,tri_torus_12x18,tri_torus,no_trivial,,0.434201816464,-636.786494809,0.737021406029,-864
2,0,4,4.0,rgg3_k6_s0,rgg3_k6,no_trivial,0,0.385715669867,-553.132580611,0.640199746078,-864
2,0,4,4.0,rgg3_k6_s1,rgg3_k6,no_trivial,1,0.347207013437,-528.611775011,0.611819184041,-864
2,0,4,4.0,rgg3_k6_s2,rgg3_k6,no_trivial,2,0.381519177745,-542.153778152,0.627492798787,-864
2,0,4,4.0,rgg3_k6_s3,rgg3_k6,no_trivial,3,0.35779161348,-541.076099856,0.626245485944,-864
2,0,4,4.0,rgg3_k6_s4,rgg3_k6,no_trivial,4,0.396408518986,-549.1517817,0.635592339931,-864
2,0,4,4.0,rgg3_k8_s0,rgg3_k8,no_trivial,0,0.3155200597,-589.742493239,0.682572330138,-864
2,0,4,4.0,rgg3_k8_s1,rgg3_k8,no_trivial,1,0.315631666072,-587.783092018,0.680304504651,-864
2,0,4,4.0,rgg3_k8_s2,rgg3_k8,no_trivial,2,0.316771919501,-599.723522351,0.694124447166,-864
2,0,4,4.0,rgg3_k8_s3,rgg3_k8,no_trivial,3,0.335112534272,-592.681869077,0.685974385506,-864
2,0,4,4.0,rgg3_k8_s4,rgg3_k8,no_trivial,4,0.29436956693,-589.138771616,0.681873578259,-864
2,0,4,4.0,rgg3_k12_s0,rgg3_k12,no_trivial,0,0.235046191749,-656.938091036,0.760345012773,-864
2,0,4,4.0,rgg3_k12_s1,rgg3_k12,no_trivial,1,0.22551150891,-650.688151215,0.753111286129,-864
2,0,4,4.0,rgg3_k12_s2,rgg3_k12,no_trivial,2,0.218370850957,-638.736908927,0.739278829777,-864
2,0,4,4.0,rgg3_k12_s3,rgg3_k12,no_trivial,3,0.215837787481,-640.759728102,0.741620055673,-864
2,0,4,4.0,rgg3_k12_s4,rgg3_k12,no_trivial,4,0.232905745569,-647.035494733,0.74888367446,-864
2,0,4,4.0,rgg3_k16_s0,rgg3_k16,no_trivial,0,0.183243650735,-693.148420437,0.802255116247,-864
2,0,4,4.0,rgg3_k16_s1,rgg3_k16,no_trivial,1,0.178456258918,-689.655975408,0.798212934501,-864
2,0,4,4.0,rgg3_k16_s2,rgg3_k16,no_trivial,2,0.1706514353,-669.135564237,0.774462458608,-864
2,0,4,4.0,rgg3_k16_s3,rgg3_k16,no_trivial,3,0.173484792662,-667.346630537,0.772391933492,-864
2,0,4,4.0,rgg3_k16_s4,rgg3_k16,no_trivial,4,0.188711280946,-693.833486494,0.803048016776,-864
2,0,4,4.0,rr_k4_s0,rr_k4,no_trivial,0,0.959267705537,-842.05418629,0.974599752651,-864
2,0,4,4.0,rr_k4_s1,rr_k4,no_trivial,1,0.972000343859,-849.041023143,0.982686369379,-864
2,0,4,4.0,rr_k4_s2,rr_k4,no_trivial,2,0.978664306728,-852.651733617,0.986865432427,-864
2,0,4,4.0,rr_k4_s3,rr_k4,no_trivial,3,0.946816652484,-835.117959861,0.966571712803,-864
2,0,4,4.0,rr_k4_s4,rr_k4,no_trivial,4,0.965538619544,-845.509694314,0.978599183234,-864
2,0,4,4.0,rr_k6_s0,rr_k6,no_trivial,0,0.642604244903,-844.244668068,0.977135032486,-864
2,0,4,4.0,rr_k6_s1,rr_k6,no_trivial,1,0.641508787341,-843.321460363,0.97606650505,-864
2,0,4,4.0,rr_k6_s2,rr_k6,no_trivial,2,0.648385076148,-849.057312533,0.982705222839,-864
2,0,4,4.0,rr_k6_s3,rr_k6,no_trivial,3,0.64473535122,-846.0483121,0.979222583449,-864
2,0,4,4.0,rr_k6_s4,rr_k6,no_trivial,4,0.643708099663,-845.172980775,0.97820946849,-864
2,0,4,4.0,rr_k8_s0,rr_k8,no_trivial,0,0.479005150023,-840.533886574,0.972840146497,-864
2,0,4,4.0,rr_k8_s1,rr_k8,no_trivial,1,0.47620583685,-837.300600092,0.969097916773,-864
2,0,4,4.0,rr_k8_s2,rr_k8,no_trivial,2,0.480599346694,-842.361442769,0.974955373575,-864
2,0,4,4.0,rr_k8_s3,rr_k8,no_trivial,3,0.479616678371,-841.243520255,0.973661481777,-864
2,0,4,4.0,rr_k8_s4,rr_k8,no_trivial,4,0.481149980982,-843.021452317,0.975719273515,-864
2,0,4,4.0,rr_k12_s0,rr_k12,no_trivial,0,0.318715221051,-839.049512516,0.971122120968,-864
2,0,4,4.0,rr_k12_s1,rr_k12,no_trivial,1,0.318461068551,-838.614364511,0.970618477443,-864
2,0,4,4.0,rr_k12_s2,rr_k12,no_trivial,2,0.318929944576,-839.404650386,0.971533160169,-864
2,0,4,4.0,rr_k12_s3,rr_k12,no_trivial,3,0.318323523106,-838.351322353,0.970314030501,-864
2,0,4,4.0,rr_k12_s4,rr_k12,no_trivial,4,0.317638677219,-837.1721131,0.968949204977,-864
2,0,4,4.0,rr_k16_s0,rr_k16,no_trivial,0,0.238806907342,-838.333087668,0.970292925542,-864
2,0,4,4.0,rr_k16_s1,rr_k16,no_trivial,1,0.237881038259,-836.153387597,0.967770124534,-864
2,0,4,4.0,rr_k16_s2,rr_k16,no_trivial,2,0.239193227143,-839.209686231,0.971307507212,-864
2,0,4,4.0,rr_k16_s3,rr_k16,no_trivial,3,0.239392648535,-839.695152948,0.971869389986,-864
2,0,4,4.0,rr_k16_s4,rr_k16,no_trivial,4,0.238748730776,-838.184347808,0.970120772926,-864
2,0,4,4.0,er_k4_s0,er_k4,no_trivial,0,0.749012170952,-659.721894215,0.763567007194,-864
2,0,4,4.0,er_k4_s1,er_k4,no_trivial,1,0.76168905118,-672.422401848,0.778266668806,-864
2,0,4,4.0,er_k4_s2,er_k4,no_trivial,2,0.796453324438,-699.887151311,0.810054573277,-864
2,0,4,4.0,er_k4_s3,er_k4,no_trivial,3,0.770133325834,-675.0244923,0.781278347569,-864
2,0,4,4.0,er_k4_s4,er_k4,no_trivial,4,0.771644925814,-675.142355642,0.781414763475,-864
2,0,4,4.0,er_k6_s0,er_k6,no_trivial,0,0.548934161656,-722.927773292,0.836721959829,-864
2,0,4,4.0,er_k6_s1,er_k6,no_trivial,1,0.541614722824,-714.454795634,0.826915272724,-864
2,0,4,4.0,er_k6_s2,er_k6,no_trivial,2,0.534992869426,-704.844699934,0.815792476776,-864
2,0,4,4.0,er_k6_s3,er_k6,no_trivial,3,0.55166774294,-728.318991267,0.842961795448,-864
2,0,4,4.0,er_k6_s4,er_k6,no_trivial,4,0.561835432422,-738.975238367,0.855295414777,-864
2,0,4,4.0,er_k8_s0,er_k8,no_trivial,0,0.422682694113,-742.052064868,0.85885655656,-864
2,0,4,4.0,er_k8_s1,er_k8,no_trivial,1,0.413514688183,-728.183813693,0.842805339923,-864
2,0,4,4.0,er_k8_s2,er_k8,no_trivial,2,0.43263006438,-760.550713962,0.880267030048,-864
2,0,4,4.0,er_k8_s3,er_k8,no_trivial,3,0.416904078087,-734.391755603,0.849990457874,-864
2,0,4,4.0,er_k8_s4,er_k8,no_trivial,4,0.426228448922,-750.470433587,0.868600038873,-864
2,0,4,4.0,er_k12_s0,er_k12,no_trivial,0,0.29902616202,-787.153414002,0.911057192132,-864
2,0,4,4.0,er_k12_s1,er_k12,no_trivial,1,0.292659462908,-771.579205432,0.893031487768,-864
2,0,4,4.0,er_k12_s2,er_k12,no_trivial,2,0.294033443477,-776.062764078,0.898220791757,-864
2,0,4,4.0,er_k12_s3,er_k12,no_trivial,3,0.292110396933,-770.546263127,0.891835952694,-864
2,0,4,4.0,er_k12_s4,er_k12,no_trivial,4,0.29214464762,-770.63715357,0.891941149965,-864
2,0,4,4.0,er_k16_s0,er_k16,no_trivial,0,0.227057041758,-797.961714058,0.923566798678,-864
2,0,4,4.0,er_k16_s1,er_k16,no_trivial,1,0.223488277304,-785.748017097,0.909430575343,-864
2,0,4,4.0,er_k16_s2,er_k16,no_trivial,2,0.224792374716,-789.997038701,0.914348424423,-864
2,0,4,4.0,er_k16_s3,er_k16,no_trivial,3,0.226511665692,-796.642584169,0.922040027973,-864
2,0,4,4.0,er_k16_s4,er_k16,no_trivial,4,0.226275032146,-795.489107193,0.920704985177,-864
3,0,6,0.25,vacio,vacio,trivial,,0,0,-0,-81
3,0,6,0.25,clique_binaria_s2,clique_binaria,trivial,,1,-24.75,0.305555555556,-81
3,0,6,0.25,clique_difusa_s2,clique_difusa,trivial,,1,-24.75,0.305555555556,-81
3,0,6,0.25,clique_binaria_s3,clique_binaria,trivial,,1,237.280208999,-2.92938529628,-81
3,0,6,0.25,clique_difusa_s3,clique_difusa,trivial,,0.268057085402,-9.52530916721,0.117596409472,-81
3,0,6,0.25,clique_binaria_s4,clique_binaria,trivial,,1,879.299618472,-10.8555508453,-81
3,0,6,0.25,clique_difusa_s4,clique_difusa,trivial,,0.189032265153,-10.0616205358,0.124217537479,-81
3,0,6,0.25,clique_binaria_s6,clique_binaria,trivial,,1,3372.15352729,-41.6315250282,-81
3,0,6,0.25,clique_difusa_s6,clique_difusa,trivial,,0.132539925527,-11.7067853193,0.144528213819,-81
3,0,6,0.25,clique_binaria_s8,clique_binaria,trivial,,1,7522.14192731,-92.8659497199,-81
3,0,6,0.25,clique_difusa_s8,clique_difusa,trivial,,0.107356150819,-13.2216256259,0.163229945998,-81
3,0,6,0.25,clique_binaria_s9,clique_binaria,trivial,,1,10227.362508,-126.263734667,-81
3,0,6,0.25,clique_difusa_s9,clique_difusa,trivial,,0.0990240545785,-13.9117414538,0.171749894492,-81
3,0,6,0.25,clique_binaria_s12,clique_binaria,trivial,,1,20886.5504159,-257.85864711,-81
3,0,6,0.25,clique_difusa_s12,clique_difusa,trivial,,0.0820101683917,-15.7623192894,0.194596534437,-81
3,0,6,0.25,clique_binaria_s18,clique_binaria,trivial,,1,53741.4703003,-663.474941979,-81
3,0,6,0.25,clique_difusa_s18,clique_difusa,trivial,,0.0637233430433,-18.770528829,0.231734923815,-81
3,0,6,0.25,clique_binaria_s24,clique_binaria,trivial,,1,102076.682368,-1260.20595516,-81
3,0,6,0.25,clique_difusa_s24,clique_difusa,trivial,,0.0535525006613,-21.1955583129,0.261673559418,-81
3,0,6,0.25,clique_binaria_s27,clique_binaria,trivial,,1,132070.264921,-1630.49709779,-81
3,0,6,0.25,clique_difusa_s27,clique_difusa,trivial,,0.0499036828405,-22.2593178906,0.274806393711,-81
3,0,6,0.25,clique_binaria_s36,clique_binaria,trivial,,1,245412.034328,-3029.77820157,-81
3,0,6,0.25,clique_difusa_s36,clique_difusa,trivial,,0.0420281985317,-25.0315889885,0.309031962821,-81
3,0,6,0.25,clique_binaria_s54,clique_binaria,trivial,,1,577459.299087,-7129.12714922,-81
3,0,6,0.25,clique_difusa_s54,clique_difusa,trivial,,0.0329720843897,-29.3518076833,0.36236799609,-81
3,0,6,0.25,clique_binaria_s72,clique_binaria,trivial,,1,1050259.0207,-12966.1607494,-81
3,0,6,0.25,clique_difusa_s72,clique_difusa,trivial,,0.0277035356241,-32.6940205409,0.40362988322,-81
3,0,6,0.25,clique_binaria_s108,clique_binaria,trivial,,1,2418744.03999,-29861.0375307,-81
3,0,6,0.25,clique_difusa_s108,clique_difusa,trivial,,0.0215734329547,-37.743697055,0.465971568581,-81
3,0,6,0.25,clique_binaria_s216,clique_binaria,trivial,,1,9911655.03499,-122366.111543,-81
3,0,6,0.25,clique_difusa_s216,clique_difusa,trivial,,0.0138040346084,-46.9838646082,0.580047711213,-81
3,0,6,0.25,bipartita,bipartita,trivial,,0.0555555547312,-81,1,-81
3,0,6,0.25,uniforme,uniforme,trivial,,0.0138040346084,-46.9838646082,0.580047711213,-81
3,0,6,0.25,t3,t3,no_trivial,,1,-81,1,-81
3,0,6,0.25,tree,tree,no_trivial,,1,-42.3333333333,0.522633744856,-81
3,0,6,0.25,ring_k6,ring,no_trivial,,0.149561609849,-15.6903567468,0.193708107986,-81
3,0,6,0.25,ws_k6_b0.1,ws,no_trivial,,0.173093687776,-18.0495411589,0.222833841468,-81
3,0,6,0.25,tri_torus_12x18,tri_torus,no_trivial,,0.180266580242,-18.7425907667,0.231390009466,-81
3,0,6,0.25,rgg3_k6_s0,rgg3_k6,no_trivial,0,0.161037603994,-16.3711501877,0.20211296528,-81
3,0,6,0.25,rgg3_k6_s1,rgg3_k6,no_trivial,1,0.14436993824,-15.5676483811,0.192193189891,-81
3,0,6,0.25,rgg3_k6_s2,rgg3_k6,no_trivial,2,0.156962455029,-15.7584561052,0.194548840805,-81
3,0,6,0.25,rgg3_k6_s3,rgg3_k6,no_trivial,3,0.148934902353,-15.9580085948,0.197012451788,-81
3,0,6,0.25,rgg3_k6_s4,rgg3_k6,no_trivial,4,0.164943916327,-16.1870902576,0.199840620465,-81
3,0,6,0.25,rgg3_k8_s0,rgg3_k8,no_trivial,0,0.133929451664,-17.8142121731,0.219928545347,-81
3,0,6,0.25,rgg3_k8_s1,rgg3_k8,no_trivial,1,0.134734032013,-17.8792026181,0.220730896519,-81
3,0,6,0.25,rgg3_k8_s2,rgg3_k8,no_trivial,2,0.134705046711,-18.1595299921,0.224191728298,-81
3,0,6,0.25,rgg3_k8_s3,rgg3_k8,no_trivial,3,0.142507872654,-17.9421932086,0.22150855813,-81
3,0,6,0.25,rgg3_k8_s4,rgg3_k8,no_trivial,4,0.126437295272,-18.0547593142,0.222898263138,-81
3,0,6,0.25,rgg3_k12_s0,rgg3_k12,no_trivial,0,0.106800126825,-21.511885486,0.265578833161,-81
3,0,6,0.25,rgg3_k12_s1,rgg3_k12,no_trivial,1,0.104291082206,-21.7416817778,0.268415824417,-81
3,0,6,0.25,rgg3_k12_s2,rgg3_k12,no_trivial,2,0.100436073601,-21.2092113118,0.26184211496,-81
3,0,6,0.25,rgg3_k12_s3,rgg3_k12,no_trivial,3,0.0995659770556,-21.3481892777,0.263557892317,-81
3,0,6,0.25,rgg3_k12_s4,rgg3_k12,no_trivial,4,0.106919878505,-21.438878788,0.264677515902,-81
3,0,6,0.25,rgg3_k16_s0,rgg3_k16,no_trivial,0,0.0893681271221,-24.5809940738,0.30346906264,-81
3,0,6,0.25,rgg3_k16_s1,rgg3_k16,no_trivial,1,0.0866954970936,-24.3521631368,0.300643989343,-81
3,0,6,0.25,rgg3_k16_s2,rgg3_k16,no_trivial,2,0.082612068253,-23.5352647689,0.290558824307,-81
3,0,6,0.25,rgg3_k16_s3,rgg3_k16,no_trivial,3,0.0842436247749,-23.5524518598,0.290771010615,-81
3,0,6,0.25,rgg3_k16_s4,rgg3_k16,no_trivial,4,0.0915376046101,-24.458609015,0.301958135988,-81
3,0,6,0.25,rr_k4_s0,rr_k4,no_trivial,0,0.820339942708,-52.0948376325,0.643146143612,-81
3,0,6,0.25,rr_k4_s1,rr_k4,no_trivial,1,0.915423283061,-56.9731089874,0.703371715894,-81
3,0,6,0.25,rr_k4_s2,rr_k4,no_trivial,2,0.982846411436,-60.2619617647,0.743974836601,-81
3,0,6,0.25,rr_k4_s3,rr_k4,no_trivial,3,0.751983602885,-48.4295332909,0.597895472728,-81
3,0,6,0.25,rr_k4_s4,rr_k4,no_trivial,4,0.862948184563,-54.3157208259,0.670564454641,-81
3,0,6,0.25,rr_k6_s0,rr_k6,no_trivial,0,0.5666074208,-53.3535163709,0.658685387294,-81
3,0,6,0.25,rr_k6_s1,rr_k6,no_trivial,1,0.558935177469,-52.7486932162,0.651218434768,-81
3,0,6,0.25,rr_k6_s2,rr_k6,no_trivial,2,0.613440774116,-56.9375430171,0.702932629841,-81
3,0,6,0.25,rr_k6_s3,rr_k6,no_trivial,3,0.582555555851,-54.6091496284,0.67418703245,-81
3,0,6,0.25,rr_k6_s4,rr_k6,no_trivial,4,0.574680367577,-53.9857801814,0.666491113351,-81
3,0,6,0.25,rr_k8_s0,rr_k8,no_trivial,0,0.404148970636,-50.9288370267,0.628751074404,-81
3,0,6,0.25,rr_k8_s1,rr_k8,no_trivial,1,0.387569923596,-49.1369616607,0.606629156306,-81
3,0,6,0.25,rr_k8_s2,rr_k8,no_trivial,2,0.41455467149,-52.0369641828,0.642431656577,-81
3,0,6,0.25,rr_k8_s3,rr_k8,no_trivial,3,0.408072890952,-51.3523537824,0.633979676326,-81
3,0,6,0.25,rr_k8_s4,rr_k8,no_trivial,4,0.418430312507,-52.4651294984,0.647717648128,-81
3,0,6,0.25,rr_k12_s0,rr_k12,no_trivial,0,0.264619204902,-49.9572506882,0.616756181336,-81
3,0,6,0.25,rr_k12_s1,rr_k12,no_trivial,1,0.26310163643,-49.7175269527,0.613796629046,-81
3,0,6,0.25,rr_k12_s2,rr_k12,no_trivial,2,0.265892773203,-50.1520031414,0.61916053261,-81
3,0,6,0.25,rr_k12_s3,rr_k12,no_trivial,3,0.262223773897,-49.5659712956,0.61192557155,-81
3,0,6,0.25,rr_k12_s4,rr_k12,no_trivial,4,0.258285903593,-48.9387992528,0.604182706825,-81
3,0,6,0.25,rr_k16_s0,rr_k16,no_trivial,0,0.196730588852,-49.5063143439,0.611189065974,-81
3,0,6,0.25,rr_k16_s1,rr_k16,no_trivial,1,0.19136274268,-48.3491500103,0.596903086547,-81
3,0,6,0.25,rr_k16_s2,rr_k16,no_trivial,2,0.199043514565,-49.9877776295,0.617133057155,-81
3,0,6,0.25,rr_k16_s3,rr_k16,no_trivial,3,0.200334646066,-50.2709947043,0.620629564251,-81
3,0,6,0.25,rr_k16_s4,rr_k16,no_trivial,4,0.196357382458,-49.4210883891,0.610136893693,-81
3,0,6,0.25,er_k4_s0,er_k4,no_trivial,0,0.603563578453,-38.629314489,0.476905117148,-81
3,0,6,0.25,er_k4_s1,er_k4,no_trivial,1,0.594412827557,-38.2646372901,0.472402929508,-81
3,0,6,0.25,er_k4_s2,er_k4,no_trivial,2,0.666213992613,-42.3730407869,0.523123960333,-81
3,0,6,0.25,er_k4_s3,er_k4,no_trivial,3,0.673710116006,-42.4926599727,0.524600740404,-81
3,0,6,0.25,er_k4_s4,er_k4,no_trivial,4,0.698412322583,-43.7244896935,0.539808514735,-81
3,0,6,0.25,er_k6_s0,er_k6,no_trivial,0,0.460303285243,-43.6527987869,0.538923441814,-81
3,0,6,0.25,er_k6_s1,er_k6,no_trivial,1,0.441069513101,-42.0193425212,0.518757315076,-81
3,0,6,0.25,er_k6_s2,er_k6,no_trivial,2,0.44507932529,-42.251742163,0.521626446457,-81
3,0,6,0.25,er_k6_s3,er_k6,no_trivial,3,0.443808320086,-42.3865925492,0.523291266039,-81
3,0,6,0.25,er_k6_s4,er_k6,no_trivial,4,0.481999896469,-45.5132755371,0.561892290581,-81
3,0,6,0.25,er_k8_s0,er_k8,no_trivial,0,0.352603970418,-44.4833314555,0.549176931549,-81
3,0,6,0.25,er_k8_s1,er_k8,no_trivial,1,0.327009131965,-41.6141251739,0.513754631777,-81
3,0,6,0.25,er_k8_s2,er_k8,no_trivial,2,0.35232980392,-44.6340421968,0.551037557985,-81
3,0,6,0.25,er_k8_s3,er_k8,no_trivial,3,0.328977705035,-41.9201935952,0.517533254262,-81
3,0,6,0.25,er_k8_s4,er_k8,no_trivial,4,0.338932296362,-43.1414304075,0.532610251944,-81
3,0,6,0.25,er_k12_s0,er_k12,no_trivial,0,0.248384522138,-46.8744703749,0.578697165122,-81
3,0,6,0.25,er_k12_s1,er_k12,no_trivial,1,0.236452149592,-44.8415238551,0.55359905994,-81
3,0,6,0.25,er_k12_s2,er_k12,no_trivial,2,0.233358622172,-44.4021612904,0.548174830746,-81
3,0,6,0.25,er_k12_s3,er_k12,no_trivial,3,0.233745171775,-44.3961117905,0.548100145562,-81
3,0,6,0.25,er_k12_s4,er_k12,no_trivial,4,0.233890137304,-44.4261902599,0.548471484691,-81
3,0,6,0.25,er_k16_s0,er_k16,no_trivial,0,0.183311683608,-46.2909777855,0.571493552907,-81
3,0,6,0.25,er_k16_s1,er_k16,no_trivial,1,0.179054705215,-45.2721524674,0.558915462561,-81
3,0,6,0.25,er_k16_s2,er_k16,no_trivial,2,0.181417950937,-45.809656633,0.565551316457,-81
3,0,6,0.25,er_k16_s3,er_k16,no_trivial,3,0.180405710542,-45.6578491675,0.563677150215,-81
3,0,6,0.25,er_k16_s4,er_k16,no_trivial,4,0.181566906221,-45.8986436283,0.566649921337,-81
4,0,6,1.0,vacio,vacio,trivial,,0,0,-0,-324
4,0,6,1.0,clique_binaria_s2,clique_binaria,trivial,,1,-99,0.305555555556,-324
4,0,6,1.0,clique_difusa_s2,clique_difusa,trivial,,1,-99,0.305555555556,-324
4,0,6,1.0,clique_binaria_s3,clique_binaria,trivial,,1,102.280208999,-0.315679657404,-324
4,0,6,1.0,clique_difusa_s3,clique_difusa,trivial,,0.489634778852,-69.1480152871,0.213419800269,-324
4,0,6,1.0,clique_binaria_s4,clique_binaria,trivial,,1,697.049618472,-2.15138771133,-324
4,0,6,1.0,clique_difusa_s4,clique_difusa,trivial,,0.344538201866,-72.7899479775,0.224660333264,-324
4,0,6,1.0,clique_binaria_s6,clique_binaria,trivial,,1,3135.90352729,-9.67871459039,-324
4,0,6,1.0,clique_difusa_s6,clique_difusa,trivial,,0.239933576444,-83.7915056755,0.258615758258,-324
4,0,6,1.0,clique_binaria_s8,clique_binaria,trivial,,1,7285.89192731,-22.4873207633,-324
4,0,6,1.0,clique_difusa_s8,clique_difusa,trivial,,0.193091021931,-93.6933022657,0.289176858845,-324
4,0,6,1.0,clique_binaria_s9,clique_binaria,trivial,,1,10011.362508,-30.899267,-324
4,0,6,1.0,clique_difusa_s9,clique_difusa,trivial,,0.17756928236,-98.1313480682,0.302874531075,-324
4,0,6,1.0,clique_binaria_s12,clique_binaria,trivial,,1,20812.3004159,-64.2354951109,-324
4,0,6,1.0,clique_difusa_s12,clique_difusa,trivial,,0.145846940475,-109.805806419,0.338906809935,-324
4,0,6,1.0,clique_binaria_s18,clique_binaria,trivial,,1,54315.2203003,-167.639568828,-324
4,0,6,1.0,clique_difusa_s18,clique_difusa,trivial,,0.111734784674,-128.075530466,0.395294847118,-324
4,0,6,1.0,clique_binaria_s24,clique_binaria,trivial,,1,103784.432368,-320.322322122,-324
4,0,6,1.0,clique_difusa_s24,clique_difusa,trivial,,0.0927774652989,-142.161548072,0.438770210098,-324
4,0,6,1.0,clique_binaria_s27,clique_binaria,trivial,,1,134527.264921,-415.207607782,-324
4,0,6,1.0,clique_difusa_s27,clique_difusa,trivial,,0.0859845691576,-148.158943967,0.457280691258,-324
4,0,6,1.0,clique_binaria_s36,clique_binaria,trivial,,1,250845.784328,-774.215383727,-324
4,0,6,1.0,clique_difusa_s36,clique_difusa,trivial,,0.0713500610379,-163.26726289,0.503911305217,-324
4,0,6,1.0,clique_binaria_s54,clique_binaria,trivial,,1,592127.049087,-1827.55262064,-324
4,0,6,1.0,clique_difusa_s54,clique_difusa,trivial,,0.0546042322726,-185.30780678,0.571937675246,-324
4,0,6,1.0,clique_binaria_s72,clique_binaria,trivial,,1,1078534.7707,-3328.81102069,-324
4,0,6,1.0,clique_difusa_s72,clique_difusa,trivial,,0.0449379958944,-201.10567583,0.62069653034,-324
4,0,6,1.0,clique_binaria_s108,clique_binaria,trivial,,1,2487357.78999,-7677.03021602,-324
4,0,6,1.0,clique_difusa_s108,clique_difusa,trivial,,0.0338229130146,-222.922581158,0.688032657894,-324
4,0,6,1.0,clique_binaria_s216,clique_binaria,trivial,,1,10206258.785,-31500.7987191,-324
4,0,6,1.0,clique_difusa_s216,clique_difusa,trivial,,0.0201473884045,-256.643587632,0.792109838371,-324
4,0,6,1.0,bipartita,bipartita,trivial,,0.0555555547312,-324,1,-324
4,0,6,1.0,uniforme,uniforme,trivial,,0.0201473884045,-256.643587632,0.792109838371,-324
4,0,6,1.0,t3,t3,no_trivial,,1,-324,1,-324
4,0,6,1.0,tree,tree,no_trivial,,1,-169.333333333,0.522633744856,-324
4,0,6,1.0,ring_k6,ring,no_trivial,,0.265746143586,-109.250347258,0.337192429809,-324
4,0,6,1.0,ws_k6_b0.1,ws,no_trivial,,0.302633535643,-123.034989486,0.37973762187,-324
4,0,6,1.0,tri_torus_12x18,tri_torus,no_trivial,,0.316128609946,-127.909903645,0.394783653224,-324
4,0,6,1.0,rgg3_k6_s0,rgg3_k6,no_trivial,0,0.280642979351,-111.149551675,0.343054171835,-324
4,0,6,1.0,rgg3_k6_s1,rgg3_k6,no_trivial,1,0.25181697422,-105.828079757,0.326629875793,-324
4,0,6,1.0,rgg3_k6_s2,rgg3_k6,no_trivial,2,0.274448176755,-107.496798744,0.331780243038,-324
4,0,6,1.0,rgg3_k6_s3,rgg3_k6,no_trivial,3,0.259811126206,-108.469913452,0.334783683495,-324
4,0,6,1.0,rgg3_k6_s4,rgg3_k6,no_trivial,4,0.28778243971,-110.051107799,0.339663912959,-324
4,0,6,1.0,rgg3_k8_s0,rgg3_k8,no_trivial,0,0.232693477966,-120.36058092,0.371483274446,-324
4,0,6,1.0,rgg3_k8_s1,rgg3_k8,no_trivial,1,0.233949247123,-120.635924371,0.372333099911,-324
4,0,6,1.0,rgg3_k8_s2,rgg3_k8,no_trivial,2,0.234201131469,-122.716041568,0.378753214717,-324
4,0,6,1.0,rgg3_k8_s3,rgg3_k8,no_trivial,3,0.247548284398,-121.177118447,0.374003451997,-324
4,0,6,1.0,rgg3_k8_s4,rgg3_k8,no_trivial,4,0.219347863945,-121.626693148,0.375391028235,-324
4,0,6,1.0,rgg3_k12_s0,rgg3_k12,no_trivial,0,0.183080676493,-142.421513177,0.439572571533,-324
4,0,6,1.0,rgg3_k12_s1,rgg3_k12,no_trivial,1,0.177974613182,-143.088399557,0.44163086283,-324
4,0,6,1.0,rgg3_k12_s2,rgg3_k12,no_trivial,2,0.171598434474,-139.81884776,0.43153965358,-324
4,0,6,1.0,rgg3_k12_s3,rgg3_k12,no_trivial,3,0.170002703966,-140.60827972,0.433976171976,-324
4,0,6,1.0,rgg3_k12_s4,rgg3_k12,no_trivial,4,0.182861611459,-141.479090592,0.436663859852,-324
4,0,6,1.0,rgg3_k16_s0,rgg3_k16,no_trivial,0,0.150732281125,-159.131323844,0.491146061248,-324
4,0,6,1.0,rgg3_k16_s1,rgg3_k16,no_trivial,1,0.146333561404,-157.828298543,0.487124378219,-324
4,0,6,1.0,rgg3_k16_s2,rgg3_k16,no_trivial,2,0.139492010972,-152.656252968,0.471161274592,-324
4,0,6,1.0,rgg3_k16_s3,rgg3_k16,no_trivial,3,0.142140795915,-152.615739587,0.471036233293,-324
4,0,6,1.0,rgg3_k16_s4,rgg3_k16,no_trivial,4,0.154610438243,-158.630589287,0.489600584219,-324
4,0,6,1.0,rr_k4_s0,rr_k4,no_trivial,0,1,-264.47664925,0.816285954476,-324
4,0,6,1.0,rr_k4_s1,rr_k4,no_trivial,1,1,-272.317766167,0.840486932613,-324
4,0,6,1.0,rr_k4_s2,rr_k4,no_trivial,2,1,-276.238324625,0.852587421682,-324
4,0,6,1.0,rr_k4_s3,rr_k4,no_trivial,3,1,-256.347850261,0.791197068707,-324
4,0,6,1.0,rr_k4_s4,rr_k4,no_trivial,4,1,-268.397207708,0.828386443544,-324
4,0,6,1.0,rr_k6_s0,rr_k6,no_trivial,0,0.776580124466,-273.378819205,0.843761787669,-324
4,0,6,1.0,rr_k6_s1,rr_k6,no_trivial,1,0.770042764467,-271.691715753,0.838554678249,-324
4,0,6,1.0,rr_k6_s2,rr_k6,no_trivial,2,0.814375505797,-282.871150937,0.873059107829,-324
4,0,6,1.0,rr_k6_s3,rr_k6,no_trivial,3,0.789810353293,-276.772863404,0.854237232728,-324
4,0,6,1.0,rr_k6_s4,rr_k6,no_trivial,4,0.783350775593,-275.113714579,0.849116403022,-324
4,0,6,1.0,rr_k8_s0,rr_k8,no_trivial,0,0.56630000378,-267.158142831,0.82456216923,-324
4,0,6,1.0,rr_k8_s1,rr_k8,no_trivial,1,0.551443120547,-261.836374548,0.808136958482,-324
4,0,6,1.0,rr_k8_s2,rr_k8,no_trivial,2,0.575336135444,-270.335271829,0.83436812293,-324
4,0,6,1.0,rr_k8_s3,rr_k8,no_trivial,3,0.569693821384,-268.369314894,0.82830035461,-324
4,0,6,1.0,rr_k8_s4,rr_k8,no_trivial,4,0.578472718858,-271.482637997,0.837909376534,-324
4,0,6,1.0,rr_k12_s0,rr_k12,no_trivial,0,0.374944771942,-265.032979583,0.818003023404,-324
4,0,6,1.0,rr_k12_s1,rr_k12,no_trivial,1,0.373554236495,-264.304248958,0.815753854809,-324
4,0,6,1.0,rr_k12_s2,rr_k12,no_trivial,2,0.376156924253,-265.644246041,0.819889648275,-324
4,0,6,1.0,rr_k12_s3,rr_k12,no_trivial,3,0.372860727497,-263.891001873,0.814478400843,-324
4,0,6,1.0,rr_k12_s4,rr_k12,no_trivial,4,0.369215417432,-261.962111708,0.808525036135,-324
4,0,6,1.0,rr_k16_s0,rr_k16,no_trivial,0,0.280261535008,-264.01005617,0.814845852377,-324
4,0,6,1.0,rr_k16_s1,rr_k16,no_trivial,1,0.275404947619,-260.503344536,0.80402266832,-324
4,0,6,1.0,rr_k16_s2,rr_k16,no_trivial,2,0.282415368258,-265.491964747,0.81941964428,-324
4,0,6,1.0,rr_k16_s3,rr_k16,no_trivial,3,0.283486066084,-266.29133092,0.821886823827,-324
4,0,6,1.0,rr_k16_s4,rr_k16,no_trivial,4,0.279968636396,-263.776584142,0.814125259697,-324
4,0,6,1.0,er_k4_s0,er_k4,no_trivial,0,0.857428024023,-205.097943579,0.633018344379,-324
4,0,6,1.0,er_k4_s1,er_k4,no_trivial,1,0.854733556887,-205.799174691,0.635182637936,-324
4,0,6,1.0,er_k4_s2,er_k4,no_trivial,2,0.932215123931,-221.404036097,0.683345790422,-324
4,0,6,1.0,er_k4_s3,er_k4,no_trivial,3,0.925556194592,-217.846997135,0.672367275107,-324
4,0,6,1.0,er_k4_s4,er_k4,no_trivial,4,0.945375706442,-221.015248177,0.682145827706,-324
4,0,6,1.0,er_k6_s0,er_k6,no_trivial,0,0.645469284481,-229.063879075,0.706987281095,-324
4,0,6,1.0,er_k6_s1,er_k6,no_trivial,1,0.626269201133,-223.388730107,0.68947138922,-324
4,0,6,1.0,er_k6_s2,er_k6,no_trivial,2,0.626373239248,-222.551608528,0.686887680643,-324
4,0,6,1.0,er_k6_s3,er_k6,no_trivial,3,0.633064354996,-226.408488465,0.698791631066,-324
4,0,6,1.0,er_k6_s4,er_k6,no_trivial,4,0.669417921312,-236.528253404,0.73002547347,-324
4,0,6,1.0,er_k8_s0,er_k8,no_trivial,0,0.496921971711,-234.713557901,0.724424561424,-324
4,0,6,1.0,er_k8_s1,er_k8,no_trivial,1,0.471363885304,-224.73610649,0.693629958304,-324
4,0,6,1.0,er_k8_s2,er_k8,no_trivial,2,0.501575925069,-237.95319065,0.734423427931,-324
4,0,6,1.0,er_k8_s3,er_k8,no_trivial,3,0.474176920051,-226.364402332,0.698655562754,-324
4,0,6,1.0,er_k8_s4,er_k8,no_trivial,4,0.486973252357,-232.165909291,0.716561448429,-324
4,0,6,1.0,er_k12_s0,er_k12,no_trivial,0,0.352004913237,-248.712110777,0.767629971532,-324
4,0,6,1.0,er_k12_s1,er_k12,no_trivial,1,0.339026100314,-240.748153314,0.743049855907,-324
4,0,6,1.0,er_k12_s2,er_k12,no_trivial,2,0.33693342889,-240.118752249,0.741107260028,-324
4,0,6,1.0,er_k12_s3,er_k12,no_trivial,3,0.336516694731,-239.360589905,0.738767252794,-324
4,0,6,1.0,er_k12_s4,er_k12,no_trivial,4,0.336596177754,-239.433920314,0.738993581217,-324
4,0,6,1.0,er_k16_s0,er_k16,no_trivial,0,0.263391593131,-249.00748427,0.768541618117,-324
4,0,6,1.0,er_k16_s1,er_k16,no_trivial,1,0.258121914695,-244.338724536,0.754131865853,-324
4,0,6,1.0,er_k16_s2,er_k16,no_trivial,2,0.260755701677,-246.492303117,0.760778713324,-324
4,0,6,1.0,er_k16_s3,er_k16,no_trivial,3,0.260719281982,-247.049062232,0.762497105653,-324
4,0,6,1.0,er_k16_s4,er_k16,no_trivial,4,0.261548191063,-247.537343424,0.764004146371,-324
5,0,6,4.0,vacio,vacio,trivial,,0,0,-0,-1296
5,0,6,4.0,clique_binaria_s2,clique_binaria,trivial,,1,-396,0.305555555556,-1296
5,0,6,4.0,clique_difusa_s2,clique_difusa,trivial,,1,-396,0.305555555556,-1296
5,0,6,4.0,clique_binaria_s3,clique_binaria,trivial,,1,-437.719791001,0.337746752316,-1296
5,0,6,4.0,clique_difusa_s3,clique_difusa,trivial,,0.840830839754,-464.980056188,0.358780907553,-1296
5,0,6,4.0,clique_binaria_s4,clique_binaria,trivial,,1,-31.9503815285,0.024653072167,-1296
5,0,6,4.0,clique_difusa_s4,clique_difusa,trivial,,0.589396684853,-486.692308883,0.375534188953,-1296
5,0,6,4.0,clique_binaria_s6,clique_binaria,trivial,,1,2190.90352729,-1.69051198093,-1296
5,0,6,4.0,clique_difusa_s6,clique_difusa,trivial,,0.405552783473,-550.527475936,0.424789719087,-1296
5,0,6,4.0,clique_binaria_s8,clique_binaria,trivial,,1,6340.89192731,-4.89266352416,-1296
5,0,6,4.0,clique_difusa_s8,clique_difusa,trivial,,0.322685668812,-605.707310706,0.467366752088,-1296
5,0,6,4.0,clique_binaria_s9,clique_binaria,trivial,,1,9147.36250799,-7.05815008332,-1296
5,0,6,4.0,clique_difusa_s9,clique_difusa,trivial,,0.295183274001,-629.733633435,0.485905581354,-1296
5,0,6,4.0,clique_binaria_s12,clique_binaria,trivial,,1,20515.3004159,-15.829707111,-1296
5,0,6,4.0,clique_difusa_s12,clique_difusa,trivial,,0.2389661483,-690.832893413,0.533050072078,-1296
5,0,6,4.0,clique_binaria_s18,clique_binaria,trivial,,1,56610.2203003,-43.6807255404,-1296
5,0,6,4.0,clique_difusa_s18,clique_difusa,trivial,,0.178649796716,-780.27787074,0.602066258287,-1296
5,0,6,4.0,clique_binaria_s24,clique_binaria,trivial,,1,110615.432368,-85.3514138639,-1296
5,0,6,4.0,clique_difusa_s24,clique_difusa,trivial,,0.145324808673,-844.056829507,0.65127841783,-1296
5,0,6,4.0,clique_binaria_s27,clique_binaria,trivial,,1,144355.264921,-111.385235279,-1296
5,0,6,4.0,clique_difusa_s27,clique_difusa,trivial,,0.133448374448,-869.83701895,0.671170539313,-1296
5,0,6,4.0,clique_binaria_s36,clique_binaria,trivial,,1,272580.784328,-210.324679265,-1296
5,0,6,4.0,clique_difusa_s36,clique_difusa,trivial,,0.108045657083,-931.14320725,0.718474696952,-1296
5,0,6,4.0,clique_binaria_s54,clique_binaria,trivial,,1,650798.049087,-502.158988493,-1296
5,0,6,4.0,clique_difusa_s54,clique_difusa,trivial,,0.079470634576,-1011.3027074,0.780326163121,-1296
5,0,6,4.0,clique_binaria_s72,clique_binaria,trivial,,1,1191637.7707,-919.473588505,-1296
5,0,6,4.0,clique_difusa_s72,clique_difusa,trivial,,0.0633752579389,-1062.10645048,0.819526582159,-1296
5,0,6,4.0,clique_binaria_s108,clique_binaria,trivial,,1,2761812.78999,-2131.02838734,-1296
5,0,6,4.0,clique_difusa_s108,clique_difusa,trivial,,0.0454627263442,-1123.45806794,0.866865793161,-1296
5,0,6,4.0,clique_binaria_s216,clique_binaria,trivial,,1,11384673.785,-8784.47051311,-1296
5,0,6,4.0,clique_difusa_s216,clique_difusa,trivial,,0.0248656504057,-1199.56232195,0.925588211385,-1296
5,0,6,4.0,bipartita,bipartita,trivial,,0.0555555547312,-1296,1,-1296
5,0,6,4.0,uniforme,uniforme,trivial,,0.0248656504057,-1199.56232195,0.925588211385,-1296
5,0,6,4.0,t3,t3,no_trivial,,1,-1296,1,-1296
5,0,6,4.0,tree,tree,no_trivial,,1,-677.333333333,0.522633744856,-1296
5,0,6,4.0,ring_k6,ring,no_trivial,,0.435645246016,-687.60652708,0.530560591882,-1296
5,0,6,4.0,ws_k6_b0.1,ws,no_trivial,,0.484931441897,-751.435331528,0.579811212599,-1296
5,0,6,4.0,tri_torus_12x18,tri_torus,no_trivial,,0.505567188949,-779.501030773,0.601466844732,-1296
5,0,6,4.0,rgg3_k6_s0,rgg3_k6,no_trivial,0,0.448377722517,-675.849584058,0.521488876588,-1296
5,0,6,4.0,rgg3_k6_s1,rgg3_k6,no_trivial,1,0.402963745931,-644.77207069,0.497509313804,-1296
5,0,6,4.0,rgg3_k6_s2,rgg3_k6,no_trivial,2,0.440930097611,-658.321132921,0.50796383713,-1296
5,0,6,4.0,rgg3_k6_s3,rgg3_k6,no_trivial,3,0.415550806557,-660.492949787,0.509639621749,-1296
5,0,6,4.0,rgg3_k6_s4,rgg3_k6,no_trivial,4,0.460312254686,-670.234994491,0.517156631552,-1296
5,0,6,4.0,rgg3_k8_s0,rgg3_k8,no_trivial,0,0.369412236739,-726.009032502,0.560192154708,-1296
5,0,6,4.0,rgg3_k8_s1,rgg3_k8,no_trivial,1,0.37056306967,-725.669184051,0.559929925965,-1296
5,0,6,4.0,rgg3_k8_s2,rgg3_k8,no_trivial,2,0.371450620632,-739.498058216,0.570600353562,-1296
5,0,6,4.0,rgg3_k8_s3,rgg3_k8,no_trivial,3,0.392661551316,-730.261119087,0.563473085715,-1296
5,0,6,4.0,rgg3_k8_s4,rgg3_k8,no_trivial,4,0.346549686039,-729.428303638,0.562830481202,-1296
5,0,6,4.0,rgg3_k12_s0,rgg3_k12,no_trivial,0,0.283005182657,-831.792163872,0.641814941259,-1296
5,0,6,4.0,rgg3_k12_s1,rgg3_k12,no_trivial,1,0.273266208076,-828.936869585,0.639611782087,-1296
5,0,6,4.0,rgg3_k12_s2,rgg3_k12,no_trivial,2,0.264051243246,-812.055382587,0.626585943354,-1296
5,0,6,4.0,rgg3_k12_s3,rgg3_k12,no_trivial,3,0.261282574391,-815.515698605,0.629255940282,-1296
5,0,6,4.0,rgg3_k12_s4,rgg3_k12,no_trivial,4,0.281534022563,-822.366497507,0.634542050546,-1296
5,0,6,4.0,rgg3_k16_s0,rgg3_k16,no_trivial,0,0.226616452136,-899.834841209,0.694317007106,-1296
5,0,6,4.0,rgg3_k16_s1,rgg3_k16,no_trivial,1,0.220347085455,-894.033318083,0.689840523212,-1296
5,0,6,4.0,rgg3_k16_s2,rgg3_k16,no_trivial,2,0.21035699301,-866.129559162,0.668309845033,-1296
5,0,6,4.0,rgg3_k16_s3,rgg3_k16,no_trivial,3,0.214087137461,-864.692761165,0.667201204602,-1296
5,0,6,4.0,rgg3_k16_s4,rgg3_k16,no_trivial,4,0.232934932778,-899.180333182,0.69381198548,-1296
5,0,6,4.0,rr_k4_s0,rr_k4,no_trivial,0,1,-1128.47664925,0.870738155286,-1296
5,0,6,4.0,rr_k4_s1,rr_k4,no_trivial,1,1,-1136.31776617,0.87678839982,-1296
5,0,6,4.0,rr_k4_s2,rr_k4,no_trivial,2,1,-1140.23832463,0.879813522087,-1296
5,0,6,4.0,rr_k4_s3,rr_k4,no_trivial,3,1,-1120.34785026,0.864465933843,-1296
5,0,6,4.0,rr_k4_s4,rr_k4,no_trivial,4,1,-1132.39720771,0.873763277553,-1296
5,0,6,4.0,rr_k6_s0,rr_k6,no_trivial,0,0.917712515207,-1227.68791612,0.947290058738,-1296
5,0,6,4.0,rr_k6_s1,rr_k6,no_trivial,1,0.914360150004,-1224.75034219,0.945023412185,-1296
5,0,6,4.0,rr_k6_s2,rr_k6,no_trivial,2,0.935894777891,-1243.39088368,0.959406546052,-1296
5,0,6,4.0,rr_k6_s3,rr_k6,no_trivial,3,0.92431815536,-1233.45062922,0.951736596621,-1296
5,0,6,4.0,rr_k6_s4,rr_k6,no_trivial,4,0.921119928216,-1230.66126153,0.949584306736,-1296
5,0,6,4.0,rr_k8_s0,rr_k8,no_trivial,0,0.680159826651,-1217.24870118,0.939235108932,-1296
5,0,6,4.0,rr_k8_s1,rr_k8,no_trivial,1,0.672021066303,-1207.43359877,0.931661727443,-1296
5,0,6,4.0,rr_k8_s2,rr_k8,no_trivial,2,0.684911583567,-1222.9036963,0.943598531093,-1296
5,0,6,4.0,rr_k8_s3,rr_k8,no_trivial,3,0.681954622017,-1219.41028521,0.940902997845,-1296
5,0,6,4.0,rr_k8_s4,rr_k8,no_trivial,4,0.686495597172,-1224.85858902,0.94510693597,-1296
5,0,6,4.0,rr_k12_s0,rr_k12,no_trivial,0,0.452513328579,-1214.21404688,0.936893554692,-1296
5,0,6,4.0,rr_k12_s1,rr_k12,no_trivial,1,0.451757226652,-1212.86906658,0.935855761251,-1296
5,0,6,4.0,rr_k12_s2,rr_k12,no_trivial,2,0.453181297979,-1215.36007264,0.937777833824,-1296
5,0,6,4.0,rr_k12_s3,rr_k12,no_trivial,3,0.451410220841,-1212.15948796,0.935308246886,-1296
5,0,6,4.0,rr_k12_s4,rr_k12,no_trivial,4,0.449397791258,-1208.55283846,0.932525338321,-1296
5,0,6,4.0,rr_k16_s0,rr_k16,no_trivial,0,0.339073711704,-1212.75494776,0.935767706606,-1296
5,0,6,4.0,rr_k16_s1,rr_k16,no_trivial,1,0.336441058992,-1206.28790187,0.93077770206,-1296
5,0,6,4.0,rr_k16_s2,rr_k16,no_trivial,2,0.340246382664,-1215.49728094,0.937883704432,-1296
5,0,6,4.0,rr_k16_s3,rr_k16,no_trivial,3,0.340785021266,-1216.88471457,0.93895425507,-1296
5,0,6,4.0,rr_k16_s4,rr_k16,no_trivial,4,0.338930774747,-1212.35744501,0.935460991521,-1296
5,0,6,4.0,er_k4_s0,er_k4,no_trivial,0,1,-946.124042564,0.73003398346,-1296
5,0,6,4.0,er_k4_s1,er_k4,no_trivial,1,1,-958.870150772,0.739868943497,-1296
5,0,6,4.0,er_k4_s2,er_k4,no_trivial,2,1,-997.461082083,0.769645896669,-1296
5,0,6,4.0,er_k4_s3,er_k4,no_trivial,3,1,-972.13960973,0.750107723557,-1296
5,0,6,4.0,er_k4_s4,er_k4,no_trivial,4,1,-974.635532333,0.752033589763,-1296
5,0,6,4.0,er_k6_s0,er_k6,no_trivial,0,0.777856760447,-1045.67659536,0.806849224818,-1296
5,0,6,4.0,er_k6_s1,er_k6,no_trivial,1,0.76362071664,-1029.84265307,0.794631676754,-1296
5,0,6,4.0,er_k6_s2,er_k6,no_trivial,2,0.75716775411,-1018.63855615,0.785986540239,-1296
5,0,6,4.0,er_k6_s3,er_k6,no_trivial,3,0.775899663208,-1048.09549646,0.808715660852,-1296
5,0,6,4.0,er_k6_s4,er_k6,no_trivial,4,0.799253352574,-1071.72812597,0.826950714481,-1296
5,0,6,4.0,er_k8_s0,er_k8,no_trivial,0,0.599364843918,-1073.47727381,0.828300365598,-1296
5,0,6,4.0,er_k8_s1,er_k8,no_trivial,1,0.580970523442,-1046.64915043,0.807599653107,-1296
5,0,6,4.0,er_k8_s2,er_k8,no_trivial,2,0.610916210415,-1097.08963625,0.846519781057,-1296
5,0,6,4.0,er_k8_s3,er_k8,no_trivial,3,0.58518797177,-1054.99337223,0.814038095853,-1296
5,0,6,4.0,er_k8_s4,er_k8,no_trivial,4,0.599118651391,-1079.14484103,0.832673488451,-1296
5,0,6,4.0,er_k12_s0,er_k12,no_trivial,0,0.4246945506,-1139.28475829,0.879077745597,-1296
5,0,6,4.0,er_k12_s1,er_k12,no_trivial,1,0.413699007823,-1113.11051232,0.858881568148,-1296
5,0,6,4.0,er_k12_s2,er_k12,no_trivial,2,0.414224253258,-1116.99731215,0.861880642093,-1296
5,0,6,4.0,er_k12_s3,er_k12,no_trivial,3,0.412244508066,-1110.34280417,0.856745990871,-1296
5,0,6,4.0,er_k12_s4,er_k12,no_trivial,4,0.412282297398,-1110.48711329,0.8568573405,-1296
5,0,6,4.0,er_k16_s0,er_k16,no_trivial,0,0.321305569875,-1151.64587598,0.888615645045,-1296
5,0,6,4.0,er_k16_s1,er_k16,no_trivial,1,0.315860027595,-1133.00770783,0.874234342459,-1296
5,0,6,4.0,er_k16_s2,er_k16,no_trivial,2,0.31811919192,-1140.15770753,0.87975131754,-1296
5,0,6,4.0,er_k16_s3,er_k16,no_trivial,3,0.319811199518,-1147.90359389,0.885728081703,-1296
5,0,6,4.0,er_k16_s4,er_k16,no_trivial,4,0.319859958108,-1147.23282106,0.885210510077,-1296
6,0,8,0.25,vacio,vacio,trivial,,0,0,-0,-108
6,0,8,0.25,clique_binaria_s2,clique_binaria,trivial,,1,-25.3125,0.234375,-108
6,0,8,0.25,clique_difusa_s2,clique_difusa,trivial,,1,-25.3125,0.234375,-108
6,0,8,0.25,clique_binaria_s3,clique_binaria,trivial,,1,235.030208999,-2.17620563888,-108
6,0,8,0.25,clique_difusa_s3,clique_difusa,trivial,,0.271063525849,-9.68879913056,0.0897111030607,-108
6,0,8,0.25,clique_binaria_s4,clique_binaria,trivial,,1,874.237118472,-8.094788134,-108
6,0,8,0.25,clique_difusa_s4,clique_difusa,trivial,,0.191282461327,-10.2446780577,0.0948581301639,-108
6,0,8,0.25,clique_binaria_s6,clique_binaria,trivial,,1,3358.09102729,-31.0934354378,-108
6,0,8,0.25,clique_difusa_s6,clique_difusa,trivial,,0.134402984351,-11.9573004472,0.110715744882,-108
6,0,8,0.25,clique_binaria_s8,clique_binaria,trivial,,1,7494.57942731,-69.3942539566,-108
6,0,8,0.25,clique_difusa_s8,clique_difusa,trivial,,0.109084266,-13.5444216149,0.125411311249,-108
6,0,8,0.25,clique_binaria_s9,clique_binaria,trivial,,1,10191.362508,-94.3644676666,-108
6,0,8,0.25,clique_difusa_s9,clique_difusa,trivial,,0.100712000217,-14.2707851219,0.132136899277,-108
6,0,8,0.25,clique_binaria_s12,clique_binaria,trivial,,1,20818.4879159,-192.763776999,-108
6,0,8,0.25,clique_difusa_s12,clique_difusa,trivial,,0.083621826624,-16.2291132109,0.150269566768,-108
6,0,8,0.25,clique_binaria_s18,clique_binaria,trivial,,1,53578.9078003,-496.100998151,-108
6,0,8,0.25,clique_difusa_s18,clique_difusa,trivial,,0.0652585876699,-19.4466126273,0.180061228031,-108
6,0,8,0.25,clique_binaria_s24,clique_binaria,trivial,,1,101779.119868,-942.399258034,-108
6,0,8,0.25,clique_difusa_s24,clique_difusa,trivial,,0.0550450519673,-22.0728294218,0.204378050202,-108
6,0,8,0.25,clique_binaria_s27,clique_binaria,trivial,,1,131690.014921,-1219.35199001,-108
6,0,8,0.25,clique_difusa_s27,clique_difusa,trivial,,0.0513802545979,-23.2344475706,0.215133773802,-108
6,0,8,0.25,clique_binaria_s36,clique_binaria,trivial,,1,244722.971828,-2265.95344285,-108
6,0,8,0.25,clique_difusa_s36,clique_difusa,trivial,,0.0434676544188,-26.2906581268,0.243432019692,-108
6,0,8,0.25,clique_binaria_s54,clique_binaria,trivial,,1,575879.236587,-5332.21515358,-108
6,0,8,0.25,clique_difusa_s54,clique_difusa,trivial,,0.0343602643803,-31.1424080276,0.288355629886,-108
6,0,8,0.25,clique_binaria_s72,clique_binaria,trivial,,1,1047423.4582,-9698.36535373,-108
6,0,8,0.25,clique_difusa_s72,clique_difusa,trivial,,0.0290536565542,-34.9771581069,0.323862575064,-108
6,0,8,0.25,clique_binaria_s108,clique_binaria,trivial,,1,2412303.97749,-22336.1479397,-108
6,0,8,0.25,clique_difusa_s108,clique_difusa,trivial,,0.0228645469852,-40.9219905719,0.37890732011,-108
6,0,8,0.25,clique_binaria_s216,clique_binaria,trivial,,1,9885653.47249,-91533.828449,-108
6,0,8,0.25,clique_difusa_s216,clique_difusa,trivial,,0.0149715961533,-52.3623134297,0.48483623546,-108
6,0,8,0.25,bipartita,bipartita,trivial,,0.0740740740741,-108,1,-108
6,0,8,0.25,uniforme,uniforme,trivial,,0.0149715961533,-52.3623134297,0.48483623546,-108
6,0,8,0.25,t3,t3,no_trivial,,1,-101.25,0.9375,-108
6,0,8,0.25,tree,tree,no_trivial,,1,-45.1875,0.418402777778,-108
6,0,8,0.25,ring_k6,ring,no_trivial,,0.152477296506,-16.1521844782,0.149557263687,-108
6,0,8,0.25,ws_k6_b0.1,ws,no_trivial,,0.177118493183,-18.681925651,0.172980793064,-108
6,0,8,0.25,tri_torus_12x18,tri_torus,no_trivial,,0.184601966965,-19.4165294079,0.179782679703,-108
6,0,8,0.25,rgg3_k6_s0,rgg3_k6,no_trivial,0,0.164864214719,-16.9580608848,0.157019082267,-108
6,0,8,0.25,rgg3_k6_s1,rgg3_k6,no_trivial,1,0.147759891445,-16.1194488101,0.14925415565,-108
6,0,8,0.25,rgg3_k6_s2,rgg3_k6,no_trivial,2,0.160536423275,-16.3006618089,0.150932053787,-108
6,0,8,0.25,rgg3_k6_s3,rgg3_k6,no_trivial,3,0.152450577467,-16.5261688746,0.153020082172,-108
6,0,8,0.25,rgg3_k6_s4,rgg3_k6,no_trivial,4,0.168834035872,-16.7628212717,0.155211308071,-108
6,0,8,0.25,rgg3_k8_s0,rgg3_k8,no_trivial,0,0.137276419753,-18.4837243368,0.171145595711,-108
6,0,8,0.25,rgg3_k8_s1,rgg3_k8,no_trivial,1,0.138165749828,-18.5627268315,0.171877100292,-108
6,0,8,0.25,rgg3_k8_s2,rgg3_k8,no_trivial,2,0.138108229146,-18.8478541988,0.174517168507,-108
6,0,8,0.25,rgg3_k8_s3,rgg3_k8,no_trivial,3,0.146091061482,-18.6201922918,0.172409187887,-108
6,0,8,0.25,rgg3_k8_s4,rgg3_k8,no_trivial,4,0.129720410957,-18.7572027336,0.173677803089,-108
6,0,8,0.25,rgg3_k12_s0,rgg3_k12,no_trivial,0,0.110012838531,-22.473158802,0.208084803722,-108
6,0,8,0.25,rgg3_k12_s1,rgg3_k12,no_trivial,1,0.107556016763,-22.7513928232,0.210661044659,-108
6,0,8,0.25,rgg3_k12_s2,rgg3_k12,no_trivial,2,0.103538592106,-22.1820026915,0.20538891381,-108
6,0,8,0.25,rgg3_k12_s3,rgg3_k12,no_trivial,3,0.102663902924,-22.3339607055,0.206795932458,-108
6,0,8,0.25,rgg3_k12_s4,rgg3_k12,no_trivial,4,0.110216902789,-22.4195350237,0.207588287257,-108
6,0,8,0.25,rgg3_k16_s0,rgg3_k16,no_trivial,0,0.0925336246023,-25.8613622687,0.239457058044,-108
6,0,8,0.25,rgg3_k16_s1,rgg3_k16,no_trivial,1,0.0897380046624,-25.6100469877,0.237130064701,-108
6,0,8,0.25,rgg3_k16_s2,rgg3_k16,no_trivial,2,0.0854829923026,-24.7408543712,0.229081984918,-108
6,0,8,0.25,rgg3_k16_s3,rgg3_k16,no_trivial,3,0.0871910596881,-24.7665861992,0.229320242585,-108
6,0,8,0.25,rgg3_k16_s4,rgg3_k16,no_trivial,4,0.0947436026281,-25.7189228622,0.23813817465,-108
6,0,8,0.25,rr_k4_s0,rr_k4,no_trivial,0,0.893859253973,-58.7018500511,0.543535648621,-108
6,0,8,0.25,rr_k4_s1,rr_k4,no_trivial,1,1,-65.3177661667,0.604794131173,-108
6,0,8,0.25,rr_k4_s2,rr_k4,no_trivial,2,1,-69.238324625,0.64109559838,-108
6,0,8,0.25,rr_k4_s3,rr_k4,no_trivial,3,0.811199205766,-53.9248184095,0.499303874162,-108
6,0,8,0.25,rr_k4_s4,rr_k4,no_trivial,4,0.94666821891,-61.6774814414,0.571087791124,-108
6,0,8,0.25,rr_k6_s0,rr_k6,no_trivial,0,0.621088626813,-60.4890387202,0.560083691854,-108
6,0,8,0.25,rr_k6_s1,rr_k6,no_trivial,1,0.611595137727,-59.6797341608,0.552590131118,-108
6,0,8,0.25,rr_k6_s2,rr_k6,no_trivial,2,0.680238350064,-65.4007460745,0.605562463653,-108
6,0,8,0.25,rr_k6_s3,rr_k6,no_trivial,3,0.640949474502,-62.1807198958,0.575747406443,-108
6,0,8,0.25,rr_k6_s4,rr_k6,no_trivial,4,0.631131432705,-61.3402974068,0.56796571673,-108
6,0,8,0.25,rr_k8_s0,rr_k8,no_trivial,0,0.441009599864,-57.3526785625,0.531043320023,-108
6,0,8,0.25,rr_k8_s1,rr_k8,no_trivial,1,0.420906789757,-55.0158398738,0.509405924757,-108
6,0,8,0.25,rr_k8_s2,rr_k8,no_trivial,2,0.453773612057,-58.8173856712,0.544605422881,-108
6,0,8,0.25,rr_k8_s3,rr_k8,no_trivial,3,0.445793060378,-57.9090917276,0.536195293774,-108
6,0,8,0.25,rr_k8_s4,rr_k8,no_trivial,4,0.458482298612,-59.3801475493,0.549816181012,-108
6,0,8,0.25,rr_k12_s0,rr_k12,no_trivial,0,0.288692009912,-56.1518008988,0.519924082396,-108
6,0,8,0.25,rr_k12_s1,rr_k12,no_trivial,1,0.286829361138,-55.8367303094,0.517006762124,-108
6,0,8,0.25,rr_k12_s2,rr_k12,no_trivial,2,0.290275409779,-56.4105710012,0.522320101863,-108
6,0,8,0.25,rr_k12_s3,rr_k12,no_trivial,3,0.285789404785,-55.6425834417,0.515209105941,-108
6,0,8,0.25,rr_k12_s4,rr_k12,no_trivial,4,0.280981973853,-54.8232684539,0.507622856055,-108
6,0,8,0.25,rr_k16_s0,rr_k16,no_trivial,0,0.214584801786,-55.5916455734,0.514737459013,-108
6,0,8,0.25,rr_k16_s1,rr_k16,no_trivial,1,0.208065838567,-54.0882441675,0.500817075625,-108
6,0,8,0.25,rr_k16_s2,rr_k16,no_trivial,2,0.217443069333,-56.2268184062,0.520618688946,-108
6,0,8,0.25,rr_k16_s3,rr_k16,no_trivial,3,0.219006418798,-56.5957707901,0.524034914723,-108
6,0,8,0.25,rr_k16_s4,rr_k16,no_trivial,4,0.214141644736,-55.4822960453,0.513724963382,-108
6,0,8,0.25,er_k4_s0,er_k4,no_trivial,0,0.652797592401,-43.1300486559,0.39935230237,-108
6,0,8,0.25,er_k4_s1,er_k4,no_trivial,1,0.640294663477,-42.5126663337,0.393635799386,-108
6,0,8,0.25,er_k4_s2,er_k4,no_trivial,2,0.724008311043,-47.5891955624,0.440640699652,-108
6,0,8,0.25,er_k4_s3,er_k4,no_trivial,3,0.736928865818,-48.0849914517,0.445231402331,-108
6,0,8,0.25,er_k4_s4,er_k4,no_trivial,4,0.76806884398,-49.784377627,0.460966459509,-108
6,0,8,0.25,er_k6_s0,er_k6,no_trivial,0,0.501361831646,-49.0895160597,0.454532556108,-108
6,0,8,0.25,er_k6_s1,er_k6,no_trivial,1,0.478642563523,-47.035316405,0.435512188935,-108
6,0,8,0.25,er_k6_s2,er_k6,no_trivial,2,0.484335376753,-47.455885623,0.439406348361,-108
6,0,8,0.25,er_k6_s3,er_k6,no_trivial,3,0.480780613996,-47.3526251025,0.438450232431,-108
6,0,8,0.25,er_k6_s4,er_k6,no_trivial,4,0.52670178619,-51.37793144,0.475721587407,-108
6,0,8,0.25,er_k8_s0,er_k8,no_trivial,0,0.384327717619,-50.0089319933,0.463045666605,-108
6,0,8,0.25,er_k8_s1,er_k8,no_trivial,1,0.354014545849,-46.3946790683,0.429580361744,-108
6,0,8,0.25,er_k8_s2,er_k8,no_trivial,2,0.382795365718,-49.9852752668,0.46282662284,-108
6,0,8,0.25,er_k8_s3,er_k8,no_trivial,3,0.355910305848,-46.7131462815,0.432529132236,-108
6,0,8,0.25,er_k8_s4,er_k8,no_trivial,4,0.367013072645,-48.1291460401,0.445640241112,-108
6,0,8,0.25,er_k12_s0,er_k12,no_trivial,0,0.271041500497,-52.6936115722,0.487903810854,-108
6,0,8,0.25,er_k12_s1,er_k12,no_trivial,1,0.257041233677,-50.1845587756,0.464671840514,-108
6,0,8,0.25,er_k12_s2,er_k12,no_trivial,2,0.253049143866,-49.5525292305,0.458819715097,-108
6,0,8,0.25,er_k12_s3,er_k12,no_trivial,3,0.253787113349,-49.6122122722,0.459372335854,-108
6,0,8,0.25,er_k12_s4,er_k12,no_trivial,4,0.253943529663,-49.6484461301,0.459707834538,-108
6,0,8,0.25,er_k16_s0,er_k16,no_trivial,0,0.199398233611,-51.8140500849,0.479759723009,-108
6,0,8,0.25,er_k16_s1,er_k16,no_trivial,1,0.194575701322,-50.6135728513,0.468644193067,-108
6,0,8,0.25,er_k16_s2,er_k16,no_trivial,2,0.197342221173,-51.2736126733,0.474755672901,-108
6,0,8,0.25,er_k16_s3,er_k16,no_trivial,3,0.195894214559,-50.9982077133,0.472205626975,-108
6,0,8,0.25,er_k16_s4,er_k16,no_trivial,4,0.197338325203,-51.3256230312,0.475237250289,-108
7,0,8,1.0,vacio,vacio,trivial,,0,0,-0,-432
7,0,8,1.0,clique_binaria_s2,clique_binaria,trivial,,1,-101.25,0.234375,-432
7,0,8,1.0,clique_difusa_s2,clique_difusa,trivial,,1,-101.25,0.234375,-432
7,0,8,1.0,clique_binaria_s3,clique_binaria,trivial,,1,93.2802089991,-0.21592640972,-432
7,0,8,1.0,clique_difusa_s3,clique_difusa,trivial,,0.499554560828,-71.3495928347,0.165161094525,-432
7,0,8,1.0,clique_binaria_s4,clique_binaria,trivial,,1,676.799618472,-1.5666657835,-432
7,0,8,1.0,clique_difusa_s4,clique_difusa,trivial,,0.351954082092,-75.2457260496,0.174179921411,-432
7,0,8,1.0,clique_binaria_s6,clique_binaria,trivial,,1,3079.65352729,-7.12882760946,-432
7,0,8,1.0,clique_difusa_s6,clique_difusa,trivial,,0.24605031522,-87.1126933231,0.201649753063,-432
7,0,8,1.0,clique_binaria_s8,clique_binaria,trivial,,1,7175.64192731,-16.6102822392,-432
7,0,8,1.0,clique_difusa_s8,clique_difusa,trivial,,0.198743249556,-97.9249095782,0.226678031431,-432
7,0,8,1.0,clique_binaria_s9,clique_binaria,trivial,,1,9867.36250799,-22.8411169166,-432
7,0,8,1.0,clique_difusa_s9,clique_difusa,trivial,,0.183080050254,-102.813568535,0.23799437161,-432
7,0,8,1.0,clique_binaria_s12,clique_binaria,trivial,,1,20540.0504159,-47.5464129998,-432
7,0,8,1.0,clique_difusa_s12,clique_difusa,trivial,,0.151081225161,-115.806211996,0.268069935177,-432
7,0,8,1.0,clique_binaria_s18,clique_binaria,trivial,,1,53664.9703003,-124.224468288,-432
7,0,8,1.0,clique_difusa_s18,clique_difusa,trivial,,0.11667327709,-136.555459895,0.31610060161,-432
7,0,8,1.0,clique_binaria_s24,clique_binaria,trivial,,1,102594.182368,-237.486533258,-432
7,0,8,1.0,clique_difusa_s24,clique_difusa,trivial,,0.0975363611843,-152.937214997,0.354021331011,-432
7,0,8,1.0,clique_binaria_s27,clique_binaria,trivial,,1,133006.264921,-307.884872503,-432
7,0,8,1.0,clique_difusa_s27,clique_difusa,trivial,,0.0906726804692,-160.023313836,0.370424337582,-432
7,0,8,1.0,clique_binaria_s36,clique_binaria,trivial,,1,248089.534328,-574.281329462,-432
7,0,8,1.0,clique_difusa_s36,clique_difusa,trivial,,0.0758654713157,-178.196482981,0.412491858753,-432
7,0,8,1.0,clique_binaria_s54,clique_binaria,trivial,,1,585806.799087,-1356.03425715,-432
7,0,8,1.0,clique_difusa_s54,clique_difusa,trivial,,0.0588627030602,-205.640302594,0.476019218967,-432
7,0,8,1.0,clique_binaria_s72,clique_binaria,trivial,,1,1067192.5207,-2470.35305718,-432
7,0,8,1.0,clique_difusa_s72,clique_difusa,trivial,,0.0489950634085,-226.106245509,0.523394086827,-432
7,0,8,1.0,clique_binaria_s108,clique_binaria,trivial,,1,2461597.53999,-5698.14245368,-432
7,0,8,1.0,clique_difusa_s108,clique_difusa,trivial,,0.037558362033,-255.69472534,0.591885938286,-432
7,0,8,1.0,clique_binaria_s216,clique_binaria,trivial,,1,10102252.535,-23384.843831,-432
7,0,8,1.0,clique_difusa_s216,clique_difusa,trivial,,0.023216099286,-305.392624921,0.706927372501,-432
7,0,8,1.0,bipartita,bipartita,trivial,,0.0740740740741,-432,1,-432
7,0,8,1.0,uniforme,uniforme,trivial,,0.023216099286,-305.392624921,0.706927372501,-432
7,0,8,1.0,t3,t3,no_trivial,,1,-405,0.9375,-432
7,0,8,1.0,tree,tree,no_trivial,,1,-180.75,0.418402777778,-432
7,0,8,1.0,ring_k6,ring,no_trivial,,0.275194916729,-115.175446234,0.266609829246,-432
7,0,8,1.0,ws_k6_b0.1,ws,no_trivial,,0.31545420964,-130.913602689,0.303040746966,-432
7,0,8,1.0,tri_torus_12x18,tri_torus,no_trivial,,0.330075800704,-136.364913227,0.315659521359,-432
7,0,8,1.0,rgg3_k6_s0,rgg3_k6,no_trivial,0,0.292796305684,-118.417329399,0.274114188424,-432
7,0,8,1.0,rgg3_k6_s1,rgg3_k6,no_trivial,1,0.262591404944,-112.671536717,0.260813742401,-432
7,0,8,1.0,rgg3_k6_s2,rgg3_k6,no_trivial,2,0.285828369565,-114.250103787,0.26446783284,-432
7,0,8,1.0,rgg3_k6_s3,rgg3_k6,no_trivial,3,0.270993166788,-115.5188536,0.267404753705,-432
7,0,8,1.0,rgg3_k6_s4,rgg3_k6,no_trivial,4,0.300154326744,-117.195981688,0.271286994649,-432
7,0,8,1.0,rgg3_k8_s0,rgg3_k8,no_trivial,0,0.243312065613,-128.609701969,0.297707643446,-432
7,0,8,1.0,rgg3_k8_s1,rgg3_k8,no_trivial,1,0.244843606601,-129.051117822,0.298729439402,-432
7,0,8,1.0,rgg3_k8_s2,rgg3_k8,no_trivial,2,0.245021345716,-131.210947434,0.303729044987,-432
7,0,8,1.0,rgg3_k8_s3,rgg3_k8,no_trivial,3,0.258914766589,-129.528496011,0.299834481508,-432
7,0,8,1.0,rgg3_k8_s4,rgg3_k8,no_trivial,4,0.229768830934,-130.263121385,0.301535003205,-432
7,0,8,1.0,rgg3_k12_s0,rgg3_k12,no_trivial,0,0.19319716216,-154.001076075,0.356483972395,-432
7,0,8,1.0,rgg3_k12_s1,rgg3_k12,no_trivial,1,0.188212493095,-155.154012638,0.359152807033,-432
7,0,8,1.0,rgg3_k12_s2,rgg3_k12,no_trivial,2,0.181335677504,-151.466763201,0.350617507409,-432
7,0,8,1.0,rgg3_k12_s3,rgg3_k12,no_trivial,3,0.179720025588,-152.398604066,0.352774546449,-432
7,0,8,1.0,rgg3_k12_s4,rgg3_k12,no_trivial,4,0.193224793402,-153.244834704,0.354733413666,-432
7,0,8,1.0,rgg3_k16_s0,rgg3_k16,no_trivial,0,0.16057469013,-174.12822409,0.403074592802,-432
7,0,8,1.0,rgg3_k16_s1,rgg3_k16,no_trivial,1,0.155796138323,-172.579609757,0.399489837399,-432
7,0,8,1.0,rgg3_k16_s2,rgg3_k16,no_trivial,2,0.148416763964,-166.800099165,0.38611134066,-432
7,0,8,1.0,rgg3_k16_s3,rgg3_k16,no_trivial,3,0.151297036568,-166.841255848,0.386206610759,-432
7,0,8,1.0,rgg3_k16_s4,rgg3_k16,no_trivial,4,0.164591905365,-173.429799686,0.401457869642,-432
7,0,8,1.0,rr_k4_s0,rr_k4,no_trivial,0,1,-300.47664925,0.69554779919,-432
7,0,8,1.0,rr_k4_s1,rr_k4,no_trivial,1,1,-308.317766167,0.713698532793,-432
7,0,8,1.0,rr_k4_s2,rr_k4,no_trivial,2,1,-312.238324625,0.722773899595,-432
7,0,8,1.0,rr_k4_s3,rr_k4,no_trivial,3,1,-292.347850261,0.676731134863,-432
7,0,8,1.0,rr_k4_s4,rr_k4,no_trivial,4,1,-304.397207708,0.704623165992,-432
7,0,8,1.0,rr_k6_s0,rr_k6,no_trivial,0,0.906651077227,-330.549844724,0.765161677603,-432
7,0,8,1.0,rr_k6_s1,rr_k6,no_trivial,1,0.896751845183,-327.760835937,0.758705638744,-432
7,0,8,1.0,rr_k6_s2,rr_k6,no_trivial,2,0.965648290803,-346.735986075,0.802629597395,-432
7,0,8,1.0,rr_k6_s3,rr_k6,no_trivial,3,0.92698743349,-336.224972188,0.778298546731,-432
7,0,8,1.0,rr_k6_s4,rr_k6,no_trivial,4,0.916997669239,-333.443015609,0.771858832427,-432
7,0,8,1.0,rr_k8_s0,rr_k8,no_trivial,0,0.656569103801,-320.828284379,0.742658065692,-432
7,0,8,1.0,rr_k8_s1,rr_k8,no_trivial,1,0.634937927336,-312.371035149,0.723081099883,-432
7,0,8,1.0,rr_k8_s2,rr_k8,no_trivial,2,0.670005303634,-325.981164354,0.754586028597,-432
7,0,8,1.0,rr_k8_s3,rr_k8,no_trivial,3,0.661571424616,-322.773730462,0.747161413107,-432
7,0,8,1.0,rr_k8_s4,rr_k8,no_trivial,4,0.674638901586,-327.819791258,0.758842109393,-432
7,0,8,1.0,rr_k12_s0,rr_k12,no_trivial,0,0.434922637687,-317.991798462,0.736092126069,-432
7,0,8,1.0,rr_k12_s1,rr_k12,no_trivial,1,0.432860195373,-316.815693081,0.73336965991,-432
7,0,8,1.0,rr_k12_s2,rr_k12,no_trivial,2,0.436757327482,-318.999013175,0.738423641609,-432
7,0,8,1.0,rr_k12_s3,rr_k12,no_trivial,3,0.431902529057,-316.188448255,0.731917704294,-432
7,0,8,1.0,rr_k12_s4,rr_k12,no_trivial,4,0.426544718856,-313.103848968,0.724777428166,-432
7,0,8,1.0,rr_k16_s0,rr_k16,no_trivial,0,0.325220947314,-316.630303659,0.732940517729,-432
7,0,8,1.0,rr_k16_s1,rr_k16,no_trivial,1,0.318153853783,-311.084431279,0.720102850183,-432
7,0,8,1.0,rr_k16_s2,rr_k16,no_trivial,2,0.328465425875,-319.046811368,0.738534285574,-432
7,0,8,1.0,rr_k16_s3,rr_k16,no_trivial,3,0.330000990409,-320.301692004,0.741439101861,-432
7,0,8,1.0,rr_k16_s4,rr_k16,no_trivial,4,0.324820142188,-316.27666817,0.73212191706,-432
7,0,8,1.0,er_k4_s0,er_k4,no_trivial,0,0.982274485298,-243.623786701,0.563943950696,-432
7,0,8,1.0,er_k4_s1,er_k4,no_trivial,1,0.973061368033,-242.971554191,0.56243415322,-432
7,0,8,1.0,er_k4_s2,er_k4,no_trivial,2,1,-263.169415417,0.609188461613,-432
7,0,8,1.0,er_k4_s3,er_k4,no_trivial,3,1,-261.13960973,0.604489837338,-432
7,0,8,1.0,er_k4_s4,er_k4,no_trivial,4,1,-265.260532333,0.614029010031,-432
7,0,8,1.0,er_k6_s0,er_k6,no_trivial,0,0.746460109691,-274.521757474,0.63546703119,-432
7,0,8,1.0,er_k6_s1,er_k6,no_trivial,1,0.720264301582,-266.310489073,0.616459465447,-432
7,0,8,1.0,er_k6_s2,er_k6,no_trivial,2,0.723382097471,-266.359731983,0.616573453664,-432
7,0,8,1.0,er_k6_s3,er_k6,no_trivial,3,0.726222933126,-269.260109666,0.623287290894,-432
7,0,8,1.0,er_k6_s4,er_k6,no_trivial,4,0.777720176813,-284.693966815,0.659013812072,-432
7,0,8,1.0,er_k8_s0,er_k8,no_trivial,0,0.575286907217,-281.397249659,0.65138252236,-432
7,0,8,1.0,er_k8_s1,er_k8,no_trivial,1,0.540334515158,-266.858194067,0.617727301081,-432
7,0,8,1.0,er_k8_s2,er_k8,no_trivial,2,0.577978856396,-284.019782991,0.657453201368,-432
7,0,8,1.0,er_k8_s3,er_k8,no_trivial,3,0.543011722917,-268.576121381,0.621703984677,-432
7,0,8,1.0,er_k8_s4,er_k8,no_trivial,4,0.558450647888,-275.836127887,0.638509555294,-432
7,0,8,1.0,er_k12_s0,er_k12,no_trivial,0,0.408494511086,-298.490102207,0.690949310665,-432
7,0,8,1.0,er_k12_s1,er_k12,no_trivial,1,0.391315227051,-287.457195222,0.665410174124,-432
7,0,8,1.0,er_k12_s2,er_k12,no_trivial,2,0.387452913139,-285.719097236,0.661386799157,-432
7,0,8,1.0,er_k12_s3,er_k12,no_trivial,3,0.38772501229,-285.308137506,0.660435503486,-432
7,0,8,1.0,er_k12_s4,er_k12,no_trivial,4,0.387797047102,-285.398262619,0.660644126432,-432
7,0,8,1.0,er_k16_s0,er_k16,no_trivial,0,0.304455223865,-297.53513797,0.688738745301,-432
7,0,8,1.0,er_k16_s1,er_k16,no_trivial,1,0.297951656043,-291.560884712,0.674909455351,-432
7,0,8,1.0,er_k16_s2,er_k16,no_trivial,2,0.301436203185,-294.535288176,0.681794648555,-432
7,0,8,1.0,er_k16_s3,er_k16,no_trivial,3,0.300618860615,-294.481963847,0.681671212609,-432
7,0,8,1.0,er_k16_s4,er_k16,no_trivial,4,0.301965733547,-295.44590654,0.683902561436,-432
8,0,8,4.0,vacio,vacio,trivial,,0,0,-0,-1728
8,0,8,4.0,clique_binaria_s2,clique_binaria,trivial,,1,-405,0.234375,-1728
8,0,8,4.0,clique_difusa_s2,clique_difusa,trivial,,1,-405,0.234375,-1728
8,0,8,4.0,clique_binaria_s3,clique_binaria,trivial,,1,-473.719791001,0.27414339757,-1728
8,0,8,4.0,clique_difusa_s3,clique_difusa,trivial,,0.871476924103,-491.366186812,0.284355432183,-1728
8,0,8,4.0,clique_binaria_s4,clique_binaria,trivial,,1,-112.950381528,0.0653648041253,-1728
8,0,8,4.0,clique_difusa_s4,clique_difusa,trivial,,0.612236027173,-515.929336417,0.298570217834,-1728
8,0,8,4.0,clique_binaria_s6,clique_binaria,trivial,,1,1965.90352729,-1.13767565236,-1728
8,0,8,4.0,clique_difusa_s6,clique_difusa,trivial,,0.424203479525,-589.250570516,0.341001487567,-1728
8,0,8,4.0,clique_binaria_s8,clique_binaria,trivial,,1,5899.89192731,-3.41428930979,-1728
8,0,8,4.0,clique_difusa_s8,clique_difusa,trivial,,0.339750843516,-654.079024537,0.378517954015,-1728
8,0,8,4.0,clique_binaria_s9,clique_binaria,trivial,,1,8571.36250799,-4.96027922916,-1728
8,0,8,4.0,clique_difusa_s9,clique_difusa,trivial,,0.311743120494,-682.766717393,0.395119628121,-1728
8,0,8,4.0,clique_binaria_s12,clique_binaria,trivial,,1,19426.3004159,-11.242072,-1728
8,0,8,4.0,clique_difusa_s12,clique_difusa,trivial,,0.254486491786,-757.105194211,0.438139579983,-1728
8,0,8,4.0,clique_binaria_s18,clique_binaria,trivial,,1,54009.2203003,-31.2553358219,-1728
8,0,8,4.0,clique_difusa_s18,clique_difusa,trivial,,0.192944096093,-870.02099624,0.503484372824,-1728
8,0,8,4.0,clique_binaria_s24,clique_binaria,trivial,,1,105854.432368,-61.2583520646,-1728
8,0,8,4.0,clique_difusa_s24,clique_difusa,trivial,,0.158801894095,-954.066264011,0.552121680562,-1728
8,0,8,4.0,clique_binaria_s27,clique_binaria,trivial,,1,138271.264921,-80.0180931257,-1728
8,0,8,4.0,clique_difusa_s27,clique_difusa,trivial,,0.146589021668,-989.013344947,0.572345685733,-1728
8,0,8,4.0,clique_binaria_s36,clique_binaria,trivial,,1,261555.784328,-151.363301115,-1728
8,0,8,4.0,clique_difusa_s36,clique_difusa,trivial,,0.120340152772,-1074.72968758,0.621950050683,-1728
8,0,8,4.0,clique_binaria_s54,clique_binaria,trivial,,1,625517.049087,-361.989033036,-1728
8,0,8,4.0,clique_difusa_s54,clique_difusa,trivial,,0.0904785488468,-1193.46438706,0.690662261033,-1728
8,0,8,4.0,clique_binaria_s72,clique_binaria,trivial,,1,1146268.7707,-663.349983046,-1728
8,0,8,4.0,clique_difusa_s72,clique_difusa,trivial,,0.0733902248477,-1273.62661033,0.737052436536,-1728
8,0,8,4.0,clique_binaria_s108,clique_binaria,trivial,,1,2658771.78999,-1538.64108217,-1728
8,0,8,4.0,clique_difusa_s108,clique_difusa,trivial,,0.0539799033258,-1376.99956232,0.796874746711,-1728
8,0,8,4.0,clique_binaria_s216,clique_binaria,trivial,,1,10968648.785,-6347.5976765,-1728
8,0,8,4.0,clique_difusa_s216,clique_difusa,trivial,,0.0307572620797,-1518.54223419,0.878786015159,-1728
8,0,8,4.0,bipartita,bipartita,trivial,,0.0740740740741,-1728,1,-1728
8,0,8,4.0,uniforme,uniforme,trivial,,0.0307572620797,-1518.54223419,0.878786015159,-1728
8,0,8,4.0,t3,t3,no_trivial,,1,-1620,0.9375,-1728
8,0,8,4.0,tree,tree,no_trivial,,1,-723,0.418402777778,-1728
8,0,8,4.0,ring_k6,ring,no_trivial,,0.46374721006,-753.108849184,0.435826880315,-1728
8,0,8,4.0,ws_k6_b0.1,ws,no_trivial,,0.522341045955,-835.100267701,0.483275617882,-1728
8,0,8,4.0,tri_torus_12x18,tri_torus,no_trivial,,0.545946487478,-869.01680073,0.502903241163,-1728
8,0,8,4.0,rgg3_k6_s0,rgg3_k6,no_trivial,0,0.483866999806,-752.651373902,0.435562137675,-1728
8,0,8,4.0,rgg3_k6_s1,rgg3_k6,no_trivial,1,0.434485032071,-717.293379695,0.415100335471,-1728
8,0,8,4.0,rgg3_k6_s2,rgg3_k6,no_trivial,2,0.474353989753,-730.3864315,0.422677333044,-1728
8,0,8,4.0,rgg3_k6_s3,rgg3_k6,no_trivial,3,0.448224557873,-735.128400701,0.425421528183,-1728
8,0,8,4.0,rgg3_k6_s4,rgg3_k6,no_trivial,4,0.496449655967,-745.888776345,0.431648597422,-1728
8,0,8,4.0,rgg3_k8_s0,rgg3_k8,no_trivial,0,0.400187902029,-812.222637557,0.470036248586,-1728
8,0,8,4.0,rgg3_k8_s1,rgg3_k8,no_trivial,1,0.402026412799,-813.272475806,0.470643793869,-1728
8,0,8,4.0,rgg3_k8_s2,rgg3_k8,no_trivial,2,0.402713825073,-828.134182421,0.479244318531,-1728
8,0,8,4.0,rgg3_k8_s3,rgg3_k8,no_trivial,3,0.425548468327,-817.408110802,0.473037101159,-1728
8,0,8,4.0,rgg3_k8_s4,rgg3_k8,no_trivial,4,0.37652617685,-818.929624356,0.473917606688,-1728
8,0,8,4.0,rgg3_k12_s0,rgg3_k12,no_trivial,0,0.311356261266,-947.277824682,0.54819318558,-1728
8,0,8,4.0,rgg3_k12_s1,rgg3_k12,no_trivial,1,0.301755353363,-947.849527317,0.548524032012,-1728
8,0,8,4.0,rgg3_k12_s2,rgg3_k12,no_trivial,2,0.291224970763,-927.296185608,0.536629737041,-1728
8,0,8,4.0,rgg3_k12_s3,rgg3_k12,no_trivial,3,0.288356308451,-931.916137386,0.539303320246,-1728
8,0,8,4.0,rgg3_k12_s4,rgg3_k12,no_trivial,4,0.310434049802,-938.879171944,0.543332854134,-1728
8,0,8,4.0,rgg3_k16_s0,rgg3_k16,no_trivial,0,0.253261747707,-1042.22598551,0.603140037908,-1728
8,0,8,4.0,rgg3_k16_s1,rgg3_k16,no_trivial,1,0.246022110091,-1034.47960216,0.598657177177,-1728
8,0,8,4.0,rgg3_k16_s2,rgg3_k16,no_trivial,2,0.234637253682,-1001.14444596,0.579365998818,-1728
8,0,8,4.0,rgg3_k16_s3,rgg3_k16,no_trivial,3,0.238956865309,-1000.18813677,0.57881257915,-1728
8,0,8,4.0,rgg3_k16_s4,rgg3_k16,no_trivial,4,0.260020918425,-1040.2174556,0.601977694213,-1728
8,0,8,4.0,rr_k4_s0,rr_k4,no_trivial,0,1,-1272.47664925,0.736386949797,-1728
8,0,8,4.0,rr_k4_s1,rr_k4,no_trivial,1,1,-1280.31776617,0.740924633198,-1728
8,0,8,4.0,rr_k4_s2,rr_k4,no_trivial,2,1,-1284.23832463,0.743193474899,-1728
8,0,8,4.0,rr_k4_s3,rr_k4,no_trivial,3,1,-1264.34785026,0.731682783716,-1728
8,0,8,4.0,rr_k4_s4,rr_k4,no_trivial,4,1,-1276.39720771,0.738655791498,-1728
8,0,8,4.0,rr_k6_s0,rr_k6,no_trivial,0,1,-1541.01346669,0.89179020063,-1728
8,0,8,4.0,rr_k6_s1,rr_k6,no_trivial,1,1,-1537.09290823,0.88952135893,-1728
8,0,8,4.0,rr_k6_s2,rr_k6,no_trivial,2,1,-1561.19162313,0.903467374494,-1728
8,0,8,4.0,rr_k6_s3,rr_k6,no_trivial,3,1,-1548.56690153,0.89616140135,-1728
8,0,8,4.0,rr_k6_s4,rr_k6,no_trivial,4,1,-1544.93402515,0.89405904233,-1728
8,0,8,4.0,rr_k8_s0,rr_k8,no_trivial,0,0.845814832815,-1549.46663123,0.896682078259,-1728
8,0,8,4.0,rr_k8_s1,rr_k8,no_trivial,1,0.830404245766,-1529.72167146,0.88525559691,-1728
8,0,8,4.0,rr_k8_s2,rr_k8,no_trivial,2,0.855015628836,-1561.06147326,0.903392056282,-1728
8,0,8,4.0,rr_k8_s3,rr_k8,no_trivial,3,0.849267099268,-1553.85660304,0.899222571204,-1728
8,0,8,4.0,rr_k8_s4,rr_k8,no_trivial,4,0.858095727226,-1565.00894493,0.90567647276,-1728
8,0,8,4.0,rr_k12_s0,rr_k12,no_trivial,0,0.562862640353,-1545.15754922,0.894188396539,-1728
8,0,8,4.0,rr_k12_s1,rr_k12,no_trivial,1,0.56140806627,-1542.40977085,0.892598247019,-1728
8,0,8,4.0,rr_k12_s2,rr_k12,no_trivial,2,0.564173741231,-1547.56039407,0.895578931753,-1728
8,0,8,4.0,rr_k12_s3,rr_k12,no_trivial,3,0.560794921548,-1541.0887051,0.891833741376,-1728
8,0,8,4.0,rr_k12_s4,rr_k12,no_trivial,4,0.556960528515,-1533.78610665,0.88760770061,-1728
8,0,8,4.0,rr_k16_s0,rr_k16,no_trivial,0,0.421954812251,-1543.22902277,0.893072351142,-1728
8,0,8,4.0,rr_k16_s1,rr_k16,no_trivial,1,0.417008158989,-1530.36742883,0.885629299091,-1728
8,0,8,4.0,rr_k16_s2,rr_k16,no_trivial,2,0.424255750468,-1548.91116792,0.896360629582,-1728
8,0,8,4.0,rr_k16_s3,rr_k16,no_trivial,3,0.425237907223,-1551.59788781,0.897915444334,-1728
8,0,8,4.0,rr_k16_s4,rr_k16,no_trivial,4,0.421710990136,-1542.50119583,0.892651154993,-1728
8,0,8,4.0,er_k4_s0,er_k4,no_trivial,0,1,-1128.7073759,0.653187138829,-1728
8,0,8,4.0,er_k4_s1,er_k4,no_trivial,1,1,-1137.28681744,0.658152093425,-1728
8,0,8,4.0,er_k4_s2,er_k4,no_trivial,2,1,-1170.29441542,0.677253712625,-1728
8,0,8,4.0,er_k4_s3,er_k4,no_trivial,3,1,-1152.13960973,0.666747459335,-1728
8,0,8,4.0,er_k4_s4,er_k4,no_trivial,4,1,-1155.13553233,0.668481210841,-1728
8,0,8,4.0,er_k6_s0,er_k6,no_trivial,0,0.965434417142,-1329.13528102,0.769175509849,-1728
8,0,8,4.0,er_k6_s1,er_k6,no_trivial,1,0.942831153446,-1303.96510713,0.754609436999,-1728
8,0,8,4.0,er_k6_s2,er_k6,no_trivial,2,0.938527641945,-1293.52451741,0.748567429054,-1728
8,0,8,4.0,er_k6_s3,er_k6,no_trivial,3,0.955718772516,-1324.67399679,0.766593748141,-1728
8,0,8,4.0,er_k6_s4,er_k6,no_trivial,4,0.995980556183,-1366.33304853,0.790701995679,-1728
8,0,8,4.0,er_k8_s0,er_k8,no_trivial,0,0.744328015036,-1364.9548108,0.7899044044,-1728
8,0,8,4.0,er_k8_s1,er_k8,no_trivial,1,0.71480536835,-1321.5069259,0.764760952487,-1728
8,0,8,4.0,er_k8_s2,er_k8,no_trivial,2,0.755439875596,-1390.53767453,0.804709302387,-1728
8,0,8,4.0,er_k8_s3,er_k8,no_trivial,3,0.719386413853,-1331.18987113,0.770364508756,-1728
8,0,8,4.0,er_k8_s4,er_k8,no_trivial,4,0.737551229859,-1363.10759363,0.788835412979,-1728
8,0,8,4.0,er_k12_s0,er_k12,no_trivial,0,0.528479008742,-1450.14445834,0.839203968949,-1728
8,0,8,4.0,er_k12_s1,er_k12,no_trivial,1,0.512323712156,-1411.71011228,0.816961870534,-1728
8,0,8,4.0,er_k12_s2,er_k12,no_trivial,2,0.511185423822,-1412.98810178,0.817701447791,-1728
8,0,8,4.0,er_k12_s3,er_k12,no_trivial,3,0.509664750255,-1406.42499478,0.813903353462,-1728
8,0,8,4.0,er_k12_s4,er_k12,no_trivial,4,0.509688568074,-1406.59303929,0.814000601439,-1728
8,0,8,4.0,er_k16_s0,er_k16,no_trivial,0,0.398462336044,-1461.65933008,0.845867667869,-1728
8,0,8,4.0,er_k16_s1,er_k16,no_trivial,1,0.391220581485,-1436.61933638,0.831376930775,-1728
8,0,8,4.0,er_k16_s2,er_k16,no_trivial,2,0.394550130331,-1447.13298064,0.837461215649,-1728
8,0,8,4.0,er_k16_s3,er_k16,no_trivial,3,0.395709701884,-1454.38260551,0.841656600412,-1728
8,0,8,4.0,er_k16_s4,er_k16,no_trivial,4,0.396240029209,-1454.87545835,0.841941816175,-1728
9,0,12,0.25,vacio,vacio,trivial,,0,0,-0,-162
9,0,12,0.25,clique_binaria_s2,clique_binaria,trivial,,1,-25.875,0.159722222222,-162
9,0,12,0.25,clique_difusa_s2,clique_difusa,trivial,,1,-25.875,0.159722222222,-162
9,0,12,0.25,clique_binaria_s3,clique_binaria,trivial,,1,232.780208999,-1.43691487036,-162
9,0,12,0.25,clique_difusa_s3,clique_difusa,trivial,,0.274098874854,-9.85597406682,0.0608393460915,-162
9,0,12,0.25,clique_binaria_s4,clique_binaria,trivial,,1,869.174618472,-5.36527542266,-162
9,0,12,0.25,clique_difusa_s4,clique_difusa,trivial,,0.193555697853,-10.4321160983,0.0643957783847,-162
9,0,12,0.25,clique_binaria_s6,clique_binaria,trivial,,1,3344.02852729,-20.642151403,-162
9,0,12,0.25,clique_difusa_s6,clique_difusa,trivial,,0.136288802546,-12.2149015004,0.0754006265455,-162
9,0,12,0.25,clique_binaria_s8,clique_binaria,trivial,,1,7467.01692731,-46.0926970822,-162
9,0,12,0.25,clique_difusa_s8,clique_difusa,trivial,,0.110836791293,-13.8776833742,0.0856647121863,-162
9,0,12,0.25,clique_binaria_s9,clique_binaria,trivial,,1,10155.362508,-62.6874228888,-162
9,0,12,0.25,clique_difusa_s9,clique_difusa,trivial,,0.102425306731,-14.6421614748,0.0903837128072,-162
9,0,12,0.25,clique_binaria_s12,clique_binaria,trivial,,1,20750.4254159,-128.089045777,-162
9,0,12,0.25,clique_difusa_s12,clique_difusa,trivial,,0.0852617420179,-16.7144154791,0.103175404192,-162
9,0,12,0.25,clique_binaria_s18,clique_binaria,trivial,,1,53416.3453003,-329.730526545,-162
9,0,12,0.25,clique_difusa_s18,clique_difusa,trivial,,0.0668275068974,-20.1556325189,0.124417484685,-162
9,0,12,0.25,clique_binaria_s24,clique_binaria,trivial,,1,101481.557368,-626.429366467,-162
9,0,12,0.25,clique_difusa_s24,clique_difusa,trivial,,0.0565761205916,-22.9996360043,0.141973061755,-162
9,0,12,0.25,clique_binaria_s27,clique_binaria,trivial,,1,131309.764921,-810.554104452,-162
9,0,12,0.25,clique_difusa_s27,clique_difusa,trivial,,0.0528975875543,-24.2680841946,0.149802988856,-162
9,0,12,0.25,clique_binaria_s36,clique_binaria,trivial,,1,244033.909328,-1506.38215634,-162
9,0,12,0.25,clique_difusa_s36,clique_difusa,trivial,,0.0449540520454,-27.6373902483,0.170601174372,-162
9,0,12,0.25,clique_binaria_s54,clique_binaria,trivial,,1,574299.174087,-3545.05663017,-162
9,0,12,0.25,clique_difusa_s54,clique_difusa,trivial,,0.0358059683473,-33.0869372889,0.204240353635,-162
9,0,12,0.25,clique_binaria_s72,clique_binaria,trivial,,1,1044587.8957,-6448.07343026,-162
9,0,12,0.25,clique_difusa_s72,clique_difusa,trivial,,0.0304703259996,-37.4883778383,0.231409739742,-162
9,0,12,0.25,clique_binaria_s108,clique_binaria,trivial,,1,2405863.91499,-14851.0118209,-162
9,0,12,0.25,clique_difusa_s108,clique_difusa,trivial,,0.0242373405563,-44.4929100688,0.274647593017,-162
9,0,12,0.25,clique_binaria_s216,clique_binaria,trivial,,1,9859651.90999,-60862.0488271,-162
9,0,12,0.25,clique_difusa_s216,clique_difusa,trivial,,0.016253734369,-58.6960974912,0.362321589452,-162
9,0,12,0.25,bipartita,bipartita,trivial,,0.111111111111,-162,1,-162
9,0,12,0.25,uniforme,uniforme,trivial,,0.016253734369,-58.6960974912,0.362321589452,-162
9,0,12,0.25,t3,t3,no_trivial,,1,-121.5,0.75,-162
9,0,12,0.25,tree,tree,no_trivial,,1,-48.0416666667,0.296553497942,-162
9,0,12,0.25,ring_k6,ring,no_trivial,,0.15544327485,-16.6321747465,0.102667745349,-162
9,0,12,0.25,ws_k6_b0.1,ws,no_trivial,,0.18122562417,-19.3440211416,0.119407537911,-162
9,0,12,0.25,tri_torus_12x18,tri_torus,no_trivial,,0.189032265153,-20.1232410715,0.124217537479,-162
9,0,12,0.25,rgg3_k6_s0,rgg3_k6,no_trivial,0,0.168770262118,-17.5731552573,0.108476267021,-162
9,0,12,0.25,rgg3_k6_s1,rgg3_k6,no_trivial,1,0.151219287231,-16.6974297358,0.103070553925,-162
9,0,12,0.25,rgg3_k6_s2,rgg3_k6,no_trivial,2,0.164181225028,-16.8678050444,0.10412225336,-162
9,0,12,0.25,rgg3_k6_s3,rgg3_k6,no_trivial,3,0.156038908982,-17.1214311663,0.105687846706,-162
9,0,12,0.25,rgg3_k6_s4,rgg3_k6,no_trivial,4,0.172804510449,-17.3659909169,0.107197474796,-162
9,0,12,0.25,rgg3_k8_s0,rgg3_k8,no_trivial,0,0.140697222729,-19.1870706292,0.118438707588,-162
9,0,12,0.25,rgg3_k8_s1,rgg3_k8,no_trivial,1,0.141675194655,-19.2814668129,0.11902140008,-162
9,0,12,0.25,rgg3_k8_s2,rgg3_k8,no_trivial,2,0.141588074465,-19.5713519814,0.1208108147,-162
9,0,12,0.25,rgg3_k8_s3,rgg3_k8,no_trivial,3,0.149753968857,-19.3326677598,0.119337455308,-162
9,0,12,0.25,rgg3_k8_s4,rgg3_k8,no_trivial,4,0.133079804373,-19.4965522285,0.12034908783,-162
9,0,12,0.25,rgg3_k12_s0,rgg3_k12,no_trivial,0,0.113314169715,-23.493068417,0.145018940845,-162
9,0,12,0.25,rgg3_k12_s1,rgg3_k12,no_trivial,1,0.110914856556,-23.8252395483,0.147069379928,-162
9,0,12,0.25,rgg3_k12_s2,rgg3_k12,no_trivial,2,0.106728937502,-23.2157507892,0.143307103637,-162
9,0,12,0.25,rgg3_k12_s3,rgg3_k12,no_trivial,3,0.105850273878,-23.3819572481,0.144333069433,-162
9,0,12,0.25,rgg3_k12_s4,rgg3_k12,no_trivial,4,0.113607504754,-23.4615354412,0.144824292847,-162
9,0,12,0.25,rgg3_k16_s0,rgg3_k16,no_trivial,0,0.0958047638937,-27.2339599543,0.168110863915,-162
9,0,12,0.25,rgg3_k16_s1,rgg3_k16,no_trivial,1,0.0928808079722,-26.9576867048,0.166405473487,-162
9,0,12,0.25,rgg3_k16_s2,rgg3_k16,no_trivial,2,0.0884471208112,-26.0316081019,0.160688938901,-162
9,0,12,0.25,rgg3_k16_s3,rgg3_k16,no_trivial,3,0.0902349259012,-26.0670795426,0.160907898411,-162
9,0,12,0.25,rgg3_k16_s4,rgg3_k16,no_trivial,4,0.0980553079977,-27.0689859899,0.16709250611,-162
9,0,12,0.25,rr_k4_s0,rr_k4,no_trivial,0,0.974064853848,-66.5479339159,0.41078971553,-162
9,0,12,0.25,rr_k4_s1,rr_k4,no_trivial,1,1,-74.3177661667,0.458751643004,-162
9,0,12,0.25,rr_k4_s2,rr_k4,no_trivial,2,1,-78.238324625,0.482952621142,-162
9,0,12,0.25,rr_k4_s3,rr_k4,no_trivial,3,0.874896813854,-60.3188415231,0.37233852792,-162
9,0,12,0.25,rr_k4_s4,rr_k4,no_trivial,4,1,-70.3972077084,0.434550664867,-162
9,0,12,0.25,rr_k6_s0,rr_k6,no_trivial,0,0.680872451966,-69.0650915507,0.426327725622,-162
9,0,12,0.25,rr_k6_s1,rr_k6,no_trivial,1,0.669237878742,-67.9799825659,0.419629522012,-162
9,0,12,0.25,rr_k6_s2,rr_k6,no_trivial,2,0.754778187691,-75.8166335162,0.468003910594,-162
9,0,12,0.25,rr_k6_s3,rr_k6,no_trivial,3,0.705378186578,-71.3504957112,0.440435158711,-162
9,0,12,0.25,rr_k6_s4,rr_k6,no_trivial,4,0.6932438452,-70.213842748,0.433418782395,-162
9,0,12,0.25,rr_k8_s0,rr_k8,no_trivial,0,0.481321565259,-65.004450805,0.401262042006,-162
9,0,12,0.25,rr_k8_s1,rr_k8,no_trivial,1,0.457154759431,-61.9512029097,0.382414832776,-162
9,0,12,0.25,rr_k8_s2,rr_k8,no_trivial,2,0.496836857297,-66.9451399039,0.413241604345,-162
9,0,12,0.25,rr_k8_s3,rr_k8,no_trivial,3,0.487101068485,-65.7369942998,0.405783915431,-162
9,0,12,0.25,rr_k8_s4,rr_k8,no_trivial,4,0.5025058113,-67.6862147157,0.41781614022,-162
9,0,12,0.25,rr_k12_s0,rr_k12,no_trivial,0,0.315159584964,-63.5307489266,0.392165116831,-162
9,0,12,0.25,rr_k12_s1,rr_k12,no_trivial,1,0.312890021039,-63.1151402642,0.389599631261,-162
9,0,12,0.25,rr_k12_s2,rr_k12,no_trivial,2,0.317114486222,-63.8761247146,0.394297066139,-162
9,0,12,0.25,rr_k12_s3,rr_k12,no_trivial,3,0.311670494484,-62.8662534462,0.388063292878,-162
9,0,12,0.25,rr_k12_s4,rr_k12,no_trivial,4,0.305842912807,-61.792305789,0.381433986352,-162
9,0,12,0.25,rr_k16_s0,rr_k16,no_trivial,0,0.234267253235,-62.8393205299,0.387897040308,-162
9,0,12,0.25,rr_k16_s1,rr_k16,no_trivial,1,0.226403276508,-60.8792621079,0.375797914246,-162
9,0,12,0.25,rr_k16_s2,rr_k16,no_trivial,2,0.237778758728,-63.6813780141,0.393094926013,-162
9,0,12,0.25,rr_k16_s3,rr_k16,no_trivial,3,0.239655410862,-64.1633611151,0.39607013034,-162
9,0,12,0.25,rr_k16_s4,rr_k16,no_trivial,4,0.233746529097,-62.6988755198,0.387030095801,-162
9,0,12,0.25,er_k4_s0,er_k4,no_trivial,0,0.705861740828,-48.3941446733,0.298729288107,-162
9,0,12,0.25,er_k4_s1,er_k4,no_trivial,1,0.689488771732,-47.440581378,0.292843094926,-162
9,0,12,0.25,er_k4_s2,er_k4,no_trivial,2,0.786687134892,-53.7493408546,0.331786054658,-162
9,0,12,0.25,er_k4_s3,er_k4,no_trivial,3,0.80616834322,-54.7778577292,0.338134924254,-162
9,0,12,0.25,er_k4_s4,er_k4,no_trivial,4,0.844906333957,-57.1167225284,0.352572361286,-162
9,0,12,0.25,er_k6_s0,er_k6,no_trivial,0,0.546077697391,-55.5403023539,0.342841372555,-162
9,0,12,0.25,er_k6_s1,er_k6,no_trivial,1,0.519384353295,-52.9426951513,0.326806760193,-162
9,0,12,0.25,er_k6_s2,er_k6,no_trivial,2,0.527049631922,-53.6193829701,0.330983845495,-162
9,0,12,0.25,er_k6_s3,er_k6,no_trivial,3,0.5207751176,-53.180601796,0.328275319728,-162
9,0,12,0.25,er_k6_s4,er_k6,no_trivial,4,0.575585558422,-58.3824726646,0.360385633732,-162
9,0,12,0.25,er_k8_s0,er_k8,no_trivial,0,0.419013324625,-56.5762973045,0.349236403114,-162
9,0,12,0.25,er_k8_s1,er_k8,no_trivial,1,0.38330840843,-51.9989812247,0.320981365585,-162
9,0,12,0.25,er_k8_s2,er_k8,no_trivial,2,0.415972285384,-56.3040342983,0.347555767274,-162
9,0,12,0.25,er_k8_s3,er_k8,no_trivial,3,0.385076876897,-52.3241003697,0.322988273887,-162
9,0,12,0.25,er_k8_s4,er_k8,no_trivial,4,0.397456222952,-53.9788295644,0.333202651632,-162
9,0,12,0.25,er_k12_s0,er_k12,no_trivial,0,0.295973386496,-59.6288780737,0.368079494282,-162
9,0,12,0.25,er_k12_s1,er_k12,no_trivial,1,0.279583705429,-56.5031798121,0.348785060569,-162
9,0,12,0.25,er_k12_s2,er_k12,no_trivial,2,0.274528247526,-55.6123670562,0.343286216396,-162
9,0,12,0.25,er_k12_s3,er_k12,no_trivial,3,0.275697220104,-55.7653756235,0.344230713725,-162
9,0,12,0.25,er_k12_s4,er_k12,no_trivial,4,0.275861338301,-55.8087166906,0.344498251177,-162
9,0,12,0.25,er_k16_s0,er_k16,no_trivial,0,0.217066467445,-58.3551475627,0.360216960263,-162
9,0,12,0.25,er_k16_s1,er_k16,no_trivial,1,0.21160227571,-56.9268681621,0.351400420754,-162
9,0,12,0.25,er_k16_s2,er_k16,no_trivial,2,0.214836775531,-57.7450817846,0.356451122127,-162
9,0,12,0.25,er_k16_s3,er_k16,no_trivial,3,0.212868562657,-57.3004416099,0.353706429691,-162
9,0,12,0.25,er_k16_s4,er_k16,no_trivial,4,0.214641021652,-57.7421409911,0.356432969081,-162
10,0,12,1.0,vacio,vacio,trivial,,0,0,-0,-648
10,0,12,1.0,clique_binaria_s2,clique_binaria,trivial,,1,-103.5,0.159722222222,-648
10,0,12,1.0,clique_difusa_s2,clique_difusa,trivial,,1,-103.5,0.159722222222,-648
10,0,12,1.0,clique_binaria_s3,clique_binaria,trivial,,1,84.2802089991,-0.130062050924,-648
10,0,12,1.0,clique_difusa_s3,clique_difusa,trivial,,0.509621868393,-73.6410423909,0.113643583937,-648
10,0,12,1.0,clique_binaria_s4,clique_binaria,trivial,,1,656.549618472,-1.01319385567,-648
10,0,12,1.0,clique_difusa_s4,clique_difusa,trivial,,0.359487995823,-77.8080660018,0.120074175929,-648
10,0,12,1.0,clique_binaria_s6,clique_binaria,trivial,,1,3023.40352729,-4.66574618408,-648
10,0,12,1.0,clique_difusa_s6,clique_difusa,trivial,,0.252285036255,-90.604860061,0.139822314909,-648
10,0,12,1.0,clique_binaria_s8,clique_binaria,trivial,,1,7065.39192731,-10.9033826039,-648
10,0,12,1.0,clique_difusa_s8,clique_difusa,trivial,,0.204523356902,-102.407075419,0.158035610215,-648
10,0,12,1.0,clique_binaria_s9,clique_binaria,trivial,,1,9723.36250799,-15.0051890555,-648
10,0,12,1.0,clique_difusa_s9,clique_difusa,trivial,,0.188724304587,-107.789953382,0.166342520652,-648
10,0,12,1.0,clique_binaria_s12,clique_binaria,trivial,,1,20267.8004159,-31.2774697776,-648
10,0,12,1.0,clique_difusa_s12,clique_difusa,trivial,,0.156466077499,-122.243558941,0.188647467502,-648
10,0,12,1.0,clique_binaria_s18,clique_binaria,trivial,,1,53014.7203003,-81.8128399696,-648
10,0,12,1.0,clique_difusa_s18,clique_difusa,trivial,,0.121794606535,-145.79900961,0.22499847162,-648
10,0,12,1.0,clique_binaria_s24,clique_binaria,trivial,,1,101403.932368,-156.48754995,-648
10,0,12,1.0,clique_difusa_s24,clique_difusa,trivial,,0.102507296847,-164.843266762,0.254387757349,-648
10,0,12,1.0,clique_binaria_s27,clique_binaria,trivial,,1,131485.264921,-202.909359446,-648
10,0,12,1.0,clique_difusa_s27,clique_difusa,trivial,,0.0955864556488,-173.212998384,0.267304009852,-648
10,0,12,1.0,clique_binaria_s36,clique_binaria,trivial,,1,245333.284328,-378.600747419,-648
10,0,12,1.0,clique_difusa_s36,clique_difusa,trivial,,0.0806442453602,-195.071296041,0.30103595068,-648
10,0,12,1.0,clique_binaria_s54,clique_binaria,trivial,,1,579486.549087,-894.269365875,-648
10,0,12,1.0,clique_difusa_s54,clique_difusa,trivial,,0.0634491967344,-229.268791379,0.353809863239,-648
10,0,12,1.0,clique_binaria_s72,clique_binaria,trivial,,1,1055850.2707,-1629.3985659,-648
10,0,12,1.0,clique_difusa_s72,clique_difusa,trivial,,0.0534345704727,-255.838760231,0.39481290159,-648
10,0,12,1.0,clique_binaria_s108,clique_binaria,trivial,,1,2435837.28999,-3759.00816356,-648
10,0,12,1.0,clique_difusa_s108,clique_difusa,trivial,,0.0417639821853,-296.174173056,0.457058909037,-648
10,0,12,1.0,clique_binaria_s216,clique_binaria,trivial,,1,9998246.28499,-15429.3924151,-648
10,0,12,1.0,clique_difusa_s216,clique_difusa,trivial,,0.0269180038937,-370.578850162,0.571880941607,-648
10,0,12,1.0,bipartita,bipartita,trivial,,0.111111111111,-648,1,-648
10,0,12,1.0,uniforme,uniforme,trivial,,0.0269180038937,-370.578850162,0.571880941607,-648
10,0,12,1.0,t3,t3,no_trivial,,1,-486,0.75,-648
10,0,12,1.0,tree,tree,no_trivial,,1,-192.166666667,0.296553497942,-648
10,0,12,1.0,ring_k6,ring,no_trivial,,0.284912379503,-121.527924825,0.187543093865,-648
10,0,12,1.0,ws_k6_b0.1,ws,no_trivial,,0.328720108635,-139.471450865,0.215233720471,-648
10,0,12,1.0,tri_torus_12x18,tri_torus,no_trivial,,0.344538201866,-145.579895955,0.224660333264,-648
10,0,12,1.0,rgg3_k6_s0,rgg3_k6,no_trivial,0,0.30538513412,-126.325958828,0.194947467328,-648
10,0,12,1.0,rgg3_k6_s1,rgg3_k6,no_trivial,1,0.273746518639,-120.111054456,0.185356565518,-648
10,0,12,1.0,rgg3_k6_s2,rgg3_k6,no_trivial,2,0.29759553667,-121.573078177,0.187612774965,-648
10,0,12,1.0,rgg3_k6_s3,rgg3_k6,no_trivial,3,0.282573417766,-123.185460261,0.190101018922,-648
10,0,12,1.0,rgg3_k6_s4,rgg3_k6,no_trivial,4,0.31296561191,-124.96619026,0.192849059044,-648
10,0,12,1.0,rgg3_k8_s0,rgg3_k8,no_trivial,0,0.254337217569,-137.626253485,0.21238619365,-648
10,0,12,1.0,rgg3_k8_s1,rgg3_k8,no_trivial,1,0.256166205458,-138.265621743,0.21337287306,-648
10,0,12,1.0,rgg3_k8_s2,rgg3_k8,no_trivial,2,0.256262748817,-140.506229865,0.216830601644,-648
10,0,12,1.0,rgg3_k8_s3,rgg3_k8,no_trivial,3,0.2707192169,-138.661729313,0.213984150175,-648
10,0,12,1.0,rgg3_k8_s4,rgg3_k8,no_trivial,4,0.240609446413,-139.736866665,0.215643312754,-648
10,0,12,1.0,rgg3_k12_s0,rgg3_k12,no_trivial,0,0.203806645731,-166.891937776,0.257549286692,-648
10,0,12,1.0,rgg3_k12_s1,rgg3_k12,no_trivial,1,0.198975467456,-168.643850329,0.260252855446,-648
10,0,12,1.0,rgg3_k12_s2,rgg3_k12,no_trivial,2,0.191563826511,-164.470360453,0.25381228465,-648
10,0,12,1.0,rgg3_k12_s3,rgg3_k12,no_trivial,3,0.189931580787,-165.571540882,0.255511637163,-648
10,0,12,1.0,rgg3_k12_s4,rgg3_k12,no_trivial,4,0.204109430569,-166.37817318,0.256756440093,-648
10,0,12,1.0,rgg3_k16_s0,rgg3_k16,no_trivial,0,0.171012722969,-191.143861747,0.294975095289,-648
10,0,12,1.0,rgg3_k16_s1,rgg3_k16,no_trivial,1,0.165823741678,-189.296562226,0.292124324423,-648
10,0,12,1.0,rgg3_k16_s2,rgg3_k16,no_trivial,2,0.157866557364,-182.807876898,0.28211092114,-648
10,0,12,1.0,rgg3_k16_s3,rgg3_k16,no_trivial,3,0.160996597917,-182.954731563,0.282337548709,-648
10,0,12,1.0,rgg3_k16_s4,rgg3_k16,no_trivial,4,0.175168356622,-190.197715575,0.293514993171,-648
10,0,12,1.0,rr_k4_s0,rr_k4,no_trivial,0,1,-336.47664925,0.519254088349,-648
10,0,12,1.0,rr_k4_s1,rr_k4,no_trivial,1,1,-344.317766167,0.531354577418,-648
10,0,12,1.0,rr_k4_s2,rr_k4,no_trivial,2,1,-348.238324625,0.537404821952,-648
10,0,12,1.0,rr_k4_s3,rr_k4,no_trivial,3,1,-328.347850261,0.506709645464,-648
10,0,12,1.0,rr_k4_s4,rr_k4,no_trivial,4,1,-340.397207708,0.525304332883,-648
10,0,12,1.0,rr_k6_s0,rr_k6,no_trivial,0,1,-407.013466689,0.62810720168,-648
10,0,12,1.0,rr_k6_s1,rr_k6,no_trivial,1,1,-403.09290823,0.622056957146,-648
10,0,12,1.0,rr_k6_s2,rr_k6,no_trivial,2,1,-427.191623125,0.659246331983,-648
10,0,12,1.0,rr_k6_s3,rr_k6,no_trivial,3,1,-414.566901533,0.639763736933,-648
10,0,12,1.0,rr_k6_s4,rr_k6,no_trivial,4,1,-410.934025147,0.634157446215,-648
10,0,12,1.0,rr_k8_s0,rr_k8,no_trivial,0,0.76562505915,-393.453665577,0.607181582681,-648
10,0,12,1.0,rr_k8_s1,rr_k8,no_trivial,1,0.734412865428,-379.724895836,0.585995209623,-648
10,0,12,1.0,rr_k8_s2,rr_k8,no_trivial,2,0.78545018083,-402.023020877,0.620405896414,-648
10,0,12,1.0,rr_k8_s3,rr_k8,no_trivial,3,0.772951536185,-396.656540912,0.612124291531,-648
10,0,12,1.0,rr_k8_s4,rr_k8,no_trivial,4,0.792309695909,-405.059192638,0.625091346663,-648
10,0,12,1.0,rr_k12_s0,rr_k12,no_trivial,0,0.507642701042,-389.761844707,0.601484328251,-648
10,0,12,1.0,rr_k12_s1,rr_k12,no_trivial,1,0.50461249533,-387.816443159,0.598482165369,-648
10,0,12,1.0,rr_k12_s2,rr_k12,no_trivial,2,0.510386248348,-391.463807247,0.604110813653,-648
10,0,12,1.0,rr_k12_s3,rr_k12,no_trivial,3,0.503297660751,-386.846486431,0.596985318566,-648
10,0,12,1.0,rr_k12_s4,rr_k12,no_trivial,4,0.495497764343,-381.79753986,0.589193734351,-648
10,0,12,1.0,rr_k16_s0,rr_k16,no_trivial,0,0.379942022947,-388.035295125,0.598819899884,-648
10,0,12,1.0,rr_k16_s1,rr_k16,no_trivial,1,0.369732194117,-379.049713334,0.584953261318,-648
10,0,12,1.0,rr_k16_s2,rr_k16,no_trivial,2,0.384800019668,-392.091474109,0.605079435353,-648
10,0,12,1.0,rr_k16_s3,rr_k16,no_trivial,3,0.386982296882,-394.106932972,0.608189711377,-648
10,0,12,1.0,rr_k16_s4,rr_k16,no_trivial,4,0.379400965754,-387.491365223,0.597980501887,-648
10,0,12,1.0,er_k4_s0,er_k4,no_trivial,0,1,-289.16570923,0.446243378442,-648
10,0,12,1.0,er_k4_s1,er_k4,no_trivial,1,1,-287.328484105,0.443408154483,-648
10,0,12,1.0,er_k4_s2,er_k4,no_trivial,2,1,-306.37774875,0.472805167824,-648
10,0,12,1.0,er_k4_s3,er_k4,no_trivial,3,1,-306.13960973,0.472437669337,-648
10,0,12,1.0,er_k4_s4,er_k4,no_trivial,4,1,-310.385532333,0.478990019033,-648
10,0,12,1.0,er_k6_s0,er_k6,no_trivial,0,0.867995264053,-335.700637681,0.518056539632,-648
10,0,12,1.0,er_k6_s1,er_k6,no_trivial,1,0.832064054453,-323.377679013,0.499039628106,-648
10,0,12,1.0,er_k6_s2,er_k6,no_trivial,2,0.839765819228,-325.138757094,0.501757341195,-648
10,0,12,1.0,er_k6_s3,er_k6,no_trivial,3,0.836508334916,-325.920939955,0.50296441351,-648
10,0,12,1.0,er_k6_s4,er_k6,no_trivial,4,0.909252456783,-350.174511304,0.540392764358,-648
10,0,12,1.0,er_k8_s0,er_k8,no_trivial,0,0.669721688651,-344.369801179,0.531434878363,-648
10,0,12,1.0,er_k8_s1,er_k8,no_trivial,1,0.621875651662,-322.469652017,0.497638351879,-648
10,0,12,1.0,er_k8_s2,er_k8,no_trivial,2,0.669199772244,-345.530233881,0.533225669569,-648
10,0,12,1.0,er_k8_s3,er_k8,no_trivial,3,0.624259805082,-324.186132155,0.50028724098,-648
10,0,12,1.0,er_k8_s4,er_k8,no_trivial,4,0.643059145838,-333.544075652,0.514728511808,-648
10,0,12,1.0,er_k12_s0,er_k12,no_trivial,0,0.477086897717,-366.021361484,0.564847780068,-648
10,0,12,1.0,er_k12_s1,er_k12,no_trivial,1,0.454144981533,-350.080239785,0.540247283618,-648
10,0,12,1.0,er_k12_s2,er_k12,no_trivial,2,0.44769490124,-346.357401601,0.534502162964,-648
10,0,12,1.0,er_k12_s3,er_k12,no_trivial,3,0.449035858412,-346.669494221,0.534983787379,-648
10,0,12,1.0,er_k12_s4,er_k12,no_trivial,4,0.449083614174,-346.773919236,0.535144937093,-648
10,0,12,1.0,er_k16_s0,er_k16,no_trivial,0,0.35405273348,-362.82460929,0.55991452051,-648
10,0,12,1.0,er_k16_s1,er_k16,no_trivial,1,0.34593698671,-354.903237454,0.547690181256,-648
10,0,12,1.0,er_k16_s2,er_k16,no_trivial,2,0.350594382366,-359.188465622,0.554303187688,-648
10,0,12,1.0,er_k16_s3,er_k16,no_trivial,3,0.348584281382,-357.953935637,0.552398048823,-648
10,0,12,1.0,er_k16_s4,er_k16,no_trivial,4,0.350667555397,-359.734646056,0.555146058728,-648
11,0,12,4.0,vacio,vacio,trivial,,0,0,-0,-2592
11,0,12,4.0,clique_binaria_s2,clique_binaria,trivial,,1,-414,0.159722222222,-2592
11,0,12,4.0,clique_difusa_s2,clique_difusa,trivial,,1,-414,0.159722222222,-2592
11,0,12,4.0,clique_binaria_s3,clique_binaria,trivial,,1,-509.719791001,0.196651153936,-2592
11,0,12,4.0,clique_difusa_s3,clique_difusa,trivial,,0.903018778865,-519.703989415,0.200503082336,-2592
11,0,12,4.0,clique_binaria_s4,clique_binaria,trivial,,1,-193.950381528,0.0748265360835,-2592
11,0,12,4.0,clique_difusa_s4,clique_difusa,trivial,,0.635791712184,-547.467999281,0.211214505895,-2592
11,0,12,4.0,clique_binaria_s6,clique_binaria,trivial,,1,1740.90352729,-0.671644879354,-2592
11,0,12,4.0,clique_difusa_s6,clique_difusa,trivial,,0.443568778657,-631.604037869,0.243674397326,-2592
11,0,12,4.0,clique_binaria_s8,clique_binaria,trivial,,1,5458.89192731,-2.1060539843,-2592
11,0,12,4.0,clique_difusa_s8,clique_difusa,trivial,,0.357588797968,-707.683925982,0.273026206012,-2592
11,0,12,4.0,clique_binaria_s9,clique_binaria,trivial,,1,7995.36250799,-3.08463059722,-2592
11,0,12,4.0,clique_difusa_s9,clique_difusa,trivial,,0.3291086574,-741.896368157,0.286225450678,-2592
11,0,12,4.0,clique_binaria_s12,clique_binaria,trivial,,1,18337.3004159,-7.07457577775,-2592
11,0,12,4.0,clique_difusa_s12,clique_difusa,trivial,,0.270912087233,-832.240211076,0.321080328347,-2592
11,0,12,4.0,clique_binaria_s18,clique_binaria,trivial,,1,51408.2203003,-19.8334183257,-2592
11,0,12,4.0,clique_difusa_s18,clique_difusa,trivial,,0.208328070482,-974.68201003,0.376034726092,-2592
11,0,12,4.0,clique_binaria_s24,clique_binaria,trivial,,1,101093.432368,-39.0020958208,-2592
11,0,12,4.0,clique_difusa_s24,clique_difusa,trivial,,0.173530429696,-1085.44662904,0.4187679896,-2592
11,0,12,4.0,clique_binaria_s27,clique_binaria,trivial,,1,132187.264921,-50.9981731949,-2592
11,0,12,4.0,clique_difusa_s27,clique_difusa,trivial,,0.161054599151,-1132.86985143,0.43706398589,-2592
11,0,12,4.0,clique_binaria_s36,clique_binaria,trivial,,1,250530.784328,-96.6553951881,-2592
11,0,12,4.0,clique_difusa_s36,clique_difusa,trivial,,0.134155390871,-1253.06835277,0.483436864496,-2592
11,0,12,4.0,clique_binaria_s54,clique_binaria,trivial,,1,600236.049087,-231.572549802,-2592
11,0,12,4.0,clique_difusa_s54,clique_difusa,trivial,,0.103312818013,-1430.41524039,0.551857731631,-2592
11,0,12,4.0,clique_binaria_s72,clique_binaria,trivial,,1,1100899.7707,-424.729849808,-2592
11,0,12,4.0,clique_difusa_s72,clique_difusa,trivial,,0.0854538479091,-1559.09099027,0.601501153655,-2592
11,0,12,4.0,clique_binaria_s108,clique_binaria,trivial,,1,2555730.78999,-986.007249224,-2592
11,0,12,4.0,clique_difusa_s108,clique_difusa,trivial,,0.0648251349019,-1739.06599504,0.670935954875,-2592
11,0,12,4.0,clique_binaria_s216,clique_binaria,trivial,,1,10552623.785,-4071.22831211,-2592
11,0,12,4.0,clique_difusa_s216,clique_difusa,trivial,,0.0391776580904,-2022.48078437,0.780278080389,-2592
11,0,12,4.0,bipartita,bipartita,trivial,,0.111111111111,-2592,1,-2592
11,0,12,4.0,uniforme,uniforme,trivial,,0.0391776580904,-2022.48078437,0.780278080389,-2592
11,0,12,4.0,t3,t3,no_trivial,,1,-1944,0.75,-2592
11,0,12,4.0,tree,tree,no_trivial,,1,-768.666666667,0.296553497942,-2592
11,0,12,4.0,ring_k6,ring,no_trivial,,0.493490066005,-827.311614488,0.319178863614,-2592
11,0,12,4.0,ws_k6_b0.1,ws,no_trivial,,0.5625358788,-932.161658827,0.359630269609,-2592
11,0,12,4.0,tri_torus_12x18,tri_torus,no_trivial,,0.589396684853,-973.384617767,0.375534188953,-2592
11,0,12,4.0,rgg3_k6_s0,rgg3_k6,no_trivial,0,0.522122273416,-842.092248752,0.324881268809,-2592
11,0,12,4.0,rgg3_k6_s1,rgg3_k6,no_trivial,1,0.468427188935,-801.602939491,0.309260393322,-2592
11,0,12,4.0,rgg3_k6_s2,rgg3_k6,no_trivial,2,0.51024080935,-813.785860341,0.313960594267,-2592
11,0,12,4.0,rgg3_k6_s3,rgg3_k6,no_trivial,3,0.483417375015,-821.960250189,0.317114294054,-2592
11,0,12,4.0,rgg3_k6_s4,rgg3_k6,no_trivial,4,0.535364603991,-833.8848429,0.321714831366,-2592
11,0,12,4.0,rgg3_k8_s0,rgg3_k8,no_trivial,0,0.433521292927,-913.408237178,0.352395153232,-2592
11,0,12,4.0,rgg3_k8_s1,rgg3_k8,no_trivial,1,0.436159782979,-916.394346567,0.353547201608,-2592
11,0,12,4.0,rgg3_k8_s2,rgg3_k8,no_trivial,2,0.436590621336,-932.325028943,0.359693298203,-2592
11,0,12,4.0,rgg3_k8_s3,rgg3_k8,no_trivial,3,0.461180693778,-919.772671897,0.354850567861,-2592
11,0,12,4.0,rgg3_k8_s4,rgg3_k8,no_trivial,4,0.409099373676,-924.597437436,0.356711974319,-2592
11,0,12,4.0,rgg3_k12_s0,rgg3_k12,no_trivial,0,0.342686508264,-1087.14440347,0.419422995167,-2592
11,0,12,4.0,rgg3_k12_s1,rgg3_k12,no_trivial,1,0.333418228053,-1092.9693622,0.421670278628,-2592
11,0,12,4.0,rgg3_k12_s2,rgg3_k12,no_trivial,2,0.321374407363,-1067.58418373,0.411876614092,-2592
11,0,12,4.0,rgg3_k12_s3,rgg3_k12,no_trivial,3,0.318421270794,-1073.80212747,0.414275512142,-2592
11,0,12,4.0,rgg3_k12_s4,rgg3_k12,no_trivial,4,0.342472668476,-1080.64082051,0.416913896802,-2592
11,0,12,4.0,rgg3_k16_s0,rgg3_k16,no_trivial,0,0.283407604086,-1220.36018343,0.470817972003,-2592
11,0,12,4.0,rgg3_k16_s1,rgg3_k16,no_trivial,1,0.275030364219,-1209.83664993,0.466757966795,-2592
11,0,12,4.0,rgg3_k16_s2,rgg3_k16,no_trivial,2,0.262036232109,-1169.3811618,0.451150139584,-2592
11,0,12,4.0,rgg3_k16_s3,rgg3_k16,no_trivial,3,0.267049962145,-1169.25717102,0.451102303634,-2592
11,0,12,4.0,rgg3_k16_s4,rgg3_k16,no_trivial,4,0.29060533881,-1216.22910433,0.469224191487,-2592
11,0,12,4.0,rr_k4_s0,rr_k4,no_trivial,0,1,-1416.47664925,0.546480188754,-2592
11,0,12,4.0,rr_k4_s1,rr_k4,no_trivial,1,1,-1424.31776617,0.549505311021,-2592
11,0,12,4.0,rr_k4_s2,rr_k4,no_trivial,2,1,-1428.23832463,0.551017872155,-2592
11,0,12,4.0,rr_k4_s3,rr_k4,no_trivial,3,1,-1408.34785026,0.543344078033,-2592
11,0,12,4.0,rr_k4_s4,rr_k4,no_trivial,4,1,-1420.39720771,0.547992749887,-2592
11,0,12,4.0,rr_k6_s0,rr_k6,no_trivial,0,1,-1865.01346669,0.71952680042,-2592
11,0,12,4.0,rr_k6_s1,rr_k6,no_trivial,1,1,-1861.09290823,0.718014239286,-2592
11,0,12,4.0,rr_k6_s2,rr_k6,no_trivial,2,1,-1885.19162313,0.727311582996,-2592
11,0,12,4.0,rr_k6_s3,rr_k6,no_trivial,3,1,-1872.56690153,0.722440934233,-2592
11,0,12,4.0,rr_k6_s4,rr_k6,no_trivial,4,1,-1868.93402515,0.721039361554,-2592
11,0,12,4.0,rr_k8_s0,rr_k8,no_trivial,0,1,-2065.6019897,0.79691434788,-2592
11,0,12,4.0,rr_k8_s1,rr_k8,no_trivial,1,1,-2030.31696358,0.783301297677,-2592
11,0,12,4.0,rr_k8_s2,rr_k8,no_trivial,2,1,-2085.37468103,0.804542701016,-2592
11,0,12,4.0,rr_k8_s3,rr_k8,no_trivial,3,1,-2073.15542455,0.799828481693,-2592
11,0,12,4.0,rr_k8_s4,rr_k8,no_trivial,4,1,-2091.89517062,0.807058321999,-2592
11,0,12,4.0,rr_k12_s0,rr_k12,no_trivial,0,0.72300525007,-2075.37763473,0.80068581587,-2592
11,0,12,4.0,rr_k12_s1,rr_k12,no_trivial,1,0.720067263147,-2069.10258423,0.79826488589,-2592
11,0,12,4.0,rr_k12_s2,rr_k12,no_trivial,2,0.725679980248,-2080.99238428,0.802852000106,-2592
11,0,12,4.0,rr_k12_s3,rr_k12,no_trivial,3,0.718880816126,-2066.34241486,0.797200005733,-2592
11,0,12,4.0,rr_k12_s4,rr_k12,no_trivial,4,0.711230059831,-2049.87477963,0.790846751401,-2592
11,0,12,4.0,rr_k16_s0,rr_k16,no_trivial,0,0.542529678997,-2073.48297947,0.799954853191,-2592
11,0,12,4.0,rr_k16_s1,rr_k16,no_trivial,1,0.532710410565,-2044.89154781,0.788924208261,-2592
11,0,12,4.0,rr_k16_s2,rr_k16,no_trivial,2,0.547295559858,-2086.75371346,0.80507473513,-2592
11,0,12,4.0,rr_k16_s3,rr_k16,no_trivial,3,0.549210319598,-2092.57617993,0.807321057072,-2592
11,0,12,4.0,rr_k16_s4,rr_k16,no_trivial,4,0.542081256675,-2072.01079038,0.799386879005,-2592
11,0,12,4.0,er_k4_s0,er_k4,no_trivial,0,1,-1311.29070923,0.505899193376,-2592
11,0,12,4.0,er_k4_s1,er_k4,no_trivial,1,1,-1315.70348411,0.507601652818,-2592
11,0,12,4.0,er_k4_s2,er_k4,no_trivial,2,1,-1343.12774875,0.518182001833,-2592
11,0,12,4.0,er_k4_s3,er_k4,no_trivial,3,1,-1332.13960973,0.513942750668,-2592
11,0,12,4.0,er_k4_s4,er_k4,no_trivial,4,1,-1335.63553233,0.51529148624,-2592
11,0,12,4.0,er_k6_s0,er_k6,no_trivial,0,1,-1703.68723791,0.657286743021,-2592
11,0,12,4.0,er_k6_s1,er_k6,no_trivial,1,1,-1678.15980976,0.647438198211,-2592
11,0,12,4.0,er_k6_s2,er_k6,no_trivial,2,1,-1672.9712138,0.645436425076,-2592
11,0,12,4.0,er_k6_s3,er_k6,no_trivial,3,1,-1693.37212769,0.653307148029,-2592
11,0,12,4.0,er_k6_s4,er_k6,no_trivial,4,1,-1735.47454877,0.669550366039,-2592
11,0,12,4.0,er_k8_s0,er_k8,no_trivial,0,0.954005594607,-1830.08845719,0.706052645519,-2592
11,0,12,4.0,er_k8_s1,er_k8,no_trivial,1,0.902680738416,-1749.56815715,0.674987714952,-2592
11,0,12,4.0,er_k8_s2,er_k8,no_trivial,2,0.961600150551,-1853.57037192,0.715112026204,-2592
11,0,12,4.0,er_k8_s3,er_k8,no_trivial,3,0.907536546379,-1760.50778977,0.679208252227,-2592
11,0,12,4.0,er_k8_s4,er_k8,no_trivial,4,0.932519347463,-1806.11742123,0.696804560662,-2592
11,0,12,4.0,er_k12_s0,er_k12,no_trivial,0,0.679330081773,-1948.76380674,0.751837888404,-2592
11,0,12,4.0,er_k12_s1,er_k12,no_trivial,1,0.653497825869,-1884.63375165,0.727096354802,-2592
11,0,12,4.0,er_k12_s2,er_k12,no_trivial,2,0.648465205885,-1877.52910071,0.724355362927,-2592
11,0,12,4.0,er_k12_s3,er_k12,no_trivial,3,0.648341956372,-1873.28408313,0.722717624666,-2592
11,0,12,4.0,er_k12_s4,er_k12,no_trivial,4,0.648336264736,-1873.43894891,0.722777372266,-2592
11,0,12,4.0,er_k16_s0,er_k16,no_trivial,0,0.509466758372,-1954.55372091,0.754071651587,-2592
11,0,12,4.0,er_k16_s1,er_k16,no_trivial,1,0.499221757299,-1917.76666993,0.739879116485,-2592
11,0,12,4.0,er_k16_s2,er_k16,no_trivial,2,0.504560050161,-1935.34049859,0.746659142975,-2592
11,0,12,4.0,er_k16_s3,er_k16,no_trivial,3,0.504116660706,-1938.76505335,0.747980344657,-2592
11,0,12,4.0,er_k16_s4,er_k16,no_trivial,4,0.505745053388,-1942.60706742,0.749462603172,-2592
12,0,16,0.25,vacio,vacio,trivial,,0,0,-0,-216
12,0,16,0.25,clique_binaria_s2,clique_binaria,trivial,,1,-26.15625,0.12109375,-216
12,0,16,0.25,clique_difusa_s2,clique_difusa,trivial,,1,-26.15625,0.12109375,-216
12,0,16,0.25,clique_binaria_s3,clique_binaria,trivial,,1,231.655208999,-1.07247781944,-216
12,0,16,0.25,clique_difusa_s3,clique_difusa,trivial,,0.275627286892,-9.94096734549,0.0460229969699,-216
12,0,16,0.25,clique_binaria_s4,clique_binaria,trivial,,1,866.643368472,-4.012237817,-216
12,0,16,0.25,clique_difusa_s4,clique_difusa,trivial,,0.194700874541,-10.5275080692,0.0487384632835,-216
12,0,16,0.25,clique_binaria_s6,clique_binaria,trivial,,1,3336.99727729,-15.4490614689,-216
12,0,16,0.25,clique_difusa_s6,clique_difusa,trivial,,0.137240154016,-12.3464173077,0.0571593393876,-216
12,0,16,0.25,clique_binaria_s8,clique_binaria,trivial,,1,7453.23567731,-34.5057207283,-216
12,0,16,0.25,clique_difusa_s8,clique_difusa,trivial,,0.111722098446,-14.0483375445,0.065038599743,-216
12,0,16,0.25,clique_binaria_s9,clique_binaria,trivial,,1,10137.362508,-46.9322338333,-216
12,0,16,0.25,clique_difusa_s9,clique_difusa,trivial,,0.103291352088,-14.8325977273,0.0686694339226,-216
12,0,16,0.25,clique_binaria_s12,clique_binaria,trivial,,1,20716.3941659,-95.9092322496,-216
12,0,16,0.25,clique_difusa_s12,clique_difusa,trivial,,0.0860921517974,-16.9642217994,0.0785380638861,-216
12,0,16,0.25,clique_binaria_s18,clique_binaria,trivial,,1,53335.0640503,-246.921592826,-216
12,0,16,0.25,clique_difusa_s18,clique_difusa,trivial,,0.0676244017023,-20.5229660392,0.0950137316631,-216
12,0,16,0.25,clique_binaria_s24,clique_binaria,trivial,,1,101332.776118,-469.133222767,-216
12,0,16,0.25,clique_difusa_s24,clique_difusa,trivial,,0.0573558631227,-23.4824439326,0.108715018206,-216
12,0,16,0.25,clique_binaria_s27,clique_binaria,trivial,,1,131119.639921,-607.035370006,-216
12,0,16,0.25,clique_difusa_s27,clique_difusa,trivial,,0.0536712840024,-24.8078857258,0.114851322805,-216
12,0,16,0.25,clique_binaria_s36,clique_binaria,trivial,,1,243689.378078,-1128.19156517,-216
12,0,16,0.25,clique_difusa_s36,clique_difusa,trivial,,0.0457145475957,-28.3454573342,0.13122896914,-216
12,0,16,0.25,clique_binaria_s54,clique_binaria,trivial,,1,573509.142837,-2655.13492054,-216
12,0,16,0.25,clique_difusa_s54,clique_difusa,trivial,,0.0365500169458,-34.1209373175,0.157967302396,-216
12,0,16,0.25,clique_binaria_s72,clique_binaria,trivial,,1,1043170.11445,-4829.49127062,-216
12,0,16,0.25,clique_difusa_s72,clique_difusa,trivial,,0.0312032071011,-38.836500333,0.179798612653,-216
12,0,16,0.25,clique_binaria_s108,clique_binaria,trivial,,1,2402643.88374,-11123.3513136,-216
12,0,16,0.25,clique_difusa_s108,clique_difusa,trivial,,0.0249539755791,-46.440730962,0.215003384084,-216
12,0,16,0.25,clique_binaria_s216,clique_binaria,trivial,,1,9846651.12874,-45586.3478182,-216
12,0,16,0.25,clique_difusa_s216,clique_difusa,trivial,,0.0169379273816,-62.2762731835,0.288316079553,-216
12,0,16,0.25,bipartita,bipartita,trivial,,0.148148148148,-216,1,-216
12,0,16,0.25,uniforme,uniforme,trivial,,0.0169379273816,-62.2762731835,0.288316079553,-216
12,0,16,0.25,t3,t3,no_trivial,,1,-131.625,0.609375,-216
12,0,16,0.25,tree,tree,no_trivial,,1,-49.46875,0.229021990741,-216
12,0,16,0.25,ring_k6,ring,no_trivial,,0.15694486123,-16.8791888523,0.0781443928349,-216
12,0,16,0.25,ws_k6_b0.1,ws,no_trivial,,0.183309510635,-19.6866149718,0.0911417359807,-216
12,0,16,0.25,tri_torus_12x18,tri_torus,no_trivial,,0.191282461327,-20.4893561154,0.0948581301639,-216
12,0,16,0.25,rgg3_k6_s0,rgg3_k6,no_trivial,0,0.170752514826,-17.8916620506,0.0828317687528,-216
12,0,16,0.25,rgg3_k6_s1,rgg3_k6,no_trivial,1,0.152974540958,-16.9965963254,0.0786879459509,-216
12,0,16,0.25,rgg3_k6_s2,rgg3_k6,no_trivial,2,0.16602970338,-17.1610589828,0.0794493471425,-216
12,0,16,0.25,rgg3_k6_s3,rgg3_k6,no_trivial,3,0.157859818381,-17.4295992267,0.0806925890125,-216
12,0,16,0.25,rgg3_k6_s4,rgg3_k6,no_trivial,4,0.174819324357,-17.678243261,0.0818437188011,-216
12,0,16,0.25,rgg3_k8_s0,rgg3_k8,no_trivial,0,0.14243479128,-19.5519273332,0.090518182098,-216
12,0,16,0.25,rgg3_k8_s1,rgg3_k8,no_trivial,1,0.143458526469,-19.6545705035,0.0909933819605,-216
12,0,16,0.25,rgg3_k8_s2,rgg3_k8,no_trivial,2,0.143356220196,-19.946814545,0.0923463636341,-216
12,0,16,0.25,rgg3_k8_s3,rgg3_k8,no_trivial,3,0.151614754628,-19.7023429734,0.0912145508029,-216
12,0,16,0.25,rgg3_k8_s4,rgg3_k8,no_trivial,4,0.134787575357,-19.8806323128,0.0920399644111,-216
12,0,16,0.25,rgg3_k12_s0,rgg3_k12,no_trivial,0,0.114997434197,-24.0260651986,0.111231783327,-216
12,0,16,0.25,rgg3_k12_s1,rgg3_k12,no_trivial,1,0.112628792404,-24.3874138166,0.112904693596,-216
12,0,16,0.25,rgg3_k12_s2,rgg3_k12,no_trivial,2,0.108356392642,-23.7566075937,0.109984294415,-216
12,0,16,0.25,rgg3_k12_s3,rgg3_k12,no_trivial,3,0.107475971123,-23.9304463819,0.11078910362,-216
12,0,16,0.25,rgg3_k12_s4,rgg3_k12,no_trivial,4,0.115337223617,-24.0066714388,0.111141997402,-216
12,0,16,0.25,rgg3_k16_s0,rgg3_k16,no_trivial,0,0.0974791727667,-27.9568219986,0.129429731475,-216
12,0,16,0.25,rgg3_k16_s1,rgg3_k16,no_trivial,1,0.0944890773431,-27.6670684378,0.128088279804,-216
12,0,16,0.25,rgg3_k16_s2,rgg3_k16,no_trivial,2,0.0899634287065,-26.7107049148,0.123660670902,-216
12,0,16,0.25,rgg3_k16_s3,rgg3_k16,no_trivial,3,0.0917922864544,-26.7515323817,0.123849686952,-216
12,0,16,0.25,rgg3_k16_s4,rgg3_k16,no_trivial,4,0.0997500301777,-27.7795752072,0.128609144478,-216
12,0,16,0.25,rr_k4_s0,rr_k4,no_trivial,0,1,-70.9766492501,0.32859559838,-216
12,0,16,0.25,rr_k4_s1,rr_k4,no_trivial,1,1,-78.8177661667,0.364897065587,-216
12,0,16,0.25,rr_k4_s2,rr_k4,no_trivial,2,1,-82.738324625,0.38304779919,-216
12,0,16,0.25,rr_k4_s3,rr_k4,no_trivial,3,0.908382692369,-63.8961414205,0.295815469539,-216
12,0,16,0.25,rr_k4_s4,rr_k4,no_trivial,4,1,-74.8972077084,0.346746331983,-216
12,0,16,0.25,rr_k6_s0,rr_k6,no_trivial,0,0.71267927621,-73.9801385954,0.342500641646,-216
12,0,16,0.25,rr_k6_s1,rr_k6,no_trivial,1,0.699855078313,-72.7240441081,0.33668538939,-216
12,0,16,0.25,rr_k6_s2,rr_k6,no_trivial,2,0.794879623073,-81.894221566,0.379139914657,-216
12,0,16,0.25,rr_k6_s3,rr_k6,no_trivial,3,0.73978481666,-76.6362625033,0.354797511589,-216
12,0,16,0.25,rr_k6_s4,rr_k6,no_trivial,4,0.726349180897,-75.3142620556,0.348677139146,-216
12,0,16,0.25,rr_k8_s0,rr_k8,no_trivial,0,0.502718321519,-69.3614601758,0.321117871184,-216
12,0,16,0.25,rr_k8_s1,rr_k8,no_trivial,1,0.476324730599,-65.87203568,0.304963128148,-216
12,0,16,0.25,rr_k8_s2,rr_k8,no_trivial,2,0.519752292873,-71.5951056362,0.33145882239,-216
12,0,16,0.25,rr_k8_s3,rr_k8,no_trivial,3,0.509045311082,-70.2018561016,0.325008593063,-216
12,0,16,0.25,rr_k8_s4,rr_k8,no_trivial,4,0.525947580291,-72.4453378427,0.335395082605,-216
12,0,16,0.25,rr_k12_s0,rr_k12,no_trivial,0,0.329271098957,-67.7349967498,0.313587947916,-216
12,0,16,0.25,rr_k12_s1,rr_k12,no_trivial,1,0.326774974351,-67.2574475643,0.311377072057,-216
12,0,16,0.25,rr_k12_s2,rr_k12,no_trivial,2,0.331435276016,-68.1342752303,0.315436459399,-216
12,0,16,0.25,rr_k12_s3,rr_k12,no_trivial,3,0.325460196446,-66.9758010945,0.310073153215,-216
12,0,16,0.25,rr_k12_s4,rr_k12,no_trivial,4,0.319066458494,-65.7457360396,0.304378407591,-216
12,0,16,0.25,rr_k16_s0,rr_k16,no_trivial,0,0.244786609713,-66.9695720437,0.310044315017,-216
12,0,16,0.25,rr_k16_s1,rr_k16,no_trivial,1,0.236178093006,-64.7303979907,0.299677768475,-216
12,0,16,0.25,rr_k16_s2,rr_k16,no_trivial,2,0.248666446257,-67.940029973,0.314537175801,-216
12,0,16,0.25,rr_k16_s3,rr_k16,no_trivial,3,0.2507140625,-68.4909970902,0.317087949492,-216
12,0,16,0.25,rr_k16_s4,rr_k16,no_trivial,4,0.244224809413,-66.8104803712,0.309307779496,-216
12,0,16,0.25,er_k4_s0,er_k4,no_trivial,0,0.733772587356,-51.3502504288,0.237732640874,-216
12,0,16,0.25,er_k4_s1,er_k4,no_trivial,1,0.715274975259,-50.1910160679,0.232365815129,-216
12,0,16,0.25,er_k4_s2,er_k4,no_trivial,2,0.81979496411,-57.2337334016,0.26497098797,-216
12,0,16,0.25,er_k4_s3,er_k4,no_trivial,3,0.842991719163,-58.601997809,0.271305545412,-216
12,0,16,0.25,er_k4_s4,er_k4,no_trivial,4,0.885958851472,-61.3407916575,0.283985146562,-216
12,0,16,0.25,er_k6_s0,er_k6,no_trivial,0,0.569746551267,-59.2021640864,0.274084092993,-216
12,0,16,0.25,er_k6_s1,er_k6,no_trivial,1,0.540889039383,-56.2775982257,0.26054443623,-216
12,0,16,0.25,er_k6_s2,er_k6,no_trivial,2,0.549646045595,-57.1134555571,0.264414146098,-216
12,0,16,0.25,er_k6_s3,er_k6,no_trivial,3,0.541853081575,-56.4619899359,0.261398101555,-216
12,0,16,0.25,er_k6_s4,er_k6,no_trivial,4,0.60152700646,-62.3782364626,0.288788131772,-216
12,0,16,0.25,er_k8_s0,er_k8,no_trivial,0,0.437425050693,-60.3101550012,0.279213680561,-216
12,0,16,0.25,er_k8_s1,er_k8,no_trivial,1,0.398782174836,-55.1529714859,0.255337830953,-216
12,0,16,0.25,er_k8_s2,er_k8,no_trivial,2,0.433538912721,-59.8791132687,0.277218116985,-216
12,0,16,0.25,er_k8_s3,er_k8,no_trivial,3,0.400465694874,-55.478290798,0.25684393888,-216
12,0,16,0.25,er_k8_s4,er_k8,no_trivial,4,0.413530011796,-57.271716687,0.265146836514,-216
12,0,16,0.25,er_k12_s0,er_k12,no_trivial,0,0.309275080973,-63.582068533,0.294361428394,-216
12,0,16,0.25,er_k12_s1,er_k12,no_trivial,1,0.291572195666,-60.0839151309,0.278166273754,-216
12,0,16,0.25,er_k12_s2,er_k12,no_trivial,2,0.285922992042,-59.0331833108,0.273301774587,-216
12,0,16,0.25,er_k12_s3,er_k12,no_trivial,3,0.287338127006,-59.2458533668,0.27428635818,-216
12,0,16,0.25,er_k12_s4,er_k12,no_trivial,4,0.287504148888,-59.2930737503,0.274504971066,-216
12,0,16,0.25,er_k16_s0,er_k16,no_trivial,0,0.226486889399,-62.0669385814,0.287346937877,-216
12,0,16,0.25,er_k16_s1,er_k16,no_trivial,1,0.22067381817,-60.5040224248,0.28011121493,-216
12,0,16,0.25,er_k16_s2,er_k16,no_trivial,2,0.224166732931,-61.4176172273,0.284340820497,-216
12,0,16,0.25,er_k16_s3,er_k16,no_trivial,3,0.221906622272,-60.8671584179,0.281792400083,-216
12,0,16,0.25,er_k16_s4,er_k16,no_trivial,4,0.223859812488,-61.3786242757,0.284160297573,-216
13,0,16,1.0,vacio,vacio,trivial,,0,0,-0,-864
13,0,16,1.0,clique_binaria_s2,clique_binaria,trivial,,1,-104.625,0.12109375,-864
13,0,16,1.0,clique_difusa_s2,clique_difusa,trivial,,1,-104.625,0.12109375,-864
13,0,16,1.0,clique_binaria_s3,clique_binaria,trivial,,1,79.7802089991,-0.09233820486,-864
13,0,16,1.0,clique_difusa_s3,clique_difusa,trivial,,0.514709334373,-74.8214497246,0.0865989001442,-864
13,0,16,1.0,clique_binaria_s4,clique_binaria,trivial,,1,646.424618472,-0.748176641749,-864
13,0,16,1.0,clique_difusa_s4,clique_difusa,trivial,,0.3632979495,-79.1304354392,0.0915861521287,-864
13,0,16,1.0,clique_binaria_s6,clique_binaria,trivial,,1,2995.27852729,-3.46675755473,-864
13,0,16,1.0,clique_difusa_s6,clique_difusa,trivial,,0.255445207629,-92.4174360318,0.106964625037,-864
13,0,16,1.0,clique_binaria_s8,clique_binaria,trivial,,1,7010.26692731,-8.11373486958,-864
13,0,16,1.0,clique_difusa_s8,clique_difusa,trivial,,0.207459661952,-104.746149459,0.121233969281,-864
13,0,16,1.0,clique_binaria_s9,clique_binaria,trivial,,1,9651.36250799,-11.1705584583,-864
13,0,16,1.0,clique_difusa_s9,clique_difusa,trivial,,0.19159464528,-110.393496005,0.127770250005,-864
13,0,16,1.0,clique_binaria_s12,clique_binaria,trivial,,1,20131.6754159,-23.3005502499,-864
13,0,16,1.0,clique_difusa_s12,clique_difusa,trivial,,0.159212708802,-125.634837469,0.145410691515,-864
13,0,16,1.0,clique_binaria_s18,clique_binaria,trivial,,1,52689.5953003,-60.9833278939,-864
13,0,16,1.0,clique_difusa_s18,clique_difusa,trivial,,0.124420806257,-150.726346645,0.174451790098,-864
13,0,16,1.0,clique_binaria_s24,clique_binaria,trivial,,1,100808.807368,-116.676860379,-864
13,0,16,1.0,clique_difusa_s24,clique_difusa,trivial,,0.10506859418,-171.253735374,0.198210341868,-864
13,0,16,1.0,clique_binaria_s27,clique_binaria,trivial,,1,130724.764921,-151.301811251,-864
13,0,16,1.0,clique_difusa_s27,clique_difusa,trivial,,0.0981239956299,-180.34696578,0.208734914098,-864
13,0,16,1.0,clique_binaria_s36,clique_binaria,trivial,,1,243955.159328,-282.355508481,-864
13,0,16,1.0,clique_difusa_s36,clique_difusa,trivial,,0.0831277154975,-204.311620234,0.236471782678,-864
13,0,16,1.0,clique_binaria_s54,clique_binaria,trivial,,1,576326.424087,-667.044472323,-864
13,0,16,1.0,clique_difusa_s54,clique_difusa,trivial,,0.0658600059699,-242.477744621,0.280645537756,-864
13,0,16,1.0,clique_binaria_s72,clique_binaria,trivial,,1,1050179.1457,-1215.48512234,-864
13,0,16,1.0,clique_difusa_s72,clique_difusa,trivial,,0.0557922787264,-272.751628502,0.31568475521,-864
13,0,16,1.0,clique_binaria_s108,clique_binaria,trivial,,1,2422957.16499,-2804.34857059,-864
13,0,16,1.0,clique_difusa_s108,clique_difusa,trivial,,0.0440394180146,-319.875997629,0.370226849108,-864
13,0,16,1.0,clique_binaria_s216,clique_binaria,trivial,,1,9946243.15999,-11511.8555092,-864
13,0,16,1.0,clique_difusa_s216,clique_difusa,trivial,,0.0290169236348,-411.233804753,0.475965051797,-864
13,0,16,1.0,bipartita,bipartita,trivial,,0.148148148148,-864,1,-864
13,0,16,1.0,uniforme,uniforme,trivial,,0.0290169236348,-411.233804753,0.475965051797,-864
13,0,16,1.0,t3,t3,no_trivial,,1,-526.5,0.609375,-864
13,0,16,1.0,tree,tree,no_trivial,,1,-197.875,0.229021990741,-864
13,0,16,1.0,ring_k6,ring,no_trivial,,0.289867928836,-124.872905793,0.14452882615,-864
13,0,16,1.0,ws_k6_b0.1,ws,no_trivial,,0.33551293744,-144.021303949,0.166691324014,-864
13,0,16,1.0,tri_torus_12x18,tri_torus,no_trivial,,0.351954082092,-150.491452099,0.174179921411,-864
13,0,16,1.0,rgg3_k6_s0,rgg3_k6,no_trivial,0,0.311836209811,-130.53630593,0.151083687419,-864
13,0,16,1.0,rgg3_k6_s1,rgg3_k6,no_trivial,1,0.279461055851,-124.06876306,0.143598105393,-864
13,0,16,1.0,rgg3_k6_s2,rgg3_k6,no_trivial,2,0.303618434419,-125.461512499,0.145210083911,-864
13,0,16,1.0,rgg3_k6_s3,rgg3_k6,no_trivial,3,0.288506790502,-127.26543963,0.147297962534,-864
13,0,16,1.0,rgg3_k6_s4,rgg3_k6,no_trivial,4,0.3195292725,-129.101003935,0.149422458258,-864
13,0,16,1.0,rgg3_k8_s0,rgg3_k8,no_trivial,0,0.259995913611,-142.44226845,0.164863736632,-864
13,0,16,1.0,rgg3_k8_s1,rgg3_k8,no_trivial,1,0.261981313203,-143.193879442,0.165733656762,-864
13,0,16,1.0,rgg3_k8_s2,rgg3_k8,no_trivial,2,0.262034672982,-145.475117368,0.168373978436,-864
13,0,16,1.0,rgg3_k8_s3,rgg3_k8,no_trivial,3,0.276778746838,-143.541994594,0.166136567817,-864
13,0,16,1.0,rgg3_k8_s4,rgg3_k8,no_trivial,4,0.246180335026,-144.810499057,0.167604744279,-864
13,0,16,1.0,rgg3_k12_s0,rgg3_k12,no_trivial,0,0.209287882137,-173.871346284,0.201239984125,-864
13,0,16,1.0,rgg3_k12_s1,rgg3_k12,no_trivial,1,0.204544992414,-175.970871681,0.203669990371,-864
13,0,16,1.0,rgg3_k12_s2,rgg3_k12,no_trivial,2,0.196853742738,-171.525551983,0.198524944425,-864
13,0,16,1.0,rgg3_k12_s3,rgg3_k12,no_trivial,3,0.195214349728,-172.722763325,0.1999106057,-864
13,0,16,1.0,rgg3_k12_s4,rgg3_k12,no_trivial,4,0.209738375707,-173.503018129,0.20081367839,-864
13,0,16,1.0,rgg3_k16_s0,rgg3_k16,no_trivial,0,0.176444885018,-200.487450778,0.232045660623,-864
13,0,16,1.0,rgg3_k16_s1,rgg3_k16,no_trivial,1,0.171039742987,-198.467945064,0.22970826975,-864
13,0,16,1.0,rgg3_k16_s2,rgg3_k16,no_trivial,2,0.162779407392,-191.581703358,0.22173808259,-864
13,0,16,1.0,rgg3_k16_s3,rgg3_k16,no_trivial,3,0.166040861653,-191.791887514,0.22198135129,-864
13,0,16,1.0,rgg3_k16_s4,rgg3_k16,no_trivial,4,0.180669434561,-199.395715109,0.230782077672,-864
13,0,16,1.0,rr_k4_s0,rr_k4,no_trivial,0,1,-354.47664925,0.410273899595,-864
13,0,16,1.0,rr_k4_s1,rr_k4,no_trivial,1,1,-362.317766167,0.419349266397,-864
13,0,16,1.0,rr_k4_s2,rr_k4,no_trivial,2,1,-366.238324625,0.423886949797,-864
13,0,16,1.0,rr_k4_s3,rr_k4,no_trivial,3,1,-346.347850261,0.400865567432,-864
13,0,16,1.0,rr_k4_s4,rr_k4,no_trivial,4,1,-358.397207708,0.414811582996,-864
13,0,16,1.0,rr_k6_s0,rr_k6,no_trivial,0,1,-447.513466689,0.51795540126,-864
13,0,16,1.0,rr_k6_s1,rr_k6,no_trivial,1,1,-443.59290823,0.513417717859,-864
13,0,16,1.0,rr_k6_s2,rr_k6,no_trivial,2,1,-467.691623125,0.541309748987,-864
13,0,16,1.0,rr_k6_s3,rr_k6,no_trivial,3,1,-455.066901533,0.5266978027,-864
13,0,16,1.0,rr_k6_s4,rr_k6,no_trivial,4,1,-451.434025147,0.522493084661,-864
13,0,16,1.0,rr_k8_s0,rr_k8,no_trivial,0,0.827521620868,-439.115670695,0.508235729971,-864
13,0,16,1.0,rr_k8_s1,rr_k8,no_trivial,1,0.790311410344,-421.552378269,0.487907845219,-864
13,0,16,1.0,rr_k8_s2,rr_k8,no_trivial,2,0.851416905606,-450.222739061,0.521091133173,-864
13,0,16,1.0,rr_k8_s3,rr_k8,no_trivial,3,0.836327246511,-443.246934955,0.513017285828,-864
13,0,16,1.0,rr_k8_s4,rr_k8,no_trivial,4,0.859733937969,-454.155535862,0.525642981322,-864
13,0,16,1.0,rr_k12_s0,rr_k12,no_trivial,0,0.54896750858,-434.953195826,0.503418050724,-864
13,0,16,1.0,rr_k12_s1,rr_k12,no_trivial,1,0.545328230567,-432.439612257,0.500508810483,-864
13,0,16,1.0,rr_k12_s2,rr_k12,no_trivial,2,0.552285432469,-437.174640417,0.505989167149,-864
13,0,16,1.0,rr_k12_s3,rr_k12,no_trivial,3,0.543793833446,-431.227968976,0.499106445574,-864
13,0,16,1.0,rr_k12_s4,rr_k12,no_trivial,4,0.534466386204,-424.740244065,0.491597504705,-864
13,0,16,1.0,rr_k16_s0,rr_k16,no_trivial,0,0.411131964449,-433.067832857,0.501235917658,-864
13,0,16,1.0,rr_k16_s1,rr_k16,no_trivial,1,0.398956018644,-421.571744928,0.487930260333,-864
13,0,16,1.0,rr_k16_s2,rr_k16,no_trivial,2,0.417024340432,-438.354867209,0.507355170381,-864
13,0,16,1.0,rr_k16_s3,rr_k16,no_trivial,3,0.41960526252,-440.921256422,0.510325528267,-864
13,0,16,1.0,rr_k16_s4,rr_k16,no_trivial,4,0.410507968161,-432.391397547,0.500453006421,-864
13,0,16,1.0,er_k4_s0,er_k4,no_trivial,0,1,-311.988625897,0.36109794664,-864
13,0,16,1.0,er_k4_s1,er_k4,no_trivial,1,1,-309.630567439,0.358368712313,-864
13,0,16,1.0,er_k4_s2,er_k4,no_trivial,2,1,-327.981915417,0.379608698399,-864
13,0,16,1.0,er_k4_s3,er_k4,no_trivial,3,1,-328.63960973,0.380369918669,-864
13,0,16,1.0,er_k4_s4,er_k4,no_trivial,4,1,-332.948032333,0.385356518904,-864
13,0,16,1.0,er_k6_s0,er_k6,no_trivial,0,0.936880220911,-374.0079987,0.432879628125,-864
13,0,16,1.0,er_k6_s1,er_k6,no_trivial,1,0.894880819162,-358.753725093,0.415224218858,-864
13,0,16,1.0,er_k6_s2,er_k6,no_trivial,2,0.905569260111,-361.849202029,0.418806946793,-864
13,0,16,1.0,er_k6_s3,er_k6,no_trivial,3,0.898283138966,-360.891453784,0.41769844188,-864
13,0,16,1.0,er_k6_s4,er_k6,no_trivial,4,0.984289834307,-391.514541405,0.453141830329,-864
13,0,16,1.0,er_k8_s0,er_k8,no_trivial,0,0.723205029644,-383.862055608,0.444284786583,-864
13,0,16,1.0,er_k8_s1,er_k8,no_trivial,1,0.667439561051,-356.74588141,0.412900325706,-864
13,0,16,1.0,er_k8_s2,er_k8,no_trivial,2,0.72052651073,-383.787579314,0.444198587169,-864
13,0,16,1.0,er_k8_s3,er_k8,no_trivial,3,0.669629813714,-358.405392332,0.414821055939,-864
13,0,16,1.0,er_k8_s4,er_k8,no_trivial,4,0.690402316177,-369.142673995,0.427248465271,-864
13,0,16,1.0,er_k12_s0,er_k12,no_trivial,0,0.516108914113,-408.584863367,0.472899147415,-864
13,0,16,1.0,er_k12_s1,er_k12,no_trivial,1,0.489636380287,-389.174419086,0.450433355424,-864
13,0,16,1.0,er_k12_s2,er_k12,no_trivial,2,0.481547903597,-383.961220511,0.444399560776,-864
13,0,16,1.0,er_k12_s3,er_k12,no_trivial,3,0.483581442937,-384.854079733,0.445432962654,-864
13,0,16,1.0,er_k12_s4,er_k12,no_trivial,4,0.483610417758,-384.962558823,0.445558517156,-864
13,0,16,1.0,er_k16_s0,er_k16,no_trivial,0,0.382175271203,-403.714422583,0.467262063175,-864
13,0,16,1.0,er_k16_s1,er_k16,no_trivial,1,0.373099509662,-394.478180248,0.45657196788,-864
13,0,16,1.0,er_k16_s2,er_k16,no_trivial,2,0.378478400546,-399.689820892,0.462603959366,-864
13,0,16,1.0,er_k16_s3,er_k16,no_trivial,3,0.375694343717,-397.532306041,0.460106835695,-864
13,0,16,1.0,er_k16_s4,er_k16,no_trivial,4,0.378237407128,-399.912394571,0.46286156779,-864
14,0,16,4.0,vacio,vacio,trivial,,0,0,-0,-3456
14,0,16,4.0,clique_binaria_s2,clique_binaria,trivial,,1,-418.5,0.12109375,-3456
14,0,16,4.0,clique_difusa_s2,clique_difusa,trivial,,1,-418.5,0.12109375,-3456
14,0,16,4.0,clique_binaria_s3,clique_binaria,trivial,,1,-527.719791001,0.152696698785,-3456
14,0,16,4.0,clique_difusa_s3,clique_difusa,trivial,,0.919117069794,-534.644595264,0.154700403722,-3456
14,0,16,4.0,clique_binaria_s4,clique_binaria,trivial,,1,-234.450381528,0.0678386520626,-3456
14,0,16,4.0,clique_difusa_s4,clique_difusa,trivial,,0.647831070264,-564.150579437,0.163238014883,-3456
14,0,16,4.0,clique_binaria_s6,clique_binaria,trivial,,1,1628.40352729,-0.471181576182,-3456
14,0,16,4.0,clique_difusa_s6,clique_difusa,trivial,,0.45351157123,-654.237211743,0.189304748768,-3456
14,0,16,4.0,clique_binaria_s8,clique_binaria,trivial,,1,5238.39192731,-1.51573840489,-3456
14,0,16,4.0,clique_difusa_s8,clique_difusa,trivial,,0.366788531715,-736.608362885,0.21313899389,-3456
14,0,16,4.0,clique_binaria_s9,clique_binaria,trivial,,1,7707.36250799,-2.23013961458,-3456
14,0,16,4.0,clique_difusa_s9,clique_difusa,trivial,,0.338083922312,-773.945743687,0.223942634169,-3456
14,0,16,4.0,clique_binaria_s12,clique_binaria,trivial,,1,17792.8004159,-5.14837974998,-3456
14,0,16,4.0,clique_difusa_s12,clique_difusa,trivial,,0.279453142568,-873.470682657,0.252740359565,-3456
14,0,16,4.0,clique_binaria_s18,clique_binaria,trivial,,1,50107.7203003,-14.498761661,-3456
14,0,16,4.0,clique_difusa_s18,clique_difusa,trivial,,0.216415440876,-1033.33206483,0.298996546537,-3456
14,0,16,4.0,clique_binaria_s24,clique_binaria,trivial,,1,98712.9323676,-28.5627697823,-3456
14,0,16,4.0,clique_difusa_s24,clique_difusa,trivial,,0.181350295934,-1160.38807536,0.335760438472,-3456
14,0,16,4.0,clique_binaria_s27,clique_binaria,trivial,,1,129145.264921,-37.3684215629,-3456
14,0,16,4.0,clique_difusa_s27,clique_difusa,trivial,,0.168770881317,-1215.58944581,0.351733057237,-3456
14,0,16,4.0,clique_binaria_s36,clique_binaria,trivial,,1,245018.284328,-70.8964943077,-3456
14,0,16,4.0,clique_difusa_s36,clique_difusa,trivial,,0.14162302217,-1357.85915911,0.392899062241,-3456
14,0,16,4.0,clique_binaria_s54,clique_binaria,trivial,,1,587595.549087,-170.021860268,-3456
14,0,16,4.0,clique_difusa_s54,clique_difusa,trivial,,0.110418661621,-1574.72461726,0.45564948416,-3456
14,0,16,4.0,clique_binaria_s72,clique_binaria,trivial,,1,1078215.2707,-311.983585273,-3456
14,0,16,4.0,clique_difusa_s72,clique_difusa,trivial,,0.0922796904856,-1738.14853281,0.502936496762,-3456
14,0,16,4.0,clique_binaria_s108,clique_binaria,trivial,,1,2504210.28999,-724.597884835,-3456
14,0,16,4.0,clique_difusa_s108,clique_difusa,trivial,,0.071203930326,-1977.19533037,0.572105130315,-3456
14,0,16,4.0,clique_binaria_s216,clique_binaria,trivial,,1,10344611.285,-2993.232432,-3456
14,0,16,4.0,clique_difusa_s216,clique_difusa,trivial,,0.0446035154842,-2386.73728021,0.690606851912,-3456
14,0,16,4.0,bipartita,bipartita,trivial,,0.148148148148,-3456,1,-3456
14,0,16,4.0,uniforme,uniforme,trivial,,0.0446035154842,-2386.73728021,0.690606851912,-3456
14,0,16,4.0,t3,t3,no_trivial,,1,-2106,0.609375,-3456
14,0,16,4.0,tree,tree,no_trivial,,1,-791.5,0.229021990741,-3456
14,0,16,4.0,ring_k6,ring,no_trivial,,0.508958001034,-868.00809833,0.251159750674,-3456
14,0,16,4.0,ws_k6_b0.1,ws,no_trivial,,0.583653263748,-986.349414037,0.285402029525,-3456
14,0,16,4.0,tri_torus_12x18,tri_torus,no_trivial,,0.612236027173,-1031.85867283,0.298570217834,-3456
14,0,16,4.0,rgg3_k6_s0,rgg3_k6,no_trivial,0,0.542266836861,-892.172436712,0.258151746734,-3456
14,0,16,4.0,rgg3_k6_s1,rgg3_k6,no_trivial,1,0.486288181476,-848.748988711,0.245587091641,-3456
14,0,16,4.0,rgg3_k6_s2,rgg3_k6,no_trivial,2,0.529088712077,-860.264704427,0.248919185309,-3456
14,0,16,4.0,rgg3_k6_s3,rgg3_k6,no_trivial,3,0.501938897127,-870.542789259,0.251893168188,-3456
14,0,16,4.0,rgg3_k6_s4,rgg3_k6,no_trivial,4,0.555841918428,-883.109862026,0.255529473966,-3456
14,0,16,4.0,rgg3_k8_s0,rgg3_k8,no_trivial,0,0.451128554843,-970.394100835,0.280785330103,-3456
14,0,16,4.0,rgg3_k8_s1,rgg3_k8,no_trivial,1,0.454207197985,-974.597860349,0.282001695703,-3456
14,0,16,4.0,rgg3_k8_s2,rgg3_k8,no_trivial,2,0.454487583395,-991.068347989,0.286767461802,-3456
14,0,16,4.0,rgg3_k8_s3,rgg3_k8,no_trivial,3,0.480005795441,-977.456638638,0.282828888495,-3456
14,0,16,4.0,rgg3_k8_s4,rgg3_k8,no_trivial,4,0.426339038941,-984.368150998,0.284828747395,-3456
14,0,16,4.0,rgg3_k12_s0,rgg3_k12,no_trivial,0,0.35944941558,-1167.78817667,0.33790167149,-3456
14,0,16,4.0,rgg3_k12_s1,rgg3_k12,no_trivial,1,0.350423741125,-1177.13025447,0.340604819003,-3456
14,0,16,4.0,rgg3_k12_s2,rgg3_k12,no_trivial,2,0.337549392908,-1148.7897208,0.332404433102,-3456
14,0,16,4.0,rgg3_k12_s3,rgg3_k12,no_trivial,3,0.334560068231,-1156.01399319,0.334494789696,-3456
14,0,16,4.0,rgg3_k12_s4,rgg3_k12,no_trivial,4,0.359649777509,-1162.661892,0.336418371529,-3456
14,0,16,4.0,rgg3_k16_s0,rgg3_k16,no_trivial,0,0.29978397577,-1325.6330038,0.383574364526,-3456
14,0,16,4.0,rgg3_k16_s1,rgg3_k16,no_trivial,1,0.290775586718,-1313.31439619,0.380009952603,-3456
14,0,16,4.0,rgg3_k16_s2,rgg3_k16,no_trivial,2,0.276898043698,-1268.50881401,0.367045374425,-3456
14,0,16,4.0,rgg3_k16_s3,rgg3_k16,no_trivial,3,0.282298525858,-1268.98075949,0.367181932722,-3456
14,0,16,4.0,rgg3_k16_s4,rgg3_k16,no_trivial,4,0.307198189521,-1320.05181552,0.381959437361,-3456
14,0,16,4.0,rr_k4_s0,rr_k4,no_trivial,0,1,-1488.47664925,0.430693474899,-3456
14,0,16,4.0,rr_k4_s1,rr_k4,no_trivial,1,1,-1496.31776617,0.432962316599,-3456
14,0,16,4.0,rr_k4_s2,rr_k4,no_trivial,2,1,-1500.23832463,0.434096737449,-3456
14,0,16,4.0,rr_k4_s3,rr_k4,no_trivial,3,1,-1480.34785026,0.428341391858,-3456
14,0,16,4.0,rr_k4_s4,rr_k4,no_trivial,4,1,-1492.39720771,0.431827895749,-3456
14,0,16,4.0,rr_k6_s0,rr_k6,no_trivial,0,1,-2027.01346669,0.586520100315,-3456
14,0,16,4.0,rr_k6_s1,rr_k6,no_trivial,1,1,-2023.09290823,0.585385679465,-3456
14,0,16,4.0,rr_k6_s2,rr_k6,no_trivial,2,1,-2047.19162313,0.592358687247,-3456
14,0,16,4.0,rr_k6_s3,rr_k6,no_trivial,3,1,-2034.56690153,0.588705700675,-3456
14,0,16,4.0,rr_k6_s4,rr_k6,no_trivial,4,1,-2030.93402515,0.587654521165,-3456
14,0,16,4.0,rr_k8_s0,rr_k8,no_trivial,0,1,-2353.6019897,0.681019094243,-3456
14,0,16,4.0,rr_k8_s1,rr_k8,no_trivial,1,1,-2318.31696358,0.670809306591,-3456
14,0,16,4.0,rr_k8_s2,rr_k8,no_trivial,2,1,-2373.37468103,0.686740359095,-3456
14,0,16,4.0,rr_k8_s3,rr_k8,no_trivial,3,1,-2361.15542455,0.683204694603,-3456
14,0,16,4.0,rr_k8_s4,rr_k8,no_trivial,4,1,-2379.89517062,0.688627074833,-3456
14,0,16,4.0,rr_k12_s0,rr_k12,no_trivial,0,0.827980160831,-2464.11754891,0.712996975959,-3456
14,0,16,4.0,rr_k12_s1,rr_k12,no_trivial,1,0.823802211468,-2454.30204148,0.710156840705,-3456
14,0,16,4.0,rr_k12_s2,rr_k12,no_trivial,2,0.83177940847,-2472.96889014,0.715558127933,-3456
14,0,16,4.0,rr_k12_s3,rr_k12,no_trivial,3,0.822101477425,-2450.11320368,0.708944792731,-3456
14,0,16,4.0,rr_k12_s4,rr_k12,no_trivial,4,0.811293944661,-2424.55187168,0.701548573982,-3456
14,0,16,4.0,rr_k16_s0,rr_k16,no_trivial,0,0.62162990216,-2462.8400747,0.712627336429,-3456
14,0,16,4.0,rr_k16_s1,rr_k16,no_trivial,1,0.607735505429,-2418.62878547,0.699834718017,-3456
14,0,16,4.0,rr_k16_s2,rr_k16,no_trivial,2,0.628484895781,-2483.87982419,0.718715226908,-3456
14,0,16,4.0,rr_k16_s3,rr_k16,no_trivial,3,0.631200878821,-2492.81776245,0.721301435893,-3456
14,0,16,4.0,rr_k16_s4,rr_k16,no_trivial,4,0.621002100449,-2460.65317539,0.711994553063,-3456
14,0,16,4.0,er_k4_s0,er_k4,no_trivial,0,1,-1402.5823759,0.405839807841,-3456
14,0,16,4.0,er_k4_s1,er_k4,no_trivial,1,1,-1404.91181744,0.406513836064,-3456
14,0,16,4.0,er_k4_s2,er_k4,no_trivial,2,1,-1429.54441542,0.413641323905,-3456
14,0,16,4.0,er_k4_s3,er_k4,no_trivial,3,1,-1422.13960973,0.411498729667,-3456
14,0,16,4.0,er_k4_s4,er_k4,no_trivial,4,1,-1425.88553233,0.412582619309,-3456
14,0,16,4.0,er_k6_s0,er_k6,no_trivial,0,1,-1891.93723791,0.547435543377,-3456
14,0,16,4.0,er_k6_s1,er_k6,no_trivial,1,1,-1868.03480976,0.540519331529,-3456
14,0,16,4.0,er_k6_s2,er_k6,no_trivial,2,1,-1865.88788046,0.53989811356,-3456
14,0,16,4.0,er_k6_s3,er_k6,no_trivial,3,1,-1879.37212769,0.543799805466,-3456
14,0,16,4.0,er_k6_s4,er_k6,no_trivial,4,1,-1920.05788211,0.55557230385,-3456
14,0,16,4.0,er_k8_s0,er_k8,no_trivial,0,1,-2150.63032627,0.622288867555,-3456
14,0,16,4.0,er_k8_s1,er_k8,no_trivial,1,1,-2053.47750258,0.594177518108,-3456
14,0,16,4.0,er_k8_s2,er_k8,no_trivial,2,1,-2166.95010384,0.627011025418,-3456
14,0,16,4.0,er_k8_s3,er_k8,no_trivial,3,1,-2064.22854302,0.597288351567,-3456
14,0,16,4.0,er_k8_s4,er_k8,no_trivial,4,1,-2114.55648991,0.611850836202,-3456
14,0,16,4.0,er_k12_s0,er_k12,no_trivial,0,0.778327423753,-2314.7736611,0.669784045458,-3456
14,0,16,4.0,er_k12_s1,er_k12,no_trivial,1,0.744898090261,-2227.34459405,0.644486283002,-3456
14,0,16,4.0,er_k12_s2,er_k12,no_trivial,2,0.736527357747,-2211.12315271,0.63979257891,-3456
14,0,16,4.0,er_k12_s3,er_k12,no_trivial,3,0.737677254896,-2210.06534773,0.639486501079,-3456
14,0,16,4.0,er_k12_s4,er_k12,no_trivial,4,0.737663551148,-2210.18954077,0.639522436565,-3456
14,0,16,4.0,er_k16_s0,er_k16,no_trivial,0,0.581572366614,-2313.11447947,0.669303958179,-3456
14,0,16,4.0,er_k16_s1,er_k16,no_trivial,1,0.569136684793,-2266.63793415,0.655855883724,-3456
14,0,16,4.0,er_k16_s2,er_k16,no_trivial,2,0.576041862873,-2290.60390605,0.662790482074,-3456
14,0,16,4.0,er_k16_s3,er_k16,no_trivial,3,0.574080302741,-2289.01174541,0.662329787445,-3456
14,0,16,4.0,er_k16_s4,er_k16,no_trivial,4,0.576659697422,-2296.38677732,0.664463766586,-3456
15,1,4,0.25,vacio,vacio,trivial,,0,0,-0,-95.7197910009
15,1,4,0.25,clique_binaria_s2,clique_binaria,trivial,,1,-21.0175130624,0.219573327968,-95.7197910009
15,1,4,0.25,clique_difusa_s2,clique_difusa,trivial,,1,-21.0175130624,0.219573327968,-95.7197910009
15,1,4,0.25,clique_binaria_s3,clique_binaria,trivial,,1,-71.7898432507,0.75,-95.7197910009
15,1,4,0.25,clique_difusa_s3,clique_difusa,trivial,,1,-71.7898432507,0.75,-95.7197910009
15,1,4,0.25,clique_binaria_s4,clique_binaria,trivial,,1,-59.1079990904,0.61751074122,-95.7197910009
15,1,4,0.25,clique_difusa_s4,clique_difusa,trivial,,0.804410080135,-78.0870949143,0.815788397548,-95.7197910009
15,1,4,0.25,clique_binaria_s6,clique_binaria,trivial,,1,225.465700725,-2.35547631652,-95.7197910009
15,1,4,0.25,clique_difusa_s6,clique_difusa,trivial,,0.55538956384,-84.868038815,0.88663000543,-95.7197910009
15,1,4,0.25,clique_binaria_s8,clique_binaria,trivial,,1,901.033787255,-9.41324440675,-95.7197910009
15,1,4,0.25,clique_difusa_s8,clique_difusa,trivial,,0.442974613444,-89.6390476591,0.936473499595,-95.7197910009
15,1,4,0.25,clique_binaria_s9,clique_binaria,trivial,,1,1394.24167199,-14.5658662374,-95.7197910009
15,1,4,0.25,clique_difusa_s9,clique_difusa,trivial,,0.40555413957,-91.3494742645,0.954342600514,-95.7197910009
15,1,4,0.25,clique_binaria_s12,clique_binaria,trivial,,1,3518.18133536,-36.7550043577,-95.7197910009
15,1,4,0.25,clique_difusa_s12,clique_difusa,trivial,,0.328702911223,-94.5286609163,0.987556073074,-95.7197910009
15,1,4,0.25,clique_binaria_s18,clique_binaria,trivial,,1,10756.1590253,-112.371317497,-95.7197910009
15,1,4,0.25,clique_difusa_s18,clique_difusa,trivial,,0.245165468002,-95.4677026533,0.997366392623,-95.7197910009
15,1,4,0.25,clique_binaria_s24,clique_binaria,trivial,,1,22079.1679576,-230.664606835,-95.7197910009
15,1,4,0.25,clique_difusa_s24,clique_difusa,trivial,,0.197970535693,-92.6649401995,0.968085484,-95.7197910009
15,1,4,0.25,clique_binaria_s27,clique_binaria,trivial,,1,29293.426091,-306.033117965,-95.7197910009
15,1,4,0.25,clique_difusa_s27,clique_difusa,trivial,,0.180818436071,-90.5227097785,0.945705259402,-95.7197910009
15,1,4,0.25,clique_binaria_s36,clique_binaria,trivial,,1,57204.3308261,-597.622813714,-95.7197910009
15,1,4,0.25,clique_difusa_s36,clique_difusa,trivial,,0.143116772991,-82.6826148813,0.863798531283,-95.7197910009
15,1,4,0.25,clique_binaria_s54,clique_binaria,trivial,,1,141471.854894,-1477.97914533,-95.7197910009
15,1,4,0.25,clique_difusa_s54,clique_difusa,trivial,,0.0973653499322,-66.0037424029,0.689551676959,-95.7197910009
15,1,4,0.25,clique_binaria_s72,clique_binaria,trivial,,1,263934.487355,-2757.3658968,-95.7197910009
15,1,4,0.25,clique_difusa_s72,clique_difusa,trivial,,0.0677734240928,-52.7357529051,0.550938863883,-95.7197910009
15,1,4,0.25,clique_binaria_s108,clique_binaria,trivial,,1,624073.282937,-6519.79362273,-95.7197910009
15,1,4,0.25,clique_difusa_s108,clique_difusa,trivial,,0.0333897579806,-40.401372241,0.422079611943,-95.7197910009
15,1,4,0.25,clique_binaria_s216,clique_binaria,trivial,,1,2630569.24368,-27481.978556,-95.7197910009
15,1,4,0.25,clique_difusa_s216,clique_difusa,trivial,,0.0124823497987,-34.0470000492,0.355694467081,-95.7197910009
15,1,4,0.25,bipartita,bipartita,trivial,,0.0208943205902,-30.4639194205,0.318261449403,-95.7197910009
15,1,4,0.25,uniforme,uniforme,trivial,,0.0124823497987,-34.0470000492,0.355694467081,-95.7197910009
15,1,4,0.25,t3,t3,no_trivial,,0.376097765045,-30.4639194205,0.318261449403,-95.7197910009
15,1,4,0.25,tree,tree,no_trivial,,0.885339655657,-23.7935028929,0.248574538704,-95.7197910009
15,1,4,0.25,ring_k6,ring,no_trivial,,0.589543184135,-90.6119347148,0.946637406614,-95.7197910009
15,1,4,0.25,ws_k6_b0.1,ws,no_trivial,,0.609489370122,-78.402887939,0.819087537897,-95.7197910009
15,1,4,0.25,tri_torus_12x18,tri_torus,no_trivial,,0.693838233793,-95.4821317823,0.997517136047,-95.7197910009
15,1,4,0.25,rgg3_k6_s0,rgg3_k6,no_trivial,0,0.551145509693,-66.3221457837,0.692878088117,-95.7197910009
15,1,4,0.25,rgg3_k6_s1,rgg3_k6,no_trivial,1,0.495900884577,-63.7495355077,0.666001616187,-95.7197910009
15,1,4,0.25,rgg3_k6_s2,rgg3_k6,no_trivial,2,0.54539975546,-66.7487490763,0.697334881097,-95.7197910009
15,1,4,0.25,rgg3_k6_s3,rgg3_k6,no_trivial,3,0.515380891546,-66.0958059048,0.690513479121,-95.7197910009
15,1,4,0.25,rgg3_k6_s4,rgg3_k6,no_trivial,4,0.571285719185,-67.2849735904,0.702936904551,-95.7197910009
15,1,4,0.25,rgg3_k8_s0,rgg3_k8,no_trivial,0,0.459062291335,-70.6947791331,0.73855968963,-95.7197910009
15,1,4,0.25,rgg3_k8_s1,rgg3_k8,no_trivial,1,0.466850088557,-71.7248003031,0.7493204859,-95.7197910009
15,1,4,0.25,rgg3_k8_s2,rgg3_k8,no_trivial,2,0.473025593585,-75.0242144422,0.783789994291,-95.7197910009
15,1,4,0.25,rgg3_k8_s3,rgg3_k8,no_trivial,3,0.489332458353,-71.3856955269,0.745777803946,-95.7197910009
15,1,4,0.25,rgg3_k8_s4,rgg3_k8,no_trivial,4,0.440315992919,-72.5882769213,0.758341364541,-95.7197910009
15,1,4,0.25,rgg3_k12_s0,rgg3_k12,no_trivial,0,0.359714044322,-75.5189648778,0.788958731398,-95.7197910009
15,1,4,0.25,rgg3_k12_s1,rgg3_k12,no_trivial,1,0.340907133583,-70.7874636208,0.73952797933,-95.7197910009
15,1,4,0.25,rgg3_k12_s2,rgg3_k12,no_trivial,2,0.329579629357,-70.015479613,0.731462938655,-95.7197910009
15,1,4,0.25,rgg3_k12_s3,rgg3_k12,no_trivial,3,0.325914675609,-69.9356739901,0.73062919652,-95.7197910009
15,1,4,0.25,rgg3_k12_s4,rgg3_k12,no_trivial,4,0.356646114818,-72.9905814764,0.762544304717,-95.7197910009
15,1,4,0.25,rgg3_k16_s0,rgg3_k16,no_trivial,0,0.281064378316,-69.4516019065,0.725572017868,-95.7197910009
15,1,4,0.25,rgg3_k16_s1,rgg3_k16,no_trivial,1,0.27239660015,-69.1686035761,0.722615488948,-95.7197910009
15,1,4,0.25,rgg3_k16_s2,rgg3_k16,no_trivial,2,0.256938865513,-66.263703434,0.692267531522,-95.7197910009
15,1,4,0.25,rgg3_k16_s3,rgg3_k16,no_trivial,3,0.260857740556,-65.5874550886,0.685202656658,-95.7197910009
15,1,4,0.25,rgg3_k16_s4,rgg3_k16,no_trivial,4,0.290784420734,-70.7902972884,0.73955758311,-95.7197910009
15,1,4,0.25,rr_k4_s0,rr_k4,no_trivial,0,0.591760136212,-31.72396869,0.331425386101,-95.7197910009
15,1,4,0.25,rr_k4_s1,rr_k4,no_trivial,1,0.582312365232,-31.2879453767,0.326870180655,-95.7197910009
15,1,4,0.25,rr_k4_s2,rr_k4,no_trivial,2,0.577677901254,-31.0760566315,0.324656544969,-95.7197910009
15,1,4,0.25,rr_k4_s3,rr_k4,no_trivial,3,0.599823066868,-32.1330707252,0.33569934064,-95.7197910009
15,1,4,0.25,rr_k4_s4,rr_k4,no_trivial,4,0.587006924781,-31.5038896214,0.329126184794,-95.7197910009
15,1,4,0.25,rr_k6_s0,rr_k6,no_trivial,0,0.401504970278,-31.9680320666,0.333975155318,-95.7197910009
15,1,4,0.25,rr_k6_s1,rr_k6,no_trivial,1,0.402932311562,-32.0513671381,0.334845770168,-95.7197910009
15,1,4,0.25,rr_k6_s2,rr_k6,no_trivial,2,0.394994574422,-31.5774479083,0.329894660008,-95.7197910009
15,1,4,0.25,rr_k6_s3,rr_k6,no_trivial,3,0.398478907565,-31.7961557523,0.332179535912,-95.7197910009
15,1,4,0.25,rr_k6_s4,rr_k6,no_trivial,4,0.400092221175,-31.8854864107,0.333112787619,-95.7197910009
15,1,4,0.25,rr_k8_s0,rr_k8,no_trivial,0,0.310540578653,-32.5780241481,0.340347840373,-95.7197910009
15,1,4,0.25,rr_k8_s1,rr_k8,no_trivial,1,0.315811128484,-32.9544341828,0.344280256342,-95.7197910009
15,1,4,0.25,rr_k8_s2,rr_k8,no_trivial,2,0.307749566862,-32.376727802,0.338244865178,-95.7197910009
15,1,4,0.25,rr_k8_s3,rr_k8,no_trivial,3,0.309354764043,-32.4943756258,0.339473950852,-95.7197910009
15,1,4,0.25,rr_k8_s4,rr_k8,no_trivial,4,0.306433716226,-32.2880533998,0.337318469485,-95.7197910009
15,1,4,0.25,rr_k12_s0,rr_k12,no_trivial,0,0.211752629441,-32.987584261,0.344626580523,-95.7197910009
15,1,4,0.25,rr_k12_s1,rr_k12,no_trivial,1,0.212229200796,-33.0380254691,0.345153547909,-95.7197910009
15,1,4,0.25,rr_k12_s2,rr_k12,no_trivial,2,0.21146443049,-32.9540343645,0.344276079376,-95.7197910009
15,1,4,0.25,rr_k12_s3,rr_k12,no_trivial,3,0.212744478649,-33.0854987978,0.345649509383,-95.7197910009
15,1,4,0.25,rr_k12_s4,rr_k12,no_trivial,4,0.214113323848,-33.2284362826,0.3471428002,-95.7197910009
15,1,4,0.25,rr_k16_s0,rr_k16,no_trivial,0,0.160528473784,-33.1814183281,0.346651596093,-95.7197910009
15,1,4,0.25,rr_k16_s1,rr_k16,no_trivial,1,0.162877746781,-33.4885584558,0.349860338239,-95.7197910009
15,1,4,0.25,rr_k16_s2,rr_k16,no_trivial,2,0.159791929483,-33.0785782534,0.345577209347,-95.7197910009
15,1,4,0.25,rr_k16_s3,rr_k16,no_trivial,3,0.159206423601,-33.0043461872,0.344801695052,-95.7197910009
15,1,4,0.25,rr_k16_s4,rr_k16,no_trivial,4,0.160752454304,-33.2085339533,0.346934877376,-95.7197910009
15,1,4,0.25,er_k4_s0,er_k4,no_trivial,0,0.481782153871,-25.567990842,0.26711289875,-95.7197910009
15,1,4,0.25,er_k4_s1,er_k4,no_trivial,1,0.497563170904,-26.3715143463,0.2755074376,-95.7197910009
15,1,4,0.25,er_k4_s2,er_k4,no_trivial,2,0.50262860694,-26.7514106049,0.27947627471,-95.7197910009
15,1,4,0.25,er_k4_s3,er_k4,no_trivial,3,0.476473529123,-25.4339565624,0.265712621146,-95.7197910009
15,1,4,0.25,er_k4_s4,er_k4,no_trivial,4,0.473284192306,-25.2626482978,0.263922936245,-95.7197910009
15,1,4,0.25,er_k6_s0,er_k6,no_trivial,0,0.353994627042,-27.9551676047,0.292052117043,-95.7197910009
15,1,4,0.25,er_k6_s1,er_k6,no_trivial,1,0.356046033388,-27.9883769895,0.292399060809,-95.7197910009
15,1,4,0.25,er_k6_s2,er_k6,no_trivial,2,0.347027551607,-27.3605308117,0.285839851149,-95.7197910009
15,1,4,0.25,er_k6_s3,er_k6,no_trivial,3,0.364688148322,-28.6525021641,0.299337282964,-95.7197910009
15,1,4,0.25,er_k6_s4,er_k6,no_trivial,4,0.358418235411,-28.356957438,0.296249679836,-95.7197910009
15,1,4,0.25,er_k8_s0,er_k8,no_trivial,0,0.276679481467,-28.9368297733,0.302307699074,-95.7197910009
15,1,4,0.25,er_k8_s1,er_k8,no_trivial,1,0.281096502433,-29.1217842993,0.304239948654,-95.7197910009
15,1,4,0.25,er_k8_s2,er_k8,no_trivial,2,0.287505592738,-29.963677645,0.313035343388,-95.7197910009
15,1,4,0.25,er_k8_s3,er_k8,no_trivial,3,0.282453446551,-29.3279288912,0.30639357425,-95.7197910009
15,1,4,0.25,er_k8_s4,er_k8,no_trivial,4,0.286832886257,-29.8383294654,0.311725810863,-95.7197910009
15,1,4,0.25,er_k12_s0,er_k12,no_trivial,0,0.198826436314,-30.9582452702,0.323425750793,-95.7197910009
15,1,4,0.25,er_k12_s1,er_k12,no_trivial,1,0.198361128625,-30.7316865955,0.321058856002,-95.7197910009
15,1,4,0.25,er_k12_s2,er_k12,no_trivial,2,0.201801251037,-31.1711133527,0.325649617773,-95.7197910009
15,1,4,0.25,er_k12_s3,er_k12,no_trivial,3,0.199569563492,-30.8477927077,0.322271835167,-95.7197910009
15,1,4,0.25,er_k12_s4,er_k12,no_trivial,4,0.199385870941,-30.8336755892,0.322124351367,-95.7197910009
15,1,4,0.25,er_k16_s0,er_k16,no_trivial,0,0.15495950117,-31.8939224969,0.333200920765,-95.7197910009
15,1,4,0.25,er_k16_s1,er_k16,no_trivial,1,0.153501092972,-31.5337093922,0.32943771672,-95.7197910009
15,1,4,0.25,er_k16_s2,er_k16,no_trivial,2,0.153542969916,-31.5899816825,0.330025602356,-95.7197910009
15,1,4,0.25,er_k16_s3,er_k16,no_trivial,3,0.156366930342,-32.0740536094,0.335082779371,-95.7197910009
15,1,4,0.25,er_k16_s4,er_k16,no_trivial,4,0.15517271018,-31.8941759382,0.333203568506,-95.7197910009
16,1,4,1.0,vacio,vacio,trivial,,0,0,-0,-257.719791001
16,1,4,1.0,clique_binaria_s2,clique_binaria,trivial,,1,-91.8925130624,0.356559784196,-257.719791001
16,1,4,1.0,clique_difusa_s2,clique_difusa,trivial,,1,-91.8925130624,0.356559784196,-257.719791001
16,1,4,1.0,clique_binaria_s3,clique_binaria,trivial,,1,-193.289843251,0.75,-257.719791001
16,1,4,1.0,clique_difusa_s3,clique_difusa,trivial,,1,-193.289843251,0.75,-257.719791001
16,1,4,1.0,clique_binaria_s4,clique_binaria,trivial,,1,-210.98299909,0.818652685814,-257.719791001
16,1,4,1.0,clique_difusa_s4,clique_difusa,trivial,,0.890726487538,-218.895297511,0.849353853115,-257.719791001
16,1,4,1.0,clique_binaria_s6,clique_binaria,trivial,,1,73.5907007246,-0.285545399671,-257.719791001
16,1,4,1.0,clique_difusa_s6,clique_difusa,trivial,,0.603398388607,-234.776036733,0.910974030442,-257.719791001
16,1,4,1.0,clique_binaria_s8,clique_binaria,trivial,,1,830.158787255,-3.22116816885,-257.719791001
16,1,4,1.0,clique_difusa_s8,clique_difusa,trivial,,0.472367718187,-245.364989828,0.952061108211,-257.719791001
16,1,4,1.0,clique_binaria_s9,clique_binaria,trivial,,1,1394.24167199,-5.40991309428,-257.719791001
16,1,4,1.0,clique_difusa_s9,clique_difusa,trivial,,0.428634774385,-249.007022552,0.966192862352,-257.719791001
16,1,4,1.0,clique_binaria_s12,clique_binaria,trivial,,1,3852.30633536,-14.9476542737,-257.719791001
16,1,4,1.0,clique_difusa_s12,clique_difusa,trivial,,0.338782421249,-255.469063909,0.991266766579,-257.719791001
16,1,4,1.0,clique_binaria_s18,clique_binaria,trivial,,1,12305.2840253,-47.7467561861,-257.719791001
16,1,4,1.0,clique_difusa_s18,clique_difusa,trivial,,0.241526467522,-257.287213999,0.998321521988,-257.719791001
16,1,4,1.0,clique_binaria_s24,clique_binaria,trivial,,1,25572.2929576,-99.2251811872,-257.719791001
16,1,4,1.0,clique_difusa_s24,clique_difusa,trivial,,0.187355153169,-252.911855394,0.981344329092,-257.719791001
16,1,4,1.0,clique_binaria_s27,clique_binaria,trivial,,1,34031.926091,-132.05010744,-257.719791001
16,1,4,1.0,clique_difusa_s27,clique_difusa,trivial,,0.167999206664,-249.863263967,0.969515235894,-257.719791001
16,1,4,1.0,clique_binaria_s36,clique_binaria,trivial,,1,66772.4558261,-259.089360451,-257.719791001
16,1,4,1.0,clique_difusa_s36,clique_difusa,trivial,,0.12672460984,-240.06881688,0.931510986982,-257.719791001
16,1,4,1.0,clique_binaria_s54,clique_binaria,trivial,,1,165619.979894,-642.635861418,-257.719791001
16,1,4,1.0,clique_difusa_s54,clique_difusa,trivial,,0.0817791271727,-223.816464292,0.868448881721,-257.719791001
16,1,4,1.0,clique_binaria_s72,clique_binaria,trivial,,1,309223.612355,-1199.84426168,-257.719791001
16,1,4,1.0,clique_difusa_s72,clique_difusa,trivial,,0.0586854388558,-213.304837815,0.827661845398,-257.719791001
16,1,4,1.0,clique_binaria_s108,clique_binaria,trivial,,1,731327.407937,-2837.68431247,-257.719791001
16,1,4,1.0,clique_difusa_s108,clique_difusa,trivial,,0.0366125028296,-202.044418125,0.783969354236,-257.719791001
16,1,4,1.0,clique_binaria_s216,clique_binaria,trivial,,1,3081182.36868,-11955.552023,-257.719791001
16,1,4,1.0,clique_difusa_s216,clique_difusa,trivial,,0.0168822771037,-191.049948049,0.741308796299,-257.719791001
16,1,4,1.0,bipartita,bipartita,trivial,,0.0310414659568,-181.033826773,0.702444410923,-257.719791001
16,1,4,1.0,uniforme,uniforme,trivial,,0.0168822771037,-191.049948049,0.741308796299,-257.719791001
16,1,4,1.0,t3,t3,no_trivial,,0.558746378929,-181.033826773,0.702444410923,-257.719791001
16,1,4,1.0,tree,tree,no_trivial,,1,-133.269418132,0.517109755576,-257.719791001
16,1,4,1.0,ring_k6,ring,no_trivial,,0.61197434007,-251.081723146,0.974243080716,-257.719791001
16,1,4,1.0,ws_k6_b0.1,ws,no_trivial,,0.62600974261,-236.982144161,0.919534131394,-257.719791001
16,1,4,1.0,tri_torus_12x18,tri_torus,no_trivial,,0.683843237677,-257.311586322,0.998416091068,-257.719791001
16,1,4,1.0,rgg3_k6_s0,rgg3_k6,no_trivial,0,0.568238851338,-207.011257339,0.803241600247,-257.719791001
16,1,4,1.0,rgg3_k6_s1,rgg3_k6,no_trivial,1,0.512494704854,-198.790740164,0.771344487715,-257.719791001
16,1,4,1.0,rgg3_k6_s2,rgg3_k6,no_trivial,2,0.566531411858,-206.863969589,0.802670096796,-257.719791001
16,1,4,1.0,rgg3_k6_s3,rgg3_k6,no_trivial,3,0.530267114151,-204.165604361,0.792199945406,-257.719791001
16,1,4,1.0,rgg3_k6_s4,rgg3_k6,no_trivial,4,0.587757974309,-207.47743788,0.805050466143,-257.719791001
16,1,4,1.0,rgg3_k8_s0,rgg3_k8,no_trivial,0,0.465262678822,-218.059869334,0.846112238749,-257.719791001
16,1,4,1.0,rgg3_k8_s1,rgg3_k8,no_trivial,1,0.468091815643,-217.61093398,0.844370287339,-257.719791001
16,1,4,1.0,rgg3_k8_s2,rgg3_k8,no_trivial,2,0.473260682861,-224.3865355,0.870660862438,-257.719791001
16,1,4,1.0,rgg3_k8_s3,rgg3_k8,no_trivial,3,0.494590516384,-219.174631911,0.850437721758,-257.719791001
16,1,4,1.0,rgg3_k8_s4,rgg3_k8,no_trivial,4,0.437643907389,-217.72903174,0.84482852828,-257.719791001
16,1,4,1.0,rgg3_k12_s0,rgg3_k12,no_trivial,0,0.341446930798,-228.0590125,0.884910745946,-257.719791001
16,1,4,1.0,rgg3_k12_s1,rgg3_k12,no_trivial,1,0.32184318183,-219.847245769,0.853047586742,-257.719791001
16,1,4,1.0,rgg3_k12_s2,rgg3_k12,no_trivial,2,0.312533582012,-217.083779177,0.842324830134,-257.719791001
16,1,4,1.0,rgg3_k12_s3,rgg3_k12,no_trivial,3,0.308390588931,-217.072620104,0.842281530887,-257.719791001
16,1,4,1.0,rgg3_k12_s4,rgg3_k12,no_trivial,4,0.336139364305,-221.810425304,0.860665082967,-257.719791001
16,1,4,1.0,rgg3_k16_s0,rgg3_k16,no_trivial,0,0.25369714946,-221.234737582,0.858431309145,-257.719791001
16,1,4,1.0,rgg3_k16_s1,rgg3_k16,no_trivial,1,0.2472678478,-220.779314861,0.856664185561,-257.719791001
16,1,4,1.0,rgg3_k16_s2,rgg3_k16,no_trivial,2,0.235690676349,-214.173944377,0.831034138067,-257.719791001
16,1,4,1.0,rgg3_k16_s3,rgg3_k16,no_trivial,3,0.238967413808,-212.809800145,0.825741008551,-257.719791001
16,1,4,1.0,rgg3_k16_s4,rgg3_k16,no_trivial,4,0.26281545597,-223.150623944,0.865865299195,-257.719791001
16,1,4,1.0,rr_k4_s0,rr_k4,no_trivial,0,0.848579042557,-183.79063776,0.713141342565,-257.719791001
16,1,4,1.0,rr_k4_s1,rr_k4,no_trivial,1,0.84512516296,-182.86540583,0.709551273185,-257.719791001
16,1,4,1.0,rr_k4_s2,rr_k4,no_trivial,2,0.843385787156,-182.405134047,0.707765334352,-257.719791001
16,1,4,1.0,rr_k4_s3,rr_k4,no_trivial,3,0.850685164624,-184.556637843,0.716113563208,-257.719791001
16,1,4,1.0,rr_k4_s4,rr_k4,no_trivial,4,0.846856296025,-183.327244103,0.71134329029,-257.719791001
16,1,4,1.0,rr_k6_s0,rr_k6,no_trivial,0,0.57308643936,-184.961030836,0.717682682099,-257.719791001
16,1,4,1.0,rr_k6_s1,rr_k6,no_trivial,1,0.57384227075,-185.167291724,0.718483012132,-257.719791001
16,1,4,1.0,rr_k6_s2,rr_k6,no_trivial,2,0.569779286988,-184.009868701,0.713991998777,-257.719791001
16,1,4,1.0,rr_k6_s3,rr_k6,no_trivial,3,0.57135417204,-184.51472183,0.715950921399,-257.719791001
16,1,4,1.0,rr_k6_s4,rr_k6,no_trivial,4,0.572332312726,-184.755417297,0.716884863906,-257.719791001
16,1,4,1.0,rr_k8_s0,rr_k8,no_trivial,0,0.436678302564,-186.813308897,0.724869860291,-257.719791001
16,1,4,1.0,rr_k8_s1,rr_k8,no_trivial,1,0.439590900552,-187.755162085,0.728524423195,-257.719791001
16,1,4,1.0,rr_k8_s2,rr_k8,no_trivial,2,0.435102033978,-186.300000638,0.722878130214,-257.719791001
16,1,4,1.0,rr_k8_s3,rr_k8,no_trivial,3,0.435979919659,-186.594964149,0.724022642671,-257.719791001
16,1,4,1.0,rr_k8_s4,rr_k8,no_trivial,4,0.434220041374,-186.047710098,0.721899196702,-257.719791001
16,1,4,1.0,rr_k12_s0,rr_k12,no_trivial,0,0.294865155808,-188.142550903,0.730027562775,-257.719791001
16,1,4,1.0,rr_k12_s1,rr_k12,no_trivial,1,0.295110178911,-188.263792807,0.73049800357,-257.719791001
16,1,4,1.0,rr_k12_s2,rr_k12,no_trivial,2,0.294753738729,-188.071303328,0.729751109131,-257.719791001
16,1,4,1.0,rr_k12_s3,rr_k12,no_trivial,3,0.295458261111,-188.399277201,0.73102370784,-257.719791001
16,1,4,1.0,rr_k12_s4,rr_k12,no_trivial,4,0.296164129616,-188.742417266,0.73235515415,-257.719791001
16,1,4,1.0,rr_k16_s0,rr_k16,no_trivial,0,0.222461669497,-188.753247727,0.732397178322,-257.719791001
16,1,4,1.0,rr_k16_s1,rr_k16,no_trivial,1,0.223775691958,-189.524406915,0.735389417237,-257.719791001
16,1,4,1.0,rr_k16_s2,rr_k16,no_trivial,2,0.222095435228,-188.509876991,0.731452855285,-257.719791001
16,1,4,1.0,rr_k16_s3,rr_k16,no_trivial,3,0.22172366475,-188.307610981,0.730668026114,-257.719791001
16,1,4,1.0,rr_k16_s4,rr_k16,no_trivial,4,0.222611487116,-188.829918469,0.732694674845,-257.719791001
16,1,4,1.0,er_k4_s0,er_k4,no_trivial,0,0.678778557564,-146.465577032,0.568313269476,-257.719791001
16,1,4,1.0,er_k4_s1,er_k4,no_trivial,1,0.696203060024,-150.300526434,0.583193575669,-257.719791001
16,1,4,1.0,er_k4_s2,er_k4,no_trivial,2,0.713941857471,-154.12074521,0.598016724332,-257.719791001
16,1,4,1.0,er_k4_s3,er_k4,no_trivial,3,0.682592714229,-147.390282732,0.571901296984,-257.719791001
16,1,4,1.0,er_k4_s4,er_k4,no_trivial,4,0.680485940343,-146.813957189,0.569665048303,-257.719791001
16,1,4,1.0,er_k6_s0,er_k6,no_trivial,0,0.49865841958,-160.40614259,0.622405217568,-257.719791001
16,1,4,1.0,er_k6_s1,er_k6,no_trivial,1,0.497312250023,-159.732409428,0.619791009481,-257.719791001
16,1,4,1.0,er_k6_s2,er_k6,no_trivial,2,0.48762499058,-156.751537992,0.608224682255,-257.719791001
16,1,4,1.0,er_k6_s3,er_k6,no_trivial,3,0.508035717644,-163.215938134,0.633307739,-257.719791001
16,1,4,1.0,er_k6_s4,er_k6,no_trivial,4,0.507295993594,-163.233180875,0.633374643992,-257.719791001
16,1,4,1.0,er_k8_s0,er_k8,no_trivial,0,0.387502767347,-165.532586126,0.642296757586,-257.719791001
16,1,4,1.0,er_k8_s1,er_k8,no_trivial,1,0.38693528837,-164.797460614,0.639444335936,-257.719791001
16,1,4,1.0,er_k8_s2,er_k8,no_trivial,2,0.399915125538,-170.662146471,0.662200391396,-257.719791001
16,1,4,1.0,er_k8_s3,er_k8,no_trivial,3,0.389327485119,-166.045630892,0.644287465261,-257.719791001
16,1,4,1.0,er_k8_s4,er_k8,no_trivial,4,0.396618165542,-169.260254467,0.65676079361,-257.719791001
16,1,4,1.0,er_k12_s0,er_k12,no_trivial,0,0.276795869906,-176.549903395,0.685045966819,-257.719791001
16,1,4,1.0,er_k12_s1,er_k12,no_trivial,1,0.27369730171,-174.303136776,0.67632810076,-257.719791001
16,1,4,1.0,er_k12_s2,er_k12,no_trivial,2,0.276758533859,-176.132051446,0.683424624713,-257.719791001
16,1,4,1.0,er_k12_s3,er_k12,no_trivial,3,0.274332667295,-174.57126456,0.67736848568,-257.719791001
16,1,4,1.0,er_k12_s4,er_k12,no_trivial,4,0.274202271014,-174.531675298,0.67721487209,-257.719791001
16,1,4,1.0,er_k16_s0,er_k16,no_trivial,0,0.213222130306,-180.659142348,0.700990566716,-257.719791001
16,1,4,1.0,er_k16_s1,er_k16,no_trivial,1,0.210576707469,-178.300275439,0.691837730995,-257.719791001
16,1,4,1.0,er_k16_s2,er_k16,no_trivial,2,0.211198747744,-178.905450002,0.69418591916,-257.719791001
16,1,4,1.0,er_k16_s3,er_k16,no_trivial,3,0.213987142157,-181.096781945,0.702688688524,-257.719791001
16,1,4,1.0,er_k16_s4,er_k16,no_trivial,4,0.213023131324,-180.412472994,0.700033444439,-257.719791001
17,1,4,4.0,vacio,vacio,trivial,,0,0,-0,-905.719791001
17,1,4,4.0,clique_binaria_s2,clique_binaria,trivial,,1,-375.392513062,0.41446870963,-905.719791001
17,1,4,4.0,clique_difusa_s2,clique_difusa,trivial,,1,-375.392513062,0.41446870963,-905.719791001
17,1,4,4.0,clique_binaria_s3,clique_binaria,trivial,,1,-679.289843251,0.75,-905.719791001
17,1,4,4.0,clique_difusa_s3,clique_difusa,trivial,,1,-679.289843251,0.75,-905.719791001
17,1,4,4.0,clique_binaria_s4,clique_binaria,trivial,,1,-818.48299909,0.90368236095,-905.719791001
17,1,4,4.0,clique_difusa_s4,clique_difusa,trivial,,1,-818.48299909,0.90368236095,-905.719791001
17,1,4,4.0,clique_binaria_s6,clique_binaria,trivial,,1,-533.909299275,0.589486179479,-905.719791001
17,1,4,4.0,clique_difusa_s6,clique_difusa,trivial,,0.68066457922,-859.356096755,0.948810112458,-905.719791001
17,1,4,4.0,clique_binaria_s8,clique_binaria,trivial,,1,546.658787255,-0.603562815659,-905.719791001
17,1,4,4.0,clique_difusa_s8,clique_difusa,trivial,,0.516152066745,-882.627164075,0.974503563734,-905.719791001
17,1,4,4.0,clique_binaria_s9,clique_binaria,trivial,,1,1394.24167199,-1.5393741926,-905.719791001
17,1,4,4.0,clique_difusa_s9,clique_difusa,trivial,,0.461732407847,-890.002612835,0.982646754192,-905.719791001
17,1,4,4.0,clique_binaria_s12,clique_binaria,trivial,,1,5188.80633536,-5.72893116272,-905.719791001
17,1,4,4.0,clique_difusa_s12,clique_difusa,trivial,,0.351707467505,-902.024837946,0.995920423633,-905.719791001
17,1,4,4.0,clique_binaria_s18,clique_binaria,trivial,,1,18501.7840253,-20.4277130842,-905.719791001
17,1,4,4.0,clique_difusa_s18,clique_difusa,trivial,,0.237771570767,-905.105980395,0.999322295249,-905.719791001
17,1,4,4.0,clique_binaria_s24,clique_binaria,trivial,,1,39544.7929576,-43.6611779388,-905.719791001
17,1,4,4.0,clique_difusa_s24,clique_difusa,trivial,,0.178507839186,-899.57677694,0.993217533588,-905.719791001
17,1,4,4.0,clique_binaria_s27,clique_binaria,trivial,,1,52985.926091,-58.5014555467,-905.719791001
17,1,4,4.0,clique_difusa_s27,clique_difusa,trivial,,0.158388788949,-896.084269688,0.989361476465,-905.719791001
17,1,4,4.0,clique_binaria_s36,clique_binaria,trivial,,1,105044.955826,-115.97953017,-905.719791001
17,1,4,4.0,clique_difusa_s36,clique_difusa,trivial,,0.117739233136,-885.912880449,0.978131304241,-905.719791001
17,1,4,4.0,clique_binaria_s54,clique_binaria,trivial,,1,262212.479894,-289.507287463,-905.719791001
17,1,4,4.0,clique_difusa_s54,clique_difusa,trivial,,0.0769908294142,-870.720382345,0.961357354666,-905.719791001
17,1,4,4.0,clique_binaria_s72,clique_binaria,trivial,,1,490380.112355,-541.425855135,-905.719791001
17,1,4,4.0,clique_difusa_s72,clique_difusa,trivial,,0.0568836922144,-861.042974253,0.950672584179,-905.719791001
17,1,4,4.0,clique_binaria_s108,clique_binaria,trivial,,1,1160343.90794,-1281.12901967,-905.719791001
17,1,4,4.0,clique_difusa_s108,clique_difusa,trivial,,0.0372008610682,-849.979271265,0.93845721349,-905.719791001
17,1,4,4.0,clique_binaria_s216,clique_binaria,trivial,,1,4883634.86868,-5391.99310559,-905.719791001
17,1,4,4.0,clique_difusa_s216,clique_difusa,trivial,,0.0181657649553,-837.633631661,0.924826463973,-905.719791001
17,1,4,4.0,bipartita,bipartita,trivial,,0.0353310160525,-824.20193024,0.909996599864,-905.719791001
17,1,4,4.0,uniforme,uniforme,trivial,,0.0181657649553,-837.633631661,0.924826463973,-905.719791001
17,1,4,4.0,t3,t3,no_trivial,,0.635958279507,-824.20193024,0.909996599864,-905.719791001
17,1,4,4.0,tree,tree,no_trivial,,1,-572.769418132,0.632391412689,-905.719791001
17,1,4,4.0,ring_k6,ring,no_trivial,,0.64035464369,-896.99837282,0.990370732463,-905.719791001
17,1,4,4.0,ws_k6_b0.1,ws,no_trivial,,0.64267670826,-872.699479529,0.963542464458,-905.719791001
17,1,4,4.0,tri_torus_12x18,tri_torus,no_trivial,,0.673506679614,-905.139817756,0.999359654884,-905.719791001
17,1,4,4.0,rgg3_k6_s0,rgg3_k6,no_trivial,0,0.584546286737,-771.218009152,0.85149735803,-905.719791001
17,1,4,4.0,rgg3_k6_s1,rgg3_k6,no_trivial,1,0.528543487936,-740.59845281,0.817690482386,-905.719791001
17,1,4,4.0,rgg3_k6_s2,rgg3_k6,no_trivial,2,0.587795529677,-769.721658093,0.84984524545,-905.719791001
17,1,4,4.0,rgg3_k6_s3,rgg3_k6,no_trivial,3,0.544653580234,-757.718578375,0.836592714329,-905.719791001
17,1,4,4.0,rgg3_k6_s4,rgg3_k6,no_trivial,4,0.603742677191,-769.545716876,0.849650989767,-905.719791001
17,1,4,4.0,rgg3_k8_s0,rgg3_k8,no_trivial,0,0.47083026479,-807.799083374,0.891886311197,-905.719791001
17,1,4,4.0,rgg3_k8_s1,rgg3_k8,no_trivial,1,0.469188218377,-801.166353581,0.884563152468,-905.719791001
17,1,4,4.0,rgg3_k8_s2,rgg3_k8,no_trivial,2,0.473472571537,-821.836226896,0.907384640439,-905.719791001
17,1,4,4.0,rgg3_k8_s3,rgg3_k8,no_trivial,3,0.49930215947,-810.508797902,0.894878091386,-905.719791001
17,1,4,4.0,rgg3_k8_s4,rgg3_k8,no_trivial,4,0.43532491198,-798.348847278,0.881452360001,-905.719791001
17,1,4,4.0,rgg3_k12_s0,rgg3_k12,no_trivial,0,0.328868096019,-841.62832483,0.929236981672,-905.719791001
17,1,4,4.0,rgg3_k12_s1,rgg3_k12,no_trivial,1,0.309799952974,-819.658355959,0.904980065693,-905.719791001
17,1,4,4.0,rgg3_k12_s2,rgg3_k12,no_trivial,2,0.30150597003,-808.437334596,0.892591000692,-905.719791001
17,1,4,4.0,rgg3_k12_s3,rgg3_k12,no_trivial,3,0.297188858498,-808.914071624,0.893117363296,-905.719791001
17,1,4,4.0,rgg3_k12_s4,rgg3_k12,no_trivial,4,0.322646754986,-821.155273655,0.906632803891,-905.719791001
17,1,4,4.0,rgg3_k16_s0,rgg3_k16,no_trivial,0,0.240344678238,-837.018139662,0.924146902804,-905.719791001
17,1,4,4.0,rgg3_k16_s1,rgg3_k16,no_trivial,1,0.234755484414,-835.059382971,0.921984250834,-905.719791001
17,1,4,4.0,rgg3_k16_s2,rgg3_k16,no_trivial,2,0.224924887669,-811.878666294,0.896390555181,-905.719791001
17,1,4,4.0,rgg3_k16_s3,rgg3_k16,no_trivial,3,0.228039334997,-807.800238283,0.891887586325,-905.719791001
17,1,4,4.0,rgg3_k16_s4,rgg3_k16,no_trivial,4,0.24875382557,-841.439736684,0.929028762587,-905.719791001
17,1,4,4.0,rr_k4_s0,rr_k4,no_trivial,0,0.9562535011,-827.505407631,0.913643950207,-905.719791001
17,1,4,4.0,rr_k4_s1,rr_k4,no_trivial,1,0.955485677356,-826.403165888,0.912426971453,-905.719791001
17,1,4,4.0,rr_k4_s2,rr_k4,no_trivial,2,0.9551002019,-825.852449342,0.911818928489,-905.719791001
17,1,4,4.0,rr_k4_s3,rr_k4,no_trivial,3,0.956538245669,-828.36062636,0.914588192276,-905.719791001
17,1,4,4.0,rr_k4_s4,rr_k4,no_trivial,4,0.955870133375,-826.95415235,0.91303531243,-905.719791001
17,1,4,4.0,rr_k6_s0,rr_k6,no_trivial,0,0.640352283483,-829.37460682,0.915707722256,-905.719791001
17,1,4,4.0,rr_k6_s1,rr_k6,no_trivial,1,0.640581394014,-829.640972629,0.91600181521,-905.719791001
17,1,4,4.0,rr_k6_s2,rr_k6,no_trivial,2,0.639379776442,-828.158394247,0.914364908966,-905.719791001
17,1,4,4.0,rr_k6_s3,rr_k6,no_trivial,3,0.639808295395,-828.786108841,0.91505796503,-905.719791001
17,1,4,4.0,rr_k6_s4,rr_k6,no_trivial,4,0.640123263861,-829.108454152,0.91541386463,-905.719791001
17,1,4,4.0,rr_k8_s0,rr_k8,no_trivial,0,0.48263999914,-831.965919063,0.918568775166,-905.719791001
17,1,4,4.0,rr_k8_s1,rr_k8,no_trivial,1,0.48354050661,-833.179833374,0.919909050958,-905.719791001
17,1,4,4.0,rr_k8_s2,rr_k8,no_trivial,2,0.482149857686,-831.299187029,0.91783264017,-905.719791001
17,1,4,4.0,rr_k8_s3,rr_k8,no_trivial,3,0.482418595451,-831.679435332,0.91825247013,-905.719791001
17,1,4,4.0,rr_k8_s4,rr_k8,no_trivial,4,0.481855471164,-830.956045811,0.917453779929,-905.719791001
17,1,4,4.0,rr_k12_s0,rr_k12,no_trivial,0,0.323064712082,-833.838764161,0.920636572642,-905.719791001
17,1,4,4.0,rr_k12_s1,rr_k12,no_trivial,1,0.32313688722,-833.990813254,0.920804449168,-905.719791001
17,1,4,4.0,rr_k12_s2,rr_k12,no_trivial,2,0.323036973798,-833.754517911,0.920543556843,-905.719791001
17,1,4,4.0,rr_k12_s3,rr_k12,no_trivial,3,0.323250664165,-834.172047677,0.92100454905,-905.719791001
17,1,4,4.0,rr_k12_s4,rr_k12,no_trivial,4,0.323459120101,-834.60197873,0.921479233447,-905.719791001
17,1,4,4.0,rr_k16_s0,rr_k16,no_trivial,0,0.242742610009,-834.680402783,0.921565820993,-905.719791001
17,1,4,4.0,rr_k16_s1,rr_k16,no_trivial,1,0.243140586793,-835.658702456,0.922645956021,-905.719791001
17,1,4,4.0,rr_k16_s2,rr_k16,no_trivial,2,0.242637402947,-834.378905259,0.921232939315,-905.719791001
17,1,4,4.0,rr_k16_s3,rr_k16,no_trivial,3,0.242519225945,-834.113668399,0.920940092826,-905.719791001
17,1,4,4.0,rr_k16_s4,rr_k16,no_trivial,4,0.242790950803,-834.782036751,0.921678034471,-905.719791001
17,1,4,4.0,er_k4_s0,er_k4,no_trivial,0,0.757356533634,-654.707473614,0.722858747396,-905.719791001
17,1,4,4.0,er_k4_s1,er_k4,no_trivial,1,0.77540773861,-670.485135452,0.740278772876,-905.719791001
17,1,4,4.0,er_k4_s2,er_k4,no_trivial,2,0.799146338347,-690.866524318,0.762781746829,-905.719791001
17,1,4,4.0,er_k4_s3,er_k4,no_trivial,3,0.766495109811,-662.608425898,0.731582143265,-905.719791001
17,1,4,4.0,er_k4_s4,er_k4,no_trivial,4,0.764432084494,-660.604155156,0.729369239493,-905.719791001
17,1,4,4.0,er_k6_s0,er_k6,no_trivial,0,0.552886420956,-715.403216197,0.789872566886,-905.719791001
17,1,4,4.0,er_k6_s1,er_k6,no_trivial,1,0.549079855583,-710.195612178,0.784122881308,-905.719791001
17,1,4,4.0,er_k6_s2,er_k6,no_trivial,2,0.539853486936,-698.40215552,0.771101793799,-905.719791001
17,1,4,4.0,er_k6_s3,er_k6,no_trivial,3,0.560590562632,-725.168292324,0.800654131144,-905.719791001
17,1,4,4.0,er_k6_s4,er_k6,no_trivial,4,0.5634988854,-729.162255137,0.805063842462,-905.719791001
17,1,4,4.0,er_k8_s0,er_k8,no_trivial,0,0.427116700709,-735.925830635,0.812531467179,-905.719791001
17,1,4,4.0,er_k8_s1,er_k8,no_trivial,1,0.423019327466,-728.305531689,0.804117939042,-905.719791001
17,1,4,4.0,er_k8_s2,er_k8,no_trivial,2,0.439427786545,-756.951528123,0.835745818568,-905.719791001
17,1,4,4.0,er_k8_s3,er_k8,no_trivial,3,0.426378874355,-734.412642038,0.810860764372,-905.719791001
17,1,4,4.0,er_k8_s4,er_k8,no_trivial,4,0.43503753831,-749.44982119,0.827463227189,-905.719791001
17,1,4,4.0,er_k12_s0,er_k12,no_trivial,0,0.303135810155,-782.30967522,0.863743602594,-905.719791001
17,1,4,4.0,er_k12_s1,er_k12,no_trivial,1,0.29850200532,-770.054071181,0.850212260825,-905.719791001
17,1,4,4.0,er_k12_s2,er_k12,no_trivial,2,0.301115894685,-776.68831796,0.857537094449,-905.719791001
17,1,4,4.0,er_k12_s3,er_k12,no_trivial,3,0.298644362718,-770.265005723,0.850445152437,-905.719791001
17,1,4,4.0,er_k12_s4,er_k12,no_trivial,4,0.29861305207,-770.242414798,0.850420209927,-905.719791001
17,1,4,4.0,er_k16_s0,er_k16,no_trivial,0,0.23186519859,-796.993184915,0.879955581002,-905.719791001
17,1,4,4.0,er_k16_s1,er_k16,no_trivial,1,0.228646286613,-785.794127735,0.867590766529,-905.719791001
17,1,4,4.0,er_k16_s2,er_k16,no_trivial,2,0.229592518972,-789.128464177,0.871272188174,-905.719791001
17,1,4,4.0,er_k16_s3,er_k16,no_trivial,3,0.232078414977,-797.486787128,0.88050056436,-905.719791001
17,1,4,4.0,er_k16_s4,er_k16,no_trivial,4,0.231400343786,-795.309631214,0.878096779065,-905.719791001
18,1,6,0.25,vacio,vacio,trivial,,0,0,-0,-143.579686501
18,1,6,0.25,clique_binaria_s2,clique_binaria,trivial,,1,-23.011675375,0.160271107534,-143.579686501
18,1,6,0.25,clique_difusa_s2,clique_difusa,trivial,,1,-23.011675375,0.160271107534,-143.579686501
18,1,6,0.25,clique_binaria_s3,clique_binaria,trivial,,1,-79.7664925008,0.555555555556,-143.579686501
18,1,6,0.25,clique_difusa_s3,clique_difusa,trivial,,1,-79.7664925008,0.555555555556,-143.579686501
18,1,6,0.25,clique_binaria_s4,clique_binaria,trivial,,1,-77.0554599031,0.53667382748,-143.579686501
18,1,6,0.25,clique_difusa_s4,clique_difusa,trivial,,0.839165765722,-90.2114497957,0.628302317645,-143.579686501
18,1,6,0.25,clique_binaria_s6,clique_binaria,trivial,,1,175.611642912,-1.22309532212,-143.579686501
18,1,6,0.25,clique_difusa_s6,clique_difusa,trivial,,0.584670795967,-101.075027176,0.703964673825,-143.579686501
18,1,6,0.25,clique_binaria_s8,clique_binaria,trivial,,1,803.319833941,-5.59494071561,-143.579686501
18,1,6,0.25,clique_difusa_s8,clique_difusa,trivial,,0.470610903559,-110.041772131,0.766416021736,-143.579686501
18,1,6,0.25,clique_binaria_s9,clique_binaria,trivial,,1,1266.61528399,-8.82168860272,-143.579686501
18,1,6,0.25,clique_difusa_s9,clique_difusa,trivial,,0.432775467278,-113.790972883,0.792528355895,-143.579686501
18,1,6,0.25,clique_binaria_s12,clique_binaria,trivial,,1,3276.88769555,-22.8227806829,-143.579686501
18,1,6,0.25,clique_difusa_s12,clique_difusa,trivial,,0.355329396632,-122.786984749,0.855183541214,-143.579686501
18,1,6,0.25,clique_binaria_s18,clique_binaria,trivial,,1,10179.8461169,-70.9003227755,-143.579686501
18,1,6,0.25,clique_difusa_s18,clique_difusa,trivial,,0.271707134128,-134.042058978,0.933572584289,-143.579686501
18,1,6,0.25,clique_binaria_s24,clique_binaria,trivial,,1,21024.2560943,-146.429182335,-143.579686501
18,1,6,0.25,clique_difusa_s24,clique_difusa,trivial,,0.224924428362,-139.99410694,0.97502725038,-143.579686501
18,1,6,0.25,clique_binaria_s27,clique_binaria,trivial,,1,27945.3723678,-194.633189755,-143.579686501
18,1,6,0.25,clique_difusa_s27,clique_difusa,trivial,,0.208066533649,-141.708673028,0.986968814887,-143.579686501
18,1,6,0.25,clique_binaria_s36,clique_binaria,trivial,,1,54761.4819932,-381.401320254,-143.579686501
18,1,6,0.25,clique_difusa_s36,clique_difusa,trivial,,0.1714770763,-143.579669909,0.999999884439,-143.579686501
18,1,6,0.25,clique_binaria_s54,clique_binaria,trivial,,1,135870.252959,-946.305541329,-143.579686501
18,1,6,0.25,clique_difusa_s54,clique_difusa,trivial,,0.128811271663,-139.033472443,0.968336648663,-143.579686501
18,1,6,0.25,clique_binaria_s72,clique_binaria,trivial,,1,253881.915138,-1768.23004231,-143.579686501
18,1,6,0.25,clique_difusa_s72,clique_difusa,trivial,,0.103397333531,-129.548562928,0.902276401942,-143.579686501
18,1,6,0.25,clique_binaria_s108,clique_binaria,trivial,,1,601242.118621,-4187.51519293,-143.579686501
18,1,6,0.25,clique_difusa_s108,clique_difusa,trivial,,0.0724740222124,-107.078699937,0.745778894955,-143.579686501
18,1,6,0.25,clique_binaria_s216,clique_binaria,trivial,,1,2538389.09078,-17679.3051485,-143.579686501
18,1,6,0.25,clique_difusa_s216,clique_difusa,trivial,,0.0273574823997,-64.3300457185,0.448044199608,-143.579686501
18,1,6,0.25,bipartita,bipartita,trivial,,0.0313414808853,-45.6958791308,0.318261449403,-143.579686501
18,1,6,0.25,uniforme,uniforme,trivial,,0.0273574823997,-64.3300457185,0.448044199608,-143.579686501
18,1,6,0.25,t3,t3,no_trivial,,0.564146664303,-45.6958791308,0.318261449403,-143.579686501
18,1,6,0.25,tree,tree,no_trivial,,1,-33.5129454211,0.233410075183,-143.579686501
18,1,6,0.25,ring_k6,ring,no_trivial,,0.638303561175,-117.701909128,0.819767141133,-143.579686501
18,1,6,0.25,ws_k6_b0.1,ws,no_trivial,,0.679083042954,-108.819708967,0.757904628566,-143.579686501
18,1,6,0.25,tri_torus_12x18,tri_torus,no_trivial,,0.768754817577,-133.957090384,0.932980797271,-143.579686501
18,1,6,0.25,rgg3_k6_s0,rgg3_k6,no_trivial,0,0.619177369714,-93.2186817045,0.649247006843,-143.579686501
18,1,6,0.25,rgg3_k6_s1,rgg3_k6,no_trivial,1,0.556099913637,-89.1775768158,0.621101626482,-143.579686501
18,1,6,0.25,rgg3_k6_s2,rgg3_k6,no_trivial,2,0.608325449918,-92.1843533054,0.642043143787,-143.579686501
18,1,6,0.25,rgg3_k6_s3,rgg3_k6,no_trivial,3,0.57781416295,-92.6593369447,0.645351297266,-143.579686501
18,1,6,0.25,rgg3_k6_s4,rgg3_k6,no_trivial,4,0.640112376621,-94.2333633183,0.656314034488,-143.579686501
18,1,6,0.25,rgg3_k8_s0,rgg3_k8,no_trivial,0,0.519660494638,-101.693199546,0.708270104384,-143.579686501
18,1,6,0.25,rgg3_k8_s1,rgg3_k8,no_trivial,1,0.529264589856,-104.105892315,0.72507396312,-143.579686501
18,1,6,0.25,rgg3_k8_s2,rgg3_k8,no_trivial,2,0.534539033687,-108.40407501,0.755009832183,-143.579686501
18,1,6,0.25,rgg3_k8_s3,rgg3_k8,no_trivial,3,0.553952191574,-102.886200396,0.716579085126,-143.579686501
18,1,6,0.25,rgg3_k8_s4,rgg3_k8,no_trivial,4,0.500034895903,-106.252035693,0.740021365709,-143.579686501
18,1,6,0.25,rgg3_k12_s0,rgg3_k12,no_trivial,0,0.420925214685,-119.921055747,0.835222994767,-143.579686501
18,1,6,0.25,rgg3_k12_s1,rgg3_k12,no_trivial,1,0.404414690895,-115.357531524,0.80343908205,-143.579686501
18,1,6,0.25,rgg3_k12_s2,rgg3_k12,no_trivial,2,0.389699424526,-113.14287262,0.788014484338,-143.579686501
18,1,6,0.25,rgg3_k12_s3,rgg3_k12,no_trivial,3,0.386009438763,-113.496839782,0.790479785463,-143.579686501
18,1,6,0.25,rgg3_k12_s4,rgg3_k12,no_trivial,4,0.4199692117,-117.709229826,0.819818128133,-143.579686501
18,1,6,0.25,rgg3_k16_s0,rgg3_k16,no_trivial,0,0.346002152278,-123.900228505,0.862937031861,-143.579686501
18,1,6,0.25,rgg3_k16_s1,rgg3_k16,no_trivial,1,0.334558762618,-122.422436817,0.852644547429,-143.579686501
18,1,6,0.25,rgg3_k16_s2,rgg3_k16,no_trivial,2,0.315447091187,-116.256968482,0.809703456768,-143.579686501
18,1,6,0.25,rgg3_k16_s3,rgg3_k16,no_trivial,3,0.321078309591,-115.632795415,0.805356232711,-143.579686501
18,1,6,0.25,rgg3_k16_s4,rgg3_k16,no_trivial,4,0.355999943831,-125.134590815,0.871534085801,-143.579686501
18,1,6,0.25,rr_k4_s0,rr_k4,no_trivial,0,0.885923713704,-48.5758694067,0.338319929444,-143.579686501
18,1,6,0.25,rr_k4_s1,rr_k4,no_trivial,1,0.873315894464,-47.5929814306,0.331474337285,-143.579686501
18,1,6,0.25,rr_k4_s2,rr_k4,no_trivial,2,0.866769201452,-47.1098222664,0.328109243127,-143.579686501
18,1,6,0.25,rr_k4_s3,rr_k4,no_trivial,3,0.892478243607,-49.3821002549,0.343935144715,-143.579686501
18,1,6,0.25,rr_k4_s4,rr_k4,no_trivial,4,0.879701925325,-48.0817314449,0.334878370447,-143.579686501
18,1,6,0.25,rr_k6_s0,rr_k6,no_trivial,0,0.625756439075,-50.1030529866,0.348956417216,-143.579686501
18,1,6,0.25,rr_k6_s1,rr_k6,no_trivial,1,0.629149283257,-50.3573803914,0.350727749993,-143.579686501
18,1,6,0.25,rr_k6_s2,rr_k6,no_trivial,2,0.611321863358,-48.9707623884,0.341070269629,-143.579686501
18,1,6,0.25,rr_k6_s3,rr_k6,no_trivial,3,0.617850020129,-49.5544456673,0.345135491481,-143.579686501
18,1,6,0.25,rr_k6_s4,rr_k6,no_trivial,4,0.622380269546,-49.8518311269,0.347206713858,-143.579686501
18,1,6,0.25,rr_k8_s0,rr_k8,no_trivial,0,0.508347697015,-52.8098174868,0.36780841896,-143.579686501
18,1,6,0.25,rr_k8_s1,rr_k8,no_trivial,1,0.525078732332,-54.2485052857,0.37782855366,-143.579686501
18,1,6,0.25,rr_k8_s2,rr_k8,no_trivial,2,0.49963588923,-52.0654817897,0.362624289399,-143.579686501
18,1,6,0.25,rr_k8_s3,rr_k8,no_trivial,3,0.504338148983,-52.4843439133,0.36554156923,-143.579686501
18,1,6,0.25,rr_k8_s4,rr_k8,no_trivial,4,0.494436307178,-51.689754284,0.360007432413,-143.579686501
18,1,6,0.25,rr_k12_s0,rr_k12,no_trivial,0,0.370032810416,-55.4224826477,0.386005040115,-143.579686501
18,1,6,0.25,rr_k12_s1,rr_k12,no_trivial,1,0.37169992957,-55.6329146809,0.38747065157,-143.579686501
18,1,6,0.25,rr_k12_s2,rr_k12,no_trivial,2,0.369637705399,-55.3203664231,0.385293823737,-143.579686501
18,1,6,0.25,rr_k12_s3,rr_k12,no_trivial,3,0.374975288218,-55.9217276488,0.389482168484,-143.579686501
18,1,6,0.25,rr_k12_s4,rr_k12,no_trivial,4,0.380036309843,-56.5457196744,0.393828131627,-143.579686501
18,1,6,0.25,rr_k16_s0,rr_k16,no_trivial,0,0.292670641039,-56.9336075798,0.396529683043,-143.579686501
18,1,6,0.25,rr_k16_s1,rr_k16,no_trivial,1,0.305912779599,-58.6603646015,0.40855615464,-143.579686501
18,1,6,0.25,rr_k16_s2,rr_k16,no_trivial,2,0.28995924801,-56.4793296769,0.393365740329,-143.579686501
18,1,6,0.25,rr_k16_s3,rr_k16,no_trivial,3,0.286063258527,-56.0319681648,0.390249968711,-143.579686501
18,1,6,0.25,rr_k16_s4,rr_k16,no_trivial,4,0.294449231982,-57.1227216694,0.397846819849,-143.579686501
18,1,6,0.25,er_k4_s0,er_k4,no_trivial,0,0.739038038663,-40.1165357202,0.279402586102,-143.579686501
18,1,6,0.25,er_k4_s1,er_k4,no_trivial,1,0.76158492513,-41.5275696014,0.289230117528,-143.579686501
18,1,6,0.25,er_k4_s2,er_k4,no_trivial,2,0.767894319046,-41.656133015,0.290125532588,-143.579686501
18,1,6,0.25,er_k4_s3,er_k4,no_trivial,3,0.725624963022,-39.313555348,0.273810009661,-143.579686501
18,1,6,0.25,er_k4_s4,er_k4,no_trivial,4,0.723557087577,-39.0333336071,0.271858328697,-143.579686501
18,1,6,0.25,er_k6_s0,er_k6,no_trivial,0,0.566703363492,-44.7983267957,0.312010200658,-143.579686501
18,1,6,0.25,er_k6_s1,er_k6,no_trivial,1,0.577408994344,-45.4239785989,0.316367723775,-143.579686501
18,1,6,0.25,er_k6_s2,er_k6,no_trivial,2,0.558736116731,-44.0465017724,0.306773909636,-143.579686501
18,1,6,0.25,er_k6_s3,er_k6,no_trivial,3,0.59023615507,-46.5555215271,0.32424866401,-143.579686501
18,1,6,0.25,er_k6_s4,er_k6,no_trivial,4,0.572040355497,-45.2167324232,0.314924301097,-143.579686501
18,1,6,0.25,er_k8_s0,er_k8,no_trivial,0,0.459602573614,-47.3629454077,0.329872188481,-143.579686501
18,1,6,0.25,er_k8_s1,er_k8,no_trivial,1,0.481515207697,-49.053823237,0.34164876963,-143.579686501
18,1,6,0.25,er_k8_s2,er_k8,no_trivial,2,0.482489752535,-49.552410578,0.345121317545,-143.579686501
18,1,6,0.25,er_k8_s3,er_k8,no_trivial,3,0.476555512052,-49.0018504546,0.341286790971,-143.579686501
18,1,6,0.25,er_k8_s4,er_k8,no_trivial,4,0.481094550334,-49.5798391382,0.345312351255,-143.579686501
18,1,6,0.25,er_k12_s0,er_k12,no_trivial,0,0.34929705437,-52.1330042638,0.363094568139,-143.579686501
18,1,6,0.25,er_k12_s1,er_k12,no_trivial,1,0.355744196007,-52.6398270608,0.36662447414,-143.579686501
18,1,6,0.25,er_k12_s2,er_k12,no_trivial,2,0.364698081686,-53.8980437239,0.37538766825,-143.579686501
18,1,6,0.25,er_k12_s3,er_k12,no_trivial,3,0.361781341986,-53.2766743013,0.371059970943,-143.579686501
18,1,6,0.25,er_k12_s4,er_k12,no_trivial,4,0.36000109806,-53.1421665073,0.37012315462,-143.579686501
18,1,6,0.25,er_k16_s0,er_k16,no_trivial,0,0.288959552443,-55.6198329071,0.387379539978,-143.579686501
18,1,6,0.25,er_k16_s1,er_k16,no_trivial,1,0.289509586115,-55.4174803945,0.385970200554,-143.579686501
18,1,6,0.25,er_k16_s2,er_k16,no_trivial,2,0.287605101728,-55.2029924626,0.384476340684,-143.579686501
18,1,6,0.25,er_k16_s3,er_k16,no_trivial,3,0.297474268956,-56.7133649522,0.39499574302,-143.579686501
18,1,6,0.25,er_k16_s4,er_k16,no_trivial,4,0.29138830431,-55.9140134413,0.389428440775,-143.579686501
19,1,6,1.0,vacio,vacio,trivial,,0,0,-0,-386.579686501
19,1,6,1.0,clique_binaria_s2,clique_binaria,trivial,,1,-97.261675375,0.251595411686,-386.579686501
19,1,6,1.0,clique_difusa_s2,clique_difusa,trivial,,1,-97.261675375,0.251595411686,-386.579686501
19,1,6,1.0,clique_binaria_s3,clique_binaria,trivial,,1,-214.766492501,0.555555555556,-386.579686501
19,1,6,1.0,clique_difusa_s3,clique_difusa,trivial,,1,-214.766492501,0.555555555556,-386.579686501
19,1,6,1.0,clique_binaria_s4,clique_binaria,trivial,,1,-259.305459903,0.67076845721,-386.579686501
19,1,6,1.0,clique_difusa_s4,clique_difusa,trivial,,0.960982006838,-260.333293363,0.673427245282,-386.579686501
19,1,6,1.0,clique_binaria_s6,clique_binaria,trivial,,1,-60.6383570884,0.156858622441,-386.579686501
19,1,6,1.0,clique_difusa_s6,clique_difusa,trivial,,0.661735066197,-288.516760818,0.746331922997,-386.579686501
19,1,6,1.0,clique_binaria_s8,clique_binaria,trivial,,1,567.069833941,-1.46688989034,-386.579686501
19,1,6,1.0,clique_difusa_s8,clique_difusa,trivial,,0.526626566311,-311.056207655,0.804636711438,-386.579686501
19,1,6,1.0,clique_binaria_s9,clique_binaria,trivial,,1,1050.61528399,-2.71771984063,-386.579686501
19,1,6,1.0,clique_difusa_s9,clique_difusa,trivial,,0.481697735237,-320.262066105,0.828450322889,-386.579686501
19,1,6,1.0,clique_binaria_s12,clique_binaria,trivial,,1,3202.63769555,-8.28454729355,-386.579686501
19,1,6,1.0,clique_difusa_s12,clique_difusa,trivial,,0.389606216766,-341.7481618,0.884030314405,-386.579686501
19,1,6,1.0,clique_binaria_s18,clique_binaria,trivial,,1,10753.5961169,-27.8172819019,-386.579686501
19,1,6,1.0,clique_difusa_s18,clique_difusa,trivial,,0.290111452444,-367.147629516,0.949733372798,-386.579686501
19,1,6,1.0,clique_binaria_s24,clique_binaria,trivial,,1,22732.0060943,-58.8028985693,-386.579686501
19,1,6,1.0,clique_difusa_s24,clique_difusa,trivial,,0.234554856962,-379.633070242,0.982030570923,-386.579686501
19,1,6,1.0,clique_binaria_s27,clique_binaria,trivial,,1,30402.3723678,-78.6445160709,-386.579686501
19,1,6,1.0,clique_difusa_s27,clique_difusa,trivial,,0.214590300395,-383.039225277,0.990841574589,-386.579686501
19,1,6,1.0,clique_binaria_s36,clique_binaria,trivial,,1,60195.2319932,-155.712351412,-386.579686501
19,1,6,1.0,clique_difusa_s36,clique_difusa,trivial,,0.17146048042,-386.579657111,0.999999923973,-386.579686501
19,1,6,1.0,clique_binaria_s54,clique_binaria,trivial,,1,150538.002959,-389.410018723,-386.579686501
19,1,6,1.0,clique_difusa_s54,clique_difusa,trivial,,0.121932806327,-379.420903073,0.981481739267,-386.579686501
19,1,6,1.0,clique_binaria_s72,clique_binaria,trivial,,1,282157.665138,-729.882285568,-386.579686501
19,1,6,1.0,clique_difusa_s72,clique_difusa,trivial,,0.0934143011965,-366.661051075,0.94847469714,-386.579686501
19,1,6,1.0,clique_binaria_s108,clique_binaria,trivial,,1,669855.868621,-1732.77565276,-386.579686501
19,1,6,1.0,clique_difusa_s108,clique_difusa,trivial,,0.0614743046222,-342.822337072,0.886808978956,-386.579686501
19,1,6,1.0,clique_binaria_s216,clique_binaria,trivial,,1,2832992.84078,-7328.35412646,-386.579686501
19,1,6,1.0,clique_difusa_s216,clique_difusa,trivial,,0.0278070520282,-307.312930637,0.794953644404,-386.579686501
19,1,6,1.0,bipartita,bipartita,trivial,,0.0465621975531,-271.550740159,0.702444410923,-386.579686501
19,1,6,1.0,uniforme,uniforme,trivial,,0.0278070520282,-307.312930637,0.794953644404,-386.579686501
19,1,6,1.0,t3,t3,no_trivial,,0.838119580825,-271.550740159,0.702444410923,-386.579686501
19,1,6,1.0,tree,tree,no_trivial,,1,-160.512945421,0.41521308808,-386.579686501
19,1,6,1.0,ring_k6,ring,no_trivial,,0.704188814547,-334.888161679,0.866284942983,-386.579686501
19,1,6,1.0,ws_k6_b0.1,ws,no_trivial,,0.748532297991,-330.076298621,0.853837669559,-386.579686501
19,1,6,1.0,tri_torus_12x18,tri_torus,no_trivial,,0.821040510725,-366.963642608,0.949257437526,-386.579686501
19,1,6,1.0,rgg3_k6_s0,rgg3_k6,no_trivial,0,0.685339564665,-289.976009839,0.750106692007,-386.579686501
19,1,6,1.0,rgg3_k6_s1,rgg3_k6,no_trivial,1,0.616480775831,-277.529427125,0.717910011353,-386.579686501
19,1,6,1.0,rgg3_k6_s2,rgg3_k6,no_trivial,2,0.676446036427,-286.260754461,0.740496111038,-386.579686501
19,1,6,1.0,rgg3_k6_s3,rgg3_k6,no_trivial,3,0.638365853549,-285.788653431,0.739274885387,-386.579686501
19,1,6,1.0,rgg3_k6_s4,rgg3_k6,no_trivial,4,0.707112365003,-290.26983389,0.750866752769,-386.579686501
19,1,6,1.0,rgg3_k8_s0,rgg3_k8,no_trivial,0,0.568406679369,-310.992714927,0.804472469161,-386.579686501
19,1,6,1.0,rgg3_k8_s1,rgg3_k8,no_trivial,1,0.574454947393,-312.948522589,0.809531730498,-386.579686501
19,1,6,1.0,rgg3_k8_s2,rgg3_k8,no_trivial,2,0.579071631926,-322.278455339,0.83366629596,-386.579686501
19,1,6,1.0,rgg3_k8_s3,rgg3_k8,no_trivial,3,0.604700099788,-313.176077796,0.810120367756,-386.579686501
19,1,6,1.0,rgg3_k8_s4,rgg3_k8,no_trivial,4,0.539411870339,-315.411858265,0.815903859614,-386.579686501
19,1,6,1.0,rgg3_k12_s0,rgg3_k12,no_trivial,0,0.440326669723,-347.523557799,0.898970044039,-386.579686501
19,1,6,1.0,rgg3_k12_s1,rgg3_k12,no_trivial,1,0.421247669467,-338.536032609,0.875721214615,-386.579686501
19,1,6,1.0,rgg3_k12_s2,rgg3_k12,no_trivial,2,0.40720174358,-332.804415202,0.860894730951,-386.579686501
19,1,6,1.0,rgg3_k12_s3,rgg3_k12,no_trivial,3,0.402726333819,-333.525763239,0.862760705969,-386.579686501
19,1,6,1.0,rgg3_k12_s4,rgg3_k12,no_trivial,4,0.437173247129,-340.693448791,0.881301994614,-386.579686501
19,1,6,1.0,rgg3_k16_s0,rgg3_k16,no_trivial,0,0.34853498942,-355.158766438,0.918720716165,-386.579686501
19,1,6,1.0,rgg3_k16_s1,rgg3_k16,no_trivial,1,0.338327218215,-353.015369798,0.913176201762,-386.579686501
19,1,6,1.0,rgg3_k16_s2,rgg3_k16,no_trivial,2,0.321108802789,-340.376040805,0.880480927195,-386.579686501
19,1,6,1.0,rgg3_k16_s3,rgg3_k16,no_trivial,3,0.326412540737,-338.780195828,0.876352813294,-386.579686501
19,1,6,1.0,rgg3_k16_s4,rgg3_k16,no_trivial,4,0.359261141206,-357.320671811,0.924313108752,-386.579686501
19,1,6,1.0,rr_k4_s0,rr_k4,no_trivial,0,1,-263.663455249,0.682041670724,-386.579686501
19,1,6,1.0,rr_k4_s1,rr_k4,no_trivial,1,1,-262.504572166,0.679043884954,-386.579686501
19,1,6,1.0,rr_k4_s2,rr_k4,no_trivial,2,1,-261.925130624,0.677544992068,-386.579686501
19,1,6,1.0,rr_k4_s3,rr_k4,no_trivial,3,1,-264.53465626,0.684295283734,-386.579686501
19,1,6,1.0,rr_k4_s4,rr_k4,no_trivial,4,1,-263.084013708,0.680542777839,-386.579686501
19,1,6,1.0,rr_k6_s0,rr_k6,no_trivial,0,0.859183246819,-280.509936283,0.725619959036,-386.579686501
19,1,6,1.0,rr_k6_s1,rr_k6,no_trivial,1,0.860282061925,-280.984046633,0.726846382376,-386.579686501
19,1,6,1.0,rr_k6_s2,rr_k6,no_trivial,2,0.85538388915,-278.48930998,0.720393025564,-386.579686501
19,1,6,1.0,rr_k6_s3,rr_k6,no_trivial,3,0.856099086032,-279.395618468,0.7227374542,-386.579686501
19,1,6,1.0,rr_k6_s4,rr_k6,no_trivial,4,0.858080341987,-280.036799988,0.724396055371,-386.579686501
19,1,6,1.0,rr_k8_s0,rr_k8,no_trivial,0,0.666919875081,-287.285293009,0.743146375872,-386.579686501
19,1,6,1.0,rr_k8_s1,rr_k8,no_trivial,1,0.67324292913,-289.933532239,0.749996811429,-386.579686501
19,1,6,1.0,rr_k8_s2,rr_k8,no_trivial,2,0.66357240256,-285.865051151,0.739472510152,-386.579686501
19,1,6,1.0,rr_k8_s3,rr_k8,no_trivial,3,0.665233706049,-286.638325325,0.741472807117,-386.579686501
19,1,6,1.0,rr_k8_s4,rr_k8,no_trivial,4,0.660903399677,-285.005622338,0.737249349332,-386.579686501
19,1,6,1.0,rr_k12_s0,rr_k12,no_trivial,0,0.461896472354,-293.665640467,0.75965098716,-386.579686501
19,1,6,1.0,rr_k12_s1,rr_k12,no_trivial,1,0.462370197709,-293.997679088,0.760509900943,-386.579686501
19,1,6,1.0,rr_k12_s2,rr_k12,no_trivial,2,0.462011536437,-293.560519592,0.75937906166,-386.579686501
19,1,6,1.0,rr_k12_s3,rr_k12,no_trivial,3,0.463805992852,-294.576189064,0.762006384066,-386.579686501
19,1,6,1.0,rr_k12_s4,rr_k12,no_trivial,4,0.465278708,-295.550358032,0.764526353433,-386.579686501
19,1,6,1.0,rr_k16_s0,rr_k16,no_trivial,0,0.353422478291,-296.88656958,0.767982850487,-386.579686501
19,1,6,1.0,rr_k16_s1,rr_k16,no_trivial,1,0.357553814047,-299.595574899,0.774990475082,-386.579686501
19,1,6,1.0,rr_k16_s2,rr_k16,no_trivial,2,0.35281984192,-296.239003605,0.766307734083,-386.579686501
19,1,6,1.0,rr_k16_s3,rr_k16,no_trivial,3,0.351319630155,-295.415020097,0.764176262779,-386.579686501
19,1,6,1.0,rr_k16_s4,rr_k16,no_trivial,4,0.354112867302,-297.236161291,0.768887170406,-386.579686501
19,1,6,1.0,er_k4_s0,er_k4,no_trivial,0,1,-221.108586513,0.57196121326,-386.579686501
19,1,6,1.0,er_k4_s1,er_k4,no_trivial,1,1,-226.65947464,0.58632018845,-386.579686501
19,1,6,1.0,er_k4_s2,er_k4,no_trivial,2,1,-231.578811043,0.599045472718,-386.579686501
19,1,6,1.0,er_k4_s3,er_k4,no_trivial,3,1,-221.873117229,0.573938892748,-386.579686501
19,1,6,1.0,er_k4_s4,er_k4,no_trivial,4,1,-221.272466242,0.572385135507,-386.579686501
19,1,6,1.0,er_k6_s0,er_k6,no_trivial,0,0.753740243823,-245.216838704,0.634324169807,-386.579686501
19,1,6,1.0,er_k6_s1,er_k6,no_trivial,1,0.753784544547,-245.100679979,0.634023691719,-386.579686501
19,1,6,1.0,er_k6_s2,er_k6,no_trivial,2,0.738392638946,-240.01946513,0.6208796621,-386.579686501
19,1,6,1.0,er_k6_s3,er_k6,no_trivial,3,0.768538320223,-250.347663344,0.647596529476,-386.579686501
19,1,6,1.0,er_k6_s4,er_k6,no_trivial,4,0.767126709463,-249.298335709,0.64488214051,-386.579686501
19,1,6,1.0,er_k8_s0,er_k8,no_trivial,0,0.595031640194,-255.514255199,0.660961411376,-386.579686501
19,1,6,1.0,er_k8_s1,er_k8,no_trivial,1,0.597925877016,-256.352348953,0.663129382905,-386.579686501
19,1,6,1.0,er_k8_s2,er_k8,no_trivial,2,0.615082556748,-264.127349718,0.683241667734,-386.579686501
19,1,6,1.0,er_k8_s3,er_k8,no_trivial,3,0.598200272185,-257.433313717,0.665925610439,-386.579686501
19,1,6,1.0,er_k8_s4,er_k8,no_trivial,4,0.608625233782,-262.019175637,0.677788266653,-386.579686501
19,1,6,1.0,er_k12_s0,er_k12,no_trivial,0,0.434523118543,-275.85560612,0.713580189938,-386.579686501
19,1,6,1.0,er_k12_s1,er_k12,no_trivial,1,0.431265449507,-273.482691044,0.707441959818,-386.579686501
19,1,6,1.0,er_k12_s2,er_k12,no_trivial,2,0.436147323187,-276.832585317,0.716107428773,-386.579686501
19,1,6,1.0,er_k12_s3,er_k12,no_trivial,3,0.433195644005,-274.469150832,0.709993722941,-386.579686501
19,1,6,1.0,er_k12_s4,er_k12,no_trivial,4,0.432452477619,-274.215567569,0.709337756597,-386.579686501
19,1,6,1.0,er_k16_s0,er_k16,no_trivial,0,0.340155899777,-285.257026156,0.73789967791,-386.579686501
19,1,6,1.0,er_k16_s1,er_k16,no_trivial,1,0.336692210998,-282.05225476,0.729609611185,-386.579686501
19,1,6,1.0,er_k16_s2,er_k16,no_trivial,2,0.337365907043,-282.675847056,0.731222712746,-386.579686501
19,1,6,1.0,er_k16_s3,er_k16,no_trivial,3,0.342679745725,-286.873863681,0.742082095096,-386.579686501
19,1,6,1.0,er_k16_s4,er_k16,no_trivial,4,0.34023911008,-285.203720452,0.737761787313,-386.579686501
20,1,6,4.0,vacio,vacio,trivial,,0,0,-0,-1358.5796865
20,1,6,4.0,clique_binaria_s2,clique_binaria,trivial,,1,-394.261675375,0.290201361975,-1358.5796865
20,1,6,4.0,clique_difusa_s2,clique_difusa,trivial,,1,-394.261675375,0.290201361975,-1358.5796865
20,1,6,4.0,clique_binaria_s3,clique_binaria,trivial,,1,-754.766492501,0.555555555556,-1358.5796865
20,1,6,4.0,clique_difusa_s3,clique_difusa,trivial,,1,-754.766492501,0.555555555556,-1358.5796865
20,1,6,4.0,clique_binaria_s4,clique_binaria,trivial,,1,-988.305459903,0.7274549073,-1358.5796865
20,1,6,4.0,clique_difusa_s4,clique_difusa,trivial,,1,-988.305459903,0.7274549073,-1358.5796865
20,1,6,4.0,clique_binaria_s6,clique_binaria,trivial,,1,-1005.63835709,0.740213008541,-1358.5796865
20,1,6,4.0,clique_difusa_s6,clique_difusa,trivial,,0.807014394527,-1119.90096552,0.824317466725,-1358.5796865
20,1,6,4.0,clique_binaria_s8,clique_binaria,trivial,,1,-377.930166059,0.278180345116,-1358.5796865
20,1,6,4.0,clique_difusa_s8,clique_difusa,trivial,,0.627846103262,-1184.34393774,0.871751542813,-1358.5796865
20,1,6,4.0,clique_binaria_s9,clique_binaria,trivial,,1,186.615283991,-0.137360572843,-1358.5796865
20,1,6,4.0,clique_difusa_s9,clique_difusa,trivial,,0.568313594155,-1209.33000522,0.890142858188,-1358.5796865
20,1,6,4.0,clique_binaria_s12,clique_binaria,trivial,,1,2905.63769555,-2.13873188626,-1358.5796865
20,1,6,4.0,clique_difusa_s12,clique_difusa,trivial,,0.446842766901,-1264.28456536,0.930592866888,-1358.5796865
20,1,6,4.0,clique_binaria_s18,clique_binaria,trivial,,1,13048.5961169,-9.60458650059,-1358.5796865
20,1,6,4.0,clique_difusa_s18,clique_difusa,trivial,,0.317677296279,-1322.06720404,0.973124519064,-1358.5796865
20,1,6,4.0,clique_binaria_s24,clique_binaria,trivial,,1,29563.0060943,-21.760229737,-1358.5796865
20,1,6,4.0,clique_difusa_s24,clique_difusa,trivial,,0.247574914494,-1346.6771022,0.991238950194,-1358.5796865
20,1,6,4.0,clique_binaria_s27,clique_binaria,trivial,,1,40230.3723678,-29.6120814756,-1358.5796865
20,1,6,4.0,clique_difusa_s27,clique_difusa,trivial,,0.222981393761,-1352.75352094,0.99571157613,-1358.5796865
20,1,6,4.0,clique_binaria_s36,clique_binaria,trivial,,1,81930.2319932,-60.3057978912,-1358.5796865
20,1,6,4.0,clique_difusa_s36,clique_difusa,trivial,,0.171442041685,-1358.57964289,0.999999967902,-1358.5796865
20,1,6,4.0,clique_binaria_s54,clique_binaria,trivial,,1,209209.002959,-153.99096942,-1358.5796865
20,1,6,4.0,clique_difusa_s54,clique_difusa,trivial,,0.116192492097,-1349.42802592,0.99326380287,-1358.5796865
20,1,6,4.0,clique_binaria_s72,clique_binaria,trivial,,1,395260.665138,-290.936681201,-1358.5796865
20,1,6,4.0,clique_difusa_s72,clique_difusa,trivial,,0.0871258113621,-1335.44856159,0.982974038886,-1358.5796865
20,1,6,4.0,clique_binaria_s108,clique_binaria,trivial,,1,944310.868621,-695.072124222,-1358.5796865
20,1,6,4.0,clique_difusa_s108,clique_difusa,trivial,,0.0574158805736,-1312.56660969,0.966131484762,-1358.5796865
20,1,6,4.0,clique_binaria_s216,clique_binaria,trivial,,1,4011407.84078,-2952.64818151,-1358.5796865
20,1,6,4.0,clique_difusa_s216,clique_difusa,trivial,,0.0278835743309,-1279.31001217,0.941652539695,-1358.5796865
20,1,6,4.0,bipartita,bipartita,trivial,,0.0529965232922,-1236.30289536,0.909996599864,-1358.5796865
20,1,6,4.0,uniforme,uniforme,trivial,,0.0278835743309,-1279.31001217,0.941652539695,-1358.5796865
20,1,6,4.0,t3,t3,no_trivial,,0.95393741926,-1236.30289536,0.909996599864,-1358.5796865
20,1,6,4.0,tree,tree,no_trivial,,1,-668.512945421,0.492067526155,-1358.5796865
20,1,6,4.0,ring_k6,ring,no_trivial,,0.812904587174,-1253.91928694,0.922963370787,-1358.5796865
20,1,6,4.0,ws_k6_b0.1,ws,no_trivial,,0.848811554378,-1254.1480869,0.923131781931,-1358.5796865
20,1,6,4.0,tri_torus_12x18,tri_torus,no_trivial,,0.899439606037,-1321.68244533,0.972841312487,-1358.5796865
20,1,6,4.0,rgg3_k6_s0,rgg3_k6,no_trivial,0,0.777412977817,-1111.76458264,0.818328577771,-1358.5796865
20,1,6,4.0,rgg3_k6_s1,rgg3_k6,no_trivial,1,0.701107606533,-1065.5062068,0.784279507039,-1358.5796865
20,1,6,4.0,rgg3_k6_s2,rgg3_k6,no_trivial,2,0.774023292462,-1101.47925572,0.810757930998,-1358.5796865
20,1,6,4.0,rgg3_k6_s3,rgg3_k6,no_trivial,3,0.723409114046,-1091.96265271,0.803753113317,-1358.5796865
20,1,6,4.0,rgg3_k6_s4,rgg3_k6,no_trivial,4,0.801452022481,-1108.67235317,0.816052502612,-1358.5796865
20,1,6,4.0,rgg3_k8_s0,rgg3_k8,no_trivial,0,0.634371205585,-1176.71237046,0.866134229849,-1358.5796865
20,1,6,4.0,rgg3_k8_s1,rgg3_k8,no_trivial,1,0.635370299847,-1172.55627906,0.86307508548,-1358.5796865
20,1,6,4.0,rgg3_k8_s2,rgg3_k8,no_trivial,2,0.639939388669,-1202.23598286,0.884921212062,-1358.5796865
20,1,6,4.0,rgg3_k8_s3,rgg3_k8,no_trivial,3,0.673404513277,-1181.93546904,0.869978758542,-1358.5796865
20,1,6,4.0,rgg3_k8_s4,rgg3_k8,no_trivial,4,0.592213232251,-1173.07219306,0.863454830593,-1358.5796865
20,1,6,4.0,rgg3_k12_s0,rgg3_k12,no_trivial,0,0.463642964316,-1265.28989151,0.931332850094,-1358.5796865
20,1,6,4.0,rgg3_k12_s1,rgg3_k12,no_trivial,1,0.440520960686,-1236.73598977,0.910315384556,-1358.5796865
20,1,6,4.0,rgg3_k12_s2,rgg3_k12,no_trivial,2,0.427464864239,-1217.7755513,0.896359310684,-1358.5796865
20,1,6,4.0,rgg3_k12_s3,rgg3_k12,no_trivial,3,0.421970099122,-1219.51145506,0.897637044905,-1358.5796865
20,1,6,4.0,rgg3_k12_s4,rgg3_k12,no_trivial,4,0.457397649737,-1238.21977198,0.911407541484,-1358.5796865
20,1,6,4.0,rgg3_k16_s0,rgg3_k16,no_trivial,0,0.351110767314,-1280.35771822,0.94242371717,-1358.5796865
20,1,6,4.0,rgg3_k16_s1,rgg3_k16,no_trivial,1,0.342185938877,-1275.77412564,0.939049905073,-1358.5796865
20,1,6,4.0,rgg3_k16_s2,rgg3_k16,no_trivial,2,0.3269117321,-1237.78104303,0.911084609414,-1358.5796865
20,1,6,4.0,rgg3_k16_s3,rgg3_k16,no_trivial,3,0.331837543204,-1232.1556353,0.906943955916,-1358.5796865
20,1,6,4.0,rgg3_k16_s4,rgg3_k16,no_trivial,4,0.362634452491,-1286.33007499,0.946819746956,-1358.5796865
20,1,6,4.0,rr_k4_s0,rr_k4,no_trivial,0,1,-1127.66345525,0.830031146832,-1358.5796865
20,1,6,4.0,rr_k4_s1,rr_k4,no_trivial,1,1,-1126.50457217,0.829178136078,-1358.5796865
20,1,6,4.0,rr_k4_s2,rr_k4,no_trivial,2,1,-1125.92513062,0.8287516307,-1358.5796865
20,1,6,4.0,rr_k4_s3,rr_k4,no_trivial,3,1,-1128.53465626,0.830672405508,-1358.5796865
20,1,6,4.0,rr_k4_s4,rr_k4,no_trivial,4,1,-1127.08401371,0.829604641455,-1358.5796865
20,1,6,4.0,rr_k6_s0,rr_k6,no_trivial,0,0.958396988633,-1246.83449034,0.917748515401,-1358.5796865
20,1,6,4.0,rr_k6_s1,rr_k6,no_trivial,1,0.958647210106,-1247.38745957,0.918155535496,-1358.5796865
20,1,6,4.0,rr_k6_s2,rr_k6,no_trivial,2,0.957776650187,-1244.5696426,0.91608144518,-1358.5796865
20,1,6,4.0,rr_k6_s3,rr_k6,no_trivial,3,0.95757738807,-1245.48013778,0.916751626829,-1358.5796865
20,1,6,4.0,rr_k6_s4,rr_k6,no_trivial,4,0.958146323696,-1246.28169489,0.917341623217,-1358.5796865
20,1,6,4.0,rr_k8_s0,rr_k8,no_trivial,0,0.726394132591,-1255.90646703,0.924426060177,-1358.5796865
20,1,6,4.0,rr_k8_s1,rr_k8,no_trivial,1,0.728194341719,-1259.05048513,0.92674025502,-1358.5796865
20,1,6,4.0,rr_k8_s2,rr_k8,no_trivial,2,0.725450767817,-1254.20906187,0.923176663342,-1358.5796865
20,1,6,4.0,rr_k8_s3,rr_k8,no_trivial,3,0.725894806778,-1255.11786502,0.923845599556,-1358.5796865
20,1,6,4.0,rr_k8_s4,rr_k8,no_trivial,4,0.724598544614,-1253.10592568,0.922364685801,-1358.5796865
20,1,6,4.0,rr_k12_s0,rr_k12,no_trivial,0,0.489875452794,-1264.16811378,0.930507151208,-1358.5796865
20,1,6,4.0,rr_k12_s1,rr_k12,no_trivial,1,0.489994897612,-1264.53627027,0.930778137518,-1358.5796865
20,1,6,4.0,rr_k12_s2,rr_k12,no_trivial,2,0.489933035683,-1264.07590388,0.930439278931,-1358.5796865
20,1,6,4.0,rr_k12_s3,rr_k12,no_trivial,3,0.49042077957,-1265.23027512,0.931288968683,-1358.5796865
20,1,6,4.0,rr_k12_s4,rr_k12,no_trivial,4,0.490800482275,-1266.3104747,0.932084063437,-1358.5796865
20,1,6,4.0,rr_k16_s0,rr_k16,no_trivial,0,0.369487268284,-1268.06510055,0.933375578299,-1358.5796865
20,1,6,4.0,rr_k16_s1,rr_k16,no_trivial,1,0.370584311761,-1271.06352989,0.935582610665,-1358.5796865
20,1,6,4.0,rr_k16_s2,rr_k16,no_trivial,2,0.369349114976,-1267.37334316,0.932866401401,-1358.5796865
20,1,6,4.0,rr_k16_s3,rr_k16,no_trivial,3,0.368929700832,-1266.42228548,0.932166363197,-1358.5796865
20,1,6,4.0,rr_k16_s4,rr_k16,no_trivial,4,0.369680974067,-1268.46888141,0.933672786377,-1358.5796865
20,1,6,4.0,er_k4_s0,er_k4,no_trivial,0,1,-969.358586513,0.713508818176,-1358.5796865
20,1,6,4.0,er_k4_s1,er_k4,no_trivial,1,1,-987.40947464,0.726795405857,-1358.5796865
20,1,6,4.0,er_k4_s2,er_k4,no_trivial,2,1,-1009.07881104,0.742745398794,-1358.5796865
20,1,6,4.0,er_k4_s3,er_k4,no_trivial,3,1,-977.873117229,0.719776047696,-1358.5796865
20,1,6,4.0,er_k4_s4,er_k4,no_trivial,4,1,-975.772466242,0.718229836599,-1358.5796865
20,1,6,4.0,er_k6_s0,er_k6,no_trivial,0,0.829378254881,-1077.93043018,0.793424515979,-1358.5796865
20,1,6,4.0,er_k6_s1,er_k6,no_trivial,1,0.824212266122,-1071.13424454,0.788422096383,-1358.5796865
20,1,6,4.0,er_k6_s2,er_k6,no_trivial,2,0.810248619965,-1052.79998265,0.774926927813,-1358.5796865
20,1,6,4.0,er_k6_s3,er_k6,no_trivial,3,0.840900646572,-1093.50471682,0.804888169373,-1358.5796865
20,1,6,4.0,er_k6_s4,er_k6,no_trivial,4,0.845528113674,-1098.45724025,0.808533537756,-1358.5796865
20,1,6,4.0,er_k8_s0,er_k8,no_trivial,0,0.643874043688,-1112.13271789,0.818599548443,-1358.5796865
20,1,6,4.0,er_k8_s1,er_k8,no_trivial,1,0.638686538033,-1102.7749054,0.811711610556,-1358.5796865
20,1,6,4.0,er_k8_s2,er_k8,no_trivial,2,0.662648577135,-1144.64583924,0.842531248343,-1358.5796865
20,1,6,4.0,er_k8_s3,er_k8,no_trivial,3,0.642661619046,-1110.94060434,0.817722077971,-1358.5796865
20,1,6,4.0,er_k8_s4,er_k8,no_trivial,4,0.655499494133,-1133.24420991,0.834138932864,-1358.5796865
20,1,6,4.0,er_k12_s0,er_k12,no_trivial,0,0.459939424562,-1186.39648018,0.873262342992,-1358.5796865
20,1,6,4.0,er_k12_s1,er_k12,no_trivial,1,0.453294398539,-1168.97950752,0.860442356924,-1358.5796865
20,1,6,4.0,er_k12_s2,er_k12,no_trivial,2,0.457224505021,-1179.48626013,0.868175986912,-1358.5796865
20,1,6,4.0,er_k12_s3,er_k12,no_trivial,3,0.453742599877,-1169.88598341,0.861109580124,-1358.5796865
20,1,6,4.0,er_k12_s4,er_k12,no_trivial,4,0.453543363441,-1169.63465731,0.860924588324,-1358.5796865
20,1,6,4.0,er_k16_s0,er_k16,no_trivial,0,0.353265113038,-1211.91768815,0.892047555391,-1358.5796865
20,1,6,4.0,er_k16_s1,er_k16,no_trivial,1,0.348545107751,-1195.41274809,0.879898882609,-1358.5796865
20,1,6,4.0,er_k16_s2,er_k16,no_trivial,2,0.34991941245,-1200.16444538,0.883396430334,-1358.5796865
20,1,6,4.0,er_k16_s3,er_k16,no_trivial,3,0.353903052885,-1213.59455518,0.893281834871,-1358.5796865
20,1,6,4.0,er_k16_s4,er_k16,no_trivial,4,0.352649212243,-1209.68923841,0.890407276383,-1358.5796865
21,1,8,0.25,vacio,vacio,trivial,,0,0,-0,-191.439582002
21,1,8,0.25,clique_binaria_s2,clique_binaria,trivial,,1,-24.0087565312,0.125411663984,-191.439582002
21,1,8,0.25,clique_difusa_s2,clique_difusa,trivial,,1,-24.0087565312,0.125411663984,-191.439582002
21,1,8,0.25,clique_binaria_s3,clique_binaria,trivial,,1,-83.7548171258,0.4375,-191.439582002
21,1,8,0.25,clique_difusa_s3,clique_difusa,trivial,,1,-83.7548171258,0.4375,-191.439582002
21,1,8,0.25,clique_binaria_s4,clique_binaria,trivial,,1,-86.0291903095,0.44938037061,-191.439582002
21,1,8,0.25,clique_difusa_s4,clique_difusa,trivial,,0.856258737229,-96.6605566914,0.504914164984,-191.439582002
21,1,8,0.25,clique_binaria_s6,clique_binaria,trivial,,1,150.684614005,-0.787113158258,-191.439582002
21,1,8,0.25,clique_difusa_s6,clique_difusa,trivial,,0.599008981946,-109.80720411,0.573586731445,-191.439582002
21,1,8,0.25,clique_binaria_s8,clique_binaria,trivial,,1,754.462857284,-3.94099720337,-191.439582002
21,1,8,0.25,clique_difusa_s8,clique_difusa,trivial,,0.484081295608,-121.175829139,0.632971655455,-191.439582002
21,1,8,0.25,clique_binaria_s9,clique_binaria,trivial,,1,1202.80208999,-6.2829331187,-191.439582002
21,1,8,0.25,clique_difusa_s9,clique_difusa,trivial,,0.446012759702,-126.113165397,0.658762227114,-191.439582002
21,1,8,0.25,clique_binaria_s12,clique_binaria,trivial,,1,3156.24087564,-16.4868771789,-191.439582002
21,1,8,0.25,clique_difusa_s12,clique_difusa,trivial,,0.368186414458,-138.57945796,0.723880905456,-191.439582002
21,1,8,0.25,clique_binaria_s18,clique_binaria,trivial,,1,9891.68966279,-51.6700337483,-191.439582002
21,1,8,0.25,clique_difusa_s18,clique_difusa,trivial,,0.284337190361,-156.324040807,0.816571156142,-191.439582002
21,1,8,0.25,clique_binaria_s24,clique_binaria,trivial,,1,20496.8001626,-107.066678418,-191.439582002
21,1,8,0.25,clique_difusa_s24,clique_difusa,trivial,,0.237551438884,-168.2138495,0.878678524791,-191.439582002
21,1,8,0.25,clique_binaria_s27,clique_binaria,trivial,,1,27271.3455061,-142.454058983,-191.439582002
21,1,8,0.25,clique_difusa_s27,clique_difusa,trivial,,0.220725686198,-172.711846361,0.902174171898,-191.439582002
21,1,8,0.25,clique_binaria_s36,clique_binaria,trivial,,1,53540.0575768,-279.670781857,-191.439582002
21,1,8,0.25,clique_difusa_s36,clique_difusa,trivial,,0.184298498583,-182.271282614,0.952108653332,-191.439582002
21,1,8,0.25,clique_binaria_s54,clique_binaria,trivial,,1,133069.451991,-695.098947663,-191.439582002
21,1,8,0.25,clique_difusa_s54,clique_difusa,trivial,,0.142103948592,-190.532391381,0.995261217084,-191.439582002
21,1,8,0.25,clique_binaria_s72,clique_binaria,trivial,,1,248855.629029,-1299.9173234,-191.439582002
21,1,8,0.25,clique_difusa_s72,clique_difusa,trivial,,0.117276146164,-190.96263546,0.997508631513,-191.439582002
21,1,8,0.25,clique_binaria_s108,clique_binaria,trivial,,1,589826.536463,-3081.00618637,-191.439582002
21,1,8,0.25,clique_difusa_s108,clique_difusa,trivial,,0.0878425800337,-181.103425686,0.946008259066,-191.439582002
21,1,8,0.25,clique_binaria_s216,clique_binaria,trivial,,1,2492299.01433,-13018.723653,-191.439582002
21,1,8,0.25,clique_difusa_s216,clique_difusa,trivial,,0.0480044307668,-132.038687542,0.689714666954,-191.439582002
21,1,8,0.25,bipartita,bipartita,trivial,,0.0417886411804,-60.927838841,0.318261449403,-191.439582002
21,1,8,0.25,uniforme,uniforme,trivial,,0.0480044307668,-132.038687542,0.689714666954,-191.439582002
21,1,8,0.25,t3,t3,no_trivial,,0.752195541247,-60.927838841,0.318261449403,-191.439582002
21,1,8,0.25,tree,tree,no_trivial,,1,-38.5722090658,0.201485025523,-191.439582002
21,1,8,0.25,ring_k6,ring,no_trivial,,0.661859897167,-132.874836156,0.694082356256,-191.439582002
21,1,8,0.25,ws_k6_b0.1,ws,no_trivial,,0.71241074224,-126.523768765,0.660907046716,-191.439582002
21,1,8,0.25,tri_torus_12x18,tri_torus,no_trivial,,0.804410080135,-156.174189829,0.815788397548,-191.439582002
21,1,8,0.25,rgg3_k6_s0,rgg3_k6,no_trivial,0,0.651743781828,-109.047441823,0.56961805225,-191.439582002
21,1,8,0.25,rgg3_k6_s1,rgg3_k6,no_trivial,1,0.584943348262,-104.106884727,0.543810656285,-191.439582002
21,1,8,0.25,rgg3_k6_s2,rgg3_k6,no_trivial,2,0.638533996011,-107.013090171,0.558991453343,-191.439582002
21,1,8,0.25,rgg3_k6_s3,rgg3_k6,no_trivial,3,0.607689748289,-108.249096351,0.565447830689,-191.439582002
21,1,8,0.25,rgg3_k6_s4,rgg3_k6,no_trivial,4,0.673053124683,-110.036699684,0.574785519969,-191.439582002
21,1,8,0.25,rgg3_k8_s0,rgg3_k8,no_trivial,0,0.548524136707,-120.113304893,0.627421474894,-191.439582002
21,1,8,0.25,rgg3_k8_s1,rgg3_k8,no_trivial,1,0.558903546947,-123.380628296,0.644488600562,-191.439582002
21,1,8,0.25,rgg3_k8_s2,rgg3_k8,no_trivial,2,0.563754755427,-128.189243704,0.66960678854,-191.439582002
21,1,8,0.25,rgg3_k8_s3,rgg3_k8,no_trivial,3,0.584708023917,-121.604598289,0.635211365472,-191.439582002
21,1,8,0.25,rgg3_k8_s4,rgg3_k8,no_trivial,4,0.528328308391,-126.33127326,0.659901531017,-191.439582002
21,1,8,0.25,rgg3_k12_s0,rgg3_k12,no_trivial,0,0.449378901719,-147.39974117,0.769954361728,-191.439582002
21,1,8,0.25,rgg3_k12_s1,rgg3_k12,no_trivial,1,0.433780249027,-143.403565222,0.749080016382,-191.439582002
21,1,8,0.25,rgg3_k12_s2,rgg3_k12,no_trivial,2,0.417558125061,-140.176637611,0.732223901374,-191.439582002
21,1,8,0.25,rgg3_k12_s3,rgg3_k12,no_trivial,3,0.413829162171,-140.856600956,0.735775744406,-191.439582002
21,1,8,0.25,rgg3_k12_s4,rgg3_k12,no_trivial,4,0.449290221394,-145.593081126,0.760517128192,-191.439582002
21,1,8,0.25,rgg3_k16_s0,rgg3_k16,no_trivial,0,0.375243870451,-159.630140753,0.833840834187,-191.439582002
21,1,8,0.25,rgg3_k16_s1,rgg3_k16,no_trivial,1,0.36263627949,-157.28641196,0.821598178996,-191.439582002
21,1,8,0.25,rgg3_k16_s2,rgg3_k16,no_trivial,2,0.341978299011,-148.98826872,0.778252162705,-191.439582002
21,1,8,0.25,rgg3_k16_s3,rgg3_k16,no_trivial,3,0.348349048851,-148.492861045,0.77566436101,-191.439582002
21,1,8,0.25,rgg3_k16_s4,rgg3_k16,no_trivial,4,0.385440169445,-160.572874638,0.838765280194,-191.439582002
21,1,8,0.25,rr_k4_s0,rr_k4,no_trivial,0,1,-63.6167537496,0.332307211938,-191.439582002
21,1,8,0.25,rr_k4_s1,rr_k4,no_trivial,1,1,-62.4578706662,0.32625369327,-191.439582002
21,1,8,0.25,rr_k4_s2,rr_k4,no_trivial,2,1,-61.8784291246,0.323226933937,-191.439582002
21,1,8,0.25,rr_k4_s3,rr_k4,no_trivial,3,1,-64.4879547605,0.336858000243,-191.439582002
21,1,8,0.25,rr_k4_s4,rr_k4,no_trivial,4,1,-63.0373122079,0.329280452604,-191.439582002
21,1,8,0.25,rr_k6_s0,rr_k6,no_trivial,0,0.831358327746,-68.9195470886,0.36000677795,-191.439582002
21,1,8,0.25,rr_k6_s1,rr_k6,no_trivial,1,0.835165071406,-69.3698161968,0.362358794725,-191.439582002
21,1,8,0.25,rr_k6_s2,rr_k6,no_trivial,2,0.817103052313,-67.0041280847,0.350001433267,-191.439582002
21,1,8,0.25,rr_k6_s3,rr_k6,no_trivial,3,0.82089500986,-67.8835979693,0.354595414696,-191.439582002
21,1,8,0.25,rr_k6_s4,rr_k6,no_trivial,4,0.827504661156,-68.4727948108,0.357673131621,-191.439582002
21,1,8,0.25,rr_k8_s0,rr_k8,no_trivial,0,0.702648961662,-75.8904328201,0.396419758268,-191.439582002
21,1,8,0.25,rr_k8_s1,rr_k8,no_trivial,1,0.725012712737,-78.9175757284,0.412232281868,-191.439582002
21,1,8,0.25,rr_k8_s2,rr_k8,no_trivial,2,0.690615945463,-74.3270044899,0.38825306508,-191.439582002
21,1,8,0.25,rr_k8_s3,rr_k8,no_trivial,3,0.696461799124,-75.1655065558,0.392633047825,-191.439582002
21,1,8,0.25,rr_k8_s4,rr_k8,no_trivial,4,0.680536476613,-73.380756079,0.383310260666,-191.439582002
21,1,8,0.25,rr_k12_s0,rr_k12,no_trivial,0,0.554785290775,-85.5301461136,0.446773573256,-191.439582002
21,1,8,0.25,rr_k12_s1,rr_k12,no_trivial,1,0.556176698257,-85.9733104343,0.449088477603,-191.439582002
21,1,8,0.25,rr_k12_s2,rr_k12,no_trivial,2,0.55690187802,-85.5054095928,0.446644360057,-191.439582002
21,1,8,0.25,rr_k12_s3,rr_k12,no_trivial,3,0.564506844104,-87.0324845087,0.454621158272,-191.439582002
21,1,8,0.25,rr_k12_s4,rr_k12,no_trivial,4,0.569125732505,-88.3972874049,0.461750315585,-191.439582002
21,1,8,0.25,rr_k16_s0,rr_k16,no_trivial,0,0.468951697467,-93.0812300257,0.486217265272,-191.439582002
21,1,8,0.25,rr_k16_s1,rr_k16,no_trivial,1,0.491254776906,-98.6445103825,0.515277506099,-191.439582002
21,1,8,0.25,rr_k16_s2,rr_k16,no_trivial,2,0.469796739311,-92.2809422412,0.482036897888,-191.439582002
21,1,8,0.25,rr_k16_s3,rr_k16,no_trivial,3,0.45849287943,-90.3909728048,0.472164491061,-191.439582002
21,1,8,0.25,rr_k16_s4,rr_k16,no_trivial,4,0.474477559627,-93.9775041188,0.490899024831,-191.439582002
21,1,8,0.25,er_k4_s0,er_k4,no_trivial,0,0.951658053021,-54.4596030898,0.284474101543,-191.439582002
21,1,8,0.25,er_k4_s1,er_k4,no_trivial,1,0.972857704755,-56.2975351486,0.294074686958,-191.439582002
21,1,8,0.25,er_k4_s2,er_k4,no_trivial,2,0.992442922123,-56.3555820723,0.294377899716,-191.439582002
21,1,8,0.25,er_k4_s3,er_k4,no_trivial,3,0.943303463896,-53.0496350769,0.277109020623,-191.439582002
21,1,8,0.25,er_k4_s4,er_k4,no_trivial,4,0.948081583945,-52.8340826113,0.275983065042,-191.439582002
21,1,8,0.25,er_k6_s0,er_k6,no_trivial,0,0.763164558948,-63.0324178139,0.329254886345,-191.439582002
21,1,8,0.25,er_k6_s1,er_k6,no_trivial,1,0.778572345355,-64.5786568353,0.3373317898,-191.439582002
21,1,8,0.25,er_k6_s2,er_k6,no_trivial,2,0.754646310613,-62.2769304169,0.325308537376,-191.439582002
21,1,8,0.25,er_k6_s3,er_k6,no_trivial,3,0.790937226746,-66.0417613004,0.344974433238,-191.439582002
21,1,8,0.25,er_k6_s4,er_k6,no_trivial,4,0.773062176124,-63.483944852,0.331613474017,-191.439582002
21,1,8,0.25,er_k8_s0,er_k8,no_trivial,0,0.643647238174,-69.0261065436,0.360563399803,-191.439582002
21,1,8,0.25,er_k8_s1,er_k8,no_trivial,1,0.67415308322,-73.2668916786,0.382715480845,-191.439582002
21,1,8,0.25,er_k8_s2,er_k8,no_trivial,2,0.674280122137,-72.7850113225,0.380198340183,-191.439582002
21,1,8,0.25,er_k8_s3,er_k8,no_trivial,3,0.658247230909,-72.145093559,0.376855678458,-191.439582002
21,1,8,0.25,er_k8_s4,er_k8,no_trivial,4,0.664542015879,-72.6614265342,0.379552785136,-191.439582002
21,1,8,0.25,er_k12_s0,er_k12,no_trivial,0,0.529135795785,-81.0505997219,0.423374303654,-191.439582002
21,1,8,0.25,er_k12_s1,er_k12,no_trivial,1,0.53766282933,-83.2478252536,0.434851687321,-191.439582002
21,1,8,0.25,er_k12_s2,er_k12,no_trivial,2,0.543566539535,-85.4314181713,0.446257859936,-191.439582002
21,1,8,0.25,er_k12_s3,er_k12,no_trivial,3,0.5465930845,-85.0171242314,0.444093762337,-191.439582002
21,1,8,0.25,er_k12_s4,er_k12,no_trivial,4,0.541590963415,-84.4034683068,0.440888281432,-191.439582002
21,1,8,0.25,er_k16_s0,er_k16,no_trivial,0,0.462690047024,-92.8151908696,0.484827588417,-191.439582002
21,1,8,0.25,er_k16_s1,er_k16,no_trivial,1,0.464360038406,-93.5050531925,0.488431139552,-191.439582002
21,1,8,0.25,er_k16_s2,er_k16,no_trivial,2,0.4636945411,-92.7386314982,0.484427674405,-191.439582002
21,1,8,0.25,er_k16_s3,er_k16,no_trivial,3,0.476400447769,-96.3945303602,0.503524555122,-191.439582002
21,1,8,0.25,er_k16_s4,er_k16,no_trivial,4,0.465567160048,-93.8282906421,0.490119596277,-191.439582002
22,1,8,1.0,vacio,vacio,trivial,,0,0,-0,-515.439582002
22,1,8,1.0,clique_binaria_s2,clique_binaria,trivial,,1,-99.9462565312,0.193904892098,-515.439582002
22,1,8,1.0,clique_difusa_s2,clique_difusa,trivial,,1,-99.9462565312,0.193904892098,-515.439582002
22,1,8,1.0,clique_binaria_s3,clique_binaria,trivial,,1,-225.504817126,0.4375,-515.439582002
22,1,8,1.0,clique_difusa_s3,clique_difusa,trivial,,1,-225.504817126,0.4375,-515.439582002
22,1,8,1.0,clique_binaria_s4,clique_binaria,trivial,,1,-283.466690309,0.549951342907,-515.439582002
22,1,8,1.0,clique_difusa_s4,clique_difusa,trivial,,0.996322515833,-283.475904659,0.54996921959,-515.439582002
22,1,8,1.0,clique_binaria_s6,clique_binaria,trivial,,1,-127.752885995,0.247852300164,-515.439582002
22,1,8,1.0,clique_difusa_s6,clique_difusa,trivial,,0.69111097722,-319.228656936,0.619332833727,-515.439582002
22,1,8,1.0,clique_binaria_s8,clique_binaria,trivial,,1,435.525357284,-0.844959084424,-515.439582002
22,1,8,1.0,clique_difusa_s8,clique_difusa,trivial,,0.553979232214,-349.464077229,0.677992318462,-515.439582002
22,1,8,1.0,clique_binaria_s9,clique_binaria,trivial,,1,878.802089991,-1.70495654714,-515.439582002
22,1,8,1.0,clique_difusa_s9,clique_difusa,trivial,,0.508462870922,-362.382351579,0.703054953933,-515.439582002
22,1,8,1.0,clique_binaria_s12,clique_binaria,trivial,,1,2877.80337564,-5.58320213683,-515.439582002
22,1,8,1.0,clique_difusa_s12,clique_difusa,trivial,,0.415290413559,-394.374011665,0.765121704727,-515.439582002
22,1,8,1.0,clique_binaria_s18,clique_binaria,trivial,,1,9977.75216279,-19.3577530931,-515.439582002
22,1,8,1.0,clique_difusa_s18,clique_difusa,trivial,,0.314790632459,-438.150444998,0.850051995029,-515.439582002
22,1,8,1.0,clique_binaria_s24,clique_binaria,trivial,,1,21311.8626626,-41.3469655936,-515.439582002
22,1,8,1.0,clique_difusa_s24,clique_difusa,trivial,,0.258721956681,-466.075081895,0.904228348326,-515.439582002
22,1,8,1.0,clique_binaria_s27,clique_binaria,trivial,,1,28587.5955061,-55.4625537199,-515.439582002
22,1,8,1.0,clique_difusa_s27,clique_difusa,trivial,,0.238574306615,-476.276096549,0.924019251102,-515.439582002
22,1,8,1.0,clique_binaria_s36,clique_binaria,trivial,,1,56906.6200768,-110.404055226,-515.439582002
22,1,8,1.0,clique_difusa_s36,clique_difusa,trivial,,0.195023805263,-497.114069323,0.964446826905,-515.439582002
22,1,8,1.0,clique_binaria_s54,clique_binaria,trivial,,1,142997.014491,-277.427305709,-515.439582002
22,1,8,1.0,clique_difusa_s54,clique_difusa,trivial,,0.144829202889,-513.765848473,0.996752803651,-515.439582002
22,1,8,1.0,clique_binaria_s72,clique_binaria,trivial,,1,268624.691529,-521.156505842,-515.439582002
22,1,8,1.0,clique_difusa_s72,clique_difusa,trivial,,0.115583804229,-514.620420706,0.998410752056,-515.439582002
22,1,8,1.0,clique_binaria_s108,clique_binaria,trivial,,1,639120.098963,-1239.95153124,-515.439582002
22,1,8,1.0,clique_difusa_s108,clique_difusa,trivial,,0.0816332621026,-499.80647887,0.969670348033,-515.439582002
22,1,8,1.0,clique_binaria_s216,clique_binaria,trivial,,1,2708898.07683,-5255.51038651,-515.439582002
22,1,8,1.0,clique_difusa_s216,clique_difusa,trivial,,0.0403205372489,-447.659276627,0.868499999337,-515.439582002
22,1,8,1.0,bipartita,bipartita,trivial,,0.0620829309921,-362.067653546,0.702444410923,-515.439582002
22,1,8,1.0,uniforme,uniforme,trivial,,0.0403205372489,-447.659276627,0.868499999337,-515.439582002
22,1,8,1.0,t3,t3,no_trivial,,1,-358.065235124,0.694679352589,-515.439582002
22,1,8,1.0,tree,tree,no_trivial,,1,-174.134709066,0.337837285195,-515.439582002
22,1,8,1.0,ring_k6,ring,no_trivial,,0.750915953468,-386.058678785,0.74898919731,-515.439582002
22,1,8,1.0,ws_k6_b0.1,ws,no_trivial,,0.811844073163,-390.010894155,0.756656857124,-515.439582002
22,1,8,1.0,tri_torus_12x18,tri_torus,no_trivial,,0.890726487538,-437.790595021,0.849353853115,-515.439582002
22,1,8,1.0,rgg3_k6_s0,rgg3_k6,no_trivial,0,0.746328818377,-344.048864831,0.667486310412,-515.439582002
22,1,8,1.0,rgg3_k6_s1,rgg3_k6,no_trivial,1,0.670595488776,-328.665969425,0.637642084351,-515.439582002
22,1,8,1.0,rgg3_k6_s2,rgg3_k6,no_trivial,2,0.733459792193,-337.304958234,0.654402513917,-515.439582002
22,1,8,1.0,rgg3_k6_s3,rgg3_k6,no_trivial,3,0.694518261638,-338.841833686,0.65738419306,-515.439582002
22,1,8,1.0,rgg3_k6_s4,rgg3_k6,no_trivial,4,0.769089157276,-344.034323538,0.667458098972,-515.439582002
22,1,8,1.0,rgg3_k8_s0,rgg3_k8,no_trivial,0,0.622232828663,-372.601335996,0.722880719694,-515.439582002
22,1,8,1.0,rgg3_k8_s1,rgg3_k8,no_trivial,1,0.629842440963,-376.504257547,0.730452744984,-515.439582002
22,1,8,1.0,rgg3_k8_s2,rgg3_k8,no_trivial,2,0.633980053788,-387.256141837,0.751312385309,-515.439582002
22,1,8,1.0,rgg3_k8_s3,rgg3_k8,no_trivial,3,0.662117400264,-375.548484201,0.72859845715,-515.439582002
22,1,8,1.0,rgg3_k8_s4,rgg3_k8,no_trivial,4,0.592358374939,-380.885519865,0.738952795176,-515.439582002
22,1,8,1.0,rgg3_k12_s0,rgg3_k12,no_trivial,0,0.492451593888,-432.495232184,0.839080364189,-515.439582002
22,1,8,1.0,rgg3_k12_s1,rgg3_k12,no_trivial,1,0.474242806097,-424.699275954,0.823955495044,-515.439582002
22,1,8,1.0,rgg3_k12_s2,rgg3_k12,no_trivial,2,0.457580799597,-416.310999526,0.807681470463,-515.439582002
22,1,8,1.0,rgg3_k12_s3,rgg3_k12,no_trivial,3,0.452981131178,-417.816356331,0.810602000545,-515.439582002
22,1,8,1.0,rgg3_k12_s4,rgg3_k12,no_trivial,4,0.490622383584,-426.202213473,0.82687133149,-515.439582002
22,1,8,1.0,rgg3_k16_s0,rgg3_k16,no_trivial,0,0.400178901545,-458.780096873,0.890075409209,-515.439582002
22,1,8,1.0,rgg3_k16_s1,rgg3_k16,no_trivial,1,0.387902492842,-454.819212157,0.88239093007,-515.439582002
22,1,8,1.0,rgg3_k16_s2,rgg3_k16,no_trivial,2,0.367747762047,-437.081647993,0.847978430945,-515.439582002
22,1,8,1.0,rgg3_k16_s3,rgg3_k16,no_trivial,3,0.374252838468,-435.651967606,0.845204720045,-515.439582002
22,1,8,1.0,rgg3_k16_s4,rgg3_k16,no_trivial,4,0.411527824168,-460.398632862,0.893215517276,-515.439582002
22,1,8,1.0,rr_k4_s0,rr_k4,no_trivial,0,1,-306.61675375,0.594864586376,-515.439582002
22,1,8,1.0,rr_k4_s1,rr_k4,no_trivial,1,1,-305.457870666,0.592616247049,-515.439582002
22,1,8,1.0,rr_k4_s2,rr_k4,no_trivial,2,1,-304.878429125,0.591492077385,-515.439582002
22,1,8,1.0,rr_k4_s3,rr_k4,no_trivial,3,1,-307.487954761,0.596554796134,-515.439582002
22,1,8,1.0,rr_k4_s4,rr_k4,no_trivial,4,1,-306.037312208,0.593740416713,-515.439582002
22,1,8,1.0,rr_k6_s0,rr_k6,no_trivial,0,1,-369.078701813,0.716046486727,-515.439582002
22,1,8,1.0,rr_k6_s1,rr_k6,no_trivial,1,1,-369.658143354,0.717170656391,-515.439582002
22,1,8,1.0,rr_k6_s2,rr_k6,no_trivial,2,1,-366.756858249,0.711541897548,-515.439582002
22,1,8,1.0,rr_k6_s3,rr_k6,no_trivial,3,1,-367.632136657,0.713240017829,-515.439582002
22,1,8,1.0,rr_k6_s4,rr_k6,no_trivial,4,1,-368.499260271,0.714922317063,-515.439582002
22,1,8,1.0,rr_k8_s0,rr_k8,no_trivial,0,0.879927852643,-388.622141451,0.753962549678,-515.439582002
22,1,8,1.0,rr_k8_s1,rr_k8,no_trivial,1,0.886541682593,-393.072624294,0.762596894028,-515.439582002
22,1,8,1.0,rr_k8_s2,rr_k8,no_trivial,2,0.876592170986,-386.270778176,0.749400689555,-515.439582002
22,1,8,1.0,rr_k8_s3,rr_k8,no_trivial,3,0.877785044504,-387.45553183,0.751699220159,-515.439582002
22,1,8,1.0,rr_k8_s4,rr_k8,no_trivial,4,0.87207371962,-384.471983574,0.745910863269,-515.439582002
22,1,8,1.0,rr_k12_s0,rr_k12,no_trivial,0,0.627884110975,-406.430071353,0.788511564778,-515.439582002
22,1,8,1.0,rr_k12_s1,rr_k12,no_trivial,1,0.628067903664,-406.926001241,0.789473714184,-515.439582002
22,1,8,1.0,rr_k12_s2,rr_k12,no_trivial,2,0.629073238256,-406.55641358,0.788756680271,-515.439582002
22,1,8,1.0,rr_k12_s3,rr_k12,no_trivial,3,0.63126473528,-408.445792463,0.792422248358,-515.439582002
22,1,8,1.0,rr_k12_s4,rr_k12,no_trivial,4,0.632182724209,-409.990325918,0.795418784731,-515.439582002
22,1,8,1.0,rr_k16_s0,rr_k16,no_trivial,0,0.490418830778,-416.699152503,0.808434522791,-515.439582002
22,1,8,1.0,rr_k16_s1,rr_k16,no_trivial,1,0.497237195283,-422.613283107,0.819908477858,-515.439582002
22,1,8,1.0,rr_k16_s2,rr_k16,no_trivial,2,0.490970478589,-415.930562221,0.806943387246,-515.439582002
22,1,8,1.0,rr_k16_s3,rr_k16,no_trivial,3,0.487436509876,-413.722822825,0.802660170602,-515.439582002
22,1,8,1.0,rr_k16_s4,rr_k16,no_trivial,4,0.492181766334,-417.720847474,0.810416704614,-515.439582002
22,1,8,1.0,er_k4_s0,er_k4,no_trivial,0,1,-275.570783859,0.53463256118,-515.439582002
22,1,8,1.0,er_k4_s1,er_k4,no_trivial,1,1,-279.87881034,0.54299052714,-515.439582002
22,1,8,1.0,er_k4_s2,er_k4,no_trivial,2,1,-283.132712137,0.549303394662,-515.439582002
22,1,8,1.0,er_k4_s3,er_k4,no_trivial,3,1,-275.564740355,0.534620836228,-515.439582002
22,1,8,1.0,er_k4_s4,er_k4,no_trivial,4,1,-275.113232765,0.533744870149,-515.439582002
22,1,8,1.0,er_k6_s0,er_k6,no_trivial,0,0.983681430431,-328.876670092,0.638050862945,-515.439582002
22,1,8,1.0,er_k6_s1,er_k6,no_trivial,1,0.982757526963,-329.455524309,0.639173893144,-515.439582002
22,1,8,1.0,er_k6_s2,er_k6,no_trivial,2,0.964439040881,-322.380081835,0.625446886681,-515.439582002
22,1,8,1.0,er_k6_s3,er_k6,no_trivial,3,0.998860277031,-335.98457941,0.651840858059,-515.439582002
22,1,8,1.0,er_k6_s4,er_k6,no_trivial,4,1,-334.455256488,0.648873831515,-515.439582002
22,1,8,1.0,er_k8_s0,er_k8,no_trivial,0,0.789022273506,-347.264053088,0.673724070122,-515.439582002
22,1,8,1.0,er_k8_s1,er_k8,no_trivial,1,0.791821739259,-350.18536074,0.679391674539,-515.439582002
22,1,8,1.0,er_k8_s2,er_k8,no_trivial,2,0.814193660586,-359.413604613,0.6972953129,-515.439582002
22,1,8,1.0,er_k8_s3,er_k8,no_trivial,3,0.787786539445,-349.988869028,0.67901046262,-515.439582002
22,1,8,1.0,er_k8_s4,er_k8,no_trivial,4,0.801626768024,-355.857468294,0.690396082723,-515.439582002
22,1,8,1.0,er_k12_s0,er_k12,no_trivial,0,0.592743471341,-382.600585696,0.742280179978,-515.439582002
22,1,8,1.0,er_k12_s1,er_k12,no_trivial,1,0.587976947425,-380.461779574,0.738130700201,-515.439582002
22,1,8,1.0,er_k12_s2,er_k12,no_trivial,2,0.592160806713,-384.997925622,0.746931239014,-515.439582002
22,1,8,1.0,er_k12_s3,er_k12,no_trivial,3,0.590746959443,-382.502287948,0.742089473343,-515.439582002
22,1,8,1.0,er_k12_s4,er_k12,no_trivial,4,0.588843032449,-381.702995688,0.740538773149,-515.439582002
22,1,8,1.0,er_k16_s0,er_k16,no_trivial,0,0.472459806979,-401.804190394,0.779536932017,-515.439582002
22,1,8,1.0,er_k16_s1,er_k16,no_trivial,1,0.468262523593,-398.100147529,0.772350749592,-515.439582002
22,1,8,1.0,er_k16_s2,er_k16,no_trivial,2,0.469562754441,-398.711200783,0.773536248875,-515.439582002
22,1,8,1.0,er_k16_s3,er_k16,no_trivial,3,0.476753492843,-405.438503191,0.786587831723,-515.439582002
22,1,8,1.0,er_k16_s4,er_k16,no_trivial,4,0.472549578099,-402.114172047,0.780138324817,-515.439582002
23,1,8,4.0,vacio,vacio,trivial,,0,0,-0,-1811.439582
23,1,8,4.0,clique_binaria_s2,clique_binaria,trivial,,1,-403.696256531,0.222859354815,-1811.439582
23,1,8,4.0,clique_difusa_s2,clique_difusa,trivial,,1,-403.696256531,0.222859354815,-1811.439582
23,1,8,4.0,clique_binaria_s3,clique_binaria,trivial,,1,-792.504817126,0.4375,-1811.439582
23,1,8,4.0,clique_difusa_s3,clique_difusa,trivial,,1,-792.504817126,0.4375,-1811.439582
23,1,8,4.0,clique_binaria_s4,clique_binaria,trivial,,1,-1073.21669031,0.592466180475,-1811.439582
23,1,8,4.0,clique_difusa_s4,clique_difusa,trivial,,1,-1073.21669031,0.592466180475,-1811.439582
23,1,8,4.0,clique_binaria_s6,clique_binaria,trivial,,1,-1241.50288599,0.685368089739,-1811.439582
23,1,8,4.0,clique_difusa_s6,clique_difusa,trivial,,0.877140349888,-1287.0959237,0.710537594791,-1811.439582
23,1,8,4.0,clique_binaria_s8,clique_binaria,trivial,,1,-840.224642716,0.463843592171,-1811.439582
23,1,8,4.0,clique_difusa_s8,clique_difusa,trivial,,0.691143306798,-1385.31508563,0.764759200028,-1811.439582
23,1,8,4.0,clique_binaria_s9,clique_binaria,trivial,,1,-417.197910009,0.230312903701,-1811.439582
23,1,8,4.0,clique_difusa_s9,clique_difusa,trivial,,0.629335674348,-1425.73065869,0.787070500642,-1811.439582
23,1,8,4.0,clique_binaria_s12,clique_binaria,trivial,,1,1764.05337564,-0.973840581361,-1811.439582
23,1,8,4.0,clique_difusa_s12,clique_difusa,trivial,,0.502972246951,-1521.53877163,0.839961093238,-1811.439582
23,1,8,4.0,clique_binaria_s18,clique_binaria,trivial,,1,10322.0021628,-5.69823154211,-1811.439582
23,1,8,4.0,clique_difusa_s18,clique_difusa,trivial,,0.367606925352,-1641.69512904,0.906293064011,-1811.439582
23,1,8,4.0,clique_binaria_s24,clique_binaria,trivial,,1,24572.1126626,-13.5649639694,-1811.439582
23,1,8,4.0,clique_difusa_s24,clique_difusa,trivial,,0.293135087265,-1710.61986485,0.944342765746,-1811.439582
23,1,8,4.0,clique_binaria_s27,clique_binaria,trivial,,1,33852.5955061,-18.6882277734,-1811.439582
23,1,8,4.0,clique_difusa_s27,clique_difusa,trivial,,0.266703072065,-1734.02010422,0.95726080044,-1811.439582
23,1,8,4.0,clique_binaria_s36,clique_binaria,trivial,,1,70372.8700768,-38.8491400851,-1811.439582
23,1,8,4.0,clique_difusa_s36,clique_difusa,trivial,,0.21048468629,-1778.22331541,0.981663055772,-1811.439582
23,1,8,4.0,clique_binaria_s54,clique_binaria,trivial,,1,182707.264491,-100.863018732,-1811.439582
23,1,8,4.0,clique_difusa_s54,clique_difusa,trivial,,0.148147095075,-1808.79698833,0.998541163782,-1811.439582
23,1,8,4.0,clique_binaria_s72,clique_binaria,trivial,,1,347700.941529,-191.947302567,-1811.439582
23,1,8,4.0,clique_difusa_s72,clique_difusa,trivial,,0.113833855428,-1810.27581133,0.999357543754,-1811.439582
23,1,8,4.0,clique_binaria_s108,clique_binaria,trivial,,1,836294.348963,-461.673884833,-1811.439582
23,1,8,4.0,clique_difusa_s108,clique_difusa,trivial,,0.0769720301585,-1792.25750586,0.989410590155,-1811.439582
23,1,8,4.0,clique_binaria_s216,clique_binaria,trivial,,1,3575294.32683,-1973.7309278,-1811.439582
23,1,8,4.0,clique_difusa_s216,clique_difusa,trivial,,0.0379586910664,-1741.46478748,0.961370616378,-1811.439582
23,1,8,4.0,bipartita,bipartita,trivial,,0.0706620300079,-1648.40386048,0.909996599864,-1811.439582
23,1,8,4.0,uniforme,uniforme,trivial,,0.0379586910664,-1741.46478748,0.961370616378,-1811.439582
23,1,8,4.0,t3,t3,no_trivial,,1,-1573.06523512,0.86840612889,-1811.439582
23,1,8,4.0,tree,tree,no_trivial,,1,-716.384709066,0.395478113752,-1811.439582
23,1,8,4.0,ring_k6,ring,no_trivial,,0.914901168297,-1507.18813068,0.832038863265,-1811.439582
23,1,8,4.0,ws_k6_b0.1,ws,no_trivial,,0.97814426691,-1542.33763327,0.851443044856,-1811.439582
23,1,8,4.0,tri_torus_12x18,tri_torus,no_trivial,,1,-1636.96599818,0.90368236095,-1811.439582
23,1,8,4.0,rgg3_k6_s0,rgg3_k6,no_trivial,0,0.9001054704,-1372.10864683,0.757468623556,-1811.439582
23,1,8,4.0,rgg3_k6_s1,rgg3_k6,no_trivial,1,0.810493828841,-1312.87370408,0.724768144145,-1811.439582
23,1,8,4.0,rgg3_k6_s2,rgg3_k6,no_trivial,2,0.890809690053,-1351.12703297,0.745885784102,-1811.439582
23,1,8,4.0,rgg3_k6_s3,rgg3_k6,no_trivial,3,0.836701221721,-1346.867735,0.743534450934,-1811.439582
23,1,8,4.0,rgg3_k6_s4,rgg3_k6,no_trivial,4,0.926650806514,-1367.07095025,0.754687577675,-1811.439582
23,1,8,4.0,rgg3_k8_s0,rgg3_k8,no_trivial,0,0.740110676295,-1464.55057251,0.808500922174,-1811.439582
23,1,8,4.0,rgg3_k8_s1,rgg3_k8,no_trivial,1,0.743259923409,-1464.52130502,0.808484765142,-1811.439582
23,1,8,4.0,rgg3_k8_s2,rgg3_k8,no_trivial,2,0.747453264603,-1500.21665303,0.828190279123,-1811.439582
23,1,8,4.0,rgg3_k8_s3,rgg3_k8,no_trivial,3,0.786046478157,-1472.15341913,0.812698051737,-1811.439582
23,1,8,4.0,rgg3_k8_s4,rgg3_k8,no_trivial,4,0.694565384851,-1469.73261816,0.81136165554,-1811.439582
23,1,8,4.0,rgg3_k12_s0,rgg3_k12,no_trivial,0,0.556782997296,-1621.28185716,0.895023976106,-1811.439582
23,1,8,4.0,rgg3_k12_s1,rgg3_k12,no_trivial,1,0.532745216754,-1592.87299343,0.879340944771,-1811.439582
23,1,8,4.0,rgg3_k12_s2,rgg3_k12,no_trivial,2,0.515827096634,-1565.48413927,0.864221006773,-1811.439582
23,1,8,4.0,rgg3_k12_s3,rgg3_k12,no_trivial,3,0.509766415748,-1569.21381507,0.866279963552,-1811.439582
23,1,8,4.0,rgg3_k12_s4,rgg3_k12,no_trivial,4,0.55152288596,-1592.10900787,0.878919188742,-1811.439582
23,1,8,4.0,rgg3_k16_s0,rgg3_k16,no_trivial,0,0.433846804666,-1678.24808873,0.926472020044,-1811.439582
23,1,8,4.0,rgg3_k16_s1,rgg3_k16,no_trivial,1,0.422115742784,-1669.73901938,0.92177461284,-1811.439582
23,1,8,4.0,rgg3_k16_s2,rgg3_k16,no_trivial,2,0.402557893477,-1616.726285,0.892509085628,-1811.439582
23,1,8,4.0,rgg3_k16_s3,rgg3_k16,no_trivial,3,0.409075418276,-1610.63136503,0.889144402624,-1811.439582
23,1,8,4.0,rgg3_k16_s4,rgg3_k16,no_trivial,4,0.44714191493,-1683.84976068,0.929564406903,-1811.439582
23,1,8,4.0,rr_k4_s0,rr_k4,no_trivial,0,1,-1278.61675375,0.705856693457,-1811.439582
23,1,8,4.0,rr_k4_s1,rr_k4,no_trivial,1,1,-1277.45787067,0.705216935392,-1811.439582
23,1,8,4.0,rr_k4_s2,rr_k4,no_trivial,2,1,-1276.87842912,0.704897056359,-1811.439582
23,1,8,4.0,rr_k4_s3,rr_k4,no_trivial,3,1,-1279.48795476,0.706337637464,-1811.439582
23,1,8,4.0,rr_k4_s4,rr_k4,no_trivial,4,1,-1278.03731221,0.705536814424,-1811.439582
23,1,8,4.0,rr_k6_s0,rr_k6,no_trivial,0,1,-1584.07870181,0.87448608143,-1811.439582
23,1,8,4.0,rr_k6_s1,rr_k6,no_trivial,1,1,-1584.65814335,0.874805960463,-1811.439582
23,1,8,4.0,rr_k6_s2,rr_k6,no_trivial,2,1,-1581.75685825,0.873204314384,-1811.439582
23,1,8,4.0,rr_k6_s3,rr_k6,no_trivial,3,1,-1582.63213666,0.873687509306,-1811.439582
23,1,8,4.0,rr_k6_s4,rr_k6,no_trivial,4,1,-1583.49926027,0.874166202397,-1811.439582
23,1,8,4.0,rr_k8_s0,rr_k8,no_trivial,0,0.962559662291,-1678.82896771,0.926792692614,-1811.439582
23,1,8,4.0,rr_k8_s1,rr_k8,no_trivial,1,0.964170034857,-1683.83566205,0.929556623792,-1811.439582
23,1,8,4.0,rr_k8_s2,rr_k8,no_trivial,2,0.961817575995,-1676.19718584,0.925339825017,-1811.439582
23,1,8,4.0,rr_k8_s3,rr_k8,no_trivial,3,0.961965126489,-1677.46494243,0.926039686389,-1811.439582
23,1,8,4.0,rr_k8_s4,rr_k8,no_trivial,4,0.960357130128,-1673.93511313,0.924091054299,-1811.439582
23,1,8,4.0,rr_k12_s0,rr_k12,no_trivial,0,0.655582962014,-1701.18040405,0.939131738621,-1811.439582
23,1,8,4.0,rr_k12_s1,rr_k12,no_trivial,1,0.655599902515,-1701.68420395,0.939409859903,-1811.439582
23,1,8,4.0,rr_k12_s2,rr_k12,no_trivial,2,0.655983125252,-1701.38865013,0.93924670027,-1811.439582
23,1,8,4.0,rr_k12_s3,rr_k12,no_trivial,3,0.656568140129,-1703.40626987,0.940360521432,-1811.439582
23,1,8,4.0,rr_k12_s4,rr_k12,no_trivial,4,0.656752150524,-1704.99626127,0.9412382716,-1811.439582
23,1,8,4.0,rr_k16_s0,rr_k16,no_trivial,0,0.497425441187,-1712.5714028,0.945420106644,-1811.439582
23,1,8,4.0,rr_k16_s1,rr_k16,no_trivial,1,0.499257789803,-1718.60265619,0.948749642695,-1811.439582
23,1,8,4.0,rr_k16_s2,rr_k16,no_trivial,2,0.497600488949,-1711.81834236,0.945004381799,-1811.439582
23,1,8,4.0,rr_k16_s3,rr_k16,no_trivial,3,0.496635758546,-1709.50397613,0.943726742594,-1811.439582
23,1,8,4.0,rr_k16_s4,rr_k16,no_trivial,4,0.497908413242,-1713.63614462,0.9460078943,-1811.439582
23,1,8,4.0,er_k4_s0,er_k4,no_trivial,0,1,-1160.75828386,0.640793264866,-1811.439582
23,1,8,4.0,er_k4_s1,er_k4,no_trivial,1,1,-1174.44131034,0.648346940195,-1811.439582
23,1,8,4.0,er_k4_s2,er_k4,no_trivial,2,1,-1190.25771214,0.657078339219,-1811.439582
23,1,8,4.0,er_k4_s3,er_k4,no_trivial,3,1,-1166.56474035,0.643998702438,-1811.439582
23,1,8,4.0,er_k4_s4,er_k4,no_trivial,4,1,-1164.98823277,0.643128395968,-1811.439582
23,1,8,4.0,er_k6_s0,er_k6,no_trivial,0,1,-1425.6473028,0.787024484263,-1811.439582
23,1,8,4.0,er_k6_s1,er_k6,no_trivial,1,1,-1418.8990784,0.783299146435,-1811.439582
23,1,8,4.0,er_k6_s2,er_k6,no_trivial,2,1,-1397.74591509,0.7716216036,-1811.439582
23,1,8,4.0,er_k6_s3,er_k6,no_trivial,3,1,-1442.98406431,0.796595193487,-1811.439582
23,1,8,4.0,er_k6_s4,er_k6,no_trivial,4,1,-1447.83025649,0.799270519908,-1811.439582
23,1,8,4.0,er_k8_s0,er_k8,no_trivial,0,0.854699146702,-1488.74378146,0.821856713439,-1811.439582
23,1,8,4.0,er_k8_s1,er_k8,no_trivial,1,0.847397594726,-1478.08725462,0.815973808517,-1811.439582
23,1,8,4.0,er_k8_s2,er_k8,no_trivial,2,0.879042195657,-1532.63939668,0.846089161298,-1811.439582
23,1,8,4.0,er_k8_s3,er_k8,no_trivial,3,0.850959091845,-1486.86871025,0.820821585785,-1811.439582
23,1,8,4.0,er_k8_s4,er_k8,no_trivial,4,0.867997875042,-1516.31468901,0.837077153483,-1811.439582
23,1,8,4.0,er_k12_s0,er_k12,no_trivial,0,0.616175768528,-1597.4573595,0.881871730842,-1811.439582
23,1,8,4.0,er_k12_s1,er_k12,no_trivial,1,0.607216679347,-1575.12669273,0.869544150621,-1811.439582
23,1,8,4.0,er_k12_s2,er_k12,no_trivial,2,0.611748243433,-1589.05553557,0.87723352816,-1811.439582
23,1,8,4.0,er_k12_s3,er_k12,no_trivial,3,0.607887107167,-1577.01565286,0.870586945614,-1811.439582
23,1,8,4.0,er_k12_s4,er_k12,no_trivial,4,0.607338868933,-1576.19766224,0.87013537625,-1811.439582
23,1,8,4.0,er_k16_s0,er_k16,no_trivial,0,0.475754919656,-1638.07876422,0.904296660232,-1811.439582
23,1,8,4.0,er_k16_s1,er_k16,no_trivial,1,0.469588769821,-1616.53270639,0.892402221113,-1811.439582
23,1,8,4.0,er_k16_s2,er_k16,no_trivial,2,0.471514669348,-1622.71552724,0.895815429543,-1811.439582
23,1,8,4.0,er_k16_s3,er_k16,no_trivial,3,0.47687513909,-1641.61482372,0.906248731687,-1811.439582
23,1,8,4.0,er_k16_s4,er_k16,no_trivial,4,0.474937792063,-1635.42403745,0.902831125973,-1811.439582
24,1,12,0.25,vacio,vacio,trivial,,0,0,-0,-287.159373003
24,1,12,0.25,clique_binaria_s2,clique_binaria,trivial,,1,-25.0058376875,0.0870799982114,-287.159373003
24,1,12,0.25,clique_difusa_s2,clique_difusa,trivial,,1,-25.0058376875,0.0870799982114,-287.159373003
24,1,12,0.25,clique_binaria_s3,clique_binaria,trivial,,1,-87.7431417509,0.305555555556,-287.159373003
24,1,12,0.25,clique_difusa_s3,clique_difusa,trivial,,1,-87.7431417509,0.305555555556,-287.159373003
24,1,12,0.25,clique_binaria_s4,clique_binaria,trivial,,1,-95.0029207158,0.33083691374,-287.159373003
24,1,12,0.25,clique_difusa_s4,clique_difusa,trivial,,0.873185093654,-103.37102924,0.359977904114,-287.159373003
24,1,12,0.25,clique_binaria_s6,clique_binaria,trivial,,1,125.757585099,-0.43793654995,-287.159373003
24,1,12,0.25,clique_difusa_s6,clique_difusa,trivial,,0.613174814342,-118.964909658,0.414281826896,-287.159373003
24,1,12,0.25,clique_binaria_s8,clique_binaria,trivial,,1,705.605880628,-2.45719258003,-287.159373003
24,1,12,0.25,clique_difusa_s8,clique_difusa,trivial,,0.497358425026,-132.942321365,0.462956580433,-287.159373003
24,1,12,0.25,clique_binaria_s9,clique_binaria,trivial,,1,1138.98889599,-3.96639985691,-287.159373003
24,1,12,0.25,clique_difusa_s9,clique_difusa,trivial,,0.459045005725,-139.182805948,0.484688361353,-287.159373003
24,1,12,0.25,clique_binaria_s12,clique_binaria,trivial,,1,3035.59405573,-10.5711125637,-287.159373003
24,1,12,0.25,clique_difusa_s12,clique_difusa,trivial,,0.380801299074,-155.50292746,0.54152133651,-287.159373003
24,1,12,0.25,clique_binaria_s18,clique_binaria,trivial,,1,9603.53320863,-33.4432169433,-287.159373003
24,1,12,0.25,clique_difusa_s18,clique_difusa,trivial,,0.296647754914,-180.648030813,0.629086311633,-287.159373003
24,1,12,0.25,clique_binaria_s24,clique_binaria,trivial,,1,19969.344231,-69.5409800562,-287.159373003
24,1,12,0.25,clique_difusa_s24,clique_difusa,trivial,,0.249778693367,-199.544452779,0.694890961393,-287.159373003
24,1,12,0.25,clique_binaria_s27,clique_binaria,trivial,,1,26597.3186445,-92.6221504329,-287.159373003
24,1,12,0.25,clique_difusa_s27,clique_difusa,trivial,,0.232943729087,-207.411442253,0.722286861416,-287.159373003
24,1,12,0.25,clique_binaria_s36,clique_binaria,trivial,,1,52318.6331604,-182.193715682,-287.159373003
24,1,12,0.25,clique_difusa_s36,clique_difusa,trivial,,0.19654884326,-226.595726862,0.789093960238,-287.159373003
24,1,12,0.25,clique_binaria_s54,clique_binaria,trivial,,1,130268.651023,-453.64582622,-287.159373003
24,1,12,0.25,clique_difusa_s54,clique_difusa,trivial,,0.154532414218,-252.229821919,0.878361793597,-287.159373003
24,1,12,0.25,clique_binaria_s72,clique_binaria,trivial,,1,243829.34292,-849.108076712,-287.159373003
24,1,12,0.25,clique_difusa_s72,clique_difusa,trivial,,0.129940855195,-267.923921746,0.933014719124,-287.159373003
24,1,12,0.25,clique_binaria_s108,clique_binaria,trivial,,1,578410.954305,-2014.25065202,-287.159373003
24,1,12,0.25,clique_difusa_s108,clique_difusa,trivial,,0.101063516873,-283.382461586,0.986847333669,-287.159373003
24,1,12,0.25,clique_binaria_s216,clique_binaria,trivial,,1,2446208.93788,-8518.64562979,-287.159373003
24,1,12,0.25,clique_difusa_s216,clique_difusa,trivial,,0.0635009026129,-278.082606942,0.96839119,-287.159373003
24,1,12,0.25,bipartita,bipartita,trivial,,0.0626829617706,-91.3917582615,0.318261449403,-287.159373003
24,1,12,0.25,uniforme,uniforme,trivial,,0.0635009026129,-278.082606942,0.96839119,-287.159373003
24,1,12,0.25,t3,t3,no_trivial,,1,-90.2101567493,0.314146655935,-287.159373003
24,1,12,0.25,tree,tree,no_trivial,,1,-43.6314727105,0.151941663106,-287.159373003
24,1,12,0.25,ring_k6,ring,no_trivial,,0.684976893346,-149.15613847,0.519419362532,-287.159373003
24,1,12,0.25,ws_k6_b0.1,ws,no_trivial,,0.744992808222,-145.943399473,0.50823136277,-287.159373003
24,1,12,0.25,tri_torus_12x18,tri_torus,no_trivial,,0.839165765722,-180.422899591,0.628302317645,-287.159373003
24,1,12,0.25,rgg3_k6_s0,rgg3_k6,no_trivial,0,0.683571062885,-126.519511067,0.440589870859,-287.159373003
24,1,12,0.25,rgg3_k6_s1,rgg3_k6,no_trivial,1,0.613144096385,-120.565040369,0.419854100907,-287.159373003
24,1,12,0.25,rgg3_k6_s2,rgg3_k6,no_trivial,2,0.668095314683,-123.296528167,0.429366197863,-287.159373003
24,1,12,0.25,rgg3_k6_s3,rgg3_k6,no_trivial,3,0.636881360061,-125.429799606,0.43679507409,-287.159373003
24,1,12,0.25,rgg3_k6_s4,rgg3_k6,no_trivial,4,0.705243299473,-127.445286577,0.443813779243,-287.159373003
24,1,12,0.25,rgg3_k8_s0,rgg3_k8,no_trivial,0,0.576668257443,-140.550139028,0.489449943976,-287.159373003
24,1,12,0.25,rgg3_k8_s1,rgg3_k8,no_trivial,1,0.587763570804,-144.781381372,0.504184766312,-287.159373003
24,1,12,0.25,rgg3_k8_s2,rgg3_k8,no_trivial,2,0.592205232675,-150.104572589,0.522722176953,-287.159373003
24,1,12,0.25,rgg3_k8_s3,rgg3_k8,no_trivial,3,0.614688453429,-142.371223374,0.495791664,-287.159373003
24,1,12,0.25,rgg3_k8_s4,rgg3_k8,no_trivial,4,0.555852206332,-148.647086477,0.517646646607,-287.159373003
24,1,12,0.25,rgg3_k12_s0,rgg3_k12,no_trivial,0,0.476841418538,-178.517190157,0.621665900332,-287.159373003
24,1,12,0.25,rgg3_k12_s1,rgg3_k12,no_trivial,1,0.462061132213,-175.433038906,0.610925692837,-287.159373003
24,1,12,0.25,rgg3_k12_s2,rgg3_k12,no_trivial,2,0.44440920939,-170.992528153,0.59546211696,-287.159373003
24,1,12,0.25,rgg3_k12_s3,rgg3_k12,no_trivial,3,0.440633790263,-172.07442071,0.59922968528,-287.159373003
24,1,12,0.25,rgg3_k12_s4,rgg3_k12,no_trivial,4,0.477546918101,-177.286864714,0.617381431293,-287.159373003
24,1,12,0.25,rgg3_k16_s0,rgg3_k16,no_trivial,0,0.403127974667,-201.229342616,0.700758399461,-287.159373003
24,1,12,0.25,rgg3_k16_s1,rgg3_k16,no_trivial,1,0.389439733544,-197.841277988,0.688959848041,-287.159373003
24,1,12,0.25,rgg3_k16_s2,rgg3_k16,no_trivial,2,0.367339529515,-187.077969318,0.651477844382,-287.159373003
24,1,12,0.25,rgg3_k16_s3,rgg3_k16,no_trivial,3,0.374404581443,-186.783576736,0.65045265555,-287.159373003
24,1,12,0.25,rgg3_k16_s4,rgg3_k16,no_trivial,4,0.413541646721,-201.71135844,0.70243696499,-287.159373003
24,1,12,0.25,rr_k4_s0,rr_k4,no_trivial,0,1,-79.5700522498,0.277093696847,-287.159373003
24,1,12,0.25,rr_k4_s1,rr_k4,no_trivial,1,1,-78.4111691664,0.273058017736,-287.159373003
24,1,12,0.25,rr_k4_s2,rr_k4,no_trivial,2,1,-77.8317276247,0.27104017818,-287.159373003
24,1,12,0.25,rr_k4_s3,rr_k4,no_trivial,3,1,-80.4412532607,0.280127555718,-287.159373003
24,1,12,0.25,rr_k4_s4,rr_k4,no_trivial,4,1,-78.9906107081,0.275075857292,-287.159373003
24,1,12,0.25,rr_k6_s0,rr_k6,no_trivial,0,1,-101.223623438,0.352499806569,-287.159373003
24,1,12,0.25,rr_k6_s1,rr_k6,no_trivial,1,1,-101.80306498,0.354517646125,-287.159373003
24,1,12,0.25,rr_k6_s2,rr_k6,no_trivial,2,1,-98.9017798745,0.344414249273,-287.159373003
24,1,12,0.25,rr_k6_s3,rr_k6,no_trivial,3,1,-99.7770582822,0.347462307216,-287.159373003
24,1,12,0.25,rr_k6_s4,rr_k6,no_trivial,4,1,-100.644181896,0.350481967013,-287.159373003
24,1,12,0.25,rr_k8_s0,rr_k8,no_trivial,0,0.966150202426,-120.226890279,0.418676531509,-287.159373003
24,1,12,0.25,rr_k8_s1,rr_k8,no_trivial,1,0.979358799758,-125.290794172,0.436311003404,-287.159373003
24,1,12,0.25,rr_k8_s2,rr_k8,no_trivial,2,0.959495330508,-117.59323341,0.409505119686,-287.159373003
24,1,12,0.25,rr_k8_s3,rr_k8,no_trivial,3,0.96087790631,-118.860024413,0.413916575907,-287.159373003
24,1,12,0.25,rr_k8_s4,rr_k8,no_trivial,4,0.946072530426,-115.376854781,0.401786832079,-287.159373003
24,1,12,0.25,rr_k12_s0,rr_k12,no_trivial,0,0.793640041274,-151.275781212,0.526800778361,-287.159373003
24,1,12,0.25,rr_k12_s1,rr_k12,no_trivial,1,0.791682761889,-151.672440614,0.528182099813,-287.159373003
24,1,12,0.25,rr_k12_s2,rr_k12,no_trivial,2,0.800753377957,-152.177710767,0.529941645906,-287.159373003
24,1,12,0.25,rr_k12_s3,rr_k12,no_trivial,3,0.802929371317,-154.723420069,0.53880679029,-287.159373003
24,1,12,0.25,rr_k12_s4,rr_k12,no_trivial,4,0.799143596952,-156.187448823,0.543905104644,-287.159373003
24,1,12,0.25,rr_k16_s0,rr_k16,no_trivial,0,0.682227132505,-178.985847695,0.623297947141,-287.159373003
24,1,12,0.25,rr_k16_s1,rr_k16,no_trivial,1,0.69402906158,-189.780066304,0.660887591165,-287.159373003
24,1,12,0.25,rr_k16_s2,rr_k16,no_trivial,2,0.693827065542,-180.157860543,0.627379349173,-287.159373003
24,1,12,0.25,rr_k16_s3,rr_k16,no_trivial,3,0.680102234527,-174.384660146,0.607274832517,-287.159373003
24,1,12,0.25,rr_k16_s4,rr_k16,no_trivial,4,0.689338342384,-181.846558982,0.633260050265,-287.159373003
24,1,12,0.25,er_k4_s0,er_k4,no_trivial,0,1,-74.501731205,0.25944384272,-287.159373003
24,1,12,0.25,er_k4_s1,er_k4,no_trivial,1,1,-76.0043960395,0.264676702852,-287.159373003
24,1,12,0.25,er_k4_s2,er_k4,no_trivial,2,1,-75.4991132301,0.262917112684,-287.159373003
24,1,12,0.25,er_k4_s3,er_k4,no_trivial,3,1,-72.7563634798,0.253365797254,-287.159373003
24,1,12,0.25,er_k4_s4,er_k4,no_trivial,4,1,-72.6414992879,0.252965795712,-287.159373003
24,1,12,0.25,er_k6_s0,er_k6,no_trivial,0,1,-96.2647811695,0.335231199884,-287.159373003
24,1,12,0.25,er_k6_s1,er_k6,no_trivial,1,1,-99.0172388544,0.344816322097,-287.159373003
24,1,12,0.25,er_k6_s2,er_k6,no_trivial,2,1,-95.6474035462,0.333081252219,-287.159373003
24,1,12,0.25,er_k6_s3,er_k6,no_trivial,3,1,-100.446752107,0.349794440127,-287.159373003
24,1,12,0.25,er_k6_s4,er_k6,no_trivial,4,1,-97.0102983605,0.337827379082,-287.159373003
24,1,12,0.25,er_k8_s0,er_k8,no_trivial,0,0.889471430971,-111.436289415,0.388064259404,-287.159373003
24,1,12,0.25,er_k8_s1,er_k8,no_trivial,1,0.905111511009,-119.033882817,0.414522018113,-287.159373003
24,1,12,0.25,er_k8_s2,er_k8,no_trivial,2,0.918838554853,-117.429236779,0.408934019985,-287.159373003
24,1,12,0.25,er_k8_s3,er_k8,no_trivial,3,0.879632928453,-115.106214922,0.400844359417,-287.159373003
24,1,12,0.25,er_k8_s4,er_k8,no_trivial,4,0.892110362751,-115.749584563,0.40308482134,-287.159373003
24,1,12,0.25,er_k12_s0,er_k12,no_trivial,0,0.761640295315,-145.33852029,0.506124939506,-287.159373003
24,1,12,0.25,er_k12_s1,er_k12,no_trivial,1,0.755124750772,-148.939791629,0.518665959157,-287.159373003
24,1,12,0.25,er_k12_s2,er_k12,no_trivial,2,0.748721567132,-150.527479509,0.524194902414,-287.159373003
24,1,12,0.25,er_k12_s3,er_k12,no_trivial,3,0.759673119193,-152.142054101,0.529817475606,-287.159373003
24,1,12,0.25,er_k12_s4,er_k12,no_trivial,4,0.752625270571,-150.257288615,0.523253993224,-287.159373003
24,1,12,0.25,er_k16_s0,er_k16,no_trivial,0,0.657127690399,-178.055041682,0.620056520601,-287.159373003
24,1,12,0.25,er_k16_s1,er_k16,no_trivial,1,0.653810916275,-179.759649981,0.625992625982,-287.159373003
24,1,12,0.25,er_k16_s2,er_k16,no_trivial,2,0.658899836804,-179.321301065,0.624466125519,-287.159373003
24,1,12,0.25,er_k16_s3,er_k16,no_trivial,3,0.665116869388,-184.992716002,0.644216185832,-287.159373003
24,1,12,0.25,er_k16_s4,er_k16,no_trivial,4,0.656160868608,-179.553163126,0.625273558891,-287.159373003
25,1,12,1.0,vacio,vacio,trivial,,0,0,-0,-773.159373003
25,1,12,1.0,clique_binaria_s2,clique_binaria,trivial,,1,-102.630837687,0.132742150288,-773.159373003
25,1,12,1.0,clique_difusa_s2,clique_difusa,trivial,,1,-102.630837687,0.132742150288,-773.159373003
25,1,12,1.0,clique_binaria_s3,clique_binaria,trivial,,1,-236.243141751,0.305555555556,-773.159373003
25,1,12,1.0,clique_difusa_s3,clique_difusa,trivial,,1,-236.243141751,0.305555555556,-773.159373003
25,1,12,1.0,clique_binaria_s4,clique_binaria,trivial,,1,-307.627920716,0.397884228605,-773.159373003
25,1,12,1.0,clique_difusa_s4,clique_difusa,trivial,,1,-307.627920716,0.397884228605,-773.159373003
25,1,12,1.0,clique_binaria_s6,clique_binaria,trivial,,1,-194.867414901,0.252040422332,-773.159373003
25,1,12,1.0,clique_difusa_s6,clique_difusa,trivial,,0.720628668566,-352.672352729,0.456144444527,-773.159373003
25,1,12,1.0,clique_binaria_s8,clique_binaria,trivial,,1,303.980880628,-0.393167167394,-773.159373003
25,1,12,1.0,clique_difusa_s8,clique_difusa,trivial,,0.581481278297,-391.869582621,0.506841921995,-773.159373003
25,1,12,1.0,clique_binaria_s9,clique_binaria,trivial,,1,706.98889599,-0.914415475873,-773.159373003
25,1,12,1.0,clique_difusa_s9,clique_difusa,trivial,,0.535382126536,-409.19283275,0.529247716626,-773.159373003
25,1,12,1.0,clique_binaria_s12,clique_binaria,trivial,,1,2552.96905573,-3.301995869,-773.159373003
25,1,12,1.0,clique_difusa_s12,clique_difusa,trivial,,0.441143979782,-453.952997554,0.587140262933,-773.159373003
25,1,12,1.0,clique_binaria_s18,clique_binaria,trivial,,1,9201.90820863,-11.9016965065,-773.159373003
25,1,12,1.0,clique_difusa_s18,clique_difusa,trivial,,0.339671928347,-521.259652123,0.674194312744,-773.159373003
25,1,12,1.0,clique_binaria_s24,clique_binaria,trivial,,1,19891.719231,-25.7278381735,-773.159373003
25,1,12,1.0,clique_difusa_s24,clique_difusa,trivial,,0.28312850865,-570.370233716,0.737713663744,-773.159373003
25,1,12,1.0,clique_binaria_s27,clique_binaria,trivial,,1,26772.8186445,-34.627813591,-773.159373003
25,1,12,1.0,clique_difusa_s27,clique_difusa,trivial,,0.262819122445,-590.403326819,0.763624354091,-773.159373003
25,1,12,1.0,clique_binaria_s36,clique_binaria,trivial,,1,53618.0081604,-69.3492312615,-773.159373003
25,1,12,1.0,clique_difusa_s36,clique_difusa,trivial,,0.218927114548,-638.118340438,0.825338685296,-773.159373003
25,1,12,1.0,clique_binaria_s54,clique_binaria,trivial,,1,135456.026023,-175.198064917,-773.159373003
25,1,12,1.0,clique_difusa_s54,clique_difusa,trivial,,0.168320443244,-698.904119592,0.90395867139,-773.159373003
25,1,12,1.0,clique_binaria_s72,clique_binaria,trivial,,1,255091.71792,-329.934198339,-773.159373003
25,1,12,1.0,clique_difusa_s72,clique_difusa,trivial,,0.138776522237,-733.948385411,0.9492847284,-773.159373003
25,1,12,1.0,clique_binaria_s108,clique_binaria,trivial,,1,608384.329305,-786.880881935,-773.159373003
25,1,12,1.0,clique_difusa_s108,clique_difusa,trivial,,0.10424649268,-766.010363036,0.990753510575,-773.159373003
25,1,12,1.0,clique_binaria_s216,clique_binaria,trivial,,1,2584803.31288,-3343.17011879,-773.159373003
25,1,12,1.0,clique_difusa_s216,clique_difusa,trivial,,0.06011304301,-758.864888166,0.981511593424,-773.159373003
25,1,12,1.0,bipartita,bipartita,trivial,,0.0931243964881,-543.101480319,0.702444410923,-773.159373003
25,1,12,1.0,uniforme,uniforme,trivial,,0.06011304301,-758.864888166,0.981511593424,-773.159373003
25,1,12,1.0,t3,t3,no_trivial,,1,-454.710156749,0.588119568393,-773.159373003
25,1,12,1.0,tree,tree,no_trivial,,1,-187.756472711,0.242843169554,-773.159373003
25,1,12,1.0,ring_k6,ring,no_trivial,,0.798006947206,-444.038778913,0.574317268106,-773.159373003
25,1,12,1.0,ws_k6_b0.1,ws,no_trivial,,0.876244077124,-460.156537241,0.595163886397,-773.159373003
25,1,12,1.0,tri_torus_12x18,tri_torus,no_trivial,,0.960982006838,-520.666586725,0.673427245282,-773.159373003
25,1,12,1.0,rgg3_k6_s0,rgg3_k6,no_trivial,0,0.808563881192,-407.830177977,0.52748526658,-773.159373003
25,1,12,1.0,rgg3_k6_s1,rgg3_k6,no_trivial,1,0.725800586522,-388.857875822,0.502946597299,-773.159373003
25,1,12,1.0,rgg3_k6_s2,rgg3_k6,no_trivial,2,0.791545784972,-397.023053865,0.51350739282,-773.159373003
25,1,12,1.0,rgg3_k6_s3,rgg3_k6,no_trivial,3,0.751743664045,-401.303941705,0.519044269161,-773.159373003
25,1,12,1.0,rgg3_k6_s4,rgg3_k6,no_trivial,4,0.8322444012,-407.299336957,0.52679867978,-773.159373003
25,1,12,1.0,rgg3_k8_s0,rgg3_k8,no_trivial,0,0.677162770691,-445.978490485,0.576826080182,-773.159373003
25,1,12,1.0,rgg3_k8_s1,rgg3_k8,no_trivial,1,0.686282124427,-452.410027687,0.585144594354,-773.159373003
25,1,12,1.0,rgg3_k8_s2,rgg3_k8,no_trivial,2,0.689847990436,-464.641577454,0.600964812274,-773.159373003
25,1,12,1.0,rgg3_k8_s3,rgg3_k8,no_trivial,3,0.72069287916,-449.864995437,0.581852863906,-773.159373003
25,1,12,1.0,rgg3_k8_s4,rgg3_k8,no_trivial,4,0.646277225918,-459.305692231,0.59406340823,-773.159373003
25,1,12,1.0,rgg3_k12_s0,rgg3_k12,no_trivial,0,0.545660548719,-537.738474551,0.695507929319,-773.159373003
25,1,12,1.0,rgg3_k12_s1,rgg3_k12,no_trivial,1,0.528531533789,-532.744539164,0.689048801277,-773.159373003
25,1,12,1.0,rgg3_k12_s2,rgg3_k12,no_trivial,2,0.50917042331,-520.671279669,0.67343331511,-773.159373003
25,1,12,1.0,rgg3_k12_s3,rgg3_k12,no_trivial,3,0.504460087999,-523.340495162,0.676885663468,-773.159373003
25,1,12,1.0,rgg3_k12_s4,rgg3_k12,no_trivial,4,0.545225550983,-532.784967725,0.689101091351,-773.159373003
25,1,12,1.0,rgg3_k16_s0,rgg3_k16,no_trivial,0,0.453197660248,-593.399000483,0.76749894162,-773.159373003
25,1,12,1.0,rgg3_k16_s1,rgg3_k16,no_trivial,1,0.438835961343,-586.755034903,0.758905673774,-773.159373003
25,1,12,1.0,rgg3_k16_s2,rgg3_k16,no_trivial,2,0.415770941152,-562.197714404,0.727143373068,-773.159373003
25,1,12,1.0,rgg3_k16_s3,rgg3_k16,no_trivial,3,0.423538033704,-561.248184203,0.725915256027,-773.159373003
25,1,12,1.0,rgg3_k16_s4,rgg3_k16,no_trivial,4,0.465122905941,-593.734940422,0.767933444454,-773.159373003
25,1,12,1.0,rr_k4_s0,rr_k4,no_trivial,0,1,-349.57005225,0.452131946473,-773.159373003
25,1,12,1.0,rr_k4_s1,rr_k4,no_trivial,1,1,-348.411169166,0.450633053588,-773.159373003
25,1,12,1.0,rr_k4_s2,rr_k4,no_trivial,2,1,-347.831727625,0.449883607145,-773.159373003
25,1,12,1.0,rr_k4_s3,rr_k4,no_trivial,3,1,-350.441253261,0.453258752978,-773.159373003
25,1,12,1.0,rr_k4_s4,rr_k4,no_trivial,4,1,-348.990610708,0.451382500031,-773.159373003
25,1,12,1.0,rr_k6_s0,rr_k6,no_trivial,0,1,-465.723623438,0.602364324485,-773.159373003
25,1,12,1.0,rr_k6_s1,rr_k6,no_trivial,1,1,-466.30306498,0.603113770927,-773.159373003
25,1,12,1.0,rr_k6_s2,rr_k6,no_trivial,2,1,-463.401779874,0.599361265032,-773.159373003
25,1,12,1.0,rr_k6_s3,rr_k6,no_trivial,3,1,-464.277058282,0.600493345219,-773.159373003
25,1,12,1.0,rr_k6_s4,rr_k6,no_trivial,4,1,-465.144181896,0.601614878042,-773.159373003
25,1,12,1.0,rr_k8_s0,rr_k8,no_trivial,0,1,-551.975601703,0.713922149788,-773.159373003
25,1,12,1.0,rr_k8_s1,rr_k8,no_trivial,1,1,-557.190575578,0.720667167771,-773.159373003
25,1,12,1.0,rr_k8_s2,rr_k8,no_trivial,2,1,-549.248293031,0.710394664036,-773.159373003
25,1,12,1.0,rr_k8_s3,rr_k8,no_trivial,3,1,-550.529036547,0.712051170522,-773.159373003
25,1,12,1.0,rr_k8_s4,rr_k8,no_trivial,4,1,-546.768782621,0.707187679168,-773.159373003
25,1,12,1.0,rr_k12_s0,rr_k12,no_trivial,0,0.891791172795,-626.626865318,0.810475675777,-773.159373003
25,1,12,1.0,rr_k12_s1,rr_k12,no_trivial,1,0.890007877111,-626.744904783,0.81062834736,-773.159373003
25,1,12,1.0,rr_k12_s2,rr_k12,no_trivial,2,0.896203836377,-628.311466477,0.812654529475,-773.159373003
25,1,12,1.0,rr_k12_s3,rr_k12,no_trivial,3,0.895753452022,-630.916837858,0.816024302218,-773.159373003
25,1,12,1.0,rr_k12_s4,rr_k12,no_trivial,4,0.891858950093,-631.816958074,0.81718851266,-773.159373003
25,1,12,1.0,rr_k16_s0,rr_k16,no_trivial,0,0.715291706818,-662.971884981,0.85748412052,-773.159373003
25,1,12,1.0,rr_k16_s1,rr_k16,no_trivial,1,0.720307150184,-674.354316793,0.872206094034,-773.159373003
25,1,12,1.0,rr_k16_s2,rr_k16,no_trivial,2,0.721769901867,-664.798446568,0.859846585039,-773.159373003
25,1,12,1.0,rr_k16_s3,rr_k16,no_trivial,3,0.715054886901,-658.294725065,0.851434708096,-773.159373003
25,1,12,1.0,rr_k16_s4,rr_k16,no_trivial,4,0.718887738986,-666.229164448,0.861697067528,-773.159373003
25,1,12,1.0,er_k4_s0,er_k4,no_trivial,0,1,-330.032981205,0.426862808276,-773.159373003
25,1,12,1.0,er_k4_s1,er_k4,no_trivial,1,1,-333.098146039,0.430827275295,-773.159373003
25,1,12,1.0,er_k4_s2,er_k4,no_trivial,2,1,-334.68661323,0.432881789857,-773.159373003
25,1,12,1.0,er_k4_s3,er_k4,no_trivial,3,1,-329.25636348,0.425858335263,-773.159373003
25,1,12,1.0,er_k4_s4,er_k4,no_trivial,4,1,-328.953999288,0.425467259112,-773.159373003
25,1,12,1.0,er_k6_s0,er_k6,no_trivial,0,1,-441.07728117,0.570486883521,-773.159373003
25,1,12,1.0,er_k6_s1,er_k6,no_trivial,1,1,-442.610988854,0.572470572445,-773.159373003
25,1,12,1.0,er_k6_s2,er_k6,no_trivial,2,1,-436.959903546,0.565161490378,-773.159373003
25,1,12,1.0,er_k6_s3,er_k6,no_trivial,3,1,-446.946752107,0.578078424337,-773.159373003
25,1,12,1.0,er_k6_s4,er_k6,no_trivial,4,1,-444.57279836,0.575007965866,-773.159373003
25,1,12,1.0,er_k8_s0,er_k8,no_trivial,0,1,-511.86320327,0.662040998458,-773.159373003
25,1,12,1.0,er_k8_s1,er_k8,no_trivial,1,1,-516.81421853,0.668444613848,-773.159373003
25,1,12,1.0,er_k8_s2,er_k8,no_trivial,2,1,-525.873018675,0.680161215187,-773.159373003
25,1,12,1.0,er_k8_s3,er_k8,no_trivial,3,1,-513.370557109,0.663990601466,-773.159373003
25,1,12,1.0,er_k8_s4,er_k8,no_trivial,4,1,-520.077533009,0.672665366507,-773.159373003
25,1,12,1.0,er_k12_s0,er_k12,no_trivial,0,0.846331592796,-593.016563986,0.767004300398,-773.159373003
25,1,12,1.0,er_k12_s1,er_k12,no_trivial,1,0.832383933197,-589.38794619,0.762311066476,-773.159373003
25,1,12,1.0,er_k12_s2,er_k12,no_trivial,2,0.82969741496,-593.016093527,0.767003691909,-773.159373003
25,1,12,1.0,er_k12_s3,er_k12,no_trivial,3,0.833483657826,-592.80940992,0.766736368489,-773.159373003
25,1,12,1.0,er_k12_s4,er_k12,no_trivial,4,0.829649165245,-590.287756774,0.763474876443,-773.159373003
25,1,12,1.0,er_k16_s0,er_k16,no_trivial,0,0.684710084522,-640.057706842,0.827847050934,-773.159373003
25,1,12,1.0,er_k16_s1,er_k16,no_trivial,1,0.677808991077,-635.395115359,0.82181648124,-773.159373003
25,1,12,1.0,er_k16_s2,er_k16,no_trivial,2,0.682324632969,-637.157972499,0.824096550786,-773.159373003
25,1,12,1.0,er_k16_s3,er_k16,no_trivial,3,0.688345566798,-647.336000048,0.837260754576,-773.159373003
25,1,12,1.0,er_k16_s4,er_k16,no_trivial,4,0.683101560567,-640.461508689,0.828369325979,-773.159373003
26,1,12,4.0,vacio,vacio,trivial,,0,0,-0,-2717.159373
26,1,12,4.0,clique_binaria_s2,clique_binaria,trivial,,1,-413.130837687,0.152045125432,-2717.159373
26,1,12,4.0,clique_difusa_s2,clique_difusa,trivial,,1,-413.130837687,0.152045125432,-2717.159373
26,1,12,4.0,clique_binaria_s3,clique_binaria,trivial,,1,-830.243141751,0.305555555556,-2717.159373
26,1,12,4.0,clique_difusa_s3,clique_difusa,trivial,,1,-830.243141751,0.305555555556,-2717.159373
26,1,12,4.0,clique_binaria_s4,clique_binaria,trivial,,1,-1158.12792072,0.42622745365,-2717.159373
26,1,12,4.0,clique_difusa_s4,clique_difusa,trivial,,1,-1158.12792072,0.42622745365,-2717.159373
26,1,12,4.0,clique_binaria_s6,clique_binaria,trivial,,1,-1477.3674149,0.543717615382,-2717.159373
26,1,12,4.0,clique_difusa_s6,clique_difusa,trivial,,0.95181547737,-1484.29002788,0.546265354409,-2717.159373
26,1,12,4.0,clique_binaria_s8,clique_binaria,trivial,,1,-1302.51911937,0.479367950336,-2717.159373
26,1,12,4.0,clique_difusa_s8,clique_difusa,trivial,,0.759329386471,-1628.37573272,0.599293419775,-2717.159373
26,1,12,4.0,clique_binaria_s9,clique_binaria,trivial,,1,-1021.01110401,0.375764158023,-2717.159373
26,1,12,4.0,clique_difusa_s9,clique_difusa,trivial,,0.695440001734,-1690.54275059,0.622172835124,-2717.159373
26,1,12,4.0,clique_binaria_s12,clique_binaria,trivial,,1,622.46905573,-0.229088165352,-2717.159373
26,1,12,4.0,clique_difusa_s12,clique_difusa,trivial,,0.56476743044,-1846.70273864,0.679644615989,-2717.159373
26,1,12,4.0,clique_binaria_s18,clique_binaria,trivial,,1,7595.40820863,-2.79534880585,-2717.159373
26,1,12,4.0,clique_difusa_s18,clique_difusa,trivial,,0.424269725832,-2068.66138912,0.761332371475,-2717.159373
26,1,12,4.0,clique_binaria_s24,clique_binaria,trivial,,1,19581.219231,-7.20650375738,-2717.159373
26,1,12,4.0,clique_difusa_s24,clique_difusa,trivial,,0.346347940168,-2220.00949734,0.817033229409,-2717.159373
26,1,12,4.0,clique_binaria_s27,clique_binaria,trivial,,1,27474.8186445,-10.1115962934,-2717.159373
26,1,12,4.0,clique_difusa_s27,clique_difusa,trivial,,0.318488613743,-2278.95382059,0.838726591907,-2717.159373
26,1,12,4.0,clique_binaria_s36,clique_binaria,trivial,,1,58815.5081604,-21.6459545012,-2717.159373
26,1,12,4.0,clique_difusa_s36,clique_difusa,trivial,,0.25865825892,-2412.22343352,0.8877739957,-2717.159373
26,1,12,4.0,clique_binaria_s54,clique_binaria,trivial,,1,156205.526023,-57.4885402655,-2717.159373
26,1,12,4.0,clique_difusa_s54,clique_difusa,trivial,,0.19074185145,-2565.44089502,0.944162834361,-2717.159373
26,1,12,4.0,clique_binaria_s72,clique_binaria,trivial,,1,300141.21792,-110.461396156,-2717.159373
26,1,12,4.0,clique_difusa_s72,clique_difusa,trivial,,0.152024213113,-2643.40904675,0.972857563311,-2717.159373
26,1,12,4.0,clique_binaria_s108,clique_binaria,trivial,,1,728277.829305,-268.029117666,-2717.159373
26,1,12,4.0,clique_difusa_s108,clique_difusa,trivial,,0.108343096759,-2705.38926366,0.995668230043,-2717.159373
26,1,12,4.0,clique_binaria_s216,clique_binaria,trivial,,1,3139180.81288,-1155.31714631,-2717.159373
26,1,12,4.0,clique_difusa_s216,clique_difusa,trivial,,0.0572849522124,-2698.88338015,0.993273860549,-2717.159373
26,1,12,4.0,bipartita,bipartita,trivial,,0.105993046584,-2472.60579072,0.909996599864,-2717.159373
26,1,12,4.0,uniforme,uniforme,trivial,,0.0572849522124,-2698.88338015,0.993273860549,-2717.159373
26,1,12,4.0,t3,t3,no_trivial,,1,-1912.71015675,0.70393741926,-2717.159373
26,1,12,4.0,tree,tree,no_trivial,,1,-764.256472711,0.281270388592,-2717.159373
26,1,12,4.0,ring_k6,ring,no_trivial,,1,-1825.08858219,0.671689927475,-2717.159373
26,1,12,4.0,ws_k6_b0.1,ws,no_trivial,,1,-1887.095487,0.69451041619,-2717.159373
26,1,12,4.0,tri_torus_12x18,tri_torus,no_trivial,,1,-1976.61091981,0.7274549073,-2717.159373
26,1,12,4.0,rgg3_k6_s0,rgg3_k6,no_trivial,0,1,-1716.62723883,0.631772746158,-2717.159373
26,1,12,4.0,rgg3_k6_s1,rgg3_k6,no_trivial,1,0.936021555765,-1643.24264661,0.604764911083,-2717.159373
26,1,12,4.0,rgg3_k6_s2,rgg3_k6,no_trivial,2,1,-1680.01001609,0.61829645798,-2717.159373
26,1,12,4.0,rgg3_k6_s3,rgg3_k6,no_trivial,3,0.966662510099,-1687.60664575,0.621092256316,-2717.159373
26,1,12,4.0,rgg3_k6_s4,rgg3_k6,no_trivial,4,1,-1700.5699052,0.625863142994,-2717.159373
26,1,12,4.0,rgg3_k8_s0,rgg3_k8,no_trivial,0,0.86273966523,-1856.18769953,0.683135379533,-2717.159373
26,1,12,4.0,rgg3_k8_s1,rgg3_k8,no_trivial,1,0.868582456574,-1863.84061585,0.685951893131,-2717.159373
26,1,12,4.0,rgg3_k8_s2,rgg3_k8,no_trivial,2,0.871935333383,-1906.40033704,0.701615207403,-2717.159373
26,1,12,4.0,rgg3_k8_s3,rgg3_k8,no_trivial,3,0.91673906881,-1867.42229323,0.687270062912,-2717.159373
26,1,12,4.0,rgg3_k8_s4,rgg3_k8,no_trivial,4,0.813760236475,-1877.57510081,0.691006615021,-2717.159373
26,1,12,4.0,rgg3_k12_s0,rgg3_k12,no_trivial,0,0.668811214573,-2135.27575029,0.785848548856,-2717.159373
26,1,12,4.0,rgg3_k12_s1,rgg3_k12,no_trivial,1,0.645132472782,-2115.01662664,0.77839255498,-2717.159373
26,1,12,4.0,rgg3_k12_s2,rgg3_k12,no_trivial,2,0.623136451863,-2072.90059561,0.762892532623,-2717.159373
26,1,12,4.0,rgg3_k12_s3,rgg3_k12,no_trivial,3,0.616594286669,-2080.77208091,0.765789486471,-2717.159373
26,1,12,4.0,rgg3_k12_s4,rgg3_k12,no_trivial,4,0.665463735161,-2107.50156269,0.775626775386,-2717.159373
26,1,12,4.0,rgg3_k16_s0,rgg3_k16,no_trivial,0,0.538181387569,-2289.2420325,0.842512977061,-2717.159373
26,1,12,4.0,rgg3_k16_s1,rgg3_k16,no_trivial,1,0.522716798804,-2272.61603053,0.836394086083,-2717.159373
26,1,12,4.0,rgg3_k16_s2,rgg3_k16,no_trivial,2,0.497700553837,-2194.64508343,0.807698328349,-2717.159373
26,1,12,4.0,rgg3_k16_s3,rgg3_k16,no_trivial,3,0.506437027941,-2189.27305743,0.805721254036,-2717.159373
26,1,12,4.0,rgg3_k16_s4,rgg3_k16,no_trivial,4,0.553240338088,-2291.35482616,0.843290551495,-2717.159373
26,1,12,4.0,rr_k4_s0,rr_k4,no_trivial,0,1,-1429.57005225,0.526126684527,-2717.159373
26,1,12,4.0,rr_k4_s1,rr_k4,no_trivial,1,1,-1428.41116917,0.52570017915,-2717.159373
26,1,12,4.0,rr_k4_s2,rr_k4,no_trivial,2,1,-1427.83172762,0.525486926461,-2717.159373
26,1,12,4.0,rr_k4_s3,rr_k4,no_trivial,3,1,-1430.44125326,0.526447313865,-2717.159373
26,1,12,4.0,rr_k4_s4,rr_k4,no_trivial,4,1,-1428.99061071,0.525913431839,-2717.159373
26,1,12,4.0,rr_k6_s0,rr_k6,no_trivial,0,1,-1923.72362344,0.707990720954,-2717.159373
26,1,12,4.0,rr_k6_s1,rr_k6,no_trivial,1,1,-1924.30306498,0.708203973642,-2717.159373
26,1,12,4.0,rr_k6_s2,rr_k6,no_trivial,2,1,-1921.40177987,0.707136209589,-2717.159373
26,1,12,4.0,rr_k6_s3,rr_k6,no_trivial,3,1,-1922.27705828,0.707458339537,-2717.159373
26,1,12,4.0,rr_k6_s4,rr_k6,no_trivial,4,1,-1923.1441819,0.707777468265,-2717.159373
26,1,12,4.0,rr_k8_s0,rr_k8,no_trivial,0,1,-2279.9756017,0.839102639454,-2717.159373
26,1,12,4.0,rr_k8_s1,rr_k8,no_trivial,1,1,-2285.19057558,0.841021913651,-2717.159373
26,1,12,4.0,rr_k8_s2,rr_k8,no_trivial,2,1,-2277.24829303,0.838098904193,-2717.159373
26,1,12,4.0,rr_k8_s3,rr_k8,no_trivial,3,1,-2278.52903655,0.838570258037,-2717.159373
26,1,12,4.0,rr_k8_s4,rr_k8,no_trivial,4,1,-2274.76878262,0.837186366476,-2717.159373
26,1,12,4.0,rr_k12_s0,rr_k12,no_trivial,0,0.960203868679,-2562.32621787,0.94301653533,-2717.159373
26,1,12,4.0,rr_k12_s1,rr_k12,no_trivial,1,0.959310049701,-2562.11927908,0.942940375355,-2717.159373
26,1,12,4.0,rr_k12_s2,rr_k12,no_trivial,2,0.962085383597,-2564.72348273,0.943898804102,-2717.159373
26,1,12,4.0,rr_k12_s3,rr_k12,no_trivial,3,0.961487596142,-2567.17687603,0.9448017299,-2717.159373
26,1,12,4.0,rr_k12_s4,rr_k12,no_trivial,4,0.959446607788,-2567.36532971,0.944871086777,-2717.159373
26,1,12,4.0,rr_k16_s0,rr_k16,no_trivial,0,0.737869967046,-2605.52283498,0.958914247309,-2717.159373
26,1,12,4.0,rr_k16_s1,rr_k16,no_trivial,1,0.739405907389,-2617.27112384,0.963237986643,-2717.159373
26,1,12,4.0,rr_k16_s2,rr_k16,no_trivial,2,0.740311908775,-2607.85641932,0.959773079646,-2717.159373
26,1,12,4.0,rr_k16_s3,rr_k16,no_trivial,3,0.737980973042,-2600.84907397,0.957194156444,-2717.159373
26,1,12,4.0,rr_k16_s4,rr_k16,no_trivial,4,0.739148281115,-2609.0666889,0.960218496869,-2717.159373
26,1,12,4.0,er_k4_s0,er_k4,no_trivial,0,1,-1352.1579812,0.497636610734,-2717.159373
26,1,12,4.0,er_k4_s1,er_k4,no_trivial,1,1,-1361.47314604,0.501064883999,-2717.159373
26,1,12,4.0,er_k4_s2,er_k4,no_trivial,2,1,-1371.43661323,0.504731752895,-2717.159373
26,1,12,4.0,er_k4_s3,er_k4,no_trivial,3,1,-1355.25636348,0.498776912737,-2717.159373
26,1,12,4.0,er_k4_s4,er_k4,no_trivial,4,1,-1354.20399929,0.498389609657,-2717.159373
26,1,12,4.0,er_k6_s0,er_k6,no_trivial,0,1,-1820.32728117,0.669937619139,-2717.159373
26,1,12,4.0,er_k6_s1,er_k6,no_trivial,1,1,-1816.98598885,0.668707918611,-2717.159373
26,1,12,4.0,er_k6_s2,er_k6,no_trivial,2,1,-1802.20990355,0.663269855075,-2717.159373
26,1,12,4.0,er_k6_s3,er_k6,no_trivial,3,1,-1832.94675211,0.674581980843,-2717.159373
26,1,12,4.0,er_k6_s4,er_k6,no_trivial,4,1,-1834.82279836,0.675272424794,-2717.159373
26,1,12,4.0,er_k8_s0,er_k8,no_trivial,0,1,-2126.36320327,0.782568451596,-2717.159373
26,1,12,4.0,er_k8_s1,er_k8,no_trivial,1,1,-2118.68921853,0.779744184158,-2717.159373
26,1,12,4.0,er_k8_s2,er_k8,no_trivial,2,1,-2166.62301868,0.797385328296,-2717.159373
26,1,12,4.0,er_k8_s3,er_k8,no_trivial,3,1,-2123.87055711,0.78165107951,-2717.159373
26,1,12,4.0,er_k8_s4,er_k8,no_trivial,4,1,-2150.70253301,0.791526089481,-2717.159373
26,1,12,4.0,er_k12_s0,er_k12,no_trivial,0,0.904724698346,-2410.4037178,0.887104283154,-2717.159373
26,1,12,4.0,er_k12_s1,er_k12,no_trivial,1,0.888790276769,-2376.05696246,0.874463598297,-2717.159373
26,1,12,4.0,er_k12_s2,er_k12,no_trivial,2,0.891406757368,-2392.2285735,0.880415259137,-2717.159373
26,1,12,4.0,er_k12_s3,er_k12,no_trivial,3,0.888734250187,-2379.17419123,0.875610836401,-2717.159373
26,1,12,4.0,er_k12_s4,er_k12,no_trivial,4,0.887246241524,-2376.191282,0.874513032106,-2717.159373
26,1,12,4.0,er_k16_s0,er_k16,no_trivial,0,0.704512953174,-2493.30032497,0.91761283852,-2717.159373
26,1,12,4.0,er_k16_s1,er_k16,no_trivial,1,0.69535497617,-2462.07517568,0.906121002745,-2717.159373
26,1,12,4.0,er_k16_s2,er_k16,no_trivial,2,0.699130772997,-2472.30613727,0.909886317981,-2717.159373
26,1,12,4.0,er_k16_s3,er_k16,no_trivial,3,0.705647735177,-2500.65060704,0.920317973207,-2717.159373
26,1,12,4.0,er_k16_s4,er_k16,no_trivial,4,0.702756970449,-2489.23410327,0.916116341208,-2717.159373
27,1,16,0.25,vacio,vacio,trivial,,0,0,-0,-382.879164004
27,1,16,0.25,clique_binaria_s2,clique_binaria,trivial,,1,-25.5043782656,0.0666120819919,-382.879164004
27,1,16,0.25,clique_difusa_s2,clique_difusa,trivial,,1,-25.5043782656,0.0666120819919,-382.879164004
27,1,16,0.25,clique_binaria_s3,clique_binaria,trivial,,1,-89.7373040634,0.234375,-382.879164004
27,1,16,0.25,clique_difusa_s3,clique_difusa,trivial,,1,-89.7373040634,0.234375,-382.879164004
27,1,16,0.25,clique_binaria_s4,clique_binaria,trivial,,1,-99.489785919,0.259846435305,-382.879164004
27,1,16,0.25,clique_difusa_s4,clique_difusa,trivial,,0.881590601505,-106.825111077,0.27900476474,-382.879164004
27,1,16,0.25,clique_binaria_s6,clique_binaria,trivial,,1,113.294070645,-0.295900329129,-382.879164004
27,1,16,0.25,clique_difusa_s6,clique_difusa,trivial,,0.62019894975,-123.704917117,0.323091274603,-382.879164004
27,1,16,0.25,clique_binaria_s8,clique_binaria,trivial,,1,681.177392299,-1.77909235169,-382.879164004
27,1,16,0.25,clique_difusa_s8,clique_difusa,trivial,,0.50393203159,-139.065386977,0.363209597313,-382.879164004
27,1,16,0.25,clique_binaria_s9,clique_binaria,trivial,,1,1107.08229899,-2.89146655935,-382.879164004
27,1,16,0.25,clique_difusa_s9,clique_difusa,trivial,,0.465492687439,-146.001222375,0.381324543357,-382.879164004
27,1,16,0.25,clique_binaria_s12,clique_binaria,trivial,,1,2975.27064578,-7.77078233943,-382.879164004
27,1,16,0.25,clique_difusa_s12,clique_difusa,trivial,,0.387029451521,-164.394441882,0.429363771492,-382.879164004
27,1,16,0.25,clique_binaria_s18,clique_binaria,trivial,,1,9459.45498155,-24.7061106241,-382.879164004
27,1,16,0.25,clique_difusa_s18,clique_difusa,trivial,,0.302701887456,-193.587862273,0.505610857087,-382.879164004
27,1,16,0.25,clique_binaria_s24,clique_binaria,trivial,,1,19705.6162651,-51.4669329589,-382.879164004
27,1,16,0.25,clique_difusa_s24,clique_difusa,trivial,,0.255769524711,-216.396898662,0.565183271921,-382.879164004
27,1,16,0.25,clique_binaria_s27,clique_binaria,trivial,,1,26260.3052137,-68.5864044914,-382.879164004
27,1,16,0.25,clique_difusa_s27,clique_difusa,trivial,,0.23891915728,-226.172903843,0.590716145214,-382.879164004
27,1,16,0.25,clique_binaria_s36,clique_binaria,trivial,,1,51707.9209522,-135.050234678,-382.879164004
27,1,16,0.25,clique_difusa_s36,clique_difusa,trivial,,0.202507906863,-250.912934828,0.655331912564,-382.879164004
27,1,16,0.25,clique_binaria_s54,clique_binaria,trivial,,1,128868.250539,-336.576817582,-382.879164004
27,1,16,0.25,clique_difusa_s54,clique_difusa,trivial,,0.16051344106,-286.987677102,0.749551566351,-382.879164004
27,1,16,0.25,clique_binaria_s72,clique_binaria,trivial,,1,241316.199866,-630.267255451,-382.879164004
27,1,16,0.25,clique_difusa_s72,clique_difusa,trivial,,0.135968350504,-312.365539124,0.815833214473,-382.879164004
27,1,16,0.25,clique_binaria_s108,clique_binaria,trivial,,1,572703.163226,-1495.78043693,-382.879164004
27,1,16,0.25,clique_difusa_s108,clique_difusa,trivial,,0.10720646749,-345.320290898,0.90190410804,-382.879164004
27,1,16,0.25,clique_binaria_s216,clique_binaria,trivial,,1,2423163.89966,-6328.79542026,-382.879164004
27,1,16,0.25,clique_difusa_s216,clique_difusa,trivial,,0.0700520026666,-381.057800849,0.99524298179,-382.879164004
27,1,16,0.25,bipartita,bipartita,trivial,,0.0835772823608,-121.855677682,0.318261449403,-382.879164004
27,1,16,0.25,uniforme,uniforme,trivial,,0.0700520026666,-381.057800849,0.99524298179,-382.879164004
27,1,16,0.25,t3,t3,no_trivial,,1,-108.157617562,0.282484991951,-382.879164004
27,1,16,0.25,tree,tree,no_trivial,,1,-46.1611045329,0.120563114614,-382.879164004
27,1,16,0.25,ring_k6,ring,no_trivial,,0.696391127052,-157.718255139,0.411926973225,-382.879164004
27,1,16,0.25,ws_k6_b0.1,ws,no_trivial,,0.761046116708,-156.309486292,0.408247564734,-382.879164004
27,1,16,0.25,tri_torus_12x18,tri_torus,no_trivial,,0.856258737229,-193.321113383,0.504914164984,-382.879164004
27,1,16,0.25,rgg3_k6_s0,rgg3_k6,no_trivial,0,0.699248505549,-135.885572491,0.3549045894,-382.879164004
27,1,16,0.25,rgg3_k6_s1,rgg3_k6,no_trivial,1,0.627038695334,-129.380152666,0.337913798477,-382.879164004
27,1,16,0.25,rgg3_k6_s2,rgg3_k6,no_trivial,2,0.682667724578,-131.995359949,0.3447441709,-382.879164004
27,1,16,0.25,rgg3_k6_s3,rgg3_k6,no_trivial,3,0.651258516276,-134.629612197,0.351624284773,-382.879164004
27,1,16,0.25,rgg3_k6_s4,rgg3_k6,no_trivial,4,0.721098528616,-136.764472539,0.357200091823,-382.879164004
27,1,16,0.25,rgg3_k8_s0,rgg3_k8,no_trivial,0,0.590512429812,-151.541967672,0.395795806927,-382.879164004
27,1,16,0.25,rgg3_k8_s1,rgg3_k8,no_trivial,1,0.601947926396,-156.296448185,0.408213511936,-382.879164004
27,1,16,0.25,rgg3_k8_s2,rgg3_k8,no_trivial,2,0.606189052623,-161.877801785,0.422790835867,-382.879164004
27,1,16,0.25,rgg3_k8_s3,rgg3_k8,no_trivial,3,0.629433674869,-153.53984446,0.401013841689,-382.879164004
27,1,16,0.25,rgg3_k8_s4,rgg3_k8,no_trivial,4,0.569372791393,-160.661783665,0.419614851812,-382.879164004
27,1,16,0.25,rgg3_k12_s0,rgg3_k12,no_trivial,0,0.490271995039,-195.471969111,0.510531748625,-382.879164004
27,1,16,0.25,rgg3_k12_s1,rgg3_k12,no_trivial,1,0.475875181267,-192.978659989,0.504019748609,-382.879164004
27,1,16,0.25,rgg3_k12_s2,rgg3_k12,no_trivial,2,0.457530333487,-187.853768343,0.490634607479,-382.879164004
27,1,16,0.25,rgg3_k12_s3,rgg3_k12,no_trivial,3,0.453730139828,-189.166024177,0.494061944241,-382.879164004
27,1,16,0.25,rgg3_k12_s4,rgg3_k12,no_trivial,4,0.491354544399,-194.595983047,0.508243856918,-382.879164004
27,1,16,0.25,rgg3_k16_s0,rgg3_k16,no_trivial,0,0.416676386302,-224.285187588,0.585785826636,-382.879164004
27,1,16,0.25,rgg3_k16_s1,rgg3_k16,no_trivial,1,0.402470714233,-220.307381798,0.57539663296,-382.879164004
27,1,16,0.25,rgg3_k16_s2,rgg3_k16,no_trivial,2,0.379678011279,-208.185949795,0.543737997175,-382.879164004
27,1,16,0.25,rgg3_k16_s3,rgg3_k16,no_trivial,3,0.387077766176,-208.020243901,0.543305208165,-382.879164004
27,1,16,0.25,rgg3_k16_s4,rgg3_k16,no_trivial,4,0.427203179813,-224.470967104,0.586271043734,-382.879164004
27,1,16,0.25,rr_k4_s0,rr_k4,no_trivial,0,1,-87.5467014998,0.228653605969,-382.879164004
27,1,16,0.25,rr_k4_s1,rr_k4,no_trivial,1,1,-86.3878184165,0.225626846635,-382.879164004
27,1,16,0.25,rr_k4_s2,rr_k4,no_trivial,2,1,-85.8083768748,0.224113466968,-382.879164004
27,1,16,0.25,rr_k4_s3,rr_k4,no_trivial,3,1,-88.4179025107,0.230929000121,-382.879164004
27,1,16,0.25,rr_k4_s4,rr_k4,no_trivial,4,1,-86.9672599582,0.227140226302,-382.879164004
27,1,16,0.25,rr_k6_s0,rr_k6,no_trivial,0,1,-119.171084251,0.311249854927,-382.879164004
27,1,16,0.25,rr_k6_s1,rr_k6,no_trivial,1,1,-119.750525792,0.312763234594,-382.879164004
27,1,16,0.25,rr_k6_s2,rr_k6,no_trivial,2,1,-116.849240687,0.305185686955,-382.879164004
27,1,16,0.25,rr_k6_s3,rr_k6,no_trivial,3,1,-117.724519095,0.307471730412,-382.879164004
27,1,16,0.25,rr_k6_s4,rr_k6,no_trivial,4,1,-118.591642709,0.30973647526,-382.879164004
27,1,16,0.25,rr_k8_s0,rr_k8,no_trivial,0,1,-151.882198703,0.396684418955,-382.879164004
27,1,16,0.25,rr_k8_s1,rr_k8,no_trivial,1,1,-157.097172578,0.410304835957,-382.879164004
27,1,16,0.25,rr_k8_s2,rr_k8,no_trivial,2,1,-149.154890031,0.389561261239,-382.879164004
27,1,16,0.25,rr_k8_s3,rr_k8,no_trivial,3,1,-150.435633547,0.39290629444,-382.879164004
27,1,16,0.25,rr_k8_s4,rr_k8,no_trivial,4,1,-146.675379621,0.383085300562,-382.879164004
27,1,16,0.25,rr_k12_s0,rr_k12,no_trivial,0,0.912895152067,-203.654692947,0.531903305517,-382.879164004
27,1,16,0.25,rr_k12_s1,rr_k12,no_trivial,1,0.908995900792,-203.690120419,0.531995834635,-382.879164004
27,1,16,0.25,rr_k12_s2,rr_k12,no_trivial,2,0.922179778818,-205.572419737,0.536912005311,-382.879164004
27,1,16,0.25,rr_k12_s3,rr_k12,no_trivial,3,0.920419292952,-208.140590109,0.543619527197,-382.879164004
27,1,16,0.25,rr_k12_s4,rr_k12,no_trivial,4,0.911822765619,-208.833882735,0.545430261994,-382.879164004
27,1,16,0.25,rr_k16_s0,rr_k16,no_trivial,0,0.781005955723,-247.489052912,0.646389451764,-382.879164004
27,1,16,0.25,rr_k16_s1,rr_k16,no_trivial,1,0.786192482944,-259.865032944,0.678712913563,-382.879164004
27,1,16,0.25,rr_k16_s2,rr_k16,no_trivial,2,0.797026321524,-251.286729352,0.656308185393,-382.879164004
27,1,16,0.25,rr_k16_s3,rr_k16,no_trivial,3,0.783815263833,-242.965561595,0.634575042044,-382.879164004
27,1,16,0.25,rr_k16_s4,rr_k16,no_trivial,4,0.788119196768,-251.689222723,0.657359413584,-382.879164004
27,1,16,0.25,er_k4_s0,er_k4,no_trivial,0,1,-84.615642378,0.220998294849,-382.879164004
27,1,16,0.25,er_k4_s1,er_k4,no_trivial,1,1,-85.8875013893,0.22432012359,-382.879164004
27,1,16,0.25,er_k4_s2,er_k4,no_trivial,2,1,-85.0729387768,0.222192657044,-382.879164004
27,1,16,0.25,er_k4_s3,er_k4,no_trivial,3,1,-82.7271750424,0.216066014607,-382.879164004
27,1,16,0.25,er_k4_s4,er_k4,no_trivial,4,1,-82.6400075493,0.215838351414,-382.879164004
27,1,16,0.25,er_k6_s0,er_k6,no_trivial,0,1,-117.120395355,0.305893886024,-382.879164004
27,1,16,0.25,er_k6_s1,er_k6,no_trivial,1,1,-120.052881582,0.313552924443,-382.879164004
27,1,16,0.25,er_k6_s2,er_k6,no_trivial,2,1,-117.020022775,0.305631733917,-382.879164004
27,1,16,0.25,er_k6_s3,er_k6,no_trivial,3,1,-121.053096003,0.316165274539,-382.879164004
27,1,16,0.25,er_k6_s4,er_k6,no_trivial,4,1,-117.459694297,0.306780063633,-382.879164004
27,1,16,0.25,er_k8_s0,er_k8,no_trivial,0,1,-144.33623402,0.376975943298,-382.879164004
27,1,16,0.25,er_k8_s1,er_k8,no_trivial,1,1,-152.909727042,0.399368107273,-382.879164004
27,1,16,0.25,er_k8_s2,er_k8,no_trivial,2,1,-150.814164967,0.393894939046,-382.879164004
27,1,16,0.25,er_k8_s3,er_k8,no_trivial,3,0.995475630046,-146.997657044,0.383927021537,-382.879164004
27,1,16,0.25,er_k8_s4,er_k8,no_trivial,4,1,-147.923834735,0.386346003236,-382.879164004
27,1,16,0.25,er_k12_s0,er_k12,no_trivial,0,0.876582403136,-196.800152941,0.514000685968,-382.879164004
27,1,16,0.25,er_k12_s1,er_k12,no_trivial,1,0.860296045097,-199.82855208,0.52191022878,-382.879164004
27,1,16,0.25,er_k12_s2,er_k12,no_trivial,2,0.847794456037,-199.832749058,0.521921190405,-382.879164004
27,1,16,0.25,er_k12_s3,er_k12,no_trivial,3,0.861727459794,-203.417116123,0.531282804726,-382.879164004
27,1,16,0.25,er_k12_s4,er_k12,no_trivial,4,0.85426767577,-200.614139845,0.523962019106,-382.879164004
27,1,16,0.25,er_k16_s0,er_k16,no_trivial,0,0.746068700841,-244.078973183,0.637483039376,-382.879164004
27,1,16,0.25,er_k16_s1,er_k16,no_trivial,1,0.73993472225,-245.84782604,0.642102911711,-382.879164004
27,1,16,0.25,er_k16_s2,er_k16,no_trivial,2,0.747639595549,-246.328490432,0.643358306197,-382.879164004
27,1,16,0.25,er_k16_s3,er_k16,no_trivial,3,0.750592135833,-252.196516968,0.658684359657,-382.879164004
27,1,16,0.25,er_k16_s4,er_k16,no_trivial,4,0.743157649005,-245.366184378,0.640844964799,-382.879164004
28,1,16,1.0,vacio,vacio,trivial,,0,0,-0,-1030.879164
28,1,16,1.0,clique_binaria_s2,clique_binaria,trivial,,1,-103.973128266,0.100858696049,-1030.879164
28,1,16,1.0,clique_difusa_s2,clique_difusa,trivial,,1,-103.973128266,0.100858696049,-1030.879164
28,1,16,1.0,clique_binaria_s3,clique_binaria,trivial,,1,-241.612304063,0.234375,-1030.879164
28,1,16,1.0,clique_difusa_s3,clique_difusa,trivial,,1,-241.612304063,0.234375,-1030.879164
28,1,16,1.0,clique_binaria_s4,clique_binaria,trivial,,1,-319.708535919,0.310131921454,-1030.879164
28,1,16,1.0,clique_difusa_s4,clique_difusa,trivial,,1,-319.708535919,0.310131921454,-1030.879164
28,1,16,1.0,clique_binaria_s6,clique_binaria,trivial,,1,-228.424679355,0.221582400082,-1030.879164
28,1,16,1.0,clique_difusa_s6,clique_difusa,trivial,,0.735442381894,-370.459363724,0.359362548647,-1030.879164
28,1,16,1.0,clique_binaria_s8,clique_binaria,trivial,,1,238.208642299,-0.231073292212,-1030.879164
28,1,16,1.0,clique_difusa_s8,clique_difusa,trivial,,0.595290099476,-414.640573274,0.402220345267,-1030.879164
28,1,16,1.0,clique_binaria_s9,clique_binaria,trivial,,1,621.08229899,-0.602478273571,-1030.879164
28,1,16,1.0,clique_difusa_s9,clique_difusa,trivial,,0.548901347974,-434.443292848,0.421429890154,-1030.879164
28,1,16,1.0,clique_binaria_s12,clique_binaria,trivial,,1,2390.55189578,-2.31894481841,-1030.879164
28,1,16,1.0,clique_difusa_s12,clique_difusa,trivial,,0.454135846724,-486.500137628,0.471927413625,-1030.879164
28,1,16,1.0,clique_binaria_s18,clique_binaria,trivial,,1,8813.98623155,-8.54997029654,-1030.879164
28,1,16,1.0,clique_difusa_s18,clique_difusa,trivial,,0.352188045466,-567.685245682,0.550680686452,-1030.879164
28,1,16,1.0,clique_binaria_s24,clique_binaria,trivial,,1,19181.6475151,-18.6070765468,-1030.879164
28,1,16,1.0,clique_difusa_s24,clique_difusa,trivial,,0.29541691621,-629.795085567,0.610930075568,-1030.879164
28,1,16,1.0,clique_binaria_s27,clique_binaria,trivial,,1,25865.4302137,-25.0906518599,-1030.879164
28,1,16,1.0,clique_difusa_s27,clique_difusa,trivial,,0.275031389649,-656.035208498,0.636384196524,-1030.879164
28,1,16,1.0,clique_binaria_s36,clique_binaria,trivial,,1,51973.7022022,-50.4168713628,-1030.879164
28,1,16,1.0,clique_difusa_s36,clique_difusa,trivial,,0.230983054778,-721.343814498,0.699736535266,-1030.879164
28,1,16,1.0,clique_binaria_s54,clique_binaria,trivial,,1,131685.531789,-127.740996605,-1030.879164
28,1,16,1.0,clique_difusa_s54,clique_difusa,trivial,,0.180204044723,-813.439221336,0.789073297569,-1030.879164
28,1,16,1.0,clique_binaria_s72,clique_binaria,trivial,,1,248325.231116,-240.886846671,-1030.879164
28,1,16,1.0,clique_difusa_s72,clique_difusa,trivial,,0.150556737103,-875.622406399,0.849393834868,-1030.879164
28,1,16,1.0,clique_binaria_s108,clique_binaria,trivial,,1,593016.444476,-575.253109368,-1030.879164
28,1,16,1.0,clique_difusa_s108,clique_difusa,trivial,,0.115886396215,-952.320266722,0.923794271894,-1030.879164
28,1,16,1.0,clique_binaria_s216,clique_binaria,trivial,,1,2522755.93091,-2447.18878701,-1030.879164
28,1,16,1.0,clique_difusa_s216,clique_difusa,trivial,,0.0713979801742,-1027.51856203,0.996740062184,-1030.879164
28,1,16,1.0,bipartita,bipartita,trivial,,0.124165861984,-724.135307091,0.702444410923,-1030.879164
28,1,16,1.0,uniforme,uniforme,trivial,,0.0713979801742,-1027.51856203,0.996740062184,-1030.879164
28,1,16,1.0,t3,t3,no_trivial,,1,-503.032617562,0.487964676295,-1030.879164
28,1,16,1.0,tree,tree,no_trivial,,1,-194.567354533,0.18873924445,-1030.879164
28,1,16,1.0,ring_k6,ring,no_trivial,,0.82168668176,-475.732828594,0.461482630754,-1030.879164
28,1,16,1.0,ws_k6_b0.1,ws,no_trivial,,0.908819641124,-499.366274847,0.484408155955,-1030.879164
28,1,16,1.0,tri_torus_12x18,tri_torus,no_trivial,,0.996322515833,-566.951809319,0.54996921959,-1030.879164
28,1,16,1.0,rgg3_k6_s0,rgg3_k6,no_trivial,0,0.840097426386,-443.675359862,0.430385417956,-1030.879164
28,1,16,1.0,rgg3_k6_s1,rgg3_k6,no_trivial,1,0.753768026696,-422.638582761,0.409978780752,-1030.879164
28,1,16,1.0,rgg3_k6_s2,rgg3_k6,no_trivial,2,0.820950333523,-430.399704847,0.41750742461,-1030.879164
28,1,16,1.0,rgg3_k6_s3,rgg3_k6,no_trivial,3,0.780715990508,-436.36087895,0.423290036492,-1030.879164
28,1,16,1.0,rgg3_k6_s4,rgg3_k6,no_trivial,4,0.864218066956,-442.793933973,0.429530394477,-1030.879164
28,1,16,1.0,rgg3_k8_s0,rgg3_k8,no_trivial,0,0.704990645485,-487.478598788,0.47287656576,-1030.879164
28,1,16,1.0,rgg3_k8_s1,rgg3_k8,no_trivial,1,0.714846835984,-495.411578781,0.480571919658,-1030.879164
28,1,16,1.0,rgg3_k8_s2,rgg3_k8,no_trivial,2,0.71809931898,-508.395289789,0.493166713947,-1030.879164
28,1,16,1.0,rgg3_k8_s3,rgg3_k8,no_trivial,3,0.75036311502,-491.906202875,0.477171544495,-1030.879164
28,1,16,1.0,rgg3_k8_s4,rgg3_k8,no_trivial,4,0.673556321344,-503.811649974,0.488720373411,-1030.879164
28,1,16,1.0,rgg3_k12_s0,rgg3_k12,no_trivial,0,0.572603536495,-598.772734172,0.580836973993,-1030.879164
28,1,16,1.0,rgg3_k12_s1,rgg3_k12,no_trivial,1,0.556068819336,-595.913955211,0.578063827477,-1030.879164
28,1,16,1.0,rgg3_k12_s2,rgg3_k12,no_trivial,2,0.535334239038,-581.554929286,0.564134914734,-1030.879164
28,1,16,1.0,rgg3_k12_s3,rgg3_k12,no_trivial,3,0.530572748452,-584.972692123,0.567450301208,-1030.879164
28,1,16,1.0,rgg3_k12_s4,rgg3_k12,no_trivial,4,0.572884414745,-594.847903018,0.577029708028,-1030.879164
28,1,16,1.0,rgg3_k16_s0,rgg3_k16,no_trivial,0,0.480094014751,-673.852455039,0.653667741641,-1030.879164
28,1,16,1.0,rgg3_k16_s1,rgg3_k16,no_trivial,1,0.464688047346,-665.496389046,0.645561974947,-1030.879164
28,1,16,1.0,rgg3_k16_s2,rgg3_k16,no_trivial,2,0.440178181045,-636.812610278,0.617737395919,-1030.879164
28,1,16,1.0,rgg3_k16_s3,rgg3_k16,no_trivial,3,0.448592590319,-636.250382092,0.61719200883,-1030.879164
28,1,16,1.0,rgg3_k16_s4,rgg3_k16,no_trivial,4,0.492299393884,-673.203135479,0.653037871931,-1030.879164
28,1,16,1.0,rr_k4_s0,rr_k4,no_trivial,0,1,-371.0467015,0.359932293188,-1030.879164
28,1,16,1.0,rr_k4_s1,rr_k4,no_trivial,1,1,-369.887818416,0.358808123524,-1030.879164
28,1,16,1.0,rr_k4_s2,rr_k4,no_trivial,2,1,-369.308376875,0.358246038692,-1030.879164
28,1,16,1.0,rr_k4_s3,rr_k4,no_trivial,3,1,-371.917902511,0.360777398067,-1030.879164
28,1,16,1.0,rr_k4_s4,rr_k4,no_trivial,4,1,-370.467259958,0.359370208356,-1030.879164
28,1,16,1.0,rr_k6_s0,rr_k6,no_trivial,0,1,-514.046084251,0.498648243364,-1030.879164
28,1,16,1.0,rr_k6_s1,rr_k6,no_trivial,1,1,-514.625525792,0.499210328196,-1030.879164
28,1,16,1.0,rr_k6_s2,rr_k6,no_trivial,2,1,-511.724240687,0.496395948774,-1030.879164
28,1,16,1.0,rr_k6_s3,rr_k6,no_trivial,3,1,-512.599519095,0.497245008915,-1030.879164
28,1,16,1.0,rr_k6_s4,rr_k6,no_trivial,4,1,-513.466642709,0.498086158532,-1030.879164
28,1,16,1.0,rr_k8_s0,rr_k8,no_trivial,0,1,-637.882198703,0.618774945674,-1030.879164
28,1,16,1.0,rr_k8_s1,rr_k8,no_trivial,1,1,-643.097172578,0.623833709162,-1030.879164
28,1,16,1.0,rr_k8_s2,rr_k8,no_trivial,2,1,-635.154890031,0.616129331361,-1030.879164
28,1,16,1.0,rr_k8_s3,rr_k8,no_trivial,3,1,-636.435633547,0.617371711225,-1030.879164
28,1,16,1.0,rr_k8_s4,rr_k8,no_trivial,4,1,-632.675379621,0.613724092709,-1030.879164
28,1,16,1.0,rr_k12_s0,rr_k12,no_trivial,0,1,-806.646254992,0.78248380912,-1030.879164
28,1,16,1.0,rr_k12_s1,rr_k12,no_trivial,1,1,-806.19256095,0.782043705121,-1030.879164
28,1,16,1.0,rr_k12_s2,rr_k12,no_trivial,2,1,-809.524394559,0.78527573631,-1030.879164
28,1,16,1.0,rr_k12_s3,rr_k12,no_trivial,3,1,-811.800958072,0.787484107176,-1030.879164
28,1,16,1.0,rr_k12_s4,rr_k12,no_trivial,4,1,-811.427921809,0.787122244917,-1030.879164
28,1,16,1.0,rr_k16_s0,rr_k16,no_trivial,0,0.85936512514,-875.791029981,0.849557407465,-1030.879164
28,1,16,1.0,rr_k16_s1,rr_k16,no_trivial,1,0.859237483748,-888.59231425,0.861975239463,-1030.879164
28,1,16,1.0,rr_k16_s2,rr_k16,no_trivial,2,0.870995556331,-882.530069149,0.856094584085,-1030.879164
28,1,16,1.0,rr_k16_s3,rr_k16,no_trivial,3,0.863412741224,-872.088203094,0.845965495807,-1030.879164
28,1,16,1.0,rr_k16_s4,rr_k16,no_trivial,4,0.863634851319,-881.200503713,0.854804844721,-1030.879164
28,1,16,1.0,er_k4_s0,er_k4,no_trivial,0,1,-357.264079878,0.346562519016,-1030.879164
28,1,16,1.0,er_k4_s1,er_k4,no_trivial,1,1,-359.707813889,0.348933052922,-1030.879164
28,1,16,1.0,er_k4_s2,er_k4,no_trivial,2,1,-360.463563777,0.349666164924,-1030.879164
28,1,16,1.0,er_k4_s3,er_k4,no_trivial,3,1,-356.102175042,0.345435418114,-1030.879164
28,1,16,1.0,er_k4_s4,er_k4,no_trivial,4,1,-355.874382549,0.345214448963,-1030.879164
28,1,16,1.0,er_k6_s0,er_k6,no_trivial,0,1,-497.229770355,0.482335648752,-1030.879164
28,1,16,1.0,er_k6_s1,er_k6,no_trivial,1,1,-499.248194082,0.484293612204,-1030.879164
28,1,16,1.0,er_k6_s2,er_k6,no_trivial,2,1,-494.504397775,0.479691912537,-1030.879164
28,1,16,1.0,er_k6_s3,er_k6,no_trivial,3,1,-502.428096003,0.487378262697,-1030.879164
28,1,16,1.0,er_k6_s4,er_k6,no_trivial,4,1,-499.631569297,0.48466550372,-1030.879164
28,1,16,1.0,er_k8_s0,er_k8,no_trivial,0,1,-609.05498402,0.590811227238,-1030.879164
28,1,16,1.0,er_k8_s1,er_k8,no_trivial,1,1,-615.261289542,0.596831627824,-1030.879164
28,1,16,1.0,er_k8_s2,er_k8,no_trivial,2,1,-620.454789967,0.601869561082,-1030.879164
28,1,16,1.0,er_k8_s3,er_k8,no_trivial,3,1,-610.960053586,0.592659231964,-1030.879164
28,1,16,1.0,er_k8_s4,er_k8,no_trivial,4,1,-615.666022235,0.597224237071,-1030.879164
28,1,16,1.0,er_k12_s0,er_k12,no_trivial,0,1,-770.298007172,0.747224344103,-1030.879164
28,1,16,1.0,er_k12_s1,er_k12,no_trivial,1,0.987120821951,-762.64580209,0.739801354727,-1030.879164
28,1,16,1.0,er_k12_s2,er_k12,no_trivial,2,0.977931056887,-762.705881781,0.739859634779,-1030.879164
28,1,16,1.0,er_k12_s3,er_k12,no_trivial,3,0.985460900698,-766.030863747,0.743085019559,-1030.879164
28,1,16,1.0,er_k12_s4,er_k12,no_trivial,4,0.980746737583,-761.864423348,0.739043381563,-1030.879164
28,1,16,1.0,er_k16_s0,er_k16,no_trivial,0,0.817779583415,-843.239066293,0.817980511914,-1030.879164
28,1,16,1.0,er_k16_s1,er_k16,no_trivial,1,0.808065294401,-837.050577956,0.811977394814,-1030.879164
28,1,16,1.0,er_k16_s2,er_k16,no_trivial,2,0.815519579893,-841.127362933,0.815932062945,-1030.879164
28,1,16,1.0,er_k16_s3,er_k16,no_trivial,3,0.818796113756,-851.850228427,0.826333733547,-1030.879164
28,1,16,1.0,er_k16_s4,er_k16,no_trivial,4,0.814243299512,-842.757993544,0.817513849316,-1030.879164
29,1,16,4.0,vacio,vacio,trivial,,0,0,-0,-3622.879164
29,1,16,4.0,clique_binaria_s2,clique_binaria,trivial,,1,-417.848128266,0.115335927407,-3622.879164
29,1,16,4.0,clique_difusa_s2,clique_difusa,trivial,,1,-417.848128266,0.115335927407,-3622.879164
29,1,16,4.0,clique_binaria_s3,clique_binaria,trivial,,1,-849.112304063,0.234375,-3622.879164
29,1,16,4.0,clique_difusa_s3,clique_difusa,trivial,,1,-849.112304063,0.234375,-3622.879164
29,1,16,4.0,clique_binaria_s4,clique_binaria,trivial,,1,-1200.58353592,0.331389340237,-3622.879164
29,1,16,4.0,clique_difusa_s4,clique_difusa,trivial,,1,-1200.58353592,0.331389340237,-3622.879164
29,1,16,4.0,clique_binaria_s6,clique_binaria,trivial,,1,-1595.29967935,0.44034029487,-3622.879164
29,1,16,4.0,clique_difusa_s6,clique_difusa,trivial,,0.990829079363,-1595.54907423,0.44040913373,-3622.879164
29,1,16,4.0,clique_binaria_s8,clique_binaria,trivial,,1,-1533.6663577,0.423328046085,-3622.879164
29,1,16,4.0,clique_difusa_s8,clique_difusa,trivial,,0.795223335287,-1768.01457107,0.488013673941,-3622.879164
29,1,16,4.0,clique_binaria_s9,clique_binaria,trivial,,1,-1322.91770101,0.36515645185,-3622.879164
29,1,16,4.0,clique_difusa_s9,clique_difusa,trivial,,0.730364540171,-1843.96704551,0.508978346238,-3622.879164
29,1,16,4.0,clique_binaria_s12,clique_binaria,trivial,,1,51.6768957767,-0.0142640406807,-3622.879164
29,1,16,4.0,clique_difusa_s12,clique_difusa,trivial,,0.597754268216,-2039.52858303,0.56295793779,-3622.879164
29,1,16,4.0,clique_binaria_s18,clique_binaria,trivial,,1,6232.11123155,-1.72020952106,-3622.879164
29,1,16,4.0,clique_difusa_s18,clique_difusa,trivial,,0.455093231373,-2332.15749806,0.643730412329,-3622.879164
29,1,16,4.0,clique_binaria_s24,clique_binaria,trivial,,1,17085.7725151,-4.7160757347,-3622.879164
29,1,16,4.0,clique_difusa_s24,clique_difusa,trivial,,0.375802805926,-2545.25253651,0.702549663207,-3622.879164
29,1,16,4.0,clique_binaria_s27,clique_binaria,trivial,,1,24285.9302137,-6.70348888668,-3622.879164
29,1,16,4.0,clique_difusa_s27,clique_difusa,trivial,,0.34739335001,-2632.31115691,0.726579893434,-3622.879164
29,1,16,4.0,clique_binaria_s36,clique_binaria,trivial,,1,53036.8272022,-14.6394137925,-3622.879164
29,1,16,4.0,clique_difusa_s36,clique_difusa,trivial,,0.286200704392,-2840.86931785,0.784146859237,-3622.879164
29,1,16,4.0,clique_binaria_s54,clique_binaria,trivial,,1,142954.656789,-39.4588531158,-3622.879164
29,1,16,4.0,clique_difusa_s54,clique_difusa,trivial,,0.216223224843,-3113.55613058,0.859414843729,-3622.879164
29,1,16,4.0,clique_binaria_s72,clique_binaria,trivial,,1,276361.356116,-76.2822450337,-3622.879164
29,1,16,4.0,clique_difusa_s72,clique_difusa,trivial,,0.175874584336,-3281.63575753,0.905808780524,-3622.879164
29,1,16,4.0,clique_binaria_s108,clique_binaria,trivial,,1,674269.569476,-186.114286166,-3622.879164
29,1,16,4.0,clique_difusa_s108,clique_difusa,trivial,,0.129570902051,-3467.52009687,0.957117237395,-3622.879164
29,1,16,4.0,clique_binaria_s216,clique_binaria,trivial,,1,2921124.05591,-806.299057648,-3622.879164
29,1,16,4.0,clique_difusa_s216,clique_difusa,trivial,,0.0730369264499,-3617.57260047,0.998535263449,-3622.879164
29,1,16,4.0,bipartita,bipartita,trivial,,0.141324062113,-3296.80772096,0.909996599864,-3622.879164
29,1,16,4.0,uniforme,uniforme,trivial,,0.0730369264499,-3617.57260047,0.998535263449,-3622.879164
29,1,16,4.0,t3,t3,no_trivial,,1,-2082.53261756,0.574828064445,-3622.879164
29,1,16,4.0,tree,tree,no_trivial,,1,-788.192354533,0.217559658728,-3622.879164
29,1,16,4.0,ring_k6,ring,no_trivial,,1,-1994.911043,0.550642445606,-3622.879164
29,1,16,4.0,ws_k6_b0.1,ws,no_trivial,,1,-2060.0628082,0.568625867698,-3622.879164
29,1,16,4.0,tri_torus_12x18,tri_torus,no_trivial,,1,-2146.43338062,0.592466180475,-3622.879164
29,1,16,4.0,rgg3_k6_s0,rgg3_k6,no_trivial,0,1,-1901.9992871,0.524996612088,-3622.879164
29,1,16,4.0,rgg3_k6_s1,rgg3_k6,no_trivial,1,1,-1847.38187468,0.509920919538,-3622.879164
29,1,16,4.0,rgg3_k6_s2,rgg3_k6,no_trivial,2,1,-1860.44638071,0.513527030985,-3622.879164
29,1,16,4.0,rgg3_k6_s3,rgg3_k6,no_trivial,3,1,-1894.13487917,0.522825850222,-3622.879164
29,1,16,4.0,rgg3_k6_s4,rgg3_k6,no_trivial,4,1,-1873.93033395,0.517248919746,-3622.879164
29,1,16,4.0,rgg3_k8_s0,rgg3_k8,no_trivial,0,0.930363828906,-2101.5618282,0.580080574887,-3622.879164
29,1,16,4.0,rgg3_k8_s1,rgg3_k8,no_trivial,1,0.937746633141,-2114.91290903,0.58376578773,-3622.879164
29,1,16,4.0,rgg3_k8_s2,rgg3_k8,no_trivial,2,0.940496993205,-2161.11189661,0.596517796696,-3622.879164
29,1,16,4.0,rgg3_k8_s3,rgg3_k8,no_trivial,3,0.988837897808,-2115.24974363,0.583858762017,-3622.879164
29,1,16,4.0,rgg3_k8_s4,rgg3_k8,no_trivial,4,0.879646650689,-2134.95434717,0.58929769681,-3622.879164
29,1,16,4.0,rgg3_k12_s0,rgg3_k12,no_trivial,0,0.731947686444,-2471.63923574,0.682230657953,-3622.879164
29,1,16,4.0,rgg3_k12_s1,rgg3_k12,no_trivial,1,0.708979801277,-2460.83035752,0.679247152918,-3622.879164
29,1,16,4.0,rgg3_k12_s2,rgg3_k12,no_trivial,2,0.683969826667,-2407.77062424,0.664601416511,-3622.879164
29,1,16,4.0,rgg3_k12_s3,rgg3_k12,no_trivial,3,0.677229882083,-2419.00771501,0.667703118294,-3622.879164
29,1,16,4.0,rgg3_k12_s4,rgg3_k12,no_trivial,4,0.729932042372,-2447.00082163,0.675429875205,-3622.879164
29,1,16,4.0,rgg3_k16_s0,rgg3_k16,no_trivial,0,0.598656997801,-2708.39917992,0.747581980329,-3622.879164
29,1,16,4.0,rgg3_k16_s1,rgg3_k16,no_trivial,1,0.580970012582,-2685.17968766,0.741172853442,-3622.879164
29,1,16,4.0,rgg3_k16_s2,rgg3_k16,no_trivial,2,0.55278966637,-2589.27712958,0.714701488062,-3622.879164
29,1,16,4.0,rgg3_k16_s3,rgg3_k16,no_trivial,3,0.5628908849,-2585.19048852,0.713573478853,-3622.879164
29,1,16,4.0,rgg3_k16_s4,rgg3_k16,no_trivial,4,0.614577050927,-2706.51729465,0.747062535659,-3622.879164
29,1,16,4.0,rr_k4_s0,rr_k4,no_trivial,0,1,-1505.0467015,0.415428346729,-3622.879164
29,1,16,4.0,rr_k4_s1,rr_k4,no_trivial,1,1,-1503.88781842,0.415108467696,-3622.879164
29,1,16,4.0,rr_k4_s2,rr_k4,no_trivial,2,1,-1503.30837687,0.414948528179,-3622.879164
29,1,16,4.0,rr_k4_s3,rr_k4,no_trivial,3,1,-1505.91790251,0.415668818732,-3622.879164
29,1,16,4.0,rr_k4_s4,rr_k4,no_trivial,4,1,-1504.46725996,0.415268407212,-3622.879164
29,1,16,4.0,rr_k6_s0,rr_k6,no_trivial,0,1,-2093.54608425,0.577868040715,-3622.879164
29,1,16,4.0,rr_k6_s1,rr_k6,no_trivial,1,1,-2094.12552579,0.578027980232,-3622.879164
29,1,16,4.0,rr_k6_s2,rr_k6,no_trivial,2,1,-2091.22424069,0.577227157192,-3622.879164
29,1,16,4.0,rr_k6_s3,rr_k6,no_trivial,3,1,-2092.09951909,0.577468754653,-3622.879164
29,1,16,4.0,rr_k6_s4,rr_k6,no_trivial,4,1,-2092.96664271,0.577708101199,-3622.879164
29,1,16,4.0,rr_k8_s0,rr_k8,no_trivial,0,1,-2581.8821987,0.712660312923,-3622.879164
29,1,16,4.0,rr_k8_s1,rr_k8,no_trivial,1,1,-2587.09717258,0.714099768572,-3622.879164
29,1,16,4.0,rr_k8_s2,rr_k8,no_trivial,2,1,-2579.15489003,0.711907511478,-3622.879164
29,1,16,4.0,rr_k8_s3,rr_k8,no_trivial,3,1,-2580.43563355,0.712261026861,-3622.879164
29,1,16,4.0,rr_k8_s4,rr_k8,no_trivial,4,1,-2576.67537962,0.71122310819,-3622.879164
29,1,16,4.0,rr_k12_s0,rr_k12,no_trivial,0,1,-3236.64625499,0.893390617924,-3622.879164
29,1,16,4.0,rr_k12_s1,rr_k12,no_trivial,1,1,-3236.19256095,0.893265387679,-3622.879164
29,1,16,4.0,rr_k12_s2,rr_k12,no_trivial,2,1,-3239.52439456,0.89418505225,-3622.879164
29,1,16,4.0,rr_k12_s3,rr_k12,no_trivial,3,1,-3241.80095807,0.894813437412,-3622.879164
29,1,16,4.0,rr_k12_s4,rr_k12,no_trivial,4,1,-3241.42792181,0.894710470615,-3622.879164
29,1,16,4.0,rr_k16_s0,rr_k16,no_trivial,0,0.937622743842,-3445.31453344,0.950987978754,-3622.879164
29,1,16,4.0,rr_k16_s1,rr_k16,no_trivial,1,0.935965552295,-3457.49817341,0.954350950417,-3622.879164
29,1,16,4.0,rr_k16_s2,rr_k16,no_trivial,2,0.943668899128,-3455.89685523,0.953908948874,-3622.879164
29,1,16,4.0,rr_k16_s3,rr_k16,no_trivial,3,0.940490879288,-3443.25636107,0.950419874689,-3622.879164
29,1,16,4.0,rr_k16_s4,rr_k16,no_trivial,4,0.939504005884,-3452.05812214,0.952849368106,-3622.879164
29,1,16,4.0,er_k4_s0,er_k4,no_trivial,0,1,-1447.85782988,0.399642870859,-3622.879164
29,1,16,4.0,er_k4_s1,er_k4,no_trivial,1,1,-1454.98906389,0.40161125945,-3622.879164
29,1,16,4.0,er_k4_s2,er_k4,no_trivial,2,1,-1462.02606378,0.403553637202,-3622.879164
29,1,16,4.0,er_k4_s3,er_k4,no_trivial,3,1,-1449.60217504,0.400124351219,-3622.879164
29,1,16,4.0,er_k4_s4,er_k4,no_trivial,4,1,-1448.81188255,0.399906211873,-3622.879164
29,1,16,4.0,er_k6_s0,er_k6,no_trivial,0,1,-2017.66727035,0.556923700465,-3622.879164
29,1,16,4.0,er_k6_s1,er_k6,no_trivial,1,1,-2016.02944408,0.556471621828,-3622.879164
29,1,16,4.0,er_k6_s2,er_k6,no_trivial,2,1,-2004.44189778,0.553273186059,-3622.879164
29,1,16,4.0,er_k6_s3,er_k6,no_trivial,3,1,-2027.928096,0.559755930077,-3622.879164
29,1,16,4.0,er_k6_s4,er_k6,no_trivial,4,1,-2028.3190693,0.559863847917,-3622.879164
29,1,16,4.0,er_k8_s0,er_k8,no_trivial,0,1,-2467.92998402,0.681206817092,-3622.879164
29,1,16,4.0,er_k8_s1,er_k8,no_trivial,1,1,-2464.66753954,0.680306305557,-3622.879164
29,1,16,4.0,er_k8_s2,er_k8,no_trivial,2,1,-2499.01728997,0.689787645914,-3622.879164
29,1,16,4.0,er_k8_s3,er_k8,no_trivial,3,1,-2466.83505359,0.680904590497,-3622.879164
29,1,16,4.0,er_k8_s4,er_k8,no_trivial,4,1,-2486.63477224,0.686369779302,-3622.879164
29,1,16,4.0,er_k12_s0,er_k12,no_trivial,0,1,-3104.11050717,0.85680762914,-3622.879164
29,1,16,4.0,er_k12_s1,er_k12,no_trivial,1,1,-3069.62294614,0.847288249809,-3622.879164
29,1,16,4.0,er_k12_s2,er_k12,no_trivial,2,1,-3081.62988288,0.850602447219,-3622.879164
29,1,16,4.0,er_k12_s3,er_k12,no_trivial,3,1,-3072.56969653,0.848101622338,-3622.879164
29,1,16,4.0,er_k12_s4,er_k12,no_trivial,4,1,-3068.2897833,0.846920265459,-3622.879164
29,1,16,4.0,er_k16_s0,er_k16,no_trivial,0,0.892269577128,-3293.29803388,0.909027843546,-3622.879164
29,1,16,4.0,er_k16_s1,er_k16,no_trivial,1,0.879946427964,-3252.25282861,0.897698399915,-3622.879164
29,1,16,4.0,er_k16_s2,er_k16,no_trivial,2,0.886217305316,-3268.78074699,0.902260494767,-3622.879164
29,1,16,4.0,er_k16_s3,er_k16,no_trivial,3,0.891795695425,-3301.69762355,0.91134632818,-3622.879164
29,1,16,4.0,er_k16_s4,er_k16,no_trivial,4,0.888971087647,-3286.23186849,0.907077415427,-3622.879164
30,2,4,0.25,vacio,vacio,trivial,,0,0,-0,-147.300254352
30,2,4,0.25,clique_binaria_s2,clique_binaria,trivial,,1,-17.793734103,0.120799072488,-147.300254352
30,2,4,0.25,clique_difusa_s2,clique_difusa,trivial,,1,-17.793734103,0.120799072488,-147.300254352
30,2,4,0.25,clique_binaria_s3,clique_binaria,trivial,,1,-94.8947274129,0.644226500695,-147.300254352
30,2,4,0.25,clique_difusa_s3,clique_difusa,trivial,,1,-94.8947274129,0.644226500695,-147.300254352
30,2,4,0.25,clique_binaria_s4,clique_binaria,trivial,,1,-138.093988455,0.9375,-147.300254352
30,2,4,0.25,clique_difusa_s4,clique_difusa,trivial,,1,-138.093988455,0.9375,-147.300254352
30,2,4,0.25,clique_binaria_s6,clique_binaria,trivial,,1,-53.9398252889,0.366189627615,-147.300254352
30,2,4,0.25,clique_difusa_s6,clique_difusa,trivial,,0.729729710251,-145.804021172,0.989842290587,-147.300254352
30,2,4,0.25,clique_binaria_s8,clique_binaria,trivial,,1,302.998956268,-2.05701583884,-147.300254352
30,2,4,0.25,clique_difusa_s8,clique_difusa,trivial,,0.575690519476,-147.288864217,0.999922674026,-147.300254352
30,2,4,0.25,clique_binaria_s9,clique_binaria,trivial,,1,592.563525398,-4.02282757761,-147.300254352
30,2,4,0.25,clique_difusa_s9,clique_difusa,trivial,,0.524248807183,-146.80539309,0.996640458875,-147.300254352
30,2,4,0.25,clique_binaria_s12,clique_binaria,trivial,,1,1928.25858945,-13.0906670727,-147.300254352
30,2,4,0.25,clique_difusa_s12,clique_difusa,trivial,,0.418292465814,-142.140069642,0.964968256618,-147.300254352
30,2,4,0.25,clique_binaria_s18,clique_binaria,trivial,,1,6791.83114455,-46.1087536774,-147.300254352
30,2,4,0.25,clique_difusa_s18,clique_difusa,trivial,,0.302379990532,-125.20170972,0.849976195021,-147.300254352
30,2,4,0.25,clique_binaria_s24,clique_binaria,trivial,,1,14676.5470272,-99.6369428667,-147.300254352
30,2,4,0.25,clique_difusa_s24,clique_difusa,trivial,,0.236079769813,-104.793265119,0.711426233304,-147.300254352
30,2,4,0.25,clique_binaria_s27,clique_binaria,trivial,,1,19772.7006676,-134.233988628,-147.300254352
30,2,4,0.25,clique_difusa_s27,clique_difusa,trivial,,0.211623483696,-94.4857823078,0.641450231864,-147.300254352
30,2,4,0.25,clique_binaria_s36,clique_binaria,trivial,,1,39733.4600514,-269.744680524,-147.300254352
30,2,4,0.25,clique_difusa_s36,clique_difusa,trivial,,0.15604317379,-65.850429068,0.447048984115,-147.300254352
30,2,4,0.25,clique_binaria_s54,clique_binaria,trivial,,1,100919.449992,-685.127465905,-147.300254352
30,2,4,0.25,clique_difusa_s54,clique_difusa,trivial,,0.0665588294543,-30.4087579231,0.206440634178,-147.300254352
30,2,4,0.25,clique_binaria_s72,clique_binaria,trivial,,1,190725.55709,-1294.80806349,-147.300254352
30,2,4,0.25,clique_difusa_s72,clique_difusa,trivial,,0.03071828769,-24.9751456901,0.16955263112,-147.300254352
30,2,4,0.25,clique_binaria_s108,clique_binaria,trivial,,1,456826.328244,-3101.32749093,-147.300254352
30,2,4,0.25,clique_difusa_s108,clique_difusa,trivial,,0.0169026108444,-22.574035969,0.153251846497,-147.300254352
30,2,4,0.25,clique_binaria_s216,clique_binaria,trivial,,1,1951408.42608,-13247.8279461,-147.300254352
30,2,4,0.25,clique_difusa_s216,clique_difusa,trivial,,0.00746082252782,-20.9853495249,0.142466485324,-147.300254352
30,2,4,0.25,bipartita,bipartita,trivial,,0.0135777092749,-19.7962998287,0.1343941999,-147.300254352
30,2,4,0.25,uniforme,uniforme,trivial,,0.00746082252782,-20.9853495249,0.142466485324,-147.300254352
30,2,4,0.25,t3,t3,no_trivial,,0.244398763317,-19.7962998287,0.1343941999,-147.300254352
30,2,4,0.25,tree,tree,no_trivial,,0.575318256714,-15.4616781492,0.104967083846,-147.300254352
30,2,4,0.25,ring_k6,ring,no_trivial,,0.750784340029,-134.90683023,0.915862846421,-147.300254352
30,2,4,0.25,ws_k6_b0.1,ws,no_trivial,,0.739080601672,-95.3281089587,0.647168664968,-147.300254352
30,2,4,0.25,tri_torus_12x18,tri_torus,no_trivial,,0.856046273715,-125.4058135,0.851361825896,-147.300254352
30,2,4,0.25,rgg3_k6_s0,rgg3_k6,no_trivial,0,0.663099100929,-77.2178639768,0.524220846165,-147.300254352
30,2,4,0.25,rgg3_k6_s1,rgg3_k6,no_trivial,1,0.598708024522,-75.0988414757,0.509835110645,-147.300254352
30,2,4,0.25,rgg3_k6_s2,rgg3_k6,no_trivial,2,0.663864675397,-81.1381046591,0.550834789905,-147.300254352
30,2,4,0.25,rgg3_k6_s3,rgg3_k6,no_trivial,3,0.622913348395,-78.2292912403,0.531087278731,-147.300254352
30,2,4,0.25,rgg3_k6_s4,rgg3_k6,no_trivial,4,0.69036654352,-79.7502648057,0.54141294702,-147.300254352
30,2,4,0.25,rgg3_k8_s0,rgg3_k8,no_trivial,0,0.54827855157,-79.6892247579,0.540998555015,-147.300254352
30,2,4,0.25,rgg3_k8_s1,rgg3_k8,no_trivial,1,0.557588402112,-80.7327557285,0.548082934978,-147.300254352
30,2,4,0.25,rgg3_k8_s2,rgg3_k8,no_trivial,2,0.567933095518,-86.2684657064,0.585664064775,-147.300254352
30,2,4,0.25,rgg3_k8_s3,rgg3_k8,no_trivial,3,0.583543342643,-80.2625006326,0.544890441537,-147.300254352
30,2,4,0.25,rgg3_k8_s4,rgg3_k8,no_trivial,4,0.52442602172,-80.9899376558,0.549828905672,-147.300254352
30,2,4,0.25,rgg3_k12_s0,rgg3_k12,no_trivial,0,0.40847675324,-70.5527497529,0.478972355228,-147.300254352
30,2,4,0.25,rgg3_k12_s1,rgg3_k12,no_trivial,1,0.376834015516,-60.7367512737,0.412332969422,-147.300254352
30,2,4,0.25,rgg3_k12_s2,rgg3_k12,no_trivial,2,0.366782067539,-61.3606331726,0.416568412882,-147.300254352
30,2,4,0.25,rgg3_k12_s3,rgg3_k12,no_trivial,3,0.361294437117,-60.5801680789,0.41126994889,-147.300254352
30,2,4,0.25,rgg3_k12_s4,rgg3_k12,no_trivial,4,0.400074576809,-65.4599463579,0.444398053796,-147.300254352
30,2,4,0.25,rgg3_k16_s0,rgg3_k16,no_trivial,0,0.285624609718,-47.2096104265,0.320499177914,-147.300254352
30,2,4,0.25,rgg3_k16_s1,rgg3_k16,no_trivial,1,0.278265596968,-47.7594048591,0.324231652342,-147.300254352
30,2,4,0.25,rgg3_k16_s2,rgg3_k16,no_trivial,2,0.261989401317,-46.0368788332,0.312537673717,-147.300254352
30,2,4,0.25,rgg3_k16_s3,rgg3_k16,no_trivial,3,0.26392014728,-44.8528604084,0.304499544863,-147.300254352
30,2,4,0.25,rgg3_k16_s4,rgg3_k16,no_trivial,4,0.299937474809,-49.664068604,0.337162137448,-147.300254352
30,2,4,0.25,rr_k4_s0,rr_k4,no_trivial,0,0.381535532738,-20.3635184714,0.138244964755,-147.300254352
30,2,4,0.25,rr_k4_s1,rr_k4,no_trivial,1,0.376330870593,-20.1673074642,0.136912916769,-147.300254352
30,2,4,0.25,rr_k4_s2,rr_k4,no_trivial,2,0.373816222167,-20.0719685495,0.136265674745,-147.300254352
30,2,4,0.25,rr_k4_s3,rr_k4,no_trivial,3,0.386702994709,-20.5609354859,0.13958520015,-147.300254352
30,2,4,0.25,rr_k4_s4,rr_k4,no_trivial,4,0.378903243999,-20.2644696038,0.137572536401,-147.300254352
30,2,4,0.25,rr_k6_s0,rr_k6,no_trivial,0,0.255232911717,-20.3894101388,0.138420739519,-147.300254352
30,2,4,0.25,rr_k6_s1,rr_k6,no_trivial,1,0.255825839485,-20.4212133974,0.138636647215,-147.300254352
30,2,4,0.25,rr_k6_s2,rr_k6,no_trivial,2,0.252398225216,-20.2353486063,0.137374838185,-147.300254352
30,2,4,0.25,rr_k6_s3,rr_k6,no_trivial,3,0.254033853855,-20.3255044928,0.137986893384,-147.300254352
30,2,4,0.25,rr_k6_s4,rr_k6,no_trivial,4,0.254645086172,-20.3578199204,0.138206278121,-147.300254352
30,2,4,0.25,rr_k8_s0,rr_k8,no_trivial,0,0.194240205161,-20.5780896457,0.139701657245,-147.300254352
30,2,4,0.25,rr_k8_s1,rr_k8,no_trivial,1,0.196123003201,-20.7081921741,0.140584904386,-147.300254352
30,2,4,0.25,rr_k8_s2,rr_k8,no_trivial,2,0.193224773563,-20.5073932282,0.139221709551,-147.300254352
30,2,4,0.25,rr_k8_s3,rr_k8,no_trivial,3,0.19382528248,-20.5494187566,0.13950701475,-147.300254352
30,2,4,0.25,rr_k8_s4,rr_k8,no_trivial,4,0.192800193239,-20.4784021972,0.139024893658,-147.300254352
30,2,4,0.25,rr_k12_s0,rr_k12,no_trivial,0,0.130628039999,-20.6870510261,0.140441380207,-147.300254352
30,2,4,0.25,rr_k12_s1,rr_k12,no_trivial,1,0.130794799374,-20.7042885492,0.140558403244,-147.300254352
30,2,4,0.25,rr_k12_s2,rr_k12,no_trivial,2,0.130509837489,-20.6745552142,0.140356547958,-147.300254352
30,2,4,0.25,rr_k12_s3,rr_k12,no_trivial,3,0.13093493358,-20.718152254,0.140652521919,-147.300254352
30,2,4,0.25,rr_k12_s4,rr_k12,no_trivial,4,0.131402426592,-20.7661980079,0.140978697554,-147.300254352
30,2,4,0.25,rr_k16_s0,rr_k16,no_trivial,0,0.0983677037884,-20.7377374499,0.140785482965,-147.300254352
30,2,4,0.25,rr_k16_s1,rr_k16,no_trivial,1,0.0990859422794,-20.834470246,0.141442187847,-147.300254352
30,2,4,0.25,rr_k16_s2,rr_k16,no_trivial,2,0.0981148254977,-20.7029909327,0.140549593914,-147.300254352
30,2,4,0.25,rr_k16_s3,rr_k16,no_trivial,3,0.0979452325496,-20.6802688985,0.14039533733,-147.300254352
30,2,4,0.25,rr_k16_s4,rr_k16,no_trivial,4,0.0984271532155,-20.7455637982,0.140838614906,-147.300254352
30,2,4,0.25,er_k4_s0,er_k4,no_trivial,0,0.306435786429,-16.2510375759,0.110325930172,-147.300254352
30,2,4,0.25,er_k4_s1,er_k4,no_trivial,1,0.316028774688,-16.7199364074,0.113509216131,-147.300254352
30,2,4,0.25,er_k4_s2,er_k4,no_trivial,2,0.320857333325,-17.0645925285,0.115849036402,-147.300254352
30,2,4,0.25,er_k4_s3,er_k4,no_trivial,3,0.305295704833,-16.2844648323,0.110552862953,-147.300254352
30,2,4,0.25,er_k4_s4,er_k4,no_trivial,4,0.303147431944,-16.1888839261,0.109903978084,-147.300254352
30,2,4,0.25,er_k6_s0,er_k6,no_trivial,0,0.222564325482,-17.6973532416,0.12014475684,-147.300254352
30,2,4,0.25,er_k6_s1,er_k6,no_trivial,1,0.222476453067,-17.6399521754,0.119755069351,-147.300254352
30,2,4,0.25,er_k6_s2,er_k6,no_trivial,2,0.21770476152,-17.296021076,0.117420171147,-147.300254352
30,2,4,0.25,er_k6_s3,er_k6,no_trivial,3,0.227730921346,-18.0410759581,0.122478240363,-147.300254352
30,2,4,0.25,er_k6_s4,er_k6,no_trivial,4,0.225887501915,-17.9901688879,0.122132639669,-147.300254352
30,2,4,0.25,er_k8_s0,er_k8,no_trivial,0,0.172339215304,-18.2324693584,0.123777582317,-147.300254352
30,2,4,0.25,er_k8_s1,er_k8,no_trivial,1,0.172860520894,-18.1859336295,0.123461658022,-147.300254352
30,2,4,0.25,er_k8_s2,er_k8,no_trivial,2,0.178239262585,-18.8146988355,0.127730253544,-147.300254352
30,2,4,0.25,er_k8_s3,er_k8,no_trivial,3,0.174242175387,-18.3391409491,0.124501760229,-147.300254352
30,2,4,0.25,er_k8_s4,er_k8,no_trivial,4,0.177397657435,-18.6900354976,0.126883932277,-147.300254352
30,2,4,0.25,er_k12_s0,er_k12,no_trivial,0,0.122568375359,-19.4087473601,0.131763162565,-147.300254352
30,2,4,0.25,er_k12_s1,er_k12,no_trivial,1,0.121454044425,-19.1790079882,0.130203495388,-147.300254352
30,2,4,0.25,er_k12_s2,er_k12,no_trivial,2,0.123057751501,-19.3964412143,0.131679617931,-147.300254352
30,2,4,0.25,er_k12_s3,er_k12,no_trivial,3,0.121809556006,-19.213143922,0.130435239277,-147.300254352
30,2,4,0.25,er_k12_s4,er_k12,no_trivial,4,0.12177522935,-19.2103956947,0.130416581961,-147.300254352
30,2,4,0.25,er_k16_s0,er_k16,no_trivial,0,0.0944043430998,-19.8591983062,0.134821208514,-147.300254352
30,2,4,0.25,er_k16_s1,er_k16,no_trivial,1,0.0932727924395,-19.6033618784,0.133084372221,-147.300254352
30,2,4,0.25,er_k16_s2,er_k16,no_trivial,2,0.0934908898952,-19.6648824177,0.133502026213,-147.300254352
30,2,4,0.25,er_k16_s3,er_k16,no_trivial,3,0.0948181275964,-19.9138061156,0.135191932988,-147.300254352
30,2,4,0.25,er_k16_s4,er_k16,no_trivial,4,0.0943577542344,-19.8356935361,0.134661638049,-147.300254352
31,2,4,1.0,vacio,vacio,trivial,,0,0,-0,-309.300254352
31,2,4,1.0,clique_binaria_s2,clique_binaria,trivial,,1,-88.668734103,0.286675270567,-309.300254352
31,2,4,1.0,clique_difusa_s2,clique_difusa,trivial,,1,-88.668734103,0.286675270567,-309.300254352
31,2,4,1.0,clique_binaria_s3,clique_binaria,trivial,,1,-216.394727413,0.699626736053,-309.300254352
31,2,4,1.0,clique_difusa_s3,clique_difusa,trivial,,1,-216.394727413,0.699626736053,-309.300254352
31,2,4,1.0,clique_binaria_s4,clique_binaria,trivial,,1,-289.968988455,0.9375,-309.300254352
31,2,4,1.0,clique_difusa_s4,clique_difusa,trivial,,1,-289.968988455,0.9375,-309.300254352
31,2,4,1.0,clique_binaria_s6,clique_binaria,trivial,,1,-205.814825289,0.665420808398,-309.300254352
31,2,4,1.0,clique_difusa_s6,clique_difusa,trivial,,0.74388558253,-306.807397876,0.991940334864,-309.300254352
31,2,4,1.0,clique_binaria_s8,clique_binaria,trivial,,1,232.123956268,-0.750480974399,-309.300254352
31,2,4,1.0,clique_difusa_s8,clique_difusa,trivial,,0.574682010208,-309.281983817,0.999940929453,-309.300254352
31,2,4,1.0,clique_binaria_s9,clique_binaria,trivial,,1,592.563525398,-1.91581971583,-309.300254352
31,2,4,1.0,clique_difusa_s9,clique_difusa,trivial,,0.518096244562,-308.520692254,0.997479594382,-309.300254352
31,2,4,1.0,clique_binaria_s12,clique_binaria,trivial,,1,2262.38358945,-7.31452224051,-309.300254352
31,2,4,1.0,clique_difusa_s12,clique_difusa,trivial,,0.401708647695,-301.57705285,0.975030083571,-309.300254352
31,2,4,1.0,clique_binaria_s18,clique_binaria,trivial,,1,8340.95614455,-26.9671816534,-309.300254352
31,2,4,1.0,clique_difusa_s18,clique_difusa,trivial,,0.275605415134,-279.144485864,0.90250325351,-309.300254352
31,2,4,1.0,clique_binaria_s24,clique_binaria,trivial,,1,18169.6720272,-58.7444457982,-309.300254352
31,2,4,1.0,clique_difusa_s24,clique_difusa,trivial,,0.205393342518,-255.912992428,0.82739341086,-309.300254352
31,2,4,1.0,clique_binaria_s27,clique_binaria,trivial,,1,24511.2006676,-79.2472696763,-309.300254352
31,2,4,1.0,clique_difusa_s27,clique_difusa,trivial,,0.180379162362,-245.462788764,0.793606811859,-309.300254352
31,2,4,1.0,clique_binaria_s36,clique_binaria,trivial,,1,49301.5850514,-159.397169442,-309.300254352
31,2,4,1.0,clique_difusa_s36,clique_difusa,trivial,,0.127702585814,-220.256013666,0.71211067746,-309.300254352
31,2,4,1.0,clique_binaria_s54,clique_binaria,trivial,,1,125067.574992,-404.356521638,-309.300254352
31,2,4,1.0,clique_difusa_s54,clique_difusa,trivial,,0.0744461799474,-192.156234811,0.621261160011,-309.300254352
31,2,4,1.0,clique_binaria_s72,clique_binaria,trivial,,1,236014.68209,-763.060097005,-309.300254352
31,2,4,1.0,clique_difusa_s72,clique_difusa,trivial,,0.0508147824697,-179.284433839,0.579645284205,-309.300254352
31,2,4,1.0,clique_binaria_s108,clique_binaria,trivial,,1,564080.453244,-1823.73097114,-309.300254352
31,2,4,1.0,clique_difusa_s108,clique_difusa,trivial,,0.0307365675437,-168.141931545,0.543620411491,-309.300254352
31,2,4,1.0,clique_binaria_s216,clique_binaria,trivial,,1,2402021.55108,-7765.98634264,-309.300254352
31,2,4,1.0,clique_difusa_s216,clique_difusa,trivial,,0.0140319855586,-158.749483569,0.513253647014,-309.300254352
31,2,4,1.0,bipartita,bipartita,trivial,,0.0258648352408,-150.843716885,0.487693478303,-309.300254352
31,2,4,1.0,uniforme,uniforme,trivial,,0.0140319855586,-158.749483569,0.513253647014,-309.300254352
31,2,4,1.0,t3,t3,no_trivial,,0.465567027423,-150.843716885,0.487693478303,-309.300254352
31,2,4,1.0,tree,tree,no_trivial,,1,-116.911724893,0.377987807148,-309.300254352
31,2,4,1.0,ring_k6,ring,no_trivial,,0.724915024865,-295.112509423,0.954129540051,-309.300254352
31,2,4,1.0,ws_k6_b0.1,ws,no_trivial,,0.704696139719,-252.794744483,0.817311789841,-309.300254352
31,2,4,1.0,tri_torus_12x18,tri_torus,no_trivial,,0.780650664523,-279.395722876,0.903315528987,-309.300254352
31,2,4,1.0,rgg3_k6_s0,rgg3_k6,no_trivial,0,0.633977652189,-217.353240087,0.702725707556,-309.300254352
31,2,4,1.0,rgg3_k6_s1,rgg3_k6,no_trivial,1,0.573581281922,-209.751026748,0.678146958485,-309.300254352
31,2,4,1.0,rgg3_k6_s2,rgg3_k6,no_trivial,2,0.639167805331,-221.221669852,0.715232744686,-309.300254352
31,2,4,1.0,rgg3_k6_s3,rgg3_k6,no_trivial,3,0.59379746454,-215.504795707,0.696749493976,-309.300254352
31,2,4,1.0,rgg3_k6_s4,rgg3_k6,no_trivial,4,0.658306822111,-219.14136921,0.708506915613,-309.300254352
31,2,4,1.0,rgg3_k8_s0,rgg3_k8,no_trivial,0,0.514273336422,-225.181249008,0.728034477308,-309.300254352
31,2,4,1.0,rgg3_k8_s1,rgg3_k8,no_trivial,1,0.516582723702,-223.865886165,0.723781771968,-309.300254352
31,2,4,1.0,rgg3_k8_s2,rgg3_k8,no_trivial,2,0.52472215727,-232.362884232,0.751253453441,-309.300254352
31,2,4,1.0,rgg3_k8_s3,rgg3_k8,no_trivial,3,0.546080336447,-225.989376569,0.730647238045,-309.300254352
31,2,4,1.0,rgg3_k8_s4,rgg3_k8,no_trivial,4,0.481421745761,-222.771958832,0.72024499074,-309.300254352
31,2,4,1.0,rgg3_k12_s0,rgg3_k12,no_trivial,0,0.358883424063,-219.389139273,0.709307982083,-309.300254352
31,2,4,1.0,rgg3_k12_s1,rgg3_k12,no_trivial,1,0.332045575487,-207.45445615,0.670721906078,-309.300254352
31,2,4,1.0,rgg3_k12_s2,rgg3_k12,no_trivial,2,0.324047220448,-205.933248031,0.66580368148,-309.300254352
31,2,4,1.0,rgg3_k12_s3,rgg3_k12,no_trivial,3,0.318880631901,-205.332476983,0.66386132599,-309.300254352
31,2,4,1.0,rgg3_k12_s4,rgg3_k12,no_trivial,4,0.349921836582,-211.10166458,0.682513711546,-309.300254352
31,2,4,1.0,rgg3_k16_s0,rgg3_k16,no_trivial,0,0.248923592216,-199.379900055,0.644616023588,-309.300254352
31,2,4,1.0,rgg3_k16_s1,rgg3_k16,no_trivial,1,0.243442827305,-199.559638497,0.645197136728,-309.300254352
31,2,4,1.0,rgg3_k16_s2,rgg3_k16,no_trivial,2,0.232534877632,-194.079439815,0.627479082491,-309.300254352
31,2,4,1.0,rgg3_k16_s3,rgg3_k16,no_trivial,3,0.235039568041,-192.38107547,0.621988093326,-309.300254352
31,2,4,1.0,rgg3_k16_s4,rgg3_k16,no_trivial,4,0.259392789832,-201.981151609,0.653026141321,-309.300254352
31,2,4,1.0,rr_k4_s0,rr_k4,no_trivial,0,0.715180932574,-153.879119985,0.497507253291,-309.300254352
31,2,4,1.0,rr_k4_s1,rr_k4,no_trivial,1,0.709485243429,-152.847997449,0.494173526528,-309.300254352
31,2,4,1.0,rr_k4_s2,rr_k4,no_trivial,2,0.706669477513,-152.339764747,0.492530357164,-309.300254352
31,2,4,1.0,rr_k4_s3,rr_k4,no_trivial,3,0.720176185903,-154.840656289,0.500616000504,-309.300254352
31,2,4,1.0,rr_k4_s4,rr_k4,no_trivial,4,0.712322406619,-153.361097311,0.495832431926,-309.300254352
31,2,4,1.0,rr_k6_s0,rr_k6,no_trivial,0,0.48052003766,-154.424193567,0.499269533065,-309.300254352
31,2,4,1.0,rr_k6_s1,rr_k6,no_trivial,1,0.48131691247,-154.613139706,0.499880415649,-309.300254352
31,2,4,1.0,rr_k6_s2,rr_k6,no_trivial,2,0.476817780142,-153.525196568,0.49636298195,-309.300254352
31,2,4,1.0,rr_k6_s3,rr_k6,no_trivial,3,0.478823623957,-154.031851794,0.498001051168,-309.300254352
31,2,4,1.0,rr_k6_s4,rr_k6,no_trivial,4,0.479727072011,-154.236086899,0.498661364577,-309.300254352
31,2,4,1.0,rr_k8_s0,rr_k8,no_trivial,0,0.365436474829,-155.777544972,0.503645059388,-309.300254352
31,2,4,1.0,rr_k8_s1,rr_k8,no_trivial,1,0.368149911593,-156.583449719,0.506250633538,-309.300254352
31,2,4,1.0,rr_k8_s2,rr_k8,no_trivial,2,0.363965295883,-155.337970778,0.502223870145,-309.300254352
31,2,4,1.0,rr_k8_s3,rr_k8,no_trivial,3,0.364815128177,-155.59564243,0.503056949487,-309.300254352
31,2,4,1.0,rr_k8_s4,rr_k8,no_trivial,4,0.363264572569,-155.142242335,0.501591059665,-309.300254352
31,2,4,1.0,rr_k12_s0,rr_k12,no_trivial,0,0.245998897285,-156.646882839,0.506455719433,-309.300254352
31,2,4,1.0,rr_k12_s1,rr_k12,no_trivial,1,0.246234520071,-156.752334683,0.506796656251,-309.300254352
31,2,4,1.0,rr_k12_s2,rr_k12,no_trivial,2,0.245854577194,-156.5763341,0.506227627999,-309.300254352
31,2,4,1.0,rr_k12_s3,rr_k12,no_trivial,3,0.246484497138,-156.850636483,0.507114476229,-309.300254352
31,2,4,1.0,rr_k12_s4,rr_k12,no_trivial,4,0.247151027601,-157.146122911,0.508069814686,-309.300254352
31,2,4,1.0,rr_k16_s0,rr_k16,no_trivial,0,0.185322433942,-157.04626384,0.507746959887,-309.300254352
31,2,4,1.0,rr_k16_s1,rr_k16,no_trivial,1,0.186428790156,-157.669053214,0.509760502927,-309.300254352
31,2,4,1.0,rr_k16_s2,rr_k16,no_trivial,2,0.184966362687,-156.833945389,0.507060512179,-309.300254352
31,2,4,1.0,rr_k16_s3,rr_k16,no_trivial,3,0.184682598122,-156.680021579,0.50656286044,-309.300254352
31,2,4,1.0,rr_k16_s4,rr_k16,no_trivial,4,0.185428766427,-157.101681882,0.5079261322,-309.300254352
31,2,4,1.0,er_k4_s0,er_k4,no_trivial,0,0.572462330089,-122.600807222,0.396381204013,-309.300254352
31,2,4,1.0,er_k4_s1,er_k4,no_trivial,1,0.588416505011,-125.92544518,0.40713010548,-309.300254352
31,2,4,1.0,er_k4_s2,er_k4,no_trivial,2,0.601161998732,-128.931721122,0.416849709329,-309.300254352
31,2,4,1.0,er_k4_s3,er_k4,no_trivial,3,0.573745388204,-123.223019587,0.398392881522,-309.300254352
31,2,4,1.0,er_k4_s4,er_k4,no_trivial,4,0.570996288906,-122.6440235,0.396520926752,-309.300254352
31,2,4,1.0,er_k6_s0,er_k6,no_trivial,0,0.418121688823,-133.883412332,0.432859043755,-309.300254352
31,2,4,1.0,er_k6_s1,er_k6,no_trivial,1,0.417206647509,-133.327380971,0.43106133634,-309.300254352
31,2,4,1.0,er_k6_s2,er_k6,no_trivial,2,0.408848658106,-130.822633188,0.422963225367,-309.300254352
31,2,4,1.0,er_k6_s3,er_k6,no_trivial,3,0.426554079476,-136.280053238,0.44060763391,-309.300254352
31,2,4,1.0,er_k6_s4,er_k6,no_trivial,4,0.425011688412,-136.203313646,0.440359526801,-309.300254352
31,2,4,1.0,er_k8_s0,er_k8,no_trivial,0,0.324139874135,-137.994911799,0.446151950596,-309.300254352
31,2,4,1.0,er_k8_s1,er_k8,no_trivial,1,0.323975725462,-137.395358652,0.444213532705,-309.300254352
31,2,4,1.0,er_k8_s2,er_k8,no_trivial,2,0.334712204718,-142.288411252,0.460033282385,-309.300254352
31,2,4,1.0,er_k8_s3,er_k8,no_trivial,3,0.326317854268,-138.505584212,0.447803007799,-309.300254352
31,2,4,1.0,er_k8_s4,er_k8,no_trivial,4,0.332403518117,-141.192580299,0.456490346557,-309.300254352
31,2,4,1.0,er_k12_s0,er_k12,no_trivial,0,0.230860784085,-146.977463618,0.47519347802,-309.300254352
31,2,4,1.0,er_k12_s1,er_k12,no_trivial,1,0.22837317297,-145.11097452,0.469158923983,-309.300254352
31,2,4,1.0,er_k12_s2,er_k12,no_trivial,2,0.231066191437,-146.655194656,0.474151548833,-309.300254352
31,2,4,1.0,er_k12_s3,er_k12,no_trivial,3,0.228910496821,-145.32608617,0.469854402396,-309.300254352
31,2,4,1.0,er_k12_s4,er_k12,no_trivial,4,0.228834354133,-145.302980295,0.469779698694,-309.300254352
31,2,4,1.0,er_k16_s0,er_k16,no_trivial,0,0.17764949584,-150.302288988,0.485942985411,-309.300254352
31,2,4,1.0,er_k16_s1,er_k16,no_trivial,1,0.175443695662,-148.331798299,0.479572183376,-309.300254352
31,2,4,1.0,er_k16_s2,er_k16,no_trivial,2,0.175939961121,-148.834204895,0.481196516334,-309.300254352
31,2,4,1.0,er_k16_s3,er_k16,no_trivial,3,0.17828673774,-150.652688264,0.487075862835,-309.300254352
31,2,4,1.0,er_k16_s4,er_k16,no_trivial,4,0.177493960114,-150.094837404,0.485272272791,-309.300254352
32,2,4,4.0,vacio,vacio,trivial,,0,0,-0,-957.300254352
32,2,4,4.0,clique_binaria_s2,clique_binaria,trivial,,1,-372.168734103,0.388769074709,-957.300254352
32,2,4,4.0,clique_difusa_s2,clique_difusa,trivial,,1,-372.168734103,0.388769074709,-957.300254352
32,2,4,4.0,clique_binaria_s3,clique_binaria,trivial,,1,-702.394727413,0.73372458037,-957.300254352
32,2,4,4.0,clique_difusa_s3,clique_difusa,trivial,,1,-702.394727413,0.73372458037,-957.300254352
32,2,4,4.0,clique_binaria_s4,clique_binaria,trivial,,1,-897.468988455,0.9375,-957.300254352
32,2,4,4.0,clique_difusa_s4,clique_difusa,trivial,,1,-897.468988455,0.9375,-957.300254352
32,2,4,4.0,clique_binaria_s6,clique_binaria,trivial,,1,-813.314825289,0.849592195961,-957.300254352
32,2,4,4.0,clique_difusa_s6,clique_difusa,trivial,,0.768274284047,-953.012442556,0.99552093319,-957.300254352
32,2,4,4.0,clique_binaria_s8,clique_binaria,trivial,,1,-51.3760437319,0.053667638234,-957.300254352
32,2,4,4.0,clique_difusa_s8,clique_difusa,trivial,,0.573096590061,-957.271209884,0.999969660022,-957.300254352
32,2,4,4.0,clique_binaria_s9,clique_binaria,trivial,,1,592.563525398,-0.618994430121,-957.300254352
32,2,4,4.0,clique_difusa_s9,clique_difusa,trivial,,0.508856201446,-956.104096446,0.99875048826,-957.300254352
32,2,4,4.0,clique_binaria_s12,clique_binaria,trivial,,1,3598.88358945,-3.75940941527,-957.300254352
32,2,4,4.0,clique_difusa_s12,clique_difusa,trivial,,0.379994499191,-946.494124484,0.988711869845,-957.300254352
32,2,4,4.0,clique_binaria_s18,clique_binaria,trivial,,1,14537.4561446,-15.1858897754,-957.300254352
32,2,4,4.0,clique_difusa_s18,clique_difusa,trivial,,0.249160537862,-920.464483371,0.96152119378,-957.300254352
32,2,4,4.0,clique_binaria_s24,clique_binaria,trivial,,1,32142.1720272,-33.5758523839,-957.300254352
32,2,4,4.0,clique_difusa_s24,clique_difusa,trivial,,0.183007490536,-897.632768747,0.937671085604,-957.300254352
32,2,4,4.0,clique_binaria_s27,clique_binaria,trivial,,1,43465.2006676,-45.4039372391,-957.300254352
32,2,4,4.0,clique_difusa_s27,clique_difusa,trivial,,0.160997992647,-888.151162871,0.927766558959,-957.300254352
32,2,4,4.0,clique_binaria_s36,clique_binaria,trivial,,1,87574.0850514,-91.4802692815,-957.300254352
32,2,4,4.0,clique_difusa_s36,clique_difusa,trivial,,0.117434212922,-866.134874694,0.904768248788,-957.300254352
32,2,4,4.0,clique_binaria_s54,clique_binaria,trivial,,1,221660.074992,-231.547076253,-957.300254352
32,2,4,4.0,clique_difusa_s54,clique_difusa,trivial,,0.0752432477963,-840.129593462,0.87760301916,-957.300254352
32,2,4,4.0,clique_binaria_s72,clique_binaria,trivial,,1,417171.18209,-435.778827168,-957.300254352
32,2,4,4.0,clique_difusa_s72,clique_difusa,trivial,,0.0550449225987,-825.825997823,0.862661421083,-957.300254352
32,2,4,4.0,clique_binaria_s108,clique_binaria,trivial,,1,993096.953244,-1037.39338701,-957.300254352
32,2,4,4.0,clique_difusa_s108,clique_difusa,trivial,,0.0356745454728,-810.860311499,0.847028200204,-957.300254352
32,2,4,4.0,clique_binaria_s216,clique_binaria,trivial,,1,4204474.05108,-4392.01183951,-957.300254352
32,2,4,4.0,clique_difusa_s216,clique_difusa,trivial,,0.0172878659094,-795.439922716,0.830919995163,-957.300254352
32,2,4,4.0,bipartita,bipartita,trivial,,0.0334273388673,-779.792961097,0.814575111154,-957.300254352
32,2,4,4.0,uniforme,uniforme,trivial,,0.0172878659094,-795.439922716,0.830919995163,-957.300254352
32,2,4,4.0,t3,t3,no_trivial,,0.601692099612,-779.792961097,0.814575111154,-957.300254352
32,2,4,4.0,tree,tree,no_trivial,,1,-556.411724893,0.581230102429,-957.300254352
32,2,4,4.0,ring_k6,ring,no_trivial,,0.691705026528,-940.968290342,0.982939559521,-957.300254352
32,2,4,4.0,ws_k6_b0.1,ws,no_trivial,,0.672723510489,-887.647928452,0.927240878101,-957.300254352
32,2,4,4.0,tri_torus_12x18,tri_torus,no_trivial,,0.705956804322,-920.729410947,0.961797938276,-957.300254352
32,2,4,4.0,rgg3_k6_s0,rgg3_k6,no_trivial,0,0.609121238081,-781.216981045,0.816062648572,-957.300254352
32,2,4,4.0,rgg3_k6_s1,rgg3_k6,no_trivial,1,0.551710394732,-751.353664918,0.784867298951,-957.300254352
32,2,4,4.0,rgg3_k6_s2,rgg3_k6,no_trivial,2,0.616401763127,-784.216146054,0.819195589355,-957.300254352
32,2,4,4.0,rgg3_k6_s3,rgg3_k6,no_trivial,3,0.568394796288,-768.500615082,0.802779077503,-957.300254352
32,2,4,4.0,rgg3_k6_s4,rgg3_k6,no_trivial,4,0.630175683123,-780.64443071,0.815464560007,-957.300254352
32,2,4,4.0,rgg3_k8_s0,rgg3_k8,no_trivial,0,0.487570451168,-813.603048231,0.849893274897,-957.300254352
32,2,4,4.0,rgg3_k8_s1,rgg3_k8,no_trivial,1,0.484987247126,-805.533942409,0.841464251938,-957.300254352
32,2,4,4.0,rgg3_k8_s2,rgg3_k8,no_trivial,2,0.490287845712,-827.512534137,0.864423184235,-957.300254352
32,2,4,4.0,rgg3_k8_s3,rgg3_k8,no_trivial,3,0.516718798416,-815.873349694,0.852264841657,-957.300254352
32,2,4,4.0,rgg3_k8_s4,rgg3_k8,no_trivial,4,0.449018828519,-801.175274984,0.836911169032,-957.300254352
32,2,4,4.0,rgg3_k12_s0,rgg3_k12,no_trivial,0,0.332694031167,-831.516807749,0.868606065827,-957.300254352
32,2,4,4.0,rgg3_k12_s1,rgg3_k12,no_trivial,1,0.311678722224,-806.562970736,0.842539179395,-957.300254352
32,2,4,4.0,rgg3_k12_s2,rgg3_k12,no_trivial,2,0.303817125061,-796.456570343,0.831981989686,-957.300254352
32,2,4,4.0,rgg3_k12_s3,rgg3_k12,no_trivial,3,0.299208925257,-796.419894668,0.831943678117,-957.300254352
32,2,4,4.0,rgg3_k12_s4,rgg3_k12,no_trivial,4,0.325368940648,-809.377405406,0.845479150064,-957.300254352
32,2,4,4.0,rgg3_k16_s0,rgg3_k16,no_trivial,0,0.23851945056,-815.717513601,0.852102054598,-957.300254352
32,2,4,4.0,rgg3_k16_s1,rgg3_k16,no_trivial,1,0.233178016001,-814.30774585,0.850629405087,-957.300254352
32,2,4,4.0,rgg3_k16_s2,rgg3_k16,no_trivial,2,0.223581766825,-792.147393906,0.82748060528,-957.300254352
32,2,4,4.0,rgg3_k16_s3,rgg3_k16,no_trivial,3,0.226512949282,-787.779548164,0.822917934663,-957.300254352
32,2,4,4.0,rgg3_k16_s4,rgg3_k16,no_trivial,4,0.247184270069,-820.732894017,0.857341142746,-957.300254352
32,2,4,4.0,rr_k4_s0,rr_k4,no_trivial,0,0.908939238126,-785.100987983,0.820119899074,-957.300254352
32,2,4,4.0,rr_k4_s1,rr_k4,no_trivial,1,0.906801913591,-783.322936546,0.818262538827,-957.300254352
32,2,4,4.0,rr_k4_s2,rr_k4,no_trivial,2,0.905734590647,-782.437180951,0.817337274688,-957.300254352
32,2,4,4.0,rr_k4_s3,rr_k4,no_trivial,3,0.910663074442,-786.678096155,0.821767353114,-957.300254352
32,2,4,4.0,rr_k4_s4,rr_k4,no_trivial,4,0.907870147613,-784.210871307,0.819190079331,-957.300254352
32,2,4,4.0,rr_k6_s0,rr_k6,no_trivial,0,0.608305163799,-786.595720178,0.821681302811,-957.300254352
32,2,4,4.0,rr_k6_s1,rr_k6,no_trivial,1,0.608647535918,-786.945424787,0.822046605764,-957.300254352
32,2,4,4.0,rr_k6_s2,rr_k6,no_trivial,2,0.606742454353,-784.945804162,0.819957793381,-957.300254352
32,2,4,4.0,rr_k6_s3,rr_k6,no_trivial,3,0.607550312497,-785.851945203,0.820904352245,-957.300254352
32,2,4,4.0,rr_k6_s4,rr_k6,no_trivial,4,0.60796326506,-786.246513367,0.821316519861,-957.300254352
32,2,4,4.0,rr_k8_s0,rr_k8,no_trivial,0,0.458793532866,-789.402386302,0.824613158424,-957.300254352
32,2,4,4.0,rr_k8_s1,rr_k8,no_trivial,1,0.459984627813,-790.904842548,0.826182630739,-957.300254352
32,2,4,4.0,rr_k8_s2,rr_k8,no_trivial,2,0.458142291436,-788.576116679,0.823750033591,-957.300254352
32,2,4,4.0,rr_k8_s3,rr_k8,no_trivial,3,0.458512262533,-789.055889311,0.824251206164,-957.300254352
32,2,4,4.0,rr_k8_s4,rr_k8,no_trivial,4,0.457802700809,-788.1852487,0.823341731204,-957.300254352
32,2,4,4.0,rr_k12_s0,rr_k12,no_trivial,0,0.307143272226,-791.288257154,0.826583147301,-957.300254352
32,2,4,4.0,rr_k12_s1,rr_k12,no_trivial,1,0.307242835664,-791.480477909,0.826783941936,-957.300254352
32,2,4,4.0,rr_k12_s2,rr_k12,no_trivial,2,0.307089875496,-791.167785779,0.826457302379,-957.300254352
32,2,4,4.0,rr_k12_s3,rr_k12,no_trivial,3,0.307365573527,-791.678056885,0.82699033379,-957.300254352
32,2,4,4.0,rr_k12_s4,rr_k12,no_trivial,4,0.307648000616,-792.216868624,0.827553178872,-957.300254352
32,2,4,4.0,rr_k16_s0,rr_k16,no_trivial,0,0.230794518214,-792.141151945,0.827474084901,-957.300254352
32,2,4,4.0,rr_k16_s1,rr_k16,no_trivial,1,0.231284306946,-793.306075206,0.828690968794,-957.300254352
32,2,4,4.0,rr_k16_s2,rr_k16,no_trivial,2,0.23064685139,-791.757656113,0.82707348349,-957.300254352
32,2,4,4.0,rr_k16_s3,rr_k16,no_trivial,3,0.230512565003,-791.456816041,0.826759224645,-957.300254352
32,2,4,4.0,rr_k16_s4,rr_k16,no_trivial,4,0.230846536163,-792.252035987,0.827589914852,-957.300254352
32,2,4,4.0,er_k4_s0,er_k4,no_trivial,0,0.720786018902,-621.62440786,0.649351554054,-957.300254352
32,2,4,4.0,er_k4_s1,er_k4,no_trivial,1,0.738563297714,-636.916062171,0.665325282507,-957.300254352
32,2,4,4.0,er_k4_s2,er_k4,no_trivial,2,0.759940395532,-655.632924433,0.684876998049,-957.300254352
32,2,4,4.0,er_k4_s3,er_k4,no_trivial,3,0.728262062105,-628.492099094,0.65652557412,-957.300254352
32,2,4,4.0,er_k4_s4,er_k4,no_trivial,4,0.725895780659,-626.378824286,0.654318038085,-957.300254352
32,2,4,4.0,er_k6_s0,er_k6,no_trivial,0,0.525672158144,-678.868313141,0.709148785926,-957.300254352
32,2,4,4.0,er_k6_s1,er_k6,no_trivial,1,0.522365840234,-674.172975841,0.704244016207,-957.300254352
32,2,4,4.0,er_k6_s2,er_k6,no_trivial,2,0.513356458892,-662.796754456,0.69236036598,-957.300254352
32,2,4,4.0,er_k6_s3,er_k6,no_trivial,3,0.533471840428,-688.504641261,0.719214936098,-957.300254352
32,2,4,4.0,er_k6_s4,er_k6,no_trivial,4,0.535527557234,-691.741826922,0.722596514288,-957.300254352
32,2,4,4.0,er_k8_s0,er_k8,no_trivial,0,0.406087657007,-698.36153909,0.729511494346,-957.300254352
32,2,4,4.0,er_k8_s1,er_k8,no_trivial,1,0.402652552125,-691.614444032,0.722463449569,-957.300254352
32,2,4,4.0,er_k8_s2,er_k8,no_trivial,2,0.41799958753,-718.530265556,0.750579833536,-957.300254352
32,2,4,4.0,er_k8_s3,er_k8,no_trivial,3,0.405888763533,-697.446474141,0.728555613529,-957.300254352
32,2,4,4.0,er_k8_s4,er_k8,no_trivial,4,0.414055839171,-711.648034749,0.743390625369,-957.300254352
32,2,4,4.0,er_k12_s0,er_k12,no_trivial,0,0.288189402261,-742.381351463,0.775494781379,-957.300254352
32,2,4,4.0,er_k12_s1,er_k12,no_trivial,1,0.283945078251,-731.00469692,0.763610678673,-957.300254352
32,2,4,4.0,er_k12_s2,er_k12,no_trivial,2,0.286550725924,-737.485748589,0.770380813372,-957.300254352
32,2,4,4.0,er_k12_s3,er_k12,no_trivial,3,0.284139295936,-731.29811179,0.76391718112,-957.300254352
32,2,4,4.0,er_k12_s4,er_k12,no_trivial,4,0.284108698447,-731.273579529,0.763891554613,-957.300254352
32,2,4,4.0,er_k16_s0,er_k16,no_trivial,0,0.220543094186,-756.565962027,0.79031208713,-957.300254352
32,2,4,4.0,er_k16_s1,er_k16,no_trivial,1,0.217516162584,-746.009290511,0.779284542253,-957.300254352
32,2,4,4.0,er_k16_s2,er_k16,no_trivial,2,0.218381280928,-749.101868108,0.782515062231,-957.300254352
32,2,4,4.0,er_k16_s3,er_k16,no_trivial,3,0.220809586603,-757.170045647,0.790943115501,-957.300254352
32,2,4,4.0,er_k16_s4,er_k16,no_trivial,4,0.220129890843,-755.028640268,0.788706194149,-957.300254352
33,2,6,0.25,vacio,vacio,trivial,,0,0,-0,-220.950381528
33,2,6,0.25,clique_binaria_s2,clique_binaria,trivial,,1,-20.862489402,0.0944216038808,-220.950381528
33,2,6,0.25,clique_difusa_s2,clique_difusa,trivial,,1,-20.862489402,0.0944216038808,-220.950381528
33,2,6,0.25,clique_binaria_s3,clique_binaria,trivial,,1,-107.169748609,0.485039889352,-220.950381528
33,2,6,0.25,clique_difusa_s3,clique_difusa,trivial,,1,-107.169748609,0.485039889352,-220.950381528
33,2,6,0.25,clique_binaria_s4,clique_binaria,trivial,,1,-165.712786146,0.75,-220.950381528
33,2,6,0.25,clique_difusa_s4,clique_difusa,trivial,,1,-165.712786146,0.75,-220.950381528
33,2,6,0.25,clique_binaria_s6,clique_binaria,trivial,,1,-130.658707764,0.591348640632,-220.950381528
33,2,6,0.25,clique_difusa_s6,clique_difusa,trivial,,0.786116220504,-189.907439329,0.859502654013,-220.950381528
33,2,6,0.25,clique_binaria_s8,clique_binaria,trivial,,1,152.629946617,-0.690788337006,-220.950381528
33,2,6,0.25,clique_difusa_s8,clique_difusa,trivial,,0.628786036902,-201.885758629,0.913715365561,-220.950381528
33,2,6,0.25,clique_binaria_s9,clique_binaria,trivial,,1,396.163186261,-1.79299616285,-220.950381528
33,2,6,0.25,clique_difusa_s9,clique_difusa,trivial,,0.576503348165,-206.374814006,0.934032394867,-220.950381528
33,2,6,0.25,clique_binaria_s12,clique_binaria,trivial,,1,1556.93919828,-7.04655582627,-220.950381528
33,2,6,0.25,clique_difusa_s12,clique_difusa,trivial,,0.469337789494,-215.428614703,0.975009018824,-220.950381528
33,2,6,0.25,clique_binaria_s18,clique_binaria,trivial,,1,5904.96086314,-26.7252802294,-220.950381528
33,2,6,0.25,clique_difusa_s18,clique_difusa,trivial,,0.353383346456,-220.949901337,0.999997826699,-220.950381528
33,2,6,0.25,clique_binaria_s24,clique_binaria,trivial,,1,13053.175474,-59.0774063556,-220.950381528
33,2,6,0.25,clique_difusa_s24,clique_difusa,trivial,,0.288362439246,-217.29173266,0.983441310021,-220.950381528
33,2,6,0.25,clique_binaria_s27,clique_binaria,trivial,,1,17698.2220855,-80.1004368631,-220.950381528
33,2,6,0.25,clique_difusa_s27,clique_difusa,trivial,,0.264889938713,-213.477372015,0.96617788364,-220.950381528
33,2,6,0.25,clique_binaria_s36,clique_binaria,trivial,,1,35974.2348101,-162.815898127,-220.950381528
33,2,6,0.25,clique_difusa_s36,clique_difusa,trivial,,0.213803439228,-197.531325273,0.894007622465,-220.950381528
33,2,6,0.25,clique_binaria_s54,clique_binaria,trivial,,1,92299.3163566,-417.737755048,-220.950381528
33,2,6,0.25,clique_difusa_s54,clique_difusa,trivial,,0.153641373506,-157.381731991,0.712294456801,-220.950381528
33,2,6,0.25,clique_binaria_s72,clique_binaria,trivial,,1,175255.961627,-793.191486772,-220.950381528
33,2,6,0.25,clique_difusa_s72,clique_difusa,trivial,,0.116777461701,-117.128862593,0.530113873455,-220.950381528
33,2,6,0.25,clique_binaria_s108,clique_binaria,trivial,,1,421692.148826,-1908.53777173,-220.950381528
33,2,6,0.25,clique_difusa_s108,clique_difusa,trivial,,0.0651163137313,-56.7504222179,0.256846907551,-220.950381528
33,2,6,0.25,clique_binaria_s216,clique_binaria,trivial,,1,1809555.21238,-8189.87140851,-220.950381528
33,2,6,0.25,clique_difusa_s216,clique_difusa,trivial,,0.0131050939039,-34.6057040719,0.15662206072,-220.950381528
33,2,6,0.25,bipartita,bipartita,trivial,,0.0203665636098,-29.694449743,0.1343941999,-220.950381528
33,2,6,0.25,uniforme,uniforme,trivial,,0.0131050939039,-34.6057040719,0.15662206072,-220.950381528
33,2,6,0.25,t3,t3,no_trivial,,0.366598144976,-29.694449743,0.1343941999,-220.950381528
33,2,6,0.25,tree,tree,no_trivial,,0.86297738507,-23.1925172238,0.104967083846,-220.950381528
33,2,6,0.25,ring_k6,ring,no_trivial,,0.844764528799,-205.369207647,0.929481118007,-220.950381528
33,2,6,0.25,ws_k6_b0.1,ws,no_trivial,,0.876358440364,-169.092915924,0.765298139582,-220.950381528
33,2,6,0.25,tri_torus_12x18,tri_torus,no_trivial,,1,-220.950381528,1,-220.950381528
33,2,6,0.25,rgg3_k6_s0,rgg3_k6,no_trivial,0,0.799307178576,-142.071868741,0.643003500418,-220.950381528
33,2,6,0.25,rgg3_k6_s1,rgg3_k6,no_trivial,1,0.719195822184,-136.713679574,0.618752855862,-220.950381528
33,2,6,0.25,rgg3_k6_s2,rgg3_k6,no_trivial,2,0.789301126393,-143.410829746,0.649063508076,-220.950381528
33,2,6,0.25,rgg3_k6_s3,rgg3_k6,no_trivial,3,0.747373595723,-142.666355432,0.64569408953,-220.950381528
33,2,6,0.25,rgg3_k6_s4,rgg3_k6,no_trivial,4,0.827454484775,-145.063117988,0.656541604428,-220.950381528
33,2,6,0.25,rgg3_k8_s0,rgg3_k8,no_trivial,0,0.669823398922,-153.893874485,0.696508751969,-220.950381528
33,2,6,0.25,rgg3_k8_s1,rgg3_k8,no_trivial,1,0.682200346989,-158.262806667,0.716282115344,-220.950381528
33,2,6,0.25,rgg3_k8_s2,rgg3_k8,no_trivial,2,0.69006327654,-166.663128798,0.754301158679,-220.950381528
33,2,6,0.25,rgg3_k8_s3,rgg3_k8,no_trivial,3,0.712859092795,-155.43097209,0.703465506665,-220.950381528
33,2,6,0.25,rgg3_k8_s4,rgg3_k8,no_trivial,4,0.643358318399,-161.246980681,0.72978819754,-220.950381528
33,2,6,0.25,rgg3_k12_s0,rgg3_k12,no_trivial,0,0.532552663591,-170.800561436,0.773026777571,-220.950381528
33,2,6,0.25,rgg3_k12_s1,rgg3_k12,no_trivial,1,0.508017029274,-158.696621134,0.718245517551,-220.950381528
33,2,6,0.25,rgg3_k12_s2,rgg3_k12,no_trivial,2,0.490574750167,-156.819865574,0.709751503887,-220.950381528
33,2,6,0.25,rgg3_k12_s3,rgg3_k12,no_trivial,3,0.485254435361,-156.582692564,0.708678081844,-220.950381528
33,2,6,0.25,rgg3_k12_s4,rgg3_k12,no_trivial,4,0.529167798229,-165.087280842,0.747169023651,-220.950381528
33,2,6,0.25,rgg3_k16_s0,rgg3_k16,no_trivial,0,0.426414091858,-158.571946678,0.717681253052,-220.950381528
33,2,6,0.25,rgg3_k16_s1,rgg3_k16,no_trivial,1,0.412725738618,-157.071949066,0.710892409326,-220.950381528
33,2,6,0.25,rgg3_k16_s2,rgg3_k16,no_trivial,2,0.389001011747,-148.41425319,0.671708517377,-220.950381528
33,2,6,0.25,rgg3_k16_s3,rgg3_k16,no_trivial,3,0.39527484814,-146.683222009,0.663874038116,-220.950381528
33,2,6,0.25,rgg3_k16_s4,rgg3_k16,no_trivial,4,0.439777259359,-162.034624419,0.733352996714,-220.950381528
33,2,6,0.25,rr_k4_s0,rr_k4,no_trivial,0,0.592969981211,-31.4771880667,0.14246270067,-220.950381528
33,2,6,0.25,rr_k4_s1,rr_k4,no_trivial,1,0.577678013265,-30.8437686184,0.139595905674,-220.950381528
33,2,6,0.25,rr_k4_s2,rr_k4,no_trivial,2,0.57039421592,-30.5424591881,0.138232208412,-220.950381528
33,2,6,0.25,rr_k4_s3,rr_k4,no_trivial,3,0.607519014722,-32.1090618135,0.145322499972,-220.950381528
33,2,6,0.25,rr_k4_s4,rr_k4,no_trivial,4,0.585200721968,-31.1551767069,0.141005308483,-220.950381528
33,2,6,0.25,rr_k6_s0,rr_k6,no_trivial,0,0.402442008676,-31.7157811855,0.143542549988,-220.950381528
33,2,6,0.25,rr_k6_s1,rr_k6,no_trivial,1,0.404575868653,-31.832685311,0.144071646724,-220.950381528
33,2,6,0.25,rr_k6_s2,rr_k6,no_trivial,2,0.392711787303,-31.1699498447,0.141072170272,-220.950381528
33,2,6,0.25,rr_k6_s3,rr_k6,no_trivial,3,0.398062907135,-31.4794849698,0.142473096231,-220.950381528
33,2,6,0.25,rr_k6_s4,rr_k6,no_trivial,4,0.400344666526,-31.6005711335,0.143021120465,-220.950381528
33,2,6,0.25,rr_k8_s0,rr_k8,no_trivial,0,0.314643854533,-32.5248148062,0.147204157699,-220.950381528
33,2,6,0.25,rr_k8_s1,rr_k8,no_trivial,1,0.322745176268,-33.0656292773,0.14965183155,-220.950381528
33,2,6,0.25,rr_k8_s2,rr_k8,no_trivial,2,0.310463693251,-32.2409188562,0.14591927216,-220.950381528
33,2,6,0.25,rr_k8_s3,rr_k8,no_trivial,3,0.312882140185,-32.4072956109,0.146672277218,-220.950381528
33,2,6,0.25,rr_k8_s4,rr_k8,no_trivial,4,0.308607865446,-32.1204396051,0.145373994753,-220.950381528
33,2,6,0.25,rr_k12_s0,rr_k12,no_trivial,0,0.216204503011,-33.0674174113,0.149659924471,-220.950381528
33,2,6,0.25,rr_k12_s1,rr_k12,no_trivial,1,0.216960960724,-33.1412372025,0.149994025687,-220.950381528
33,2,6,0.25,rr_k12_s2,rr_k12,no_trivial,2,0.215721279554,-33.0170098032,0.149431784525,-220.950381528
33,2,6,0.25,rr_k12_s3,rr_k12,no_trivial,3,0.217719080009,-33.2076187914,0.150294462321,-220.950381528
33,2,6,0.25,rr_k12_s4,rr_k12,no_trivial,4,0.219914238088,-33.4183787988,0.151248341676,-220.950381528
33,2,6,0.25,rr_k16_s0,rr_k16,no_trivial,0,0.164578147708,-33.330727327,0.150851639615,-220.950381528
33,2,6,0.25,rr_k16_s1,rr_k16,no_trivial,1,0.168319741872,-33.7821682657,0.152894817524,-220.950381528
33,2,6,0.25,rr_k16_s2,rr_k16,no_trivial,2,0.163393609413,-33.1791455795,0.150165595325,-220.950381528
33,2,6,0.25,rr_k16_s3,rr_k16,no_trivial,3,0.162513573294,-33.0739756754,0.149689606538,-220.950381528
33,2,6,0.25,rr_k16_s4,rr_k16,no_trivial,4,0.164913150667,-33.3690314017,0.151025000142,-220.950381528
33,2,6,0.25,er_k4_s0,er_k4,no_trivial,0,0.488951366902,-25.5702462574,0.115728454871,-220.950381528
33,2,6,0.25,er_k4_s1,er_k4,no_trivial,1,0.50825793174,-26.4844040609,0.119865844439,-220.950381528
33,2,6,0.25,er_k4_s2,er_k4,no_trivial,2,0.506546229469,-26.6357776448,0.120550946599,-220.950381528
33,2,6,0.25,er_k4_s3,er_k4,no_trivial,3,0.47697932534,-25.2168688991,0.114129103216,-220.950381528
33,2,6,0.25,er_k4_s4,er_k4,no_trivial,4,0.472125208577,-24.9904260351,0.113104244773,-220.950381528
33,2,6,0.25,er_k6_s0,er_k6,no_trivial,0,0.358371294384,-27.9005530437,0.126275197403,-220.950381528
33,2,6,0.25,er_k6_s1,er_k6,no_trivial,1,0.362967533866,-28.0488497209,0.126946373783,-220.950381528
33,2,6,0.25,er_k6_s2,er_k6,no_trivial,2,0.35200930796,-27.3384824891,0.12373132058,-220.950381528
33,2,6,0.25,er_k6_s3,er_k6,no_trivial,3,0.372703944762,-28.7585500057,0.130158408448,-220.950381528
33,2,6,0.25,er_k6_s4,er_k6,no_trivial,4,0.361396427751,-28.2325536614,0.127777800002,-220.950381528
33,2,6,0.25,er_k8_s0,er_k8,no_trivial,0,0.281244207592,-28.9423976201,0.130990484922,-220.950381528
33,2,6,0.25,er_k8_s1,er_k8,no_trivial,1,0.290143033397,-29.3818912858,0.132979590633,-220.950381528
33,2,6,0.25,er_k8_s2,er_k8,no_trivial,2,0.293984753191,-30.0722690837,0.136104173596,-220.950381528
33,2,6,0.25,er_k8_s3,er_k8,no_trivial,3,0.291278950731,-29.5801404035,0.133876846914,-220.950381528
33,2,6,0.25,er_k8_s4,er_k8,no_trivial,4,0.294976970296,-30.0483260181,0.135995809603,-220.950381528
33,2,6,0.25,er_k12_s0,er_k12,no_trivial,0,0.203047168118,-31.0356721576,0.140464442482,-220.950381528
33,2,6,0.25,er_k12_s1,er_k12,no_trivial,1,0.204202363898,-30.9451895125,0.140054926805,-220.950381528
33,2,6,0.25,er_k12_s2,er_k12,no_trivial,2,0.208937329792,-31.4869090424,0.142506696864,-220.950381528
33,2,6,0.25,er_k12_s3,er_k12,no_trivial,3,0.20615712198,-31.1196838248,0.140844671141,-220.950381528
33,2,6,0.25,er_k12_s4,er_k12,no_trivial,4,0.20588418856,-31.0994536316,0.140753111248,-220.950381528
33,2,6,0.25,er_k16_s0,er_k16,no_trivial,0,0.159908176626,-32.1497304364,0.145506562216,-220.950381528
33,2,6,0.25,er_k16_s1,er_k16,no_trivial,1,0.158858940068,-31.8345738197,0.144080193931,-220.950381528
33,2,6,0.25,er_k16_s2,er_k16,no_trivial,2,0.158497903118,-31.8481525271,0.144141649844,-220.950381528
33,2,6,0.25,er_k16_s3,er_k16,no_trivial,3,0.162204693673,-32.4196445413,0.146728167279,-220.950381528
33,2,6,0.25,er_k16_s4,er_k16,no_trivial,4,0.160478212505,-32.1872121283,0.145676200718,-220.950381528
34,2,6,1.0,vacio,vacio,trivial,,0,0,-0,-463.950381528
34,2,6,1.0,clique_binaria_s2,clique_binaria,trivial,,1,-95.112489402,0.205005735934,-463.950381528
34,2,6,1.0,clique_difusa_s2,clique_difusa,trivial,,1,-95.112489402,0.205005735934,-463.950381528
34,2,6,1.0,clique_binaria_s3,clique_binaria,trivial,,1,-242.169748609,0.521973379591,-463.950381528
34,2,6,1.0,clique_difusa_s3,clique_difusa,trivial,,1,-242.169748609,0.521973379591,-463.950381528
34,2,6,1.0,clique_binaria_s4,clique_binaria,trivial,,1,-347.962786146,0.75,-463.950381528
34,2,6,1.0,clique_difusa_s4,clique_difusa,trivial,,1,-347.962786146,0.75,-463.950381528
34,2,6,1.0,clique_binaria_s6,clique_binaria,trivial,,1,-366.908707764,0.790836094488,-463.950381528
34,2,6,1.0,clique_difusa_s6,clique_difusa,trivial,,0.838639019488,-407.742532778,0.878849439535,-463.950381528
34,2,6,1.0,clique_binaria_s8,clique_binaria,trivial,,1,-83.6200533832,0.180234905956,-463.950381528
34,2,6,1.0,clique_difusa_s8,clique_difusa,trivial,,0.662423575201,-430.219821884,0.927297053764,-463.950381528
34,2,6,1.0,clique_binaria_s9,clique_binaria,trivial,,1,180.163186261,-0.388324254994,-463.950381528
34,2,6,1.0,clique_difusa_s9,clique_difusa,trivial,,0.603743430569,-438.441988599,0.945019135785,-463.950381528
34,2,6,1.0,clique_binaria_s12,clique_binaria,trivial,,1,1482.68919828,-3.19579260478,-463.950381528
34,2,6,1.0,clique_difusa_s12,clique_difusa,trivial,,0.483376600575,-454.577280728,0.979797191308,-463.950381528
34,2,6,1.0,clique_binaria_s18,clique_binaria,trivial,,1,6478.71086314,-13.9642322134,-463.950381528
34,2,6,1.0,clique_difusa_s18,clique_difusa,trivial,,0.353279808942,-463.949609238,0.999998335403,-463.950381528
34,2,6,1.0,clique_binaria_s24,clique_binaria,trivial,,1,14760.925474,-31.8157416432,-463.950381528
34,2,6,1.0,clique_difusa_s24,clique_difusa,trivial,,0.280664719649,-458.342187289,0.987912081846,-463.950381528
34,2,6,1.0,clique_binaria_s27,clique_binaria,trivial,,1,20155.2220855,-43.4426242287,-463.950381528
34,2,6,1.0,clique_difusa_s27,clique_difusa,trivial,,0.254583089413,-452.750333482,0.975859383908,-463.950381528
34,2,6,1.0,clique_binaria_s36,clique_binaria,trivial,,1,41407.9848101,-89.250890739,-463.950381528
34,2,6,1.0,clique_difusa_s36,clique_difusa,trivial,,0.198270473504,-431.00340718,0.928985995788,-463.950381528
34,2,6,1.0,clique_binaria_s54,clique_binaria,trivial,,1,106967.066357,-230.557125536,-463.950381528
34,2,6,1.0,clique_difusa_s54,clique_difusa,trivial,,0.133706171493,-384.071618279,0.827829081666,-463.950381528
34,2,6,1.0,clique_binaria_s72,clique_binaria,trivial,,1,203531.711627,-438.692842448,-463.950381528
34,2,6,1.0,clique_difusa_s72,clique_difusa,trivial,,0.0968323289208,-345.592146203,0.744890315779,-463.950381528
34,2,6,1.0,clique_binaria_s108,clique_binaria,trivial,,1,490305.898826,-1056.80675854,-463.950381528
34,2,6,1.0,clique_difusa_s108,clique_difusa,trivial,,0.0575436664219,-298.650090798,0.643711273205,-463.950381528
34,2,6,1.0,clique_binaria_s216,clique_binaria,trivial,,1,2104158.96238,-4535.31033954,-463.950381528
34,2,6,1.0,clique_difusa_s216,clique_difusa,trivial,,0.0234748211889,-256.138365591,0.55208137721,-463.950381528
34,2,6,1.0,bipartita,bipartita,trivial,,0.0387972522853,-226.265575328,0.487693478303,-463.950381528
34,2,6,1.0,uniforme,uniforme,trivial,,0.0234748211889,-256.138365591,0.55208137721,-463.950381528
34,2,6,1.0,t3,t3,no_trivial,,0.698350541135,-226.265575328,0.487693478303,-463.950381528
34,2,6,1.0,tree,tree,no_trivial,,1,-149.607816595,0.322465122461,-463.950381528
34,2,6,1.0,ring_k6,ring,no_trivial,,0.873787819511,-443.619599705,0.956178973802,-463.950381528
34,2,6,1.0,ws_k6_b0.1,ws,no_trivial,,0.901961820829,-405.596023436,0.874222847063,-463.950381528
34,2,6,1.0,tri_torus_12x18,tri_torus,no_trivial,,1,-463.950381528,1,-463.950381528
34,2,6,1.0,rgg3_k6_s0,rgg3_k6,no_trivial,0,0.823550527317,-352.088306466,0.75889215848,-463.950381528
34,2,6,1.0,rgg3_k6_s1,rgg3_k6,no_trivial,1,0.74214305451,-338.21945323,0.72899919193,-463.950381528
34,2,6,1.0,rgg3_k6_s2,rgg3_k6,no_trivial,2,0.817508460531,-352.212178775,0.759159153214,-463.950381528
34,2,6,1.0,rgg3_k6_s3,rgg3_k6,no_trivial,3,0.768778470869,-348.816742498,0.751840620001,-463.950381528
34,2,6,1.0,rgg3_k6_s4,rgg3_k6,no_trivial,4,0.851371278697,-354.346346231,0.763759143949,-463.950381528
34,2,6,1.0,rgg3_k8_s0,rgg3_k8,no_trivial,0,0.681127019977,-374.525486093,0.807253320623,-463.950381528
34,2,6,1.0,rgg3_k8_s1,rgg3_k8,no_trivial,1,0.688385811445,-376.934314762,0.812445316933,-463.950381528
34,2,6,1.0,rgg3_k8_s2,rgg3_k8,no_trivial,2,0.69552199172,-390.572536665,0.841841180038,-463.950381528
34,2,6,1.0,rgg3_k8_s3,rgg3_k8,no_trivial,3,0.723855719876,-376.734882788,0.812015460676,-463.950381528
34,2,6,1.0,rgg3_k8_s4,rgg3_k8,no_trivial,4,0.645459958869,-378.963924714,0.816819944119,-463.950381528
34,2,6,1.0,rgg3_k12_s0,rgg3_k12,no_trivial,0,0.516746982088,-399.597706464,0.861294057238,-463.950381528
34,2,6,1.0,rgg3_k12_s1,rgg3_k12,no_trivial,1,0.49004393059,-381.988407636,0.823338923393,-463.950381528
34,2,6,1.0,rgg3_k12_s2,rgg3_k12,no_trivial,2,0.474780593568,-377.226815755,0.813075774422,-463.950381528
34,2,6,1.0,rgg3_k12_s3,rgg3_k12,no_trivial,3,0.468915548061,-377.056255587,0.812708148541,-463.950381528
34,2,6,1.0,rgg3_k12_s4,rgg3_k12,no_trivial,4,0.51075727588,-388.147478701,0.836614203059,-463.950381528
34,2,6,1.0,rgg3_k16_s0,rgg3_k16,no_trivial,0,0.396725767226,-383.814299027,0.827274455003,-463.950381528
34,2,6,1.0,rgg3_k16_s1,rgg3_k16,no_trivial,1,0.385544742145,-382.374848619,0.824171859412,-463.950381528
34,2,6,1.0,rgg3_k16_s2,rgg3_k16,no_trivial,2,0.365816837876,-368.669989082,0.794632365357,-463.950381528
34,2,6,1.0,rgg3_k16_s3,rgg3_k16,no_trivial,3,0.371218503814,-365.840006109,0.788532611837,-463.950381528
34,2,6,1.0,rgg3_k16_s4,rgg3_k16,no_trivial,4,0.410143218339,-388.347911395,0.83704621627,-463.950381528
34,2,6,1.0,rr_k4_s0,rr_k4,no_trivial,0,1,-232.276479682,0.500649399008,-463.950381528
34,2,6,1.0,rr_k4_s1,rr_k4,no_trivial,1,1,-230.117596599,0.495996136139,-463.950381528
34,2,6,1.0,rr_k4_s2,rr_k4,no_trivial,2,1,-229.038155057,0.493669504705,-463.950381528
34,2,6,1.0,rr_k4_s3,rr_k4,no_trivial,3,1,-234.147680693,0.504682591102,-463.950381528
34,2,6,1.0,rr_k4_s4,rr_k4,no_trivial,4,1,-231.19703814,0.498322767574,-463.950381528
34,2,6,1.0,rr_k6_s0,rr_k6,no_trivial,0,0.7356683074,-236.556372149,0.509874291665,-463.950381528
34,2,6,1.0,rr_k6_s1,rr_k6,no_trivial,1,0.737678981001,-237.114689557,0.511077690628,-463.950381528
34,2,6,1.0,rr_k6_s2,rr_k6,no_trivial,2,0.726827786596,-234.002338711,0.504369320574,-463.950381528
34,2,6,1.0,rr_k6_s3,rr_k6,no_trivial,3,0.731125631111,-235.355719228,0.507286400871,-463.950381528
34,2,6,1.0,rr_k6_s4,rr_k6,no_trivial,4,0.733666787245,-236.001627661,0.508678593784,-463.950381528
34,2,6,1.0,rr_k8_s0,rr_k8,no_trivial,0,0.570918958186,-241.867614468,0.521322158787,-463.950381528
34,2,6,1.0,rr_k8_s1,rr_k8,no_trivial,1,0.579235348371,-244.592045021,0.527194404314,-463.950381528
34,2,6,1.0,rr_k8_s2,rr_k8,no_trivial,2,0.566502678315,-240.409465078,0.518179259356,-463.950381528
34,2,6,1.0,rr_k8_s3,rr_k8,no_trivial,3,0.568940069724,-241.240687067,0.519970877644,-463.950381528
34,2,6,1.0,rr_k8_s4,rr_k8,no_trivial,4,0.56399288646,-239.681495357,0.516610191304,-463.950381528
34,2,6,1.0,rr_k12_s0,rr_k12,no_trivial,0,0.392678693684,-246.118864255,0.530485314925,-463.950381528
34,2,6,1.0,rr_k12_s1,rr_k12,no_trivial,1,0.393409578648,-246.479702262,0.531263066214,-463.950381528
34,2,6,1.0,rr_k12_s2,rr_k12,no_trivial,2,0.392390331639,-245.920301001,0.530057331112,-463.950381528
34,2,6,1.0,rr_k12_s3,rr_k12,no_trivial,3,0.394556387044,-246.915156108,0.5322016447,-463.950381528
34,2,6,1.0,rr_k12_s4,rr_k12,no_trivial,4,0.396695925227,-247.950086791,0.534432337299,-463.950381528
34,2,6,1.0,rr_k16_s0,rr_k16,no_trivial,0,0.299166866834,-248.198976703,0.534968795338,-463.950381528
34,2,6,1.0,rr_k16_s1,rr_k16,no_trivial,1,0.303502492813,-250.656337108,0.540265397093,-463.950381528
34,2,6,1.0,rr_k16_s2,rr_k16,no_trivial,2,0.298067206314,-247.468002688,0.533393251824,-463.950381528
34,2,6,1.0,rr_k16_s3,rr_k16,no_trivial,3,0.296813074025,-246.816583969,0.531989182024,-463.950381528
34,2,6,1.0,rr_k16_s4,rr_k16,no_trivial,4,0.299691823421,-248.454502666,0.535519556741,-463.950381528
34,2,6,1.0,er_k4_s0,er_k4,no_trivial,0,0.873307012638,-188.155254638,0.405550382387,-463.950381528
34,2,6,1.0,er_k4_s1,er_k4,no_trivial,1,0.898143169286,-193.679155884,0.417456615179,-463.950381528
34,2,6,1.0,er_k4_s2,er_k4,no_trivial,2,0.914117968472,-197.113129386,0.424858211641,-463.950381528
34,2,6,1.0,er_k4_s3,er_k4,no_trivial,3,0.870215987246,-187.702927053,0.404575434199,-463.950381528
34,2,6,1.0,er_k4_s4,er_k4,no_trivial,4,0.866666911292,-186.708683616,0.402432439005,-463.950381528
34,2,6,1.0,er_k6_s0,er_k6,no_trivial,0,0.648018535437,-207.028295738,0.446229389996,-463.950381528
34,2,6,1.0,er_k6_s1,er_k6,no_trivial,1,0.650569048304,-207.243247489,0.446692697624,-463.950381528
34,2,6,1.0,er_k6_s2,er_k6,no_trivial,2,0.635228428966,-202.668144106,0.436831506504,-463.950381528
34,2,6,1.0,er_k6_s3,er_k6,no_trivial,3,0.665067317619,-211.982035135,0.456906694283,-463.950381528
34,2,6,1.0,er_k6_s4,er_k6,no_trivial,4,0.657359153401,-210.139325921,0.452934913489,-463.950381528
34,2,6,1.0,er_k8_s0,er_k8,no_trivial,0,0.50926451212,-215.027090818,0.463470016146,-463.950381528
34,2,6,1.0,er_k8_s1,er_k8,no_trivial,1,0.515722217352,-216.379129134,0.46638420346,-463.950381528
34,2,6,1.0,er_k8_s2,er_k8,no_trivial,2,0.528306398267,-222.601852633,0.479796679764,-463.950381528
34,2,6,1.0,er_k8_s3,er_k8,no_trivial,3,0.517029950315,-217.608732393,0.469034493895,-463.950381528
34,2,6,1.0,er_k8_s4,er_k8,no_trivial,4,0.525380511324,-221.390740409,0.477186244958,-463.950381528
34,2,6,1.0,er_k12_s0,er_k12,no_trivial,0,0.369047026063,-231.075527355,0.498060862875,-463.950381528
34,2,6,1.0,er_k12_s1,er_k12,no_trivial,1,0.36772239911,-229.415259014,0.49448231567,-463.950381528
34,2,6,1.0,er_k12_s2,er_k12,no_trivial,2,0.373328093064,-232.596446796,0.501339057056,-463.950381528
34,2,6,1.0,er_k12_s3,er_k12,no_trivial,3,0.369861311984,-230.33185301,0.496457945031,-463.950381528
34,2,6,1.0,er_k12_s4,er_k12,no_trivial,4,0.369355444635,-230.170744178,0.496110690586,-463.950381528
34,2,6,1.0,er_k16_s0,er_k16,no_trivial,0,0.288678427934,-238.665038471,0.51441931718,-463.950381528
34,2,6,1.0,er_k16_s1,er_k16,no_trivial,1,0.285978310311,-236.032868577,0.508745930545,-463.950381528
34,2,6,1.0,er_k16_s2,er_k16,no_trivial,2,0.286180358448,-236.446725109,0.509637958116,-463.950381528
34,2,6,1.0,er_k16_s3,er_k16,no_trivial,3,0.29129924829,-240.120372778,0.517556148973,-463.950381528
34,2,6,1.0,er_k16_s4,er_k16,no_trivial,4,0.289015874341,-238.691019385,0.514475316517,-463.950381528
35,2,6,4.0,vacio,vacio,trivial,,0,0,-0,-1435.95038153
35,2,6,4.0,clique_binaria_s2,clique_binaria,trivial,,1,-392.112489402,0.273068272028,-1435.95038153
35,2,6,4.0,clique_difusa_s2,clique_difusa,trivial,,1,-392.112489402,0.273068272028,-1435.95038153
35,2,6,4.0,clique_binaria_s3,clique_binaria,trivial,,1,-782.169748609,0.544705275802,-1435.95038153
35,2,6,4.0,clique_difusa_s3,clique_difusa,trivial,,1,-782.169748609,0.544705275802,-1435.95038153
35,2,6,4.0,clique_binaria_s4,clique_binaria,trivial,,1,-1076.96278615,0.75,-1435.95038153
35,2,6,4.0,clique_difusa_s4,clique_difusa,trivial,,1,-1076.96278615,0.75,-1435.95038153
35,2,6,4.0,clique_binaria_s6,clique_binaria,trivial,,1,-1311.90870776,0.913617019529,-1435.95038153
35,2,6,4.0,clique_difusa_s6,clique_difusa,trivial,,0.94728153343,-1318.72671145,0.918365097023,-1435.95038153
35,2,6,4.0,clique_binaria_s8,clique_binaria,trivial,,1,-1028.62005338,0.716333981045,-1435.95038153
35,2,6,4.0,clique_difusa_s8,clique_difusa,trivial,,0.7287119751,-1369.43912736,0.953681370177,-1435.95038153
35,2,6,4.0,clique_binaria_s9,clique_binaria,trivial,,1,-683.836813739,0.476225935475,-1435.95038153
35,2,6,4.0,clique_difusa_s9,clique_difusa,trivial,,0.656179151361,-1386.93348576,0.965864491974,-1435.95038153
35,2,6,4.0,clique_binaria_s12,clique_binaria,trivial,,1,1185.68919828,-0.825717387959,-1435.95038153
35,2,6,4.0,clique_difusa_s12,clique_difusa,trivial,,0.508628867258,-1419.15430793,0.988303165754,-1435.95038153
35,2,6,4.0,clique_binaria_s18,clique_binaria,trivial,,1,8773.71086314,-6.11003762804,-1435.95038153
35,2,6,4.0,clique_difusa_s18,clique_difusa,trivial,,0.353115972348,-1435.94914734,0.999999140505,-1435.95038153
35,2,6,4.0,clique_binaria_s24,clique_binaria,trivial,,1,21591.925474,-15.036679367,-1435.95038153
35,2,6,4.0,clique_difusa_s24,clique_difusa,trivial,,0.269903840903,-1427.77068833,0.994303637991,-1435.95038153
35,2,6,4.0,clique_binaria_s27,clique_binaria,trivial,,1,29983.2220855,-20.8804026039,-1435.95038153
35,2,6,4.0,clique_difusa_s27,clique_difusa,trivial,,0.241036192958,-1420.24341568,0.989061623541,-1435.95038153
35,2,6,4.0,clique_binaria_s36,clique_binaria,trivial,,1,63142.9848101,-43.9729572988,-1435.95038153
35,2,6,4.0,clique_difusa_s36,clique_difusa,trivial,,0.181339780246,-1394.04518055,0.970817096806,-1435.95038153
35,2,6,4.0,clique_binaria_s54,clique_binaria,trivial,,1,165638.066357,-115.350828613,-1435.95038153
35,2,6,4.0,clique_difusa_s54,clique_difusa,trivial,,0.119134967683,-1346.63625947,0.937801387007,-1435.95038153
35,2,6,4.0,clique_binaria_s72,clique_binaria,trivial,,1,316634.711627,-220.505329223,-1435.95038153
35,2,6,4.0,clique_difusa_s72,clique_difusa,trivial,,0.0875465445414,-1312.4053753,0.913962900237,-1435.95038153
35,2,6,4.0,clique_binaria_s108,clique_binaria,trivial,,1,764760.898826,-532.581702448,-1435.95038153
35,2,6,4.0,clique_difusa_s108,clique_difusa,trivial,,0.0564007084961,-1270.50188832,0.884781190678,-1435.95038153
35,2,6,4.0,clique_binaria_s216,clique_binaria,trivial,,1,3282573.96238,-2285.99400411,-1435.95038153
35,2,6,4.0,clique_difusa_s216,clique_difusa,trivial,,0.0267970702984,-1221.98404527,0.850993224412,-1435.95038153
35,2,6,4.0,bipartita,bipartita,trivial,,0.050141009045,-1169.68944165,0.814575111154,-1435.95038153
35,2,6,4.0,uniforme,uniforme,trivial,,0.0267970702984,-1221.98404527,0.850993224412,-1435.95038153
35,2,6,4.0,t3,t3,no_trivial,,0.90253813603,-1169.68944165,0.814575111154,-1435.95038153
35,2,6,4.0,tree,tree,no_trivial,,1,-657.607816595,0.457959985982,-1435.95038153
35,2,6,4.0,ring_k6,ring,no_trivial,,0.925260389814,-1406.51329372,0.979499926885,-1435.95038153
35,2,6,4.0,ws_k6_b0.1,ws,no_trivial,,0.940090811029,-1356.64289345,0.94477003586,-1435.95038153
35,2,6,4.0,tri_torus_12x18,tri_torus,no_trivial,,1,-1435.95038153,1,-1435.95038153
35,2,6,4.0,rgg3_k6_s0,rgg3_k6,no_trivial,0,0.857971523864,-1196.50165309,0.833247212772,-1435.95038153
35,2,6,4.0,rgg3_k6_s1,rgg3_k6,no_trivial,1,0.775018701717,-1148.90466381,0.800100531738,-1435.95038153
35,2,6,4.0,rgg3_k6_s2,rgg3_k6,no_trivial,2,0.859073395477,-1193.70517202,0.831299735269,-1435.95038153
35,2,6,4.0,rgg3_k6_s3,rgg3_k6,no_trivial,3,0.799593376692,-1177.36654749,0.819921469872,-1435.95038153
35,2,6,4.0,rgg3_k6_s4,rgg3_k6,no_trivial,4,0.885897596855,-1195.57881382,0.832604544839,-1435.95038153
35,2,6,4.0,rgg3_k8_s0,rgg3_k8,no_trivial,0,0.696669511068,-1258.4749863,0.876405621316,-1435.95038153
35,2,6,4.0,rgg3_k8_s1,rgg3_k8,no_trivial,1,0.696881406547,-1252.04428364,0.871927261376,-1435.95038153
35,2,6,4.0,rgg3_k8_s2,rgg3_k8,no_trivial,2,0.703164899408,-1286.55625842,0.895961500461,-1435.95038153
35,2,6,4.0,rgg3_k8_s3,rgg3_k8,no_trivial,3,0.738986363379,-1263.15425937,0.879664280618,-1435.95038153
35,2,6,4.0,rgg3_k8_s4,rgg3_k8,no_trivial,4,0.648330886711,-1249.88766579,0.870425386466,-1435.95038153
35,2,6,4.0,rgg3_k12_s0,rgg3_k12,no_trivial,0,0.4979146145,-1319.20068773,0.918695175477,-1435.95038153
35,2,6,4.0,rgg3_k12_s1,rgg3_k12,no_trivial,1,0.469995941119,-1280.67613814,0.891866567684,-1435.95038153
35,2,6,4.0,rgg3_k12_s2,rgg3_k12,no_trivial,2,0.456903402024,-1263.42066344,0.879849805184,-1435.95038153
35,2,6,4.0,rgg3_k12_s3,rgg3_k12,no_trivial,3,0.45056755582,-1263.90758801,0.880188900859,-1435.95038153
35,2,6,4.0,rgg3_k12_s4,rgg3_k12,no_trivial,4,0.489443774312,-1286.12721682,0.895662714647,-1435.95038153
35,2,6,4.0,rgg3_k16_s0,rgg3_k16,no_trivial,0,0.368350285093,-1303.95939022,0.908081091795,-1435.95038153
35,2,6,4.0,rgg3_k16_s1,rgg3_k16,no_trivial,1,0.359367964764,-1300.63728928,0.905767571085,-1435.95038153
35,2,6,4.0,rgg3_k16_s2,rgg3_k16,no_trivial,2,0.343545251733,-1262.79745132,0.879415798456,-1435.95038153
35,2,6,4.0,rgg3_k16_s3,rgg3_k16,no_trivial,3,0.348362322048,-1255.86224256,0.874586099013,-1435.95038153
35,2,6,4.0,rgg3_k16_s4,rgg3_k16,no_trivial,4,0.381140430134,-1312.29813211,0.913888215769,-1435.95038153
35,2,6,4.0,rr_k4_s0,rr_k4,no_trivial,0,1,-1096.27647968,0.763450112054,-1435.95038153
35,2,6,4.0,rr_k4_s1,rr_k4,no_trivial,1,1,-1094.1175966,0.761946659629,-1435.95038153
35,2,6,4.0,rr_k4_s2,rr_k4,no_trivial,2,1,-1093.03815506,0.761194933416,-1435.95038153
35,2,6,4.0,rr_k4_s3,rr_k4,no_trivial,3,1,-1098.14768069,0.764753221851,-1435.95038153
35,2,6,4.0,rr_k4_s4,rr_k4,no_trivial,4,1,-1095.19703814,0.762698385841,-1435.95038153
35,2,6,4.0,rr_k6_s0,rr_k6,no_trivial,0,0.916241019236,-1187.11473009,0.826710132441,-1435.95038153
35,2,6,4.0,rr_k6_s1,rr_k6,no_trivial,1,0.916957205755,-1188.0216075,0.827341684489,-1435.95038153
35,2,6,4.0,rr_k6_s2,rr_k6,no_trivial,2,0.91322418483,-1183.02499129,0.82386202651,-1435.95038153
35,2,6,4.0,rr_k6_s3,rr_k6,no_trivial,3,0.914529290446,-1185.0926558,0.825301954053,-1435.95038153
35,2,6,4.0,rr_k6_s4,rr_k6,no_trivial,4,0.915525198227,-1186.20931923,0.826079601694,-1435.95038153
35,2,6,4.0,rr_k8_s0,rr_k8,no_trivial,0,0.695823052955,-1197.15557315,0.833702604594,-1435.95038153
35,2,6,4.0,rr_k8_s1,rr_k8,no_trivial,1,0.698891091283,-1201.56506842,0.836773389861,-1435.95038153
35,2,6,4.0,rr_k8_s2,rr_k8,no_trivial,2,0.694177637982,-1194.76042946,0.832034619598,-1435.95038153
35,2,6,4.0,rr_k8_s3,rr_k8,no_trivial,3,0.695058017006,-1196.10403238,0.832970308559,-1435.95038153
35,2,6,4.0,rr_k8_s4,rr_k8,no_trivial,4,0.693110926644,-1193.44931664,0.831121556836,-1435.95038153
35,2,6,4.0,rr_k12_s0,rr_k12,no_trivial,0,0.469469136191,-1205.39140513,0.839438061812,-1435.95038153
35,2,6,4.0,rr_k12_s1,rr_k12,no_trivial,1,0.469711379942,-1205.94038413,0.839820372378,-1435.95038153
35,2,6,4.0,rr_k12_s2,rr_k12,no_trivial,2,0.469414210123,-1205.13377973,0.839258650736,-1435.95038153
35,2,6,4.0,rr_k12_s3,rr_k12,no_trivial,3,0.470183039783,-1206.70248803,0.840351103738,-1435.95038153
35,2,6,4.0,rr_k12_s4,rr_k12,no_trivial,4,0.47089649376,-1208.27420356,0.841445650983,-1435.95038153
35,2,6,4.0,rr_k16_s0,rr_k16,no_trivial,0,0.354153579174,-1209.2669623,0.842137011036,-1435.95038153
35,2,6,4.0,rr_k16_s1,rr_k16,no_trivial,1,0.355680347954,-1213.10502707,0.844809850448,-1435.95038153
35,2,6,4.0,rr_k16_s2,rr_k16,no_trivial,2,0.353817718289,-1208.19555737,0.841390881549,-1435.95038153
35,2,6,4.0,rr_k16_s3,rr_k16,no_trivial,3,0.353324972252,-1207.09565721,0.840624907891,-1435.95038153
35,2,6,4.0,rr_k16_s4,rr_k16,no_trivial,4,0.354364639121,-1209.70707692,0.842443508131,-1435.95038153
35,2,6,4.0,er_k4_s0,er_k4,no_trivial,0,1,-932.25797108,0.649227148147,-1435.95038153
35,2,6,4.0,er_k4_s1,er_k4,no_trivial,1,1,-951.803852713,0.662838956664,-1435.95038153
35,2,6,4.0,er_k4_s2,er_k4,no_trivial,2,1,-972.806480414,0.677465247357,-1435.95038153
35,2,6,4.0,er_k4_s3,er_k4,no_trivial,3,1,-939.38939777,0.654193494325,-1435.95038153
35,2,6,4.0,er_k4_s4,er_k4,no_trivial,4,1,-936.669347562,0.652299243491,-1435.95038153
35,2,6,4.0,er_k6_s0,er_k6,no_trivial,0,0.794761396916,-1027.75753168,0.715733318436,-1435.95038153
35,2,6,4.0,er_k6_s1,er_k6,no_trivial,1,0.791064335854,-1022.26664496,0.71190944904,-1435.95038153
35,2,6,4.0,er_k6_s2,er_k6,no_trivial,2,0.776745002715,-1004.04277175,0.699218291009,-1435.95038153
35,2,6,4.0,er_k6_s3,er_k6,no_trivial,3,0.807648939854,-1044.0797793,0.727100178899,-1435.95038153
35,2,6,4.0,er_k6_s4,er_k6,no_trivial,4,0.809348605259,-1046.61374325,0.728864838723,-1435.95038153
35,2,6,4.0,er_k8_s0,er_k8,no_trivial,0,0.617084881471,-1060.43753656,0.738491768377,-1435.95038153
35,2,6,4.0,er_k8_s1,er_k8,no_trivial,1,0.613982780591,-1053.47825098,0.733645301767,-1435.95038153
35,2,6,4.0,er_k8_s2,er_k8,no_trivial,2,0.635909531959,-1092.31247677,0.760689568958,-1435.95038153
35,2,6,4.0,er_k8_s3,er_k8,no_trivial,3,0.617897561369,-1061.39589638,0.739159172927,-1435.95038153
35,2,6,4.0,er_k8_s4,er_k8,no_trivial,4,0.629925132505,-1082.37717823,0.753770598314,-1435.95038153
35,2,6,4.0,er_k12_s0,er_k12,no_trivial,0,0.440748415026,-1131.19418302,0.78776690168,-1435.95038153
35,2,6,4.0,er_k12_s1,er_k12,no_trivial,1,0.43504859643,-1115.62793048,0.776926518372,-1435.95038153
35,2,6,4.0,er_k12_s2,er_k12,no_trivial,2,0.43931709859,-1126.42262385,0.784443974066,-1435.95038153
35,2,6,4.0,er_k12_s3,er_k12,no_trivial,3,0.43573157479,-1116.88195564,0.777799825124,-1435.95038153
35,2,6,4.0,er_k12_s4,er_k12,no_trivial,4,0.435534388255,-1116.63196862,0.777625733441,-1435.95038153
35,2,6,4.0,er_k16_s0,er_k16,no_trivial,0,0.338989543476,-1156.51552165,0.805400755158,-1435.95038153
35,2,6,4.0,er_k16_s1,er_k16,no_trivial,1,0.334608800831,-1141.07228108,0.794646037745,-1435.95038153
35,2,6,4.0,er_k16_s2,er_k16,no_trivial,2,0.335778177784,-1145.30133307,0.797591161787,-1435.95038153
35,2,6,4.0,er_k16_s3,er_k16,no_trivial,3,0.339875705153,-1158.6794906,0.806907749395,-1435.95038153
35,2,6,4.0,er_k16_s4,er_k16,no_trivial,4,0.338522675874,-1154.64341375,0.804097013796,-1435.95038153
36,2,8,0.25,vacio,vacio,trivial,,0,0,-0,-294.600508705
36,2,8,0.25,clique_binaria_s2,clique_binaria,trivial,,1,-22.3968670515,0.0760245362439,-294.600508705
36,2,8,0.25,clique_difusa_s2,clique_difusa,trivial,,1,-22.3968670515,0.0760245362439,-294.600508705
36,2,8,0.25,clique_binaria_s3,clique_binaria,trivial,,1,-113.307259207,0.384613250347,-294.600508705
36,2,8,0.25,clique_difusa_s3,clique_difusa,trivial,,1,-113.307259207,0.384613250347,-294.600508705
36,2,8,0.25,clique_binaria_s4,clique_binaria,trivial,,1,-179.522184992,0.609375,-294.600508705
36,2,8,0.25,clique_difusa_s4,clique_difusa,trivial,,1,-179.522184992,0.609375,-294.600508705
36,2,8,0.25,clique_binaria_s6,clique_binaria,trivial,,1,-169.018149002,0.573719813808,-294.600508705
36,2,8,0.25,clique_difusa_s6,clique_difusa,trivial,,0.813909246231,-214.461824105,0.727975063749,-294.600508705
36,2,8,0.25,clique_binaria_s8,clique_binaria,trivial,,1,77.4454417912,-0.262882919421,-294.600508705
36,2,8,0.25,clique_difusa_s8,clique_difusa,trivial,,0.654833590092,-232.862083873,0.790433407249,-294.600508705
36,2,8,0.25,clique_binaria_s9,clique_binaria,trivial,,1,297.963016693,-1.01141378881,-294.600508705
36,2,8,0.25,clique_difusa_s9,clique_difusa,trivial,,0.602072968636,-240.483957501,0.816305302928,-294.600508705
36,2,8,0.25,clique_binaria_s12,clique_binaria,trivial,,1,1371.27950269,-4.65470853637,-294.600508705
36,2,8,0.25,clique_difusa_s12,clique_difusa,trivial,,0.49410673093,-258.527136402,0.877551561397,-294.600508705
36,2,8,0.25,clique_binaria_s18,clique_binaria,trivial,,1,5461.52572243,-18.5387518387,-294.600508705
36,2,8,0.25,clique_difusa_s18,clique_difusa,trivial,,0.377629958747,-280.227805938,0.951212905811,-294.600508705
36,2,8,0.25,clique_binaria_s24,clique_binaria,trivial,,1,12241.4896974,-41.5528464334,-294.600508705
36,2,8,0.25,clique_difusa_s24,clique_difusa,trivial,,0.312563882354,-290.641786806,0.986562406439,-294.600508705
36,2,8,0.25,clique_binaria_s27,clique_binaria,trivial,,1,16660.9827944,-56.554494314,-294.600508705
36,2,8,0.25,clique_difusa_s27,clique_difusa,trivial,,0.289147979555,-293.170900134,0.995147297686,-294.600508705
36,2,8,0.25,clique_binaria_s36,clique_binaria,trivial,,1,34094.6221895,-115.731715262,-294.600508705
36,2,8,0.25,clique_difusa_s36,clique_difusa,trivial,,0.238412869815,-293.823346185,0.997361978351,-294.600508705
36,2,8,0.25,clique_binaria_s54,clique_binaria,trivial,,1,87989.2495392,-298.673107952,-294.600508705
36,2,8,0.25,clique_difusa_s54,clique_difusa,trivial,,0.179515240155,-277.571663418,0.942196823213,-294.600508705
36,2,8,0.25,clique_binaria_s72,clique_binaria,trivial,,1,167521.163896,-568.638406746,-294.600508705
36,2,8,0.25,clique_difusa_s72,clique_difusa,trivial,,0.144690631364,-250.788318786,0.851282707857,-294.600508705
36,2,8,0.25,clique_binaria_s108,clique_binaria,trivial,,1,404125.059116,-1371.77312047,-294.600508705
36,2,8,0.25,clique_difusa_s108,clique_difusa,trivial,,0.102833149258,-189.228066432,0.642320908624,-294.600508705
36,2,8,0.25,clique_binaria_s216,clique_binaria,trivial,,1,1738628.60553,-5901.64834805,-294.600508705
36,2,8,0.25,clique_difusa_s216,clique_difusa,trivial,,0.0328513704661,-60.8456996686,0.206536302113,-294.600508705
36,2,8,0.25,bipartita,bipartita,trivial,,0.0271554185495,-39.5925996574,0.1343941999,-294.600508705
36,2,8,0.25,uniforme,uniforme,trivial,,0.0328513704661,-60.8456996686,0.206536302113,-294.600508705
36,2,8,0.25,t3,t3,no_trivial,,0.488797526634,-39.5925996574,0.1343941999,-294.600508705
36,2,8,0.25,tree,tree,no_trivial,,1,-30.3933624465,0.103168058263,-294.600508705
36,2,8,0.25,ring_k6,ring,no_trivial,,0.890311251319,-246.957498201,0.838279266003,-294.600508705
36,2,8,0.25,ws_k6_b0.1,ws,no_trivial,,0.941619495508,-215.611815882,0.731878627197,-294.600508705
36,2,8,0.25,tri_torus_12x18,tri_torus,no_trivial,,1,-276.187976911,0.9375,-294.600508705
36,2,8,0.25,rgg3_k6_s0,rgg3_k6,no_trivial,0,0.863647298231,-183.792434897,0.62387005272,-294.600508705
36,2,8,0.25,rgg3_k6_s1,rgg3_k6,no_trivial,1,0.776216028201,-176.189390775,0.598062072431,-294.600508705
36,2,8,0.25,rgg3_k6_s2,rgg3_k6,no_trivial,2,0.848923451541,-182.817454407,0.62056055236,-294.600508705
36,2,8,0.25,rgg3_k6_s3,rgg3_k6,no_trivial,3,0.806218609426,-183.883418568,0.624178890175,-294.600508705
36,2,8,0.25,rgg3_k6_s4,rgg3_k6,no_trivial,4,0.892309823128,-186.789893129,0.63404470668,-294.600508705
36,2,8,0.25,rgg3_k8_s0,rgg3_k8,no_trivial,0,0.726753839641,-202.370827792,0.686933056163,-294.600508705
36,2,8,0.25,rgg3_k8_s1,rgg3_k8,no_trivial,1,0.7403723042,-208.979670602,0.709366292409,-294.600508705
36,2,8,0.25,rgg3_k8_s2,rgg3_k8,no_trivial,2,0.747224166307,-218.828300025,0.74279674868,-294.600508705
36,2,8,0.25,rgg3_k8_s3,rgg3_k8,no_trivial,3,0.773407451557,-204.530579505,0.694264176271,-294.600508705
36,2,8,0.25,rgg3_k8_s4,rgg3_k8,no_trivial,4,0.698747754053,-213.901727326,0.726073855971,-294.600508705
36,2,8,0.25,rgg3_k12_s0,rgg3_k12,no_trivial,0,0.588088779516,-240.967069364,0.817945191011,-294.600508705
36,2,8,0.25,rgg3_k12_s1,rgg3_k12,no_trivial,1,0.56561144409,-229.575770791,0.779278256513,-294.600508705
36,2,8,0.25,rgg3_k12_s2,rgg3_k12,no_trivial,2,0.545212014265,-225.374016464,0.76501570705,-294.600508705
36,2,8,0.25,rgg3_k12_s3,rgg3_k12,no_trivial,3,0.539831848115,-225.805385131,0.766479956616,-294.600508705
36,2,8,0.25,rgg3_k12_s4,rgg3_k12,no_trivial,4,0.586394804127,-235.819634783,0.800472598708,-294.600508705
36,2,8,0.25,rgg3_k16_s0,rgg3_k16,no_trivial,0,0.483624758159,-246.242706715,0.835852958291,-294.600508705
36,2,8,0.25,rgg3_k16_s1,rgg3_k16,no_trivial,1,0.467766113149,-242.771232377,0.824069291138,-294.600508705
36,2,8,0.25,rgg3_k16_s2,rgg3_k16,no_trivial,2,0.44124461263,-228.86935669,0.776880385226,-294.600508705
36,2,8,0.25,rgg3_k16_s3,rgg3_k16,no_trivial,3,0.449001349789,-227.243634578,0.771361989756,-294.600508705
36,2,8,0.25,rgg3_k16_s4,rgg3_k16,no_trivial,4,0.497287858511,-249.268284393,0.846123061666,-294.600508705
36,2,8,0.25,rr_k4_s0,rr_k4,no_trivial,0,0.811595305064,-43.3247868266,0.147062837797,-294.600508705
36,2,8,0.25,rr_k4_s1,rr_k4,no_trivial,1,0.784188121521,-41.9825278184,0.142506637219,-294.600508705
36,2,8,0.25,rr_k4_s2,rr_k4,no_trivial,2,0.770936566367,-41.3496075197,0.140358235298,-294.600508705
36,2,8,0.25,rr_k4_s3,rr_k4,no_trivial,3,0.835159696309,-44.6185422049,0.151454396332,-294.600508705
36,2,8,0.25,rr_k4_s4,rr_k4,no_trivial,4,0.797748600507,-42.6406251916,0.144740500888,-294.600508705
36,2,8,0.25,rr_k6_s0,rr_k6,no_trivial,0,0.567764550904,-44.347759288,0.150535243415,-294.600508705
36,2,8,0.25,rr_k6_s1,rr_k6,no_trivial,1,0.572709201126,-44.643961639,0.151540680752,-294.600508705
36,2,8,0.25,rr_k6_s2,rr_k6,no_trivial,2,0.54612763424,-43.0194558732,0.146026414083,-294.600508705
36,2,8,0.25,rr_k6_s3,rr_k6,no_trivial,3,0.557322460937,-43.7424064894,0.148480417368,-294.600508705
36,2,8,0.25,rr_k6_s4,rr_k6,no_trivial,4,0.562923295147,-44.0580834115,0.149551959721,-294.600508705
36,2,8,0.25,rr_k8_s0,rr_k8,no_trivial,0,0.466996292937,-46.928275916,0.159294619423,-294.600508705
36,2,8,0.25,rr_k8_s1,rr_k8,no_trivial,1,0.49130184763,-48.609947368,0.165002930856,-294.600508705
36,2,8,0.25,rr_k8_s2,rr_k8,no_trivial,2,0.45503455109,-46.0898213056,0.156448546231,-294.600508705
36,2,8,0.25,rr_k8_s3,rr_k8,no_trivial,3,0.461720095149,-46.5696866646,0.15807741429,-294.600508705
36,2,8,0.25,rr_k8_s4,rr_k8,no_trivial,4,0.449172213053,-45.7137486889,0.155171995085,-294.600508705
36,2,8,0.25,rr_k12_s0,rr_k12,no_trivial,0,0.342536698289,-49.2661628318,0.16723040652,-294.600508705
36,2,8,0.25,rr_k12_s1,rr_k12,no_trivial,1,0.345277627411,-49.5241711191,0.168106196886,-294.600508705
36,2,8,0.25,rr_k12_s2,rr_k12,no_trivial,2,0.341228021315,-49.1140326752,0.166714011769,-294.600508705
36,2,8,0.25,rr_k12_s3,rr_k12,no_trivial,3,0.349149285222,-49.8153741942,0.169094664545,-294.600508705
36,2,8,0.25,rr_k12_s4,rr_k12,no_trivial,4,0.357651030284,-50.592149008,0.171731370154,-294.600508705
36,2,8,0.25,rr_k16_s0,rr_k16,no_trivial,0,0.272949982477,-50.6487698429,0.17192356546,-294.600508705
36,2,8,0.25,rr_k16_s1,rr_k16,no_trivial,1,0.293835221551,-52.7139978845,0.17893383184,-294.600508705
36,2,8,0.25,rr_k16_s2,rr_k16,no_trivial,2,0.268009942491,-50.0737099119,0.169971566349,-294.600508705
36,2,8,0.25,rr_k16_s3,rr_k16,no_trivial,3,0.26323498805,-49.6117182697,0.168403369322,-294.600508705
36,2,8,0.25,rr_k16_s4,rr_k16,no_trivial,4,0.27511692822,-50.8408138188,0.172575444769,-294.600508705
36,2,8,0.25,er_k4_s0,er_k4,no_trivial,0,0.69036802979,-36.1165597658,0.122595035306,-294.600508705
36,2,8,0.25,er_k4_s1,er_k4,no_trivial,1,0.720651559801,-37.6805707045,0.127903956684,-294.600508705
36,2,8,0.25,er_k4_s2,er_k4,no_trivial,2,0.708094889494,-37.234686481,0.126390435117,-294.600508705
36,2,8,0.25,er_k4_s3,er_k4,no_trivial,3,0.66064676043,-34.9059895542,0.118485842769,-294.600508705
36,2,8,0.25,er_k4_s4,er_k4,no_trivial,4,0.653436706941,-34.4971322342,0.117098006334,-294.600508705
36,2,8,0.25,er_k6_s0,er_k6,no_trivial,0,0.522161962448,-39.915981836,0.135491897185,-294.600508705
36,2,8,0.25,er_k6_s1,er_k6,no_trivial,1,0.539234574791,-40.7278539876,0.138247738154,-294.600508705
36,2,8,0.25,er_k6_s2,er_k6,no_trivial,2,0.516509741543,-39.3004067367,0.133402372282,-294.600508705
36,2,8,0.25,er_k6_s3,er_k6,no_trivial,3,0.554515224433,-41.8833799338,0.142170086935,-294.600508705
36,2,8,0.25,er_k6_s4,er_k6,no_trivial,4,0.522671604582,-40.1200627669,0.136184635062,-294.600508705
36,2,8,0.25,er_k8_s0,er_k8,no_trivial,0,0.42428637208,-42.1603983565,0.143110405824,-294.600508705
36,2,8,0.25,er_k8_s1,er_k8,no_trivial,1,0.460762845758,-44.3751286378,0.150628146682,-294.600508705
36,2,8,0.25,er_k8_s2,er_k8,no_trivial,2,0.451434564536,-44.3782109797,0.150638609467,-294.600508705
36,2,8,0.25,er_k8_s3,er_k8,no_trivial,3,0.455309652952,-44.3524097803,0.150551029173,-294.600508705
36,2,8,0.25,er_k8_s4,er_k8,no_trivial,4,0.456675733767,-44.7439846369,0.151880201544,-294.600508705
36,2,8,0.25,er_k12_s0,er_k12,no_trivial,0,0.323234273999,-46.3228904539,0.157239682503,-294.600508705
36,2,8,0.25,er_k12_s1,er_k12,no_trivial,1,0.337000054817,-47.2064080269,0.160238718645,-294.600508705
36,2,8,0.25,er_k12_s2,er_k12,no_trivial,2,0.351993363088,-48.7288495238,0.165406535576,-294.600508705
36,2,8,0.25,er_k12_s3,er_k12,no_trivial,3,0.346597949345,-47.9818465208,0.162870888213,-294.600508705
36,2,8,0.25,er_k12_s4,er_k12,no_trivial,4,0.344422456319,-47.847702793,0.162415547086,-294.600508705
36,2,8,0.25,er_k16_s0,er_k16,no_trivial,0,0.275904276875,-49.8886161569,0.16934327906,-294.600508705
36,2,8,0.25,er_k16_s1,er_k16,no_trivial,1,0.279786582341,-49.9107562787,0.169418432094,-294.600508705
36,2,8,0.25,er_k16_s2,er_k16,no_trivial,2,0.27499612139,-49.5240726576,0.168105862666,-294.600508705
36,2,8,0.25,er_k16_s3,er_k16,no_trivial,3,0.290584318798,-51.266902204,0.174021770802,-294.600508705
36,2,8,0.25,er_k16_s4,er_k16,no_trivial,4,0.280720353474,-50.3121101142,0.170780798497,-294.600508705
37,2,8,1.0,vacio,vacio,trivial,,0,0,-0,-618.600508705
37,2,8,1.0,clique_binaria_s2,clique_binaria,trivial,,1,-98.3343670515,0.158962635284,-618.600508705
37,2,8,1.0,clique_difusa_s2,clique_difusa,trivial,,1,-98.3343670515,0.158962635284,-618.600508705
37,2,8,1.0,clique_binaria_s3,clique_binaria,trivial,,1,-255.057259207,0.412313368026,-618.600508705
37,2,8,1.0,clique_difusa_s3,clique_difusa,trivial,,1,-255.057259207,0.412313368026,-618.600508705
37,2,8,1.0,clique_binaria_s4,clique_binaria,trivial,,1,-376.959684992,0.609375,-618.600508705
37,2,8,1.0,clique_difusa_s4,clique_difusa,trivial,,1,-376.959684992,0.609375,-618.600508705
37,2,8,1.0,clique_binaria_s6,clique_binaria,trivial,,1,-447.455649002,0.723335404199,-618.600508705
37,2,8,1.0,clique_difusa_s6,clique_difusa,trivial,,0.886857930741,-467.705198399,0.756069857392,-618.600508705
37,2,8,1.0,clique_binaria_s8,clique_binaria,trivial,,1,-241.492058209,0.390384512801,-618.600508705
37,2,8,1.0,clique_difusa_s8,clique_difusa,trivial,,0.707156076685,-504.267155246,0.815174168386,-618.600508705
37,2,8,1.0,clique_binaria_s9,clique_binaria,trivial,,1,-26.0369833068,0.0420901420875,-618.600508705
37,2,8,1.0,clique_difusa_s9,clique_difusa,trivial,,0.647442183784,-519.161162477,0.839251108222,-618.600508705
37,2,8,1.0,clique_binaria_s12,clique_binaria,trivial,,1,1092.84200269,-1.76663612025,-618.600508705
37,2,8,1.0,clique_difusa_s12,clique_difusa,trivial,,0.525126962899,-553.738555652,0.895147268488,-618.600508705
37,2,8,1.0,clique_binaria_s18,clique_binaria,trivial,,1,5547.58822243,-8.96796582668,-618.600508705
37,2,8,1.0,clique_difusa_s18,clique_difusa,trivial,,0.393129735802,-593.719396646,0.959778384097,-618.600508705
37,2,8,1.0,clique_binaria_s24,clique_binaria,trivial,,1,13056.5521974,-21.1065978991,-618.600508705
37,2,8,1.0,clique_difusa_s24,clique_difusa,trivial,,0.319505973773,-611.971840522,0.989284412009,-618.600508705
37,2,8,1.0,clique_binaria_s27,clique_binaria,trivial,,1,17977.2327944,-29.0611348382,-618.600508705
37,2,8,1.0,clique_difusa_s27,clique_difusa,trivial,,0.293062076407,-616.243447022,0.996189686801,-618.600508705
37,2,8,1.0,clique_binaria_s36,clique_binaria,trivial,,1,37461.1846895,-60.557959721,-618.600508705
37,2,8,1.0,clique_difusa_s36,clique_difusa,trivial,,0.235938936604,-617.373206518,0.998016001977,-618.600508705
37,2,8,1.0,clique_binaria_s54,clique_binaria,trivial,,1,97916.8120392,-158.287635819,-618.600508705
37,2,8,1.0,clique_difusa_s54,clique_difusa,trivial,,0.170191833674,-593.689692597,0.959730365952,-618.600508705
37,2,8,1.0,clique_binaria_s72,clique_binaria,trivial,,1,187290.226396,-302.764423502,-618.600508705
37,2,8,1.0,clique_difusa_s72,clique_difusa,trivial,,0.131943209796,-558.762733025,0.903269113366,-618.600508705
37,2,8,1.0,clique_binaria_s108,clique_binaria,trivial,,1,453418.621616,-732.97486057,-618.600508705
37,2,8,1.0,clique_difusa_s108,clique_difusa,trivial,,0.0876720294298,-491.175927837,0.794011516197,-618.600508705
37,2,8,1.0,clique_binaria_s216,clique_binaria,trivial,,1,1955227.66803,-3160.72754632,-618.600508705
37,2,8,1.0,clique_difusa_s216,clique_difusa,trivial,,0.0367077982967,-384.348862132,0.621319990403,-618.600508705
37,2,8,1.0,bipartita,bipartita,trivial,,0.0517296704813,-301.68743377,0.487693478303,-618.600508705
37,2,8,1.0,uniforme,uniforme,trivial,,0.0367077982967,-384.348862132,0.621319990403,-618.600508705
37,2,8,1.0,t3,t3,no_trivial,,0.931134068657,-301.68743377,0.487693478303,-618.600508705
37,2,8,1.0,tree,tree,no_trivial,,1,-165.955862446,0.268276310981,-618.600508705
37,2,8,1.0,ring_k6,ring,no_trivial,,0.950030628679,-540.106368843,0.873110127203,-618.600508705
37,2,8,1.0,ws_k6_b0.1,ws,no_trivial,,1,-513.058230345,0.829385399988,-618.600508705
37,2,8,1.0,tri_torus_12x18,tri_torus,no_trivial,,1,-579.937976911,0.9375,-618.600508705
37,2,8,1.0,rgg3_k6_s0,rgg3_k6,no_trivial,0,0.923799360471,-448.776104272,0.725469989043,-618.600508705
37,2,8,1.0,rgg3_k6_s1,rgg3_k6,no_trivial,1,0.831189999998,-429.942577666,0.695024610578,-618.600508705
37,2,8,1.0,rgg3_k6_s2,rgg3_k6,no_trivial,2,0.911328124034,-444.338059124,0.71829565749,-618.600508705
37,2,8,1.0,rgg3_k6_s3,rgg3_k6,no_trivial,3,0.860977481209,-444.028195309,0.717794746465,-618.600508705
37,2,8,1.0,rgg3_k6_s4,rgg3_k6,no_trivial,4,0.953074173009,-450.775244181,0.728701703019,-618.600508705
37,2,8,1.0,rgg3_k8_s0,rgg3_k8,no_trivial,0,0.769504133373,-484.308375491,0.782909759491,-618.600508705
37,2,8,1.0,rgg3_k8_s1,rgg3_k8,no_trivial,1,0.779062527193,-490.217133658,0.792461575379,-618.600508705
37,2,8,1.0,rgg3_k8_s2,rgg3_k8,no_trivial,2,0.785272939468,-506.809062583,0.819283294229,-618.600508705
37,2,8,1.0,rgg3_k8_s3,rgg3_k8,no_trivial,3,0.817953485026,-487.643257949,0.788300770994,-618.600508705
37,2,8,1.0,rgg3_k8_s4,rgg3_k8,no_trivial,4,0.731946212662,-495.3847471,0.800815292146,-618.600508705
37,2,8,1.0,rgg3_k12_s0,rgg3_k12,no_trivial,0,0.601322424452,-546.186119902,0.882938362023,-618.600508705
37,2,8,1.0,rgg3_k12_s1,rgg3_k12,no_trivial,1,0.5761017884,-528.646815578,0.854585161407,-618.600508705
37,2,8,1.0,rgg3_k12_s2,rgg3_k12,no_trivial,2,0.556647324243,-519.869540498,0.840396238255,-618.600508705
37,2,8,1.0,rgg3_k12_s3,rgg3_k12,no_trivial,3,0.550551500619,-520.718397559,0.841768459986,-618.600508705
37,2,8,1.0,rgg3_k12_s4,rgg3_k12,no_trivial,4,0.597364982522,-534.615613782,0.864234035148,-618.600508705
37,2,8,1.0,rgg3_k16_s0,rgg3_k16,no_trivial,0,0.480004785748,-554.487742098,0.89635836747,-618.600508705
37,2,8,1.0,rgg3_k16_s1,rgg3_k16,no_trivial,1,0.465590907246,-550.336641254,0.889647896357,-618.600508705
37,2,8,1.0,rgg3_k16_s2,rgg3_k16,no_trivial,2,0.441277891717,-528.115381019,0.853726069714,-618.600508705
37,2,8,1.0,rgg3_k16_s3,rgg3_k16,no_trivial,3,0.448593023344,-525.125787074,0.848893235109,-618.600508705
37,2,8,1.0,rgg3_k16_s4,rgg3_k16,no_trivial,4,0.49440527286,-558.861973964,0.903429541521,-618.600508705
37,2,8,1.0,rr_k4_s0,rr_k4,no_trivial,0,1,-283.826522074,0.45882038259,-618.600508705
37,2,8,1.0,rr_k4_s1,rr_k4,no_trivial,1,1,-281.667638991,0.455330435438,-618.600508705
37,2,8,1.0,rr_k4_s2,rr_k4,no_trivial,2,1,-280.588197449,0.453585461862,-618.600508705
37,2,8,1.0,rr_k4_s3,rr_k4,no_trivial,3,1,-285.697723085,0.46184527666,-618.600508705
37,2,8,1.0,rr_k4_s4,rr_k4,no_trivial,4,1,-282.747080532,0.457075409014,-618.600508705
37,2,8,1.0,rr_k6_s0,rr_k6,no_trivial,0,0.988194180908,-321.099328065,0.519073818314,-618.600508705
37,2,8,1.0,rr_k6_s1,rr_k6,no_trivial,1,0.991174406566,-322.157320616,0.520784118478,-618.600508705
37,2,8,1.0,rr_k6_s2,rr_k6,no_trivial,2,0.975898213359,-316.430339173,0.51152615415,-618.600508705
37,2,8,1.0,rr_k6_s3,rr_k6,no_trivial,3,0.980908473926,-318.731540521,0.515246166202,-618.600508705
37,2,8,1.0,rr_k6_s4,rr_k6,no_trivial,4,0.985212563831,-320.047532323,0.517373535617,-618.600508705
37,2,8,1.0,rr_k8_s0,rr_k8,no_trivial,0,0.784296849695,-334.499710408,0.540736235586,-618.600508705
37,2,8,1.0,rr_k8_s1,rr_k8,no_trivial,1,0.799196423079,-340.435829715,0.550332282183,-618.600508705
37,2,8,1.0,rr_k8_s2,rr_k8,no_trivial,2,0.776455419457,-331.368180283,0.535673953739,-618.600508705
37,2,8,1.0,rr_k8_s3,rr_k8,no_trivial,3,0.780533091543,-333.093831517,0.538463559002,-618.600508705
37,2,8,1.0,rr_k8_s4,rr_k8,no_trivial,4,0.771014166017,-329.591699832,0.532802180395,-618.600508705
37,2,8,1.0,rr_k12_s0,rr_k12,no_trivial,0,0.558979230281,-348.193748742,0.562873363087,-618.600508705
37,2,8,1.0,rr_k12_s1,rr_k12,no_trivial,1,0.560237505226,-348.991427174,0.564162851895,-618.600508705
37,2,8,1.0,rr_k12_s2,rr_k12,no_trivial,2,0.559033169946,-347.911750376,0.562417498015,-618.600508705
37,2,8,1.0,rr_k12_s3,rr_k12,no_trivial,3,0.563517709312,-350.325856602,0.566320026694,-618.600508705
37,2,8,1.0,rr_k12_s4,rr_k12,no_trivial,4,0.567371537709,-352.680368595,0.570126218186,-618.600508705
37,2,8,1.0,rr_k16_s0,rr_k16,no_trivial,0,0.435926372308,-355.874322278,0.57528941097,-618.600508705
37,2,8,1.0,rr_k16_s1,rr_k16,no_trivial,1,0.446690454972,-362.658917971,0.586257063918,-618.600508705
37,2,8,1.0,rr_k16_s2,rr_k16,no_trivial,2,0.434282253117,-354.287651419,0.572724474735,-618.600508705
37,2,8,1.0,rr_k16_s3,rr_k16,no_trivial,3,0.430497750756,-352.271968655,0.569466018372,-618.600508705
37,2,8,1.0,rr_k16_s4,rr_k16,no_trivial,4,0.437662100762,-356.73937332,0.576687811116,-618.600508705
37,2,8,1.0,er_k4_s0,er_k4,no_trivial,0,1,-249.370322284,0.403120137755,-618.600508705
37,2,8,1.0,er_k4_s1,er_k4,no_trivial,1,1,-254.924593895,0.412098907627,-618.600508705
37,2,8,1.0,er_k4_s2,er_k4,no_trivial,2,1,-257.178464165,0.415742406522,-618.600508705
37,2,8,1.0,er_k4_s3,er_k4,no_trivial,3,1,-247.82695076,0.400625197155,-618.600508705
37,2,8,1.0,er_k4_s4,er_k4,no_trivial,4,1,-246.785893755,0.398942274186,-618.600508705
37,2,8,1.0,er_k6_s0,er_k6,no_trivial,0,0.879612431393,-284.117102486,0.459290120988,-618.600508705
37,2,8,1.0,er_k6_s1,er_k6,no_trivial,1,0.886519117088,-285.965017131,0.462277371432,-618.600508705
37,2,8,1.0,er_k6_s2,er_k6,no_trivial,2,0.864228509095,-278.765788478,0.45063944267,-618.600508705
37,2,8,1.0,er_k6_s3,er_k6,no_trivial,3,0.904616921112,-292.442411102,0.472748416768,-618.600508705
37,2,8,1.0,er_k6_s4,er_k6,no_trivial,4,0.892005904357,-287.871118949,0.46535868448,-618.600508705
37,2,8,1.0,er_k8_s0,er_k8,no_trivial,0,0.70480198669,-299.037658761,0.48340997874,-618.600508705
37,2,8,1.0,er_k8_s1,er_k8,no_trivial,1,0.720618033989,-304.609371934,0.492416943808,-618.600508705
37,2,8,1.0,er_k8_s2,er_k8,no_trivial,2,0.733122605012,-310.872455838,0.502541545737,-618.600508705
37,2,8,1.0,er_k8_s3,er_k8,no_trivial,3,0.717442425859,-304.902280384,0.4928904456,-618.600508705
37,2,8,1.0,er_k8_s4,er_k8,no_trivial,4,0.727809653604,-309.507421249,0.500334896098,-618.600508705
37,2,8,1.0,er_k12_s0,er_k12,no_trivial,0,0.527153578743,-327.488870792,0.529402847531,-618.600508705
37,2,8,1.0,er_k12_s1,er_k12,no_trivial,1,0.52865266867,-327.480211386,0.529388849149,-618.600508705
37,2,8,1.0,er_k12_s2,er_k12,no_trivial,2,0.536884322955,-332.999634654,0.538311284857,-618.600508705
37,2,8,1.0,er_k12_s3,er_k12,no_trivial,3,0.533458860285,-329.925376004,0.533341585339,-618.600508705
37,2,8,1.0,er_k12_s4,er_k12,no_trivial,4,0.53169834236,-329.298802395,0.532328696407,-618.600508705
37,2,8,1.0,er_k16_s0,er_k16,no_trivial,0,0.42373739191,-344.595926628,0.55705729591,-618.600508705
37,2,8,1.0,er_k16_s1,er_k16,no_trivial,1,0.421463128534,-341.958241871,0.55279334087,-618.600508705
37,2,8,1.0,er_k16_s2,er_k16,no_trivial,2,0.421065066273,-341.828908742,0.55258426712,-618.600508705
37,2,8,1.0,er_k16_s3,er_k16,no_trivial,3,0.430430851472,-348.758336475,0.563786048616,-618.600508705
37,2,8,1.0,er_k16_s4,er_k16,no_trivial,4,0.425093756431,-345.367536977,0.558304644301,-618.600508705
38,2,8,4.0,vacio,vacio,trivial,,0,0,-0,-1914.6005087
38,2,8,4.0,clique_binaria_s2,clique_binaria,trivial,,1,-402.084367051,0.210009537354,-1914.6005087
38,2,8,4.0,clique_difusa_s2,clique_difusa,trivial,,1,-402.084367051,0.210009537354,-1914.6005087
38,2,8,4.0,clique_binaria_s3,clique_binaria,trivial,,1,-822.057259207,0.429362290185,-1914.6005087
38,2,8,4.0,clique_difusa_s3,clique_difusa,trivial,,1,-822.057259207,0.429362290185,-1914.6005087
38,2,8,4.0,clique_binaria_s4,clique_binaria,trivial,,1,-1166.70968499,0.609375,-1914.6005087
38,2,8,4.0,clique_difusa_s4,clique_difusa,trivial,,1,-1166.70968499,0.609375,-1914.6005087
38,2,8,4.0,clique_binaria_s6,clique_binaria,trivial,,1,-1561.205649,0.81542109798,-1914.6005087
38,2,8,4.0,clique_difusa_s6,clique_difusa,trivial,,1,-1561.205649,0.81542109798,-1914.6005087
38,2,8,4.0,clique_binaria_s8,clique_binaria,trivial,,1,-1517.24205821,0.792458819117,-1914.6005087
38,2,8,4.0,clique_difusa_s8,clique_difusa,trivial,,0.820428252946,-1662.33723329,0.868242343888,-1914.6005087
38,2,8,4.0,clique_binaria_s9,clique_binaria,trivial,,1,-1322.03698331,0.690502784939,-1914.6005087
38,2,8,4.0,clique_difusa_s9,clique_difusa,trivial,,0.744141303631,-1699.47798139,0.887641037208,-1914.6005087
38,2,8,4.0,clique_binaria_s12,clique_binaria,trivial,,1,-20.9079973148,0.0109202923637,-1914.6005087
38,2,8,4.0,clique_difusa_s12,clique_difusa,trivial,,0.58837177412,-1781.62406758,0.930546116269,-1914.6005087
38,2,8,4.0,clique_binaria_s18,clique_binaria,trivial,,1,5891.83822243,-3.0773198877,-1914.6005087
38,2,8,4.0,clique_difusa_s18,clique_difusa,trivial,,0.422263827386,-1867.98418658,0.975652193807,-1914.6005087
38,2,8,4.0,clique_binaria_s24,clique_binaria,trivial,,1,16316.8021974,-8.52230119193,-1914.6005087
38,2,8,4.0,clique_difusa_s24,clique_difusa,trivial,,0.331606759145,-1903.07465435,0.993980021261,-1914.6005087
38,2,8,4.0,clique_binaria_s27,clique_binaria,trivial,,1,23242.2327944,-12.1394686196,-1914.6005087
38,2,8,4.0,clique_difusa_s27,clique_difusa,trivial,,0.299640912715,-1910.63583058,0.997929240014,-1914.6005087
38,2,8,4.0,clique_binaria_s36,clique_binaria,trivial,,1,50927.4346895,-26.5995096408,-1914.6005087
38,2,8,4.0,clique_difusa_s36,clique_difusa,trivial,,0.232199977003,-1912.70837676,0.999011735379,-1914.6005087
38,2,8,4.0,clique_binaria_s54,clique_binaria,trivial,,1,137627.062039,-71.8829131265,-1914.6005087
38,2,8,4.0,clique_difusa_s54,clique_difusa,trivial,,0.158755954296,-1881.02211359,0.982461931373,-1914.6005087
38,2,8,4.0,clique_binaria_s72,clique_binaria,trivial,,1,266366.476396,-139.123788584,-1914.6005087
38,2,8,4.0,clique_difusa_s72,clique_difusa,trivial,,0.119316627866,-1841.4285192,0.961782111114,-1914.6005087
38,2,8,4.0,clique_binaria_s108,clique_binaria,trivial,,1,650592.871616,-339.806068503,-1914.6005087
38,2,8,4.0,clique_difusa_s108,clique_difusa,trivial,,0.0782477881862,-1776.52555076,0.927883149871,-1914.6005087
38,2,8,4.0,clique_binaria_s216,clique_binaria,trivial,,1,2821623.91803,-1473.74029475,-1914.6005087
38,2,8,4.0,clique_difusa_s216,clique_difusa,trivial,,0.0370975880167,-1680.29644164,0.87762247738,-1914.6005087
38,2,8,4.0,bipartita,bipartita,trivial,,0.0668546777346,-1559.58592219,0.814575111154,-1914.6005087
38,2,8,4.0,uniforme,uniforme,trivial,,0.0370975880167,-1680.29644164,0.87762247738,-1914.6005087
38,2,8,4.0,t3,t3,no_trivial,,1,-1515.03721385,0.791307224126,-1914.6005087
38,2,8,4.0,tree,tree,no_trivial,,1,-708.205862446,0.369897458622,-1914.6005087
38,2,8,4.0,ring_k6,ring,no_trivial,,1,-1751.41563929,0.914768188628,-1914.6005087
38,2,8,4.0,ws_k6_b0.1,ws,no_trivial,,1,-1714.55823034,0.895517483961,-1914.6005087
38,2,8,4.0,tri_torus_12x18,tri_torus,no_trivial,,1,-1794.93797691,0.9375,-1914.6005087
38,2,8,4.0,rgg3_k6_s0,rgg3_k6,no_trivial,0,1,-1542.04185569,0.805411807152,-1914.6005087
38,2,8,4.0,rgg3_k6_s1,rgg3_k6,no_trivial,1,0.926428977179,-1479.7484978,0.772875851162,-1914.6005087
38,2,8,4.0,rgg3_k6_s2,rgg3_k6,no_trivial,2,1,-1528.98251427,0.798590884791,-1914.6005087
38,2,8,4.0,rgg3_k6_s3,rgg3_k6,no_trivial,3,0.95628748241,-1518.22824454,0.792973906379,-1914.6005087
38,2,8,4.0,rgg3_k6_s4,rgg3_k6,no_trivial,4,1,-1534.11210933,0.801270083423,-1914.6005087
38,2,8,4.0,rgg3_k8_s0,rgg3_k8,no_trivial,0,0.841889360267,-1639.13585921,0.856124215866,-1914.6005087
38,2,8,4.0,rgg3_k8_s1,rgg3_k8,no_trivial,1,0.844729535141,-1637.35593081,0.855194555397,-1914.6005087
38,2,8,4.0,rgg3_k8_s2,rgg3_k8,no_trivial,2,0.850741361256,-1681.09522326,0.878039682753,-1914.6005087
38,2,8,4.0,rgg3_k8_s3,rgg3_k8,no_trivial,3,0.893456828356,-1646.38253364,0.859909169645,-1914.6005087
38,2,8,4.0,rgg3_k8_s4,rgg3_k8,no_trivial,4,0.788207189905,-1640.09261822,0.856623933172,-1914.6005087
38,2,8,4.0,rgg3_k12_s0,rgg3_k12,no_trivial,0,0.622063550969,-1771.51849099,0.925267951689,-1914.6005087
38,2,8,4.0,rgg3_k12_s1,rgg3_k12,no_trivial,1,0.59188448845,-1727.71287293,0.902388182326,-1914.6005087
38,2,8,4.0,rgg3_k12_s2,rgg3_k12,no_trivial,2,0.573993338485,-1701.36717369,0.888627766446,-1914.6005087
38,2,8,4.0,rgg3_k12_s3,rgg3_k12,no_trivial,3,0.566736634739,-1703.51509362,0.889749629689,-1914.6005087
38,2,8,4.0,rgg3_k12_s4,rgg3_k12,no_trivial,4,0.61427375559,-1732.77359588,0.905031408905,-1914.6005087
38,2,8,4.0,rgg3_k16_s0,rgg3_k16,no_trivial,0,0.474983717615,-1787.92533621,0.933837282545,-1914.6005087
38,2,8,4.0,rgg3_k16_s1,rgg3_k16,no_trivial,1,0.462566479098,-1780.77239152,0.930101284016,-1914.6005087
38,2,8,4.0,rgg3_k16_s2,rgg3_k16,no_trivial,2,0.441323922808,-1725.09952119,0.901023223043,-1914.6005087
38,2,8,4.0,rgg3_k16_s3,rgg3_k16,no_trivial,3,0.448031894279,-1716.66055163,0.896615530929,-1914.6005087
38,2,8,4.0,rgg3_k16_s4,rgg3_k16,no_trivial,4,0.490352032147,-1797.5176268,0.938847356732,-1914.6005087
38,2,8,4.0,rr_k4_s0,rr_k4,no_trivial,0,1,-1255.82652207,0.655920917374,-1914.6005087
38,2,8,4.0,rr_k4_s1,rr_k4,no_trivial,1,1,-1253.66763899,0.654793328055,-1914.6005087
38,2,8,4.0,rr_k4_s2,rr_k4,no_trivial,2,1,-1252.58819745,0.654229533396,-1914.6005087
38,2,8,4.0,rr_k4_s3,rr_k4,no_trivial,3,1,-1257.69772308,0.656898249722,-1914.6005087
38,2,8,4.0,rr_k4_s4,rr_k4,no_trivial,4,1,-1254.74708053,0.655357122714,-1914.6005087
38,2,8,4.0,rr_k6_s0,rr_k6,no_trivial,0,1,-1536.05068054,0.802282603373,-1914.6005087
38,2,8,4.0,rr_k6_s1,rr_k6,no_trivial,1,1,-1537.13012208,0.802846398032,-1914.6005087
38,2,8,4.0,rr_k6_s2,rr_k6,no_trivial,2,1,-1531.22883698,0.799764144017,-1914.6005087
38,2,8,4.0,rr_k6_s3,rr_k6,no_trivial,3,1,-1533.60411539,0.801004757083,-1914.6005087
38,2,8,4.0,rr_k6_s4,rr_k6,no_trivial,4,1,-1534.971239,0.801718808713,-1914.6005087
38,2,8,4.0,rr_k8_s0,rr_k8,no_trivial,0,0.932405266302,-1611.73898374,0.841814768363,-1914.6005087
38,2,8,4.0,rr_k8_s1,rr_k8,no_trivial,1,0.937270747536,-1620.2381551,0.846253904005,-1914.6005087
38,2,8,4.0,rr_k8_s2,rr_k8,no_trivial,2,0.929853593216,-1607.18288825,0.839435109801,-1914.6005087
38,2,8,4.0,rr_k8_s3,rr_k8,no_trivial,3,0.931107262792,-1609.63627774,0.840716520453,-1914.6005087
38,2,8,4.0,rr_k8_s4,rr_k8,no_trivial,4,0.927762129306,-1604.29585088,0.83792720392,-1914.6005087
38,2,8,4.0,rr_k12_s0,rr_k12,no_trivial,0,0.636164675571,-1634.66504979,0.853789102405,-1914.6005087
38,2,8,4.0,rr_k12_s1,rr_k12,no_trivial,1,0.63650311538,-1635.67951563,0.854318960114,-1914.6005087
38,2,8,4.0,rr_k12_s2,rr_k12,no_trivial,2,0.636294147596,-1634.42683083,0.853664680126,-1914.6005087
38,2,8,4.0,rr_k12_s3,rr_k12,no_trivial,3,0.637647431641,-1637.64240064,0.855344179214,-1914.6005087
38,2,8,4.0,rr_k12_s4,rr_k12,no_trivial,4,0.638711564871,-1640.6296759,0.856904439566,-1914.6005087
38,2,8,4.0,rr_k16_s0,rr_k16,no_trivial,0,0.483066183009,-1646.26896963,0.859849854913,-1914.6005087
38,2,8,4.0,rr_k16_s1,rr_k16,no_trivial,1,0.486161120235,-1654.84754359,0.86433046271,-1914.6005087
38,2,8,4.0,rr_k16_s2,rr_k16,no_trivial,2,0.482711786534,-1644.41618736,0.858882142713,-1914.6005087
38,2,8,4.0,rr_k16_s3,rr_k16,no_trivial,3,0.481502286286,-1641.6290499,0.857426414775,-1914.6005087
38,2,8,4.0,rr_k16_s4,rr_k16,no_trivial,4,0.483621931606,-1647.46430645,0.860474181927,-1914.6005087
38,2,8,4.0,er_k4_s0,er_k4,no_trivial,0,1,-1134.55782228,0.592582012345,-1914.6005087
38,2,8,4.0,er_k4_s1,er_k4,no_trivial,1,1,-1149.48709389,0.6003796033,-1914.6005087
38,2,8,4.0,er_k4_s2,er_k4,no_trivial,2,1,-1164.30346416,0.608118225641,-1914.6005087
38,2,8,4.0,er_k4_s3,er_k4,no_trivial,3,1,-1138.82695076,0.594811787411,-1914.6005087
38,2,8,4.0,er_k4_s4,er_k4,no_trivial,4,1,-1136.66089375,0.593680451137,-1914.6005087
38,2,8,4.0,er_k6_s0,er_k6,no_trivial,0,1,-1375.2165929,0.718278610418,-1914.6005087
38,2,8,4.0,er_k6_s1,er_k6,no_trivial,1,1,-1370.3862973,0.715755736545,-1914.6005087
38,2,8,4.0,er_k6_s2,er_k6,no_trivial,2,1,-1347.1436161,0.703616033721,-1914.6005087
38,2,8,4.0,er_k6_s3,er_k6,no_trivial,3,1,-1395.85929915,0.729060340685,-1914.6005087
38,2,8,4.0,er_k6_s4,er_k6,no_trivial,4,1,-1396.71293801,0.729506198115,-1914.6005087
38,2,8,4.0,er_k8_s0,er_k8,no_trivial,0,0.828839814721,-1430.20173926,0.746997471671,-1914.6005087
38,2,8,4.0,er_k8_s1,er_k8,no_trivial,1,0.826442981092,-1425.17645104,0.744372752727,-1914.6005087
38,2,8,4.0,er_k8_s2,er_k8,no_trivial,2,0.854495423416,-1474.65894479,0.770217566581,-1914.6005087
38,2,8,4.0,er_k8_s3,er_k8,no_trivial,3,0.829922081249,-1433.77254715,0.748862512376,-1914.6005087
38,2,8,4.0,er_k8_s4,er_k8,no_trivial,4,0.84574963014,-1461.2878048,0.763233791151,-1914.6005087
38,2,8,4.0,er_k12_s0,er_k12,no_trivial,0,0.597887256561,-1534.91605068,0.801689983731,-1914.6005087
38,2,8,4.0,er_k12_s1,er_k12,no_trivial,1,0.590938724842,-1516.30278308,0.791968233677,-1914.6005087
38,2,8,4.0,er_k12_s2,er_k12,no_trivial,2,0.596578273868,-1531.76267725,0.800042969951,-1914.6005087
38,2,8,4.0,er_k12_s3,er_k12,no_trivial,3,0.59227119542,-1519.21421613,0.793488881479,-1914.6005087
38,2,8,4.0,er_k12_s4,er_k12,no_trivial,4,0.591692015535,-1518.37165096,0.793048807863,-1914.6005087
38,2,8,4.0,er_k16_s0,er_k16,no_trivial,0,0.463072407567,-1576.89417319,0.823615248204,-1914.6005087
38,2,8,4.0,er_k16_s1,er_k16,no_trivial,1,0.457486870146,-1557.03248048,0.813241443007,-1914.6005087
38,2,8,4.0,er_k16_s2,er_k16,no_trivial,2,0.458964268974,-1562.1312192,0.815904525304,-1914.6005087
38,2,8,4.0,er_k16_s3,er_k16,no_trivial,3,0.464928565246,-1581.91514595,0.826237713174,-1914.6005087
38,2,8,4.0,er_k16_s4,er_k16,no_trivial,4,0.462613712023,-1575.05659311,0.822655476143,-1914.6005087
39,2,12,0.25,vacio,vacio,trivial,,0,0,-0,-441.900763057
39,2,12,0.25,clique_binaria_s2,clique_binaria,trivial,,1,-23.931244701,0.0541552463848,-441.900763057
39,2,12,0.25,clique_difusa_s2,clique_difusa,trivial,,1,-23.931244701,0.0541552463848,-441.900763057
39,2,12,0.25,clique_binaria_s3,clique_binaria,trivial,,1,-119.444769805,0.270297722454,-441.900763057
39,2,12,0.25,clique_difusa_s3,clique_difusa,trivial,,1,-119.444769805,0.270297722454,-441.900763057
39,2,12,0.25,clique_binaria_s4,clique_binaria,trivial,,1,-193.331583837,0.4375,-441.900763057
39,2,12,0.25,clique_difusa_s4,clique_difusa,trivial,,1,-193.331583837,0.4375,-441.900763057
39,2,12,0.25,clique_binaria_s6,clique_binaria,trivial,,1,-207.377590239,0.469285431427,-441.900763057
39,2,12,0.25,clique_difusa_s6,clique_difusa,trivial,,0.84151478668,-240.745450233,0.544795280658,-441.900763057
39,2,12,0.25,clique_binaria_s8,clique_binaria,trivial,,1,2.2609369655,-0.00511639072506,-441.900763057
39,2,12,0.25,clique_difusa_s8,clique_difusa,trivial,,0.680656566264,-266.391396828,0.602830814288,-441.900763057
39,2,12,0.25,clique_binaria_s9,clique_binaria,trivial,,1,199.762847125,-0.452053636982,-441.900763057
39,2,12,0.25,clique_difusa_s9,clique_difusa,trivial,,0.627397202593,-277.601066955,0.628197754253,-441.900763057
39,2,12,0.25,clique_binaria_s12,clique_binaria,trivial,,1,1185.6198071,-2.68300013536,-441.900763057
39,2,12,0.25,clique_difusa_s12,clique_difusa,trivial,,0.518562471926,-306.138919917,0.692777531767,-441.900763057
39,2,12,0.25,clique_binaria_s18,clique_binaria,trivial,,1,5018.09058173,-11.3556956702,-441.900763057
39,2,12,0.25,clique_difusa_s18,clique_difusa,trivial,,0.40140871005,-347.539825142,0.786465772852,-441.900763057
39,2,12,0.25,clique_binaria_s24,clique_binaria,trivial,,1,11429.8039208,-25.8650920667,-441.900763057
39,2,12,0.25,clique_difusa_s24,clique_difusa,trivial,,0.336118234517,-376.088332818,0.85106966147,-441.900763057
39,2,12,0.25,clique_binaria_s27,clique_binaria,trivial,,1,15623.7435034,-35.3557739871,-441.900763057
39,2,12,0.25,clique_difusa_s27,clique_difusa,trivial,,0.312659340098,-387.163086082,0.876131291114,-441.900763057
39,2,12,0.25,clique_binaria_s36,clique_binaria,trivial,,1,32215.0095689,-72.9010046192,-441.900763057
39,2,12,0.25,clique_difusa_s36,clique_difusa,trivial,,0.261931277588,-411.609760595,0.931452930172,-441.900763057
39,2,12,0.25,clique_binaria_s54,clique_binaria,trivial,,1,83679.1827217,-189.361933079,-441.900763057
39,2,12,0.25,clique_difusa_s54,clique_difusa,trivial,,0.203340882133,-435.901774482,0.986424579732,-441.900763057
39,2,12,0.25,clique_binaria_s72,clique_binaria,trivial,,1,159786.366165,-361.588798942,-441.900763057
39,2,12,0.25,clique_difusa_s72,clique_difusa,trivial,,0.169026202048,-441.900759914,0.999999992888,-441.900763057
39,2,12,0.25,clique_binaria_s108,clique_binaria,trivial,,1,386557.969407,-874.761941421,-441.900763057
39,2,12,0.25,clique_difusa_s108,clique_difusa,trivial,,0.12867543576,-427.062686713,0.966422152699,-441.900763057
39,2,12,0.25,clique_binaria_s216,clique_binaria,trivial,,1,1667701.99868,-3773.92875981,-441.900763057
39,2,12,0.25,clique_difusa_s216,clique_difusa,trivial,,0.0757451992153,-314.846919359,0.712483312273,-441.900763057
39,2,12,0.25,bipartita,bipartita,trivial,,0.0407331272195,-59.3888994861,0.1343941999,-441.900763057
39,2,12,0.25,uniforme,uniforme,trivial,,0.0757451992153,-314.846919359,0.712483312273,-441.900763057
39,2,12,0.25,t3,t3,no_trivial,,0.733196289951,-59.3888994861,0.1343941999,-441.900763057
39,2,12,0.25,tree,tree,no_trivial,,1,-38.1789082976,0.0863970182661,-441.900763057
39,2,12,0.25,ring_k6,ring,no_trivial,,0.935249795214,-292.993284141,0.663029595409,-441.900763057
39,2,12,0.25,ws_k6_b0.1,ws,no_trivial,,1,-268.94374416,0.608606652542,-441.900763057
39,2,12,0.25,tri_torus_12x18,tri_torus,no_trivial,,1,-331.425572293,0.75,-441.900763057
39,2,12,0.25,rgg3_k6_s0,rgg3_k6,no_trivial,0,0.926577555907,-232.132787432,0.525305242349,-441.900763057
39,2,12,0.25,rgg3_k6_s1,rgg3_k6,no_trivial,1,0.832019007594,-221.836902563,0.502006154116,-441.900763057
39,2,12,0.25,rgg3_k6_s2,rgg3_k6,no_trivial,2,0.907352974771,-228.099874788,0.516178956583,-441.900763057
39,2,12,0.25,rgg3_k6_s3,rgg3_k6,no_trivial,3,0.863790446477,-231.499128253,0.523871302352,-441.900763057
39,2,12,0.25,rgg3_k6_s4,rgg3_k6,no_trivial,4,0.95577923616,-234.966216527,0.531717155005,-441.900763057
39,2,12,0.25,rgg3_k8_s0,rgg3_k8,no_trivial,0,0.782284980556,-258.954631022,0.586001773861,-441.900763057
39,2,12,0.25,rgg3_k8_s1,rgg3_k8,no_trivial,1,0.797055818834,-268.200470499,0.606924660287,-441.900763057
39,2,12,0.25,rgg3_k8_s2,rgg3_k8,no_trivial,2,0.802971761001,-279.495802434,0.63248544877,-441.900763057
39,2,12,0.25,rgg3_k8_s3,rgg3_k8,no_trivial,3,0.832472341532,-261.836040326,0.592522263403,-441.900763057
39,2,12,0.25,rgg3_k8_s4,rgg3_k8,no_trivial,4,0.752695725153,-275.467622884,0.623369873766,-441.900763057
39,2,12,0.25,rgg3_k12_s0,rgg3_k12,no_trivial,0,0.641633518344,-325.413511276,0.736394997432,-441.900763057
39,2,12,0.25,rgg3_k12_s1,rgg3_k12,no_trivial,1,0.62088506404,-316.083043853,0.715280602066,-441.900763057
39,2,12,0.25,rgg3_k12_s2,rgg3_k12,no_trivial,2,0.597701187155,-308.789041476,0.698774628357,-441.900763057
39,2,12,0.25,rgg3_k12_s3,rgg3_k12,no_trivial,3,0.592243378406,-310.176766891,0.701914983683,-441.900763057
39,2,12,0.25,rgg3_k12_s4,rgg3_k12,no_trivial,4,0.641455283287,-321.45715671,0.727441958883,-441.900763057
39,2,12,0.25,rgg3_k16_s0,rgg3_k16,no_trivial,0,0.537764957823,-356.552604573,0.806861255695,-441.900763057
39,2,12,0.25,rgg3_k16_s1,rgg3_k16,no_trivial,1,0.519909684905,-350.48396988,0.793128229641,-441.900763057
39,2,12,0.25,rgg3_k16_s2,rgg3_k16,no_trivial,2,0.490764331795,-330.142336878,0.747096100477,-441.900763057
39,2,12,0.25,rgg3_k16_s3,rgg3_k16,no_trivial,3,0.49988272482,-328.885958832,0.744252977879,-441.900763057
39,2,12,0.25,rgg3_k16_s4,rgg3_k16,no_trivial,4,0.551830430478,-358.494356006,0.811255345037,-441.900763057
39,2,12,0.25,rr_k4_s0,rr_k4,no_trivial,0,1,-65.376564466,0.14794399542,-441.900763057
39,2,12,0.25,rr_k4_s1,rr_k4,no_trivial,1,1,-63.2176813826,0.143058547682,-441.900763057
39,2,12,0.25,rr_k4_s2,rr_k4,no_trivial,2,1,-62.1382398409,0.140615823813,-441.900763057
39,2,12,0.25,rr_k4_s3,rr_k4,no_trivial,3,1,-67.2477654769,0.152178432578,-441.900763057
39,2,12,0.25,rr_k4_s4,rr_k4,no_trivial,4,1,-64.2971229243,0.145501271551,-441.900763057
39,2,12,0.25,rr_k6_s0,rr_k6,no_trivial,0,0.911029098365,-73.38514163,0.166067017224,-441.900763057
39,2,12,0.25,rr_k6_s1,rr_k6,no_trivial,1,0.920815708291,-74.2906379915,0.168116111585,-441.900763057
39,2,12,0.25,rr_k6_s2,rr_k6,no_trivial,2,0.869244081929,-69.5068587997,0.157290651229,-441.900763057
39,2,12,0.25,rr_k6_s3,rr_k6,no_trivial,3,0.887802426047,-71.440944176,0.161667392656,-441.900763057
39,2,12,0.25,rr_k6_s4,rr_k6,no_trivial,4,0.901236795552,-72.4996587706,0.164063212449,-441.900763057
39,2,12,0.25,rr_k8_s0,rr_k8,no_trivial,0,0.82984363251,-86.3082884819,0.195311471935,-441.900763057
39,2,12,0.25,rr_k8_s1,rr_k8,no_trivial,1,0.883710100785,-93.38485308,0.211325394493,-441.900763057
39,2,12,0.25,rr_k8_s2,rr_k8,no_trivial,2,0.800942679639,-82.856434612,0.187500094,-441.900763057
39,2,12,0.25,rr_k8_s3,rr_k8,no_trivial,3,0.815830321694,-84.723468401,0.191725100936,-441.900763057
39,2,12,0.25,rr_k8_s4,rr_k8,no_trivial,4,0.78058078152,-80.9714271621,0.183234413541,-441.900763057
39,2,12,0.25,rr_k12_s0,rr_k12,no_trivial,0,0.744713279135,-110.837482167,0.250819847878,-441.900763057
39,2,12,0.25,rr_k12_s1,rr_k12,no_trivial,1,0.748258476773,-112.133678463,0.253753077246,-441.900763057
39,2,12,0.25,rr_k12_s2,rr_k12,no_trivial,2,0.749283098458,-110.81180345,0.250761738186,-441.900763057
39,2,12,0.25,rr_k12_s3,rr_k12,no_trivial,3,0.767747833505,-115.4269513,0.261205593991,-441.900763057
39,2,12,0.25,rr_k12_s4,rr_k12,no_trivial,4,0.778704860852,-119.520488634,0.270469070493,-441.900763057
39,2,12,0.25,rr_k16_s0,rr_k16,no_trivial,0,0.694601591144,-139.626893125,0.315968888941,-441.900763057
39,2,12,0.25,rr_k16_s1,rr_k16,no_trivial,1,0.74019402253,-160.44948695,0.363089409125,-441.900763057
39,2,12,0.25,rr_k16_s2,rr_k16,no_trivial,2,0.700579416447,-137.767674053,0.31176156633,-441.900763057
39,2,12,0.25,rr_k16_s3,rr_k16,no_trivial,3,0.672233640489,-130.065786107,0.294332567355,-441.900763057
39,2,12,0.25,rr_k16_s4,rr_k16,no_trivial,4,0.707752917053,-143.368805872,0.324436656049,-441.900763057
39,2,12,0.25,er_k4_s0,er_k4,no_trivial,0,1,-59.2014234884,0.133969950807,-441.900763057
39,2,12,0.25,er_k4_s1,er_k4,no_trivial,1,1,-61.7015850759,0.139627695252,-441.900763057
39,2,12,0.25,er_k4_s2,er_k4,no_trivial,2,1,-59.8629479155,0.13546694851,-441.900763057
39,2,12,0.25,er_k4_s3,er_k4,no_trivial,3,1,-55.7645037501,0.126192368088,-441.900763057
39,2,12,0.25,er_k4_s4,er_k4,no_trivial,4,1,-55.0899399478,0.124665862912,-441.900763057
39,2,12,0.25,er_k6_s0,er_k6,no_trivial,0,0.877432311348,-70.1485002923,0.158742654815,-441.900763057
39,2,12,0.25,er_k6_s1,er_k6,no_trivial,1,0.918643171124,-73.9995753973,0.167457451047,-441.900763057
39,2,12,0.25,er_k6_s2,er_k6,no_trivial,2,0.876240759236,-69.9964104511,0.158398482879,-441.900763057
39,2,12,0.25,er_k6_s3,er_k6,no_trivial,3,0.93556080823,-76.0480618737,0.172093076617,-441.900763057
39,2,12,0.25,er_k6_s4,er_k6,no_trivial,4,0.877530040936,-69.6846304328,0.157692939815,-441.900763057
39,2,12,0.25,er_k8_s0,er_k8,no_trivial,0,0.781287491541,-80.5940017195,0.182380318065,-441.900763057
39,2,12,0.25,er_k8_s1,er_k8,no_trivial,1,0.864022345617,-92.6347978649,0.20962805591,-441.900763057
39,2,12,0.25,er_k8_s2,er_k8,no_trivial,2,0.835320332676,-87.4172461465,0.197820989359,-441.900763057
39,2,12,0.25,er_k8_s3,er_k8,no_trivial,3,0.829417523561,-89.2140807578,0.20188713896,-441.900763057
39,2,12,0.25,er_k8_s4,er_k8,no_trivial,4,0.830237610163,-88.6349569752,0.20057660992,-441.900763057
39,2,12,0.25,er_k12_s0,er_k12,no_trivial,0,0.721182726227,-106.770742814,0.241617013909,-441.900763057
39,2,12,0.25,er_k12_s1,er_k12,no_trivial,1,0.751506991089,-116.357089374,0.263310451352,-441.900763057
39,2,12,0.25,er_k12_s2,er_k12,no_trivial,2,0.759733444655,-121.687716394,0.275373401829,-441.900763057
39,2,12,0.25,er_k12_s3,er_k12,no_trivial,3,0.769985558574,-121.975869601,0.276025478565,-441.900763057
39,2,12,0.25,er_k12_s4,er_k12,no_trivial,4,0.758753867926,-119.807168555,0.271117813254,-441.900763057
39,2,12,0.25,er_k16_s0,er_k16,no_trivial,0,0.694615502859,-148.10072269,0.335144754369,-441.900763057
39,2,12,0.25,er_k16_s1,er_k16,no_trivial,1,0.702411349354,-154.005921374,0.34850793266,-441.900763057
39,2,12,0.25,er_k16_s2,er_k16,no_trivial,2,0.701494787542,-150.632090242,0.340873116397,-441.900763057
39,2,12,0.25,er_k16_s3,er_k16,no_trivial,3,0.721262326801,-161.746845667,0.366025268995,-441.900763057
39,2,12,0.25,er_k16_s4,er_k16,no_trivial,4,0.700240512069,-152.191210313,0.34440132952,-441.900763057
40,2,12,1.0,vacio,vacio,trivial,,0,0,-0,-927.900763057
40,2,12,1.0,clique_binaria_s2,clique_binaria,trivial,,1,-101.556244701,0.109447312411,-927.900763057
40,2,12,1.0,clique_difusa_s2,clique_difusa,trivial,,1,-101.556244701,0.109447312411,-927.900763057
40,2,12,1.0,clique_binaria_s3,clique_binaria,trivial,,1,-267.944769805,0.288764467573,-927.900763057
40,2,12,1.0,clique_difusa_s3,clique_difusa,trivial,,1,-267.944769805,0.288764467573,-927.900763057
40,2,12,1.0,clique_binaria_s4,clique_binaria,trivial,,1,-405.956583837,0.4375,-927.900763057
40,2,12,1.0,clique_difusa_s4,clique_difusa,trivial,,1,-405.956583837,0.4375,-927.900763057
40,2,12,1.0,clique_binaria_s6,clique_binaria,trivial,,1,-528.002590239,0.569029158355,-927.900763057
40,2,12,1.0,clique_difusa_s6,clique_difusa,trivial,,0.935682611844,-534.600882758,0.576140147786,-927.900763057
40,2,12,1.0,clique_binaria_s8,clique_binaria,trivial,,1,-399.364063034,0.430395230756,-927.900763057
40,2,12,1.0,clique_difusa_s8,clique_difusa,trivial,,0.752520759586,-588.37447983,0.634092031449,-927.900763057
40,2,12,1.0,clique_binaria_s9,clique_binaria,trivial,,1,-232.237152875,0.250282316947,-927.900763057
40,2,12,1.0,clique_difusa_s9,clique_difusa,trivial,,0.691789024754,-611.636625765,0.659161679909,-927.900763057
40,2,12,1.0,clique_binaria_s12,clique_binaria,trivial,,1,702.994807095,-0.757618524614,-927.900763057
40,2,12,1.0,clique_difusa_s12,clique_difusa,trivial,,0.567571886591,-670.139868673,0.722210709758,-927.900763057
40,2,12,1.0,clique_binaria_s18,clique_binaria,trivial,,1,4616.46558173,-4.97517166223,-927.900763057
40,2,12,1.0,clique_difusa_s18,clique_difusa,trivial,,0.433749668816,-752.954060697,0.811459684779,-927.900763057
40,2,12,1.0,clique_binaria_s24,clique_binaria,trivial,,1,11352.1789208,-12.2342597105,-927.900763057
40,2,12,1.0,clique_difusa_s24,clique_difusa,trivial,,0.359173349968,-808.370804482,0.871182390042,-927.900763057
40,2,12,1.0,clique_binaria_s27,clique_binaria,trivial,,1,15799.2435034,-17.0268676699,-927.900763057
40,2,12,1.0,clique_difusa_s27,clique_difusa,trivial,,0.332391258006,-829.42313106,0.893870512971,-927.900763057
40,2,12,1.0,clique_binaria_s36,clique_binaria,trivial,,1,33514.3845689,-36.1185009251,-927.900763057
40,2,12,1.0,clique_difusa_s36,clique_difusa,trivial,,0.274529997686,-874.810328423,0.942784361488,-927.900763057
40,2,12,1.0,clique_binaria_s54,clique_binaria,trivial,,1,88866.5577217,-95.7716183237,-927.900763057
40,2,12,1.0,clique_difusa_s54,clique_difusa,trivial,,0.207879403611,-917.853818814,0.989172393597,-927.900763057
40,2,12,1.0,clique_binaria_s72,clique_binaria,trivial,,1,171048.741165,-184.339476779,-927.900763057
40,2,12,1.0,clique_difusa_s72,clique_difusa,trivial,,0.169023370124,-927.900758,0.99999999455,-927.900763057
40,2,12,1.0,clique_binaria_s108,clique_binaria,trivial,,1,416531.344407,-448.896434825,-927.900763057
40,2,12,1.0,clique_difusa_s108,clique_difusa,trivial,,0.123687997423,-905.656264965,0.9760270721,-927.900763057
40,2,12,1.0,clique_binaria_s216,clique_binaria,trivial,,1,1806296.37368,-1946.64822533,-927.900763057
40,2,12,1.0,clique_difusa_s216,clique_difusa,trivial,,0.0659209637862,-768.231221755,0.827923903439,-927.900763057
40,2,12,1.0,bipartita,bipartita,trivial,,0.0775945045705,-452.531150655,0.487693478303,-927.900763057
40,2,12,1.0,uniforme,uniforme,trivial,,0.0659209637862,-768.231221755,0.827923903439,-927.900763057
40,2,12,1.0,t3,t3,no_trivial,,1,-416.024809236,0.448350541135,-927.900763057
40,2,12,1.0,tree,tree,no_trivial,,1,-182.303908298,0.196469186745,-927.900763057
40,2,12,1.0,ring_k6,ring,no_trivial,,1,-652.403234676,0.70309591354,-927.900763057
40,2,12,1.0,ws_k6_b0.1,ws,no_trivial,,1,-631.19374416,0.680238414807,-927.900763057
40,2,12,1.0,tri_torus_12x18,tri_torus,no_trivial,,1,-695.925572293,0.75,-927.900763057
40,2,12,1.0,rgg3_k6_s0,rgg3_k6,no_trivial,0,1,-568.399714436,0.612565197773,-927.900763057
40,2,12,1.0,rgg3_k6_s1,rgg3_k6,no_trivial,1,0.922947621955,-543.951328307,0.586217136534,-927.900763057
40,2,12,1.0,rgg3_k6_s2,rgg3_k6,no_trivial,2,1,-557.781834361,0.601122292996,-927.900763057
40,2,12,1.0,rgg3_k6_s3,rgg3_k6,no_trivial,3,0.955883935859,-562.347635978,0.606042864029,-927.900763057
40,2,12,1.0,rgg3_k6_s4,rgg3_k6,no_trivial,4,1,-566.703612951,0.610737306739,-927.900763057
40,2,12,1.0,rgg3_k8_s0,rgg3_k8,no_trivial,0,0.860589976168,-622.922973689,0.671324993458,-927.900763057
40,2,12,1.0,rgg3_k8_s1,rgg3_k8,no_trivial,1,0.872360714474,-633.669326727,0.682906353735,-927.900763057
40,2,12,1.0,rgg3_k8_s2,rgg3_k8,no_trivial,2,0.877486110779,-653.350200848,0.704116460359,-927.900763057
40,2,12,1.0,rgg3_k8_s3,rgg3_k8,no_trivial,3,0.914935158133,-627.732425555,0.67650814672,-927.900763057
40,2,12,1.0,rgg3_k8_s4,rgg3_k8,no_trivial,4,0.820906587344,-643.333616452,0.693321572808,-927.900763057
40,2,12,1.0,rgg3_k12_s0,rgg3_k12,no_trivial,0,0.688540795008,-741.238050493,0.798833323567,-927.900763057
40,2,12,1.0,rgg3_k12_s1,rgg3_k12,no_trivial,1,0.665167938488,-727.399140253,0.783919109901,-927.900763057
40,2,12,1.0,rgg3_k12_s2,rgg3_k12,no_trivial,2,0.641330885709,-712.258243576,0.767601743563,-927.900763057
40,2,12,1.0,rgg3_k12_s3,rgg3_k12,no_trivial,3,0.635042187794,-714.975327838,0.770529949218,-927.900763057
40,2,12,1.0,rgg3_k12_s4,rgg3_k12,no_trivial,4,0.686766967012,-731.259296728,0.788079206141,-927.900763057
40,2,12,1.0,rgg3_k16_s0,rgg3_k16,no_trivial,0,0.566326227237,-797.494455646,0.859460933106,-927.900763057
40,2,12,1.0,rgg3_k16_s1,rgg3_k16,no_trivial,1,0.548647068242,-788.763705919,0.850051791444,-927.900763057
40,2,12,1.0,rgg3_k16_s2,rgg3_k16,no_trivial,2,0.519794323741,-754.147682222,0.81274605243,-927.900763057
40,2,12,1.0,rgg3_k16_s3,rgg3_k16,no_trivial,3,0.529153812839,-751.641734605,0.810045389044,-927.900763057
40,2,12,1.0,rgg3_k16_s4,rgg3_k16,no_trivial,4,0.581655474566,-800.081167431,0.862248636153,-927.900763057
40,2,12,1.0,rr_k4_s0,rr_k4,no_trivial,0,1,-335.376564466,0.361435810615,-927.900763057
40,2,12,1.0,rr_k4_s1,rr_k4,no_trivial,1,1,-333.217681383,0.359109179181,-927.900763057
40,2,12,1.0,rr_k4_s2,rr_k4,no_trivial,2,1,-332.138239841,0.357945863464,-927.900763057
40,2,12,1.0,rr_k4_s3,rr_k4,no_trivial,3,1,-337.247765477,0.363452406662,-927.900763057
40,2,12,1.0,rr_k4_s4,rr_k4,no_trivial,4,1,-334.297122924,0.360272494898,-927.900763057
40,2,12,1.0,rr_k6_s0,rr_k6,no_trivial,0,1,-437.038275924,0.470996784704,-927.900763057
40,2,12,1.0,rr_k6_s1,rr_k6,no_trivial,1,1,-438.117717466,0.472160100421,-927.900763057
40,2,12,1.0,rr_k6_s2,rr_k6,no_trivial,2,1,-432.216432361,0.465800276893,-927.900763057
40,2,12,1.0,rr_k6_s3,rr_k6,no_trivial,3,1,-434.591710769,0.468360117883,-927.900763057
40,2,12,1.0,rr_k6_s4,rr_k6,no_trivial,4,1,-435.958834383,0.469833468987,-927.900763057
40,2,12,1.0,rr_k8_s0,rr_k8,no_trivial,0,1,-513.201650567,0.553078164174,-927.900763057
40,2,12,1.0,rr_k8_s1,rr_k8,no_trivial,1,1,-522.916624443,0.563548005629,-927.900763057
40,2,12,1.0,rr_k8_s2,rr_k8,no_trivial,2,1,-507.974341896,0.547444686027,-927.900763057
40,2,12,1.0,rr_k8_s3,rr_k8,no_trivial,3,1,-510.755085412,0.550441497353,-927.900763057
40,2,12,1.0,rr_k8_s4,rr_k8,no_trivial,4,1,-504.494831486,0.543694812605,-927.900763057
40,2,12,1.0,rr_k12_s0,rr_k12,no_trivial,0,0.887746297907,-583.366497134,0.628694921224,-927.900763057
40,2,12,1.0,rr_k12_s1,rr_k12,no_trivial,1,0.888230872931,-584.896150211,0.630343430567,-927.900763057
40,2,12,1.0,rr_k12_s2,rr_k12,no_trivial,2,0.890878072349,-583.951785868,0.629325687743,-927.900763057
40,2,12,1.0,rr_k12_s3,rr_k12,no_trivial,3,0.896823146986,-590.130026814,0.635983986983,-927.900763057
40,2,12,1.0,rr_k12_s4,rr_k12,no_trivial,4,0.899168962616,-594.976232402,0.641206749784,-927.900763057
40,2,12,1.0,rr_k16_s0,rr_k16,no_trivial,0,0.726772893686,-624.527598212,0.673054299637,-927.900763057
40,2,12,1.0,rr_k16_s1,rr_k16,no_trivial,1,0.745631553097,-646.412543362,0.69663973681,-927.900763057
40,2,12,1.0,rr_k16_s2,rr_k16,no_trivial,2,0.729912754255,-622.918994223,0.671320704782,-927.900763057
40,2,12,1.0,rr_k16_s3,rr_k16,no_trivial,3,0.718663656047,-613.994977262,0.661703278742,-927.900763057
40,2,12,1.0,rr_k16_s4,rr_k16,no_trivial,4,0.732233777479,-628.725869252,0.677578782434,-927.900763057
40,2,12,1.0,er_k4_s0,er_k4,no_trivial,0,1,-314.732673488,0.339187859326,-927.900763057
40,2,12,1.0,er_k4_s1,er_k4,no_trivial,1,1,-318.795335076,0.343566195619,-927.900763057
40,2,12,1.0,er_k4_s2,er_k4,no_trivial,2,1,-319.050447916,0.343841131097,-927.900763057
40,2,12,1.0,er_k4_s3,er_k4,no_trivial,3,1,-312.26450375,0.336527909214,-927.900763057
40,2,12,1.0,er_k4_s4,er_k4,no_trivial,4,1,-311.402439948,0.335598861803,-927.900763057
40,2,12,1.0,er_k6_s0,er_k6,no_trivial,0,1,-413.123474568,0.44522376855,-927.900763057
40,2,12,1.0,er_k6_s1,er_k6,no_trivial,1,1,-416.769134786,0.449152701861,-927.900763057
40,2,12,1.0,er_k6_s2,er_k6,no_trivial,2,1,-409.391704218,0.441202034223,-927.900763057
40,2,12,1.0,er_k6_s3,er_k6,no_trivial,3,1,-422.030241999,0.454822604745,-927.900763057
40,2,12,1.0,er_k6_s4,er_k6,no_trivial,4,1,-415.494586044,0.447779118831,-927.900763057
40,2,12,1.0,er_k8_s0,er_k8,no_trivial,0,1,-474.5547111,0.511428301381,-927.900763057
40,2,12,1.0,er_k8_s1,er_k8,no_trivial,1,1,-489.000782919,0.526996853961,-927.900763057
40,2,12,1.0,er_k8_s2,er_k8,no_trivial,2,1,-492.154012868,0.530395094457,-927.900763057
40,2,12,1.0,er_k8_s3,er_k8,no_trivial,3,1,-485.243667017,0.522947804697,-927.900763057
40,2,12,1.0,er_k8_s4,er_k8,no_trivial,4,1,-490.052582462,0.528130379856,-927.900763057
40,2,12,1.0,er_k12_s0,er_k12,no_trivial,0,0.844212300571,-552.465652523,0.595393036108,-927.900763057
40,2,12,1.0,er_k12_s1,er_k12,no_trivial,1,0.844807581943,-557.78992622,0.601131013603,-927.900763057
40,2,12,1.0,er_k12_s2,er_k12,no_trivial,2,0.849375188151,-566.499989222,0.610517861151,-927.900763057
40,2,12,1.0,er_k12_s3,er_k12,no_trivial,3,0.851575907088,-564.575660072,0.608444008831,-927.900763057
40,2,12,1.0,er_k12_s4,er_k12,no_trivial,4,0.846376384223,-561.588806092,0.605225071959,-927.900763057
40,2,12,1.0,er_k16_s0,er_k16,no_trivial,0,0.706280270613,-611.54241458,0.659060148377,-927.900763057
40,2,12,1.0,er_k16_s1,er_k16,no_trivial,1,0.703903630539,-610.916952786,0.658386087294,-927.900763057
40,2,12,1.0,er_k16_s2,er_k16,no_trivial,2,0.70533238181,-609.618799231,0.656987065322,-927.900763057
40,2,12,1.0,er_k16_s3,er_k16,no_trivial,3,0.71806312334,-625.29866763,0.673885282269,-927.900763057
40,2,12,1.0,er_k16_s4,er_k16,no_trivial,4,0.707697495421,-614.614611815,0.662371059799,-927.900763057
41,2,12,4.0,vacio,vacio,trivial,,0,0,-0,-2871.90076306
41,2,12,4.0,clique_binaria_s2,clique_binaria,trivial,,1,-412.056244701,0.143478580458,-2871.90076306
41,2,12,4.0,clique_difusa_s2,clique_difusa,trivial,,1,-412.056244701,0.143478580458,-2871.90076306
41,2,12,4.0,clique_binaria_s3,clique_binaria,trivial,,1,-861.944769805,0.300130415679,-2871.90076306
41,2,12,4.0,clique_difusa_s3,clique_difusa,trivial,,1,-861.944769805,0.300130415679,-2871.90076306
41,2,12,4.0,clique_binaria_s4,clique_binaria,trivial,,1,-1256.45658384,0.4375,-2871.90076306
41,2,12,4.0,clique_difusa_s4,clique_difusa,trivial,,1,-1256.45658384,0.4375,-2871.90076306
41,2,12,4.0,clique_binaria_s6,clique_binaria,trivial,,1,-1810.50259024,0.630419620876,-2871.90076306
41,2,12,4.0,clique_difusa_s6,clique_difusa,trivial,,1,-1810.50259024,0.630419620876,-2871.90076306
41,2,12,4.0,clique_binaria_s8,clique_binaria,trivial,,1,-2005.86406303,0.6984447683,-2871.90076306
41,2,12,4.0,clique_difusa_s8,clique_difusa,trivial,,0.921677663408,-2032.81017046,0.707827441883,-2871.90076306
41,2,12,4.0,clique_binaria_s9,clique_binaria,trivial,,1,-1960.23715287,0.682557412182,-2871.90076306
41,2,12,4.0,clique_difusa_s9,clique_difusa,trivial,,0.841964365173,-2100.5362801,0.73140977123,-2871.90076306
41,2,12,4.0,clique_binaria_s12,clique_binaria,trivial,,1,-1227.5051929,0.427419083798,-2871.90076306
41,2,12,4.0,clique_difusa_s12,clique_difusa,trivial,,0.678945463995,-2265.53222567,0.788861598148,-2871.90076306
41,2,12,4.0,clique_binaria_s18,clique_binaria,trivial,,1,3009.96558173,-1.04807436958,-2871.90076306
41,2,12,4.0,clique_difusa_s18,clique_difusa,trivial,,0.503923020018,-2484.78067465,0.865204225234,-2871.90076306
41,2,12,4.0,clique_binaria_s24,clique_binaria,trivial,,1,11041.6789208,-3.84472857239,-2871.90076306
41,2,12,4.0,clique_difusa_s24,clique_difusa,trivial,,0.407164360974,-2620.71729255,0.912537552222,-2871.90076306
41,2,12,4.0,clique_binaria_s27,clique_binaria,trivial,,1,16501.2435034,-5.74575685749,-2871.90076306
41,2,12,4.0,clique_difusa_s27,clique_difusa,trivial,,0.372668968074,-2669.72560506,0.929602317534,-2871.90076306
41,2,12,4.0,clique_binaria_s36,clique_binaria,trivial,,1,38711.8845689,-13.479534205,-2871.90076306
41,2,12,4.0,clique_difusa_s36,clique_difusa,trivial,,0.298860060639,-2769.52572618,0.964352864069,-2871.90076306
41,2,12,4.0,clique_binaria_s54,clique_binaria,trivial,,1,109616.057722,-38.1684698621,-2871.90076306
41,2,12,4.0,clique_difusa_s54,clique_difusa,trivial,,0.215794109777,-2854.42383219,0.993914507391,-2871.90076306
41,2,12,4.0,clique_binaria_s72,clique_binaria,trivial,,1,216098.241165,-75.2457201673,-2871.90076306
41,2,12,4.0,clique_difusa_s72,clique_difusa,trivial,,0.169018885341,-2871.90075497,0.999999997183,-2871.90076306
41,2,12,4.0,clique_binaria_s108,clique_binaria,trivial,,1,536424.844407,-186.78390678,-2871.90076306
41,2,12,4.0,clique_difusa_s108,clique_difusa,trivial,,0.117127629709,-2840.69037724,0.989132498512,-2871.90076306
41,2,12,4.0,clique_binaria_s216,clique_binaria,trivial,,1,2360673.87368,-821.990057613,-2871.90076306
41,2,12,4.0,clique_difusa_s216,clique_difusa,trivial,,0.058737107114,-2693.35399287,0.937829756348,-2871.90076306
41,2,12,4.0,bipartita,bipartita,trivial,,0.100282016602,-2339.37888329,0.814575111154,-2871.90076306
41,2,12,4.0,uniforme,uniforme,trivial,,0.058737107114,-2693.35399287,0.937829756348,-2871.90076306
41,2,12,4.0,t3,t3,no_trivial,,1,-1874.02480924,0.652538149417,-2871.90076306
41,2,12,4.0,tree,tree,no_trivial,,1,-758.803908298,0.264216618505,-2871.90076306
41,2,12,4.0,ring_k6,ring,no_trivial,,1,-2110.40323468,0.734845459085,-2871.90076306
41,2,12,4.0,ws_k6_b0.1,ws,no_trivial,,1,-2080.19374416,0.724326470788,-2871.90076306
41,2,12,4.0,tri_torus_12x18,tri_torus,no_trivial,,1,-2153.92557229,0.75,-2871.90076306
41,2,12,4.0,rgg3_k6_s0,rgg3_k6,no_trivial,0,1,-1933.89971444,0.673386678019,-2871.90076306
41,2,12,4.0,rgg3_k6_s1,rgg3_k6,no_trivial,1,1,-1924.06248782,0.66996134148,-2871.90076306
41,2,12,4.0,rgg3_k6_s2,rgg3_k6,no_trivial,2,1,-1910.40683436,0.665206423194,-2871.90076306
41,2,12,4.0,rgg3_k6_s3,rgg3_k6,no_trivial,3,1,-1957.00331765,0.681431386079,-2871.90076306
41,2,12,4.0,rgg3_k6_s4,rgg3_k6,no_trivial,4,1,-1900.57861295,0.661784222282,-2871.90076306
41,2,12,4.0,rgg3_k8_s0,rgg3_k8,no_trivial,0,1,-2194.78499809,0.764227311166,-2871.90076306
41,2,12,4.0,rgg3_k8_s1,rgg3_k8,no_trivial,1,1,-2202.27125619,0.766834037068,-2871.90076306
41,2,12,4.0,rgg3_k8_s2,rgg3_k8,no_trivial,2,1,-2256.18758264,0.78560777993,-2871.90076306
41,2,12,4.0,rgg3_k8_s3,rgg3_k8,no_trivial,3,1,-2188.00930508,0.76186800506,-2871.90076306
41,2,12,4.0,rgg3_k8_s4,rgg3_k8,no_trivial,4,0.958820705919,-2217.69802476,0.772205660197,-2871.90076306
41,2,12,4.0,rgg3_k12_s0,rgg3_k12,no_trivial,0,0.779784330653,-2481.06048289,0.863908849083,-2871.90076306
41,2,12,4.0,rgg3_k12_s1,rgg3_k12,no_trivial,1,0.74929844016,-2441.85165458,0.850256278347,-2871.90076306
41,2,12,4.0,rgg3_k12_s2,rgg3_k12,no_trivial,2,0.724550807315,-2397.19606611,0.834707137846,-2871.90076306
41,2,12,4.0,rgg3_k12_s3,rgg3_k12,no_trivial,3,0.71648257279,-2403.95290323,0.837059878307,-2871.90076306
41,2,12,4.0,rgg3_k12_s4,rgg3_k12,no_trivial,4,0.774146572508,-2440.50988022,0.849789070575,-2871.90076306
41,2,12,4.0,rgg3_k16_s0,rgg3_k16,no_trivial,0,0.618618578711,-2603.28807193,0.906468672392,-2871.90076306
41,2,12,4.0,rgg3_k16_s1,rgg3_k16,no_trivial,1,0.601261896492,-2586.57555909,0.900649351244,-2871.90076306
41,2,12,4.0,rgg3_k16_s2,rgg3_k16,no_trivial,2,0.572650716955,-2498.05629864,0.869826816711,-2871.90076306
41,2,12,4.0,rgg3_k16_s3,rgg3_k16,no_trivial,3,0.582270930099,-2489.26979946,0.866767344988,-2871.90076306
41,2,12,4.0,rgg3_k16_s4,rgg3_k16,no_trivial,4,0.63666286495,-2610.46897912,0.908969074665,-2871.90076306
41,2,12,4.0,rr_k4_s0,rr_k4,no_trivial,0,1,-1415.37656447,0.492836167138,-2871.90076306
41,2,12,4.0,rr_k4_s1,rr_k4,no_trivial,1,1,-1413.21768138,0.492084440926,-2871.90076306
41,2,12,4.0,rr_k4_s2,rr_k4,no_trivial,2,1,-1412.13823984,0.491708577819,-2871.90076306
41,2,12,4.0,rr_k4_s3,rr_k4,no_trivial,3,1,-1417.24776548,0.493487722037,-2871.90076306
41,2,12,4.0,rr_k4_s4,rr_k4,no_trivial,4,1,-1414.29712292,0.492460304032,-2871.90076306
41,2,12,4.0,rr_k6_s0,rr_k6,no_trivial,0,1,-1895.03827592,0.659855068915,-2871.90076306
41,2,12,4.0,rr_k6_s1,rr_k6,no_trivial,1,1,-1896.11771747,0.660230932021,-2871.90076306
41,2,12,4.0,rr_k6_s2,rr_k6,no_trivial,2,1,-1890.21643236,0.658176096011,-2871.90076306
41,2,12,4.0,rr_k6_s3,rr_k6,no_trivial,3,1,-1892.59171077,0.659003171389,-2871.90076306
41,2,12,4.0,rr_k6_s4,rr_k6,no_trivial,4,1,-1893.95883438,0.659479205809,-2871.90076306
41,2,12,4.0,rr_k8_s0,rr_k8,no_trivial,0,1,-2241.20165057,0.780389656703,-2871.90076306
41,2,12,4.0,rr_k8_s1,rr_k8,no_trivial,1,1,-2250.91662444,0.783772424659,-2871.90076306
41,2,12,4.0,rr_k8_s2,rr_k8,no_trivial,2,1,-2235.9743419,0.778569500262,-2871.90076306
41,2,12,4.0,rr_k8_s3,rr_k8,no_trivial,3,1,-2238.75508541,0.779537759177,-2871.90076306
41,2,12,4.0,rr_k8_s4,rr_k8,no_trivial,4,1,-2232.49483149,0.777357929704,-2871.90076306
41,2,12,4.0,rr_k12_s0,rr_k12,no_trivial,0,0.962575978143,-2519.26881465,0.87721304547,-2871.90076306
41,2,12,4.0,rr_k12_s1,rr_k12,no_trivial,1,0.962558416952,-2520.82976902,0.877756572041,-2871.90076306
41,2,12,4.0,rr_k12_s2,rr_k12,no_trivial,2,0.963866686508,-2520.34998028,0.877589508907,-2871.90076306
41,2,12,4.0,rr_k12_s3,rr_k12,no_trivial,3,0.965580033433,-2527.28153451,0.880003086117,-2871.90076306
41,2,12,4.0,rr_k12_s4,rr_k12,no_trivial,4,0.965951032864,-2532.35526319,0.881769765784,-2871.90076306
41,2,12,4.0,rr_k16_s0,rr_k16,no_trivial,0,0.742832572034,-2567.95382993,0.894165238215,-2871.90076306
41,2,12,4.0,rr_k16_s1,rr_k16,no_trivial,1,0.748636143226,-2590.39196402,0.901978228961,-2871.90076306
41,2,12,4.0,rr_k16_s2,rr_k16,no_trivial,2,0.743912939717,-2566.49742344,0.893658115371,-2871.90076306
41,2,12,4.0,rr_k16_s3,rr_k16,no_trivial,3,0.74043178489,-2556.96244777,0.890338023047,-2871.90076306
41,2,12,4.0,rr_k16_s4,rr_k16,no_trivial,4,0.744540601476,-2572.39137819,0.89571039894,-2871.90076306
41,2,12,4.0,er_k4_s0,er_k4,no_trivial,0,1,-1336.85767349,0.465495775719,-2871.90076306
41,2,12,4.0,er_k4_s1,er_k4,no_trivial,1,1,-1347.17033508,0.469086659402,-2871.90076306
41,2,12,4.0,er_k4_s2,er_k4,no_trivial,2,1,-1355.80044792,0.472091677176,-2871.90076306
41,2,12,4.0,er_k4_s3,er_k4,no_trivial,3,1,-1338.26450375,0.465985636052,-2871.90076306
41,2,12,4.0,er_k4_s4,er_k4,no_trivial,4,1,-1336.65243995,0.465424313104,-2871.90076306
41,2,12,4.0,er_k6_s0,er_k6,no_trivial,0,1,-1792.37347457,0.624107036575,-2871.90076306
41,2,12,4.0,er_k6_s1,er_k6,no_trivial,1,1,-1791.14413479,0.623678978684,-2871.90076306
41,2,12,4.0,er_k6_s2,er_k6,no_trivial,2,1,-1774.64170422,0.617932808489,-2871.90076306
41,2,12,4.0,er_k6_s3,er_k6,no_trivial,3,1,-1808.030242,0.629558745642,-2871.90076306
41,2,12,4.0,er_k6_s4,er_k6,no_trivial,4,1,-1805.74458604,0.628762876933,-2871.90076306
41,2,12,4.0,er_k8_s0,er_k8,no_trivial,0,1,-2089.0547111,0.727411872295,-2871.90076306
41,2,12,4.0,er_k8_s1,er_k8,no_trivial,1,1,-2090.87578292,0.728045972136,-2871.90076306
41,2,12,4.0,er_k8_s2,er_k8,no_trivial,2,1,-2132.90401287,0.7426802626,-2871.90076306
41,2,12,4.0,er_k8_s3,er_k8,no_trivial,3,1,-2095.74366702,0.729740976421,-2871.90076306
41,2,12,4.0,er_k8_s4,er_k8,no_trivial,4,1,-2120.67758246,0.738423001847,-2871.90076306
41,2,12,4.0,er_k12_s0,er_k12,no_trivial,0,0.907264295674,-2370.19712843,0.825306068692,-2871.90076306
41,2,12,4.0,er_k12_s1,er_k12,no_trivial,1,0.896461184622,-2346.56799727,0.817078371039,-2871.90076306
41,2,12,4.0,er_k12_s2,er_k12,no_trivial,2,0.902198298796,-2369.0565943,0.824908933057,-2871.90076306
41,2,12,4.0,er_k12_s3,er_k12,no_trivial,3,0.898406198967,-2353.62349904,0.819535106965,-2871.90076306
41,2,12,4.0,er_k12_s4,er_k12,no_trivial,4,0.896602553835,-2350.18911109,0.818339248112,-2871.90076306
41,2,12,4.0,er_k16_s0,er_k16,no_trivial,0,0.712592444299,-2465.90390339,0.858631306177,-2871.90076306
41,2,12,4.0,er_k16_s1,er_k16,no_trivial,1,0.704736399273,-2438.57141953,0.849114095758,-2871.90076306
41,2,12,4.0,er_k16_s2,er_k16,no_trivial,2,0.707410358958,-2445.63068066,0.851572140695,-2871.90076306
41,2,12,4.0,er_k16_s3,er_k16,no_trivial,3,0.716222326268,-2479.55501521,0.86338464306,-2871.90076306
41,2,12,4.0,er_k16_s4,er_k16,no_trivial,4,0.711838763746,-2464.56157601,0.85816390584,-2871.90076306
42,2,16,0.25,vacio,vacio,trivial,,0,0,-0,-589.201017409
42,2,16,0.25,clique_binaria_s2,clique_binaria,trivial,,1,-24.6984335257,0.041918518122,-589.201017409
42,2,16,0.25,clique_difusa_s2,clique_difusa,trivial,,1,-24.6984335257,0.041918518122,-589.201017409
42,2,16,0.25,clique_binaria_s3,clique_binaria,trivial,,1,-122.513525104,0.207931625174,-589.201017409
42,2,16,0.25,clique_difusa_s3,clique_difusa,trivial,,1,-122.513525104,0.207931625174,-589.201017409
42,2,16,0.25,clique_binaria_s4,clique_binaria,trivial,,1,-200.23628326,0.33984375,-589.201017409
42,2,16,0.25,clique_difusa_s4,clique_difusa,trivial,,1,-200.23628326,0.33984375,-589.201017409
42,2,16,0.25,clique_binaria_s6,clique_binaria,trivial,,1,-226.557310858,0.384516156904,-589.201017409
42,2,16,0.25,clique_difusa_s6,clique_difusa,trivial,,0.855261958828,-254.550690874,0.432026903133,-589.201017409
42,2,16,0.25,clique_binaria_s8,clique_binaria,trivial,,1,-35.3313154473,0.0599647902895,-589.201017409
42,2,16,0.25,clique_difusa_s8,clique_difusa,trivial,,0.693503198264,-284.138579666,0.482243871397,-589.201017409
42,2,16,0.25,clique_binaria_s9,clique_binaria,trivial,,1,150.662762341,-0.255706894403,-589.201017409
42,2,16,0.25,clique_difusa_s9,clique_difusa,trivial,,0.639989297592,-297.318905099,0.504613699424,-589.201017409
42,2,16,0.25,clique_binaria_s12,clique_binaria,trivial,,1,1092.7899593,-1.85469801818,-589.201017409
42,2,16,0.25,clique_difusa_s12,clique_difusa,trivial,,0.530703860634,-331.690940594,0.562950386699,-589.201017409
42,2,16,0.25,clique_binaria_s18,clique_binaria,trivial,,1,4796.37301137,-8.14046966935,-589.201017409
42,2,16,0.25,clique_difusa_s18,clique_difusa,trivial,,0.413175990648,-384.323467995,0.652279029804,-589.201017409
42,2,16,0.25,clique_binaria_s24,clique_binaria,trivial,,1,11023.9610325,-18.7100169667,-589.201017409
42,2,16,0.25,clique_difusa_s24,clique_difusa,trivial,,0.347734761283,-423.543491255,0.718843788013,-589.201017409
42,2,16,0.25,clique_binaria_s27,clique_binaria,trivial,,1,15105.1238578,-25.636622157,-589.201017409
42,2,16,0.25,clique_difusa_s27,clique_difusa,trivial,,0.324233994364,-439.763838789,0.746373182997,-589.201017409
42,2,16,0.25,clique_binaria_s36,clique_binaria,trivial,,1,31275.2032585,-53.0807013811,-589.201017409
42,2,16,0.25,clique_difusa_s36,clique_difusa,trivial,,0.273443646072,-478.968745487,0.812912285171,-589.201017409
42,2,16,0.25,clique_binaria_s54,clique_binaria,trivial,,1,81524.149313,-138.363897726,-589.201017409
42,2,16,0.25,clique_difusa_s54,clique_difusa,trivial,,0.214851469879,-530.160815173,0.899796163802,-589.201017409
42,2,16,0.25,clique_binaria_s72,clique_binaria,trivial,,1,155918.9673,-264.627797123,-589.201017409
42,2,16,0.25,clique_difusa_s72,clique_difusa,trivial,,0.180597798534,-560.159230509,0.950709883312,-589.201017409
42,2,16,0.25,clique_binaria_s108,clique_binaria,trivial,,1,377774.424553,-641.163903983,-589.201017409
42,2,16,0.25,clique_difusa_s108,clique_difusa,trivial,,0.140446836889,-586.295640923,0.995068955415,-589.201017409
42,2,16,0.25,clique_binaria_s216,clique_binaria,trivial,,1,1632238.69526,-2770.25776778,-589.201017409
42,2,16,0.25,clique_difusa_s216,clique_difusa,trivial,,0.0884964695696,-555.189832686,0.942275753574,-589.201017409
42,2,16,0.25,bipartita,bipartita,trivial,,0.0543108354868,-79.1851993147,0.1343941999,-589.201017409
42,2,16,0.25,uniforme,uniforme,trivial,,0.0884964695696,-555.189832686,0.942275753574,-589.201017409
42,2,16,0.25,t3,t3,no_trivial,,0.977595053268,-79.1851993147,0.1343941999,-589.201017409
42,2,16,0.25,tree,tree,no_trivial,,1,-42.0716812232,0.0714046309835,-589.201017409
42,2,16,0.25,ring_k6,ring,no_trivial,,0.95754891841,-317.732228048,0.539259469451,-589.201017409
42,2,16,0.25,ws_k6_b0.1,ws,no_trivial,,1,-297.074001067,0.504198044962,-589.201017409
42,2,16,0.25,tri_torus_12x18,tri_torus,no_trivial,,1,-359.044369984,0.609375,-589.201017409
42,2,16,0.25,rgg3_k6_s0,rgg3_k6,no_trivial,0,0.957669814925,-258.895186722,0.439400440719,-589.201017409
42,2,16,0.25,rgg3_k6_s1,rgg3_k6,no_trivial,1,0.859597170546,-247.076519527,0.419341637619,-589.201017409
42,2,16,0.25,rgg3_k6_s2,rgg3_k6,no_trivial,2,0.936247927076,-253.037616978,0.429458893486,-589.201017409
42,2,16,0.25,rgg3_k6_s3,rgg3_k6,no_trivial,3,0.892239090718,-257.810202782,0.437558991184,-589.201017409
42,2,16,0.25,rgg3_k6_s4,rgg3_k6,no_trivial,4,0.987147448659,-261.577469106,0.443952846953,-589.201017409
42,2,16,0.25,rgg3_k8_s0,rgg3_k8,no_trivial,0,0.809683934188,-290.424020055,0.492911606521,-589.201017409
42,2,16,0.25,rgg3_k8_s1,rgg3_k8,no_trivial,1,0.825009591011,-301.142082726,0.511102448618,-589.201017409
42,2,16,0.25,rgg3_k8_s2,rgg3_k8,no_trivial,2,0.830476853056,-313.157061366,0.53149443418,-589.201017409
42,2,16,0.25,rgg3_k8_s3,rgg3_k8,no_trivial,3,0.86161870476,-293.705301873,0.498480642759,-589.201017409
42,2,16,0.25,rgg3_k8_s4,rgg3_k8,no_trivial,4,0.779297821898,-309.742253514,0.525698775735,-589.201017409
42,2,16,0.25,rgg3_k12_s0,rgg3_k12,no_trivial,0,0.667921143092,-373.256496169,0.633496014331,-589.201017409
42,2,16,0.25,rgg3_k12_s1,rgg3_k12,no_trivial,1,0.647966266348,-365.500824233,0.62033298218,-589.201017409
42,2,16,0.25,rgg3_k12_s2,rgg3_k12,no_trivial,2,0.623427623621,-356.355008822,0.604810579569,-589.201017409
42,2,16,0.25,rgg3_k12_s3,rgg3_k12,no_trivial,3,0.617929289605,-358.336954777,0.608174365267,-589.201017409
42,2,16,0.25,rgg3_k12_s4,rgg3_k12,no_trivial,4,0.668465370462,-370.147331399,0.628219097494,-589.201017409
42,2,16,0.25,rgg3_k16_s0,rgg3_k16,no_trivial,0,0.564147784686,-420.65963211,0.713949262951,-589.201017409
42,2,16,0.25,rgg3_k16_s1,rgg3_k16,no_trivial,1,0.545329059075,-413.047352794,0.70102959871,-589.201017409
42,2,16,0.25,rgg3_k16_s2,rgg3_k16,no_trivial,2,0.514907150874,-389.019891433,0.660249863694,-589.201017409
42,2,16,0.25,rgg3_k16_s3,rgg3_k16,no_trivial,3,0.524682067689,-388.055599529,0.658613254327,-589.201017409
42,2,16,0.25,rgg3_k16_s4,rgg3_k16,no_trivial,4,0.578433644751,-421.800296562,0.715885214213,-589.201017409
42,2,16,0.25,rr_k4_s0,rr_k4,no_trivial,0,1,-77.651585662,0.131791329899,-589.201017409
42,2,16,0.25,rr_k4_s1,rr_k4,no_trivial,1,1,-75.4927025786,0.128127244095,-589.201017409
42,2,16,0.25,rr_k4_s2,rr_k4,no_trivial,2,1,-74.413261037,0.126295201193,-589.201017409
42,2,16,0.25,rr_k4_s3,rr_k4,no_trivial,3,1,-79.5227866729,0.134967157767,-589.201017409
42,2,16,0.25,rr_k4_s4,rr_k4,no_trivial,4,1,-76.5721441203,0.129959286997,-589.201017409
42,2,16,0.25,rr_k6_s0,rr_k6,no_trivial,0,1,-100.157073616,0.169987950896,-589.201017409
42,2,16,0.25,rr_k6_s1,rr_k6,no_trivial,1,1,-101.236515157,0.171819993798,-589.201017409
42,2,16,0.25,rr_k6_s2,rr_k6,no_trivial,2,1,-95.335230052,0.161804252259,-589.201017409
42,2,16,0.25,rr_k6_s3,rr_k6,no_trivial,3,1,-97.7105084597,0.165835607157,-589.201017409
42,2,16,0.25,rr_k6_s4,rr_k6,no_trivial,4,1,-99.0776320738,0.168155907995,-589.201017409
42,2,16,0.25,rr_k8_s0,rr_k8,no_trivial,0,1,-130.301735352,0.221149881792,-589.201017409
42,2,16,0.25,rr_k8_s1,rr_k8,no_trivial,1,1,-140.016709227,0.237638267908,-589.201017409
42,2,16,0.25,rr_k8_s2,rr_k8,no_trivial,2,1,-125.07442668,0.212278022244,-589.201017409
42,2,16,0.25,rr_k8_s3,rr_k8,no_trivial,3,1,-127.855170196,0.216997538052,-589.201017409
42,2,16,0.25,rr_k8_s4,rr_k8,no_trivial,4,1,-121.59491627,0.206372549736,-589.201017409
42,2,16,0.25,rr_k12_s0,rr_k12,no_trivial,0,0.998329147429,-195.59146651,0.331960503684,-589.201017409
42,2,16,0.25,rr_k12_s1,rr_k12,no_trivial,1,0.997606073578,-197.139136295,0.334587229944,-589.201017409
42,2,16,0.25,rr_k12_s2,rr_k12,no_trivial,2,1,-196.968352019,0.334297372542,-589.201017409
42,2,16,0.25,rr_k12_s3,rr_k12,no_trivial,3,1,-204.244915532,0.346647255345,-589.201017409
42,2,16,0.25,rr_k12_s4,rr_k12,no_trivial,4,1,-209.371879268,0.355348808101,-589.201017409
42,2,16,0.25,rr_k16_s0,rr_k16,no_trivial,0,0.907956701579,-267.324501692,0.453706789013,-589.201017409
42,2,16,0.25,rr_k16_s1,rr_k16,no_trivial,1,0.93551267035,-299.709568499,0.50867116594,-589.201017409
42,2,16,0.25,rr_k16_s2,rr_k16,no_trivial,2,0.92446908522,-269.247669833,0.456970816203,-589.201017409
42,2,16,0.25,rr_k16_s3,rr_k16,no_trivial,3,0.898499754564,-252.971235814,0.42934623047,-589.201017409
42,2,16,0.25,rr_k16_s4,rr_k16,no_trivial,4,0.92046473998,-275.163067313,0.467010509456,-589.201017409
42,2,16,0.25,er_k4_s0,er_k4,no_trivial,0,1,-74.7654115905,0.126892875914,-589.201017409
42,2,16,0.25,er_k4_s1,er_k4,no_trivial,1,1,-76.9103931666,0.13053336789,-589.201017409
42,2,16,0.25,er_k4_s2,er_k4,no_trivial,2,1,-74.5958147908,0.126605033913,-589.201017409
42,2,16,0.25,er_k4_s3,er_k4,no_trivial,3,1,-71.1082802451,0.120685942733,-589.201017409
42,2,16,0.25,er_k4_s4,er_k4,no_trivial,4,1,-70.4763380442,0.119613401813,-589.201017409
42,2,16,0.25,er_k6_s0,er_k6,no_trivial,0,1,-100.405040404,0.17040880351,-589.201017409
42,2,16,0.25,er_k6_s1,er_k6,no_trivial,1,1,-105.54649103,0.179134943613,-589.201017409
42,2,16,0.25,er_k6_s2,er_k6,no_trivial,2,1,-100.968873279,0.171365748354,-589.201017409
42,2,16,0.25,er_k6_s3,er_k6,no_trivial,3,1,-107.240713422,0.182010400955,-589.201017409
42,2,16,0.25,er_k6_s4,er_k6,no_trivial,4,1,-99.4010350597,0.168704791952,-589.201017409
42,2,16,0.25,er_k8_s0,er_k8,no_trivial,0,1,-126.479864892,0.21466335114,-589.201017409
42,2,16,0.25,er_k8_s1,er_k8,no_trivial,1,1,-144.799650334,0.245755940767,-589.201017409
42,2,16,0.25,er_k8_s2,er_k8,no_trivial,2,1,-136.024910612,0.230863332874,-589.201017409
42,2,16,0.25,er_k8_s3,er_k8,no_trivial,3,1,-138.396136017,0.234887808961,-589.201017409
42,2,16,0.25,er_k8_s4,er_k8,no_trivial,4,1,-137.030121825,0.23256939105,-589.201017409
42,2,16,0.25,er_k12_s0,er_k12,no_trivial,0,0.967538526794,-191.652170913,0.325274677488,-589.201017409
42,2,16,0.25,er_k12_s1,er_k12,no_trivial,1,0.976272857431,-206.618452751,0.350675655076,-589.201017409
42,2,16,0.25,er_k12_s2,er_k12,no_trivial,2,0.970213734419,-211.347237021,0.358701412211,-589.201017409
42,2,16,0.25,er_k12_s3,er_k12,no_trivial,3,0.987108509081,-215.287943744,0.36538963339,-589.201017409
42,2,16,0.25,er_k12_s4,er_k12,no_trivial,4,0.975129198323,-210.657901843,0.357531463148,-589.201017409
42,2,16,0.25,er_k16_s0,er_k16,no_trivial,0,0.884207164488,-277.751631834,0.471403856455,-589.201017409
42,2,16,0.25,er_k16_s1,er_k16,no_trivial,1,0.884928746149,-286.882809717,0.486901416054,-589.201017409
42,2,16,0.25,er_k16_s2,er_k16,no_trivial,2,0.890260659676,-283.731512045,0.48155299068,-589.201017409
42,2,16,0.25,er_k16_s3,er_k16,no_trivial,3,0.901325514869,-298.510553377,0.506636181128,-589.201017409
42,2,16,0.25,er_k16_s4,er_k16,no_trivial,4,0.884955787251,-283.127319782,0.480527547333,-589.201017409
43,2,16,1.0,vacio,vacio,trivial,,0,0,-0,-1237.20101741
43,2,16,1.0,clique_binaria_s2,clique_binaria,trivial,,1,-103.167183526,0.0833875676418,-1237.20101741
43,2,16,1.0,clique_difusa_s2,clique_difusa,trivial,,1,-103.167183526,0.0833875676418,-1237.20101741
43,2,16,1.0,clique_binaria_s3,clique_binaria,trivial,,1,-274.388525104,0.221781684013,-1237.20101741
43,2,16,1.0,clique_difusa_s3,clique_difusa,trivial,,1,-274.388525104,0.221781684013,-1237.20101741
43,2,16,1.0,clique_binaria_s4,clique_binaria,trivial,,1,-420.45503326,0.33984375,-1237.20101741
43,2,16,1.0,clique_difusa_s4,clique_difusa,trivial,,1,-420.45503326,0.33984375,-1237.20101741
43,2,16,1.0,clique_binaria_s6,clique_binaria,trivial,,1,-568.276060858,0.4593239521,-1237.20101741
43,2,16,1.0,clique_difusa_s6,clique_difusa,trivial,,0.960330552179,-570.796338258,0.46136103206,-1237.20101741
43,2,16,1.0,clique_binaria_s8,clique_binaria,trivial,,1,-478.300065447,0.3865985064,-1237.20101741
43,2,16,1.0,clique_difusa_s8,clique_difusa,trivial,,0.775451293123,-634.449186643,0.512810107424,-1237.20101741
43,2,16,1.0,clique_binaria_s9,clique_binaria,trivial,,1,-335.337237659,0.271045071044,-1237.20101741
43,2,16,1.0,clique_difusa_s9,clique_difusa,trivial,,0.71421808531,-662.592350352,0.535557553727,-1237.20101741
43,2,16,1.0,clique_binaria_s12,clique_binaria,trivial,,1,508.0712093,-0.410661810127,-1237.20101741
43,2,16,1.0,clique_difusa_s12,clique_difusa,trivial,,0.589072271583,-735.337250847,0.594355517414,-1237.20101741
43,2,16,1.0,clique_binaria_s18,clique_binaria,trivial,,1,4150.90426137,-3.35507666334,-1237.20101741
43,2,16,1.0,clique_difusa_s18,clique_difusa,trivial,,0.454376181429,-844.767925605,0.682805715254,-1237.20101741
43,2,16,1.0,clique_binaria_s24,clique_binaria,trivial,,1,10499.9922825,-8.48689269954,-1237.20101741
43,2,16,1.0,clique_difusa_s24,clique_difusa,trivial,,0.379354297776,-924.587538456,0.747321999777,-1237.20101741
43,2,16,1.0,clique_binaria_s27,clique_binaria,trivial,,1,14710.2488578,-11.8899424191,-1237.20101741
43,2,16,1.0,clique_difusa_s27,clique_difusa,trivial,,0.352416100874,-957.117796218,0.773615429304,-1237.20101741
43,2,16,1.0,clique_binaria_s36,clique_binaria,trivial,,1,31540.9845085,-25.4938236105,-1237.20101741
43,2,16,1.0,clique_difusa_s36,clique_difusa,trivial,,0.294217835479,-1034.43381161,0.836108115859,-1237.20101741
43,2,16,1.0,clique_binaria_s54,clique_binaria,trivial,,1,84341.430563,-68.1711616594,-1237.20101741
43,2,16,1.0,clique_difusa_s54,clique_difusa,trivial,,0.227161785655,-1132.04911406,0.915008230777,-1237.20101741
43,2,16,1.0,clique_binaria_s72,clique_binaria,trivial,,1,162927.99855,-131.690805501,-1237.20101741
43,2,16,1.0,clique_difusa_s72,clique_difusa,trivial,,0.188046146393,-1186.90823822,0.959349549116,-1237.20101741
43,2,16,1.0,clique_binaria_s108,clique_binaria,trivial,,1,398087.705803,-321.764774035,-1237.20101741
43,2,16,1.0,clique_difusa_s108,clique_difusa,trivial,,0.142362970529,-1232.40987694,0.99612743572,-1237.20101741
43,2,16,1.0,clique_binaria_s216,clique_binaria,trivial,,1,1731830.72651,-1399.79736691,-1237.20101741
43,2,16,1.0,clique_difusa_s216,clique_difusa,trivial,,0.0839036862347,-1187.44382209,0.959782448752,-1237.20101741
43,2,16,1.0,bipartita,bipartita,trivial,,0.103459337892,-603.37486754,0.487693478303,-1237.20101741
43,2,16,1.0,uniforme,uniforme,trivial,,0.0839036862347,-1187.44382209,0.959782448752,-1237.20101741
43,2,16,1.0,t3,t3,no_trivial,,1,-474.018606927,0.383137905851,-1237.20101741
43,2,16,1.0,tree,tree,no_trivial,,1,-190.477931223,0.153958757343,-1237.20101741
43,2,16,1.0,ring_k6,ring,no_trivial,,1,-710.397032367,0.574196935155,-1237.20101741
43,2,16,1.0,ws_k6_b0.1,ws,no_trivial,,1,-690.261501067,0.557921866661,-1237.20101741
43,2,16,1.0,tri_torus_12x18,tri_torus,no_trivial,,1,-753.919369984,0.609375,-1237.20101741
43,2,16,1.0,rgg3_k6_s0,rgg3_k6,no_trivial,0,1,-631.703643809,0.510590950799,-1237.20101741
43,2,16,1.0,rgg3_k6_s1,rgg3_k6,no_trivial,1,0.969801546794,-610.299326091,0.49329035258,-1237.20101741
43,2,16,1.0,rgg3_k6_s2,rgg3_k6,no_trivial,2,1,-619.400244408,0.500646407247,-1237.20101741
43,2,16,1.0,rgg3_k6_s3,rgg3_k6,no_trivial,3,1,-631.160263151,0.510151749206,-1237.20101741
43,2,16,1.0,rgg3_k6_s4,rgg3_k6,no_trivial,4,1,-625.90561476,0.505904542554,-1237.20101741
43,2,16,1.0,rgg3_k8_s0,rgg3_k8,no_trivial,0,0.907104961594,-704.392853544,0.569343900977,-1237.20101741
43,2,16,1.0,rgg3_k8_s1,rgg3_k8,no_trivial,1,0.919964034751,-718.120799434,0.580439871394,-1237.20101741
43,2,16,1.0,rgg3_k8_s2,rgg3_k8,no_trivial,2,0.924502093792,-739.368497326,0.597613877552,-1237.20101741
43,2,16,1.0,rgg3_k8_s3,rgg3_k8,no_trivial,3,0.964468573352,-710.089700538,0.573948526186,-1237.20101741
43,2,16,1.0,rgg3_k8_s4,rgg3_k8,no_trivial,4,0.866296995592,-730.622814491,0.590544951232,-1237.20101741
43,2,16,1.0,rgg3_k12_s0,rgg3_k12,no_trivial,0,0.733120676689,-859.631938786,0.694819941699,-1237.20101741
43,2,16,1.0,rgg3_k12_s1,rgg3_k12,no_trivial,1,0.710768869727,-849.416146249,0.686562760858,-1237.20101741
43,2,16,1.0,rgg3_k12_s2,rgg3_k12,no_trivial,2,0.68467359371,-830.025709295,0.670889934307,-1237.20101741
43,2,16,1.0,rgg3_k12_s3,rgg3_k12,no_trivial,3,0.678301191536,-834.075265451,0.674163093721,-1237.20101741
43,2,16,1.0,rgg3_k12_s4,rgg3_k12,no_trivial,4,0.732492626258,-851.275501377,0.688065633149,-1237.20101741
43,2,16,1.0,rgg3_k16_s0,rgg3_k16,no_trivial,0,0.610556653097,-951.0413101,0.768703950868,-1237.20101741
43,2,16,1.0,rgg3_k16_s1,rgg3_k16,no_trivial,1,0.59122238109,-939.181119824,0.759117642653,-1237.20101741
43,2,16,1.0,rgg3_k16_s2,rgg3_k16,no_trivial,2,0.560090502564,-896.691829295,0.724774565069,-1237.20101741
43,2,16,1.0,rgg3_k16_s3,rgg3_k16,no_trivial,3,0.570513153488,-894.761164899,0.723214055201,-1237.20101741
43,2,16,1.0,rgg3_k16_s4,rgg3_k16,no_trivial,4,0.626347367011,-951.920677175,0.769414722248,-1237.20101741
43,2,16,1.0,rr_k4_s0,rr_k4,no_trivial,0,1,-361.151585662,0.291910191295,-1237.20101741
43,2,16,1.0,rr_k4_s1,rr_k4,no_trivial,1,1,-358.992702579,0.290165217719,-1237.20101741
43,2,16,1.0,rr_k4_s2,rr_k4,no_trivial,2,1,-357.913261037,0.289292730931,-1237.20101741
43,2,16,1.0,rr_k4_s3,rr_k4,no_trivial,3,1,-363.022786673,0.29342263833,-1237.20101741
43,2,16,1.0,rr_k4_s4,rr_k4,no_trivial,4,1,-360.07214412,0.291037704507,-1237.20101741
43,2,16,1.0,rr_k6_s0,rr_k6,no_trivial,0,1,-495.032073616,0.400122588528,-1237.20101741
43,2,16,1.0,rr_k6_s1,rr_k6,no_trivial,1,1,-496.111515157,0.400995075316,-1237.20101741
43,2,16,1.0,rr_k6_s2,rr_k6,no_trivial,2,1,-490.210230052,0.39622520767,-1237.20101741
43,2,16,1.0,rr_k6_s3,rr_k6,no_trivial,3,1,-492.58550846,0.398145088412,-1237.20101741
43,2,16,1.0,rr_k6_s4,rr_k6,no_trivial,4,1,-493.952632074,0.39925010174,-1237.20101741
43,2,16,1.0,rr_k8_s0,rr_k8,no_trivial,0,1,-616.301735352,0.498141956464,-1237.20101741
43,2,16,1.0,rr_k8_s1,rr_k8,no_trivial,1,1,-626.016709227,0.505994337555,-1237.20101741
43,2,16,1.0,rr_k8_s2,rr_k8,no_trivial,2,1,-611.07442668,0.493916847853,-1237.20101741
43,2,16,1.0,rr_k8_s3,rr_k8,no_trivial,3,1,-613.855170196,0.496164456348,-1237.20101741
43,2,16,1.0,rr_k8_s4,rr_k8,no_trivial,4,1,-607.59491627,0.491104442787,-1237.20101741
43,2,16,1.0,rr_k12_s0,rr_k12,no_trivial,0,1,-803.090212451,0.649118616256,-1237.20101741
43,2,16,1.0,rr_k12_s1,rr_k12,no_trivial,1,1,-804.636518409,0.650368458388,-1237.20101741
43,2,16,1.0,rr_k12_s2,rr_k12,no_trivial,2,1,-804.468352019,0.650232533516,-1237.20101741
43,2,16,1.0,rr_k12_s3,rr_k12,no_trivial,3,1,-811.744915532,0.656114005816,-1237.20101741
43,2,16,1.0,rr_k12_s4,rr_k12,no_trivial,4,1,-816.871879268,0.660258008014,-1237.20101741
43,2,16,1.0,rr_k16_s0,rr_k16,no_trivial,0,0.94548804921,-912.094726974,0.737224358968,-1237.20101741
43,2,16,1.0,rr_k16_s1,rr_k16,no_trivial,1,0.96033077273,-946.058684033,0.764676613356,-1237.20101741
43,2,16,1.0,rr_k16_s2,rr_k16,no_trivial,2,0.955853642794,-915.099179793,0.739652786343,-1237.20101741
43,2,16,1.0,rr_k16_s3,rr_k16,no_trivial,3,0.941321574429,-897.1420873,0.725138497848,-1237.20101741
43,2,16,1.0,rr_k16_s4,rr_k16,no_trivial,4,0.952690120996,-920.738537007,0.744210943938,-1237.20101741
43,2,16,1.0,er_k4_s0,er_k4,no_trivial,0,1,-347.413849091,0.280806307303,-1237.20101741
43,2,16,1.0,er_k4_s1,er_k4,no_trivial,1,1,-350.730705667,0.283487243165,-1237.20101741
43,2,16,1.0,er_k4_s2,er_k4,no_trivial,2,1,-349.986439791,0.282885670854,-1237.20101741
43,2,16,1.0,er_k4_s3,er_k4,no_trivial,3,1,-344.483280245,0.278437598578,-1237.20101741
43,2,16,1.0,er_k4_s4,er_k4,no_trivial,4,1,-343.710713044,0.277813150982,-1237.20101741
43,2,16,1.0,er_k6_s0,er_k6,no_trivial,0,1,-480.514415404,0.388388312523,-1237.20101741
43,2,16,1.0,er_k6_s1,er_k6,no_trivial,1,1,-484.74180353,0.391805209266,-1237.20101741
43,2,16,1.0,er_k6_s2,er_k6,no_trivial,2,1,-478.453248279,0.386722320421,-1237.20101741
43,2,16,1.0,er_k6_s3,er_k6,no_trivial,3,1,-488.615713422,0.394936398003,-1237.20101741
43,2,16,1.0,er_k6_s4,er_k6,no_trivial,4,1,-481.57291006,0.389243868444,-1237.20101741
43,2,16,1.0,er_k8_s0,er_k8,no_trivial,0,1,-591.198614892,0.477851704431,-1237.20101741
43,2,16,1.0,er_k8_s1,er_k8,no_trivial,1,1,-607.151212834,0.490745807909,-1237.20101741
43,2,16,1.0,er_k8_s2,er_k8,no_trivial,2,1,-605.665535612,0.489544970534,-1237.20101741
43,2,16,1.0,er_k8_s3,er_k8,no_trivial,3,1,-602.364886017,0.486877134387,-1237.20101741
43,2,16,1.0,er_k8_s4,er_k8,no_trivial,4,1,-604.772309325,0.488822997084,-1237.20101741
43,2,16,1.0,er_k12_s0,er_k12,no_trivial,0,1,-774.585489603,0.626078930346,-1237.20101741
43,2,16,1.0,er_k12_s1,er_k12,no_trivial,1,1,-783.103592401,0.632963909164,-1237.20101741
43,2,16,1.0,er_k12_s2,er_k12,no_trivial,2,1,-790.720572714,0.639120532223,-1237.20101741
43,2,16,1.0,er_k12_s3,er_k12,no_trivial,3,1,-791.895492985,0.640070192185,-1237.20101741
43,2,16,1.0,er_k12_s4,er_k12,no_trivial,4,1,-787.029292214,0.636136958456,-1237.20101741
43,2,16,1.0,er_k16_s0,er_k16,no_trivial,0,0.911396756029,-893.8983196,0.722516637977,-1237.20101741
43,2,16,1.0,er_k16_s1,er_k16,no_trivial,1,0.906076088373,-894.809275847,0.723252942129,-1237.20101741
43,2,16,1.0,er_k16_s2,er_k16,no_trivial,2,0.911337344721,-894.512006826,0.723012666688,-1237.20101741
43,2,16,1.0,er_k16_s3,er_k16,no_trivial,3,0.921094608959,-915.434414193,0.739923748293,-1237.20101741
43,2,16,1.0,er_k16_s4,er_k16,no_trivial,4,0.910595416326,-897.934671524,0.725779124725,-1237.20101741
44,2,16,4.0,vacio,vacio,trivial,,0,0,-0,-3829.20101741
44,2,16,4.0,clique_binaria_s2,clique_binaria,trivial,,1,-417.042183526,0.108911018677,-3829.20101741
44,2,16,4.0,clique_difusa_s2,clique_difusa,trivial,,1,-417.042183526,0.108911018677,-3829.20101741
44,2,16,4.0,clique_binaria_s3,clique_binaria,trivial,,1,-881.888525104,0.230306145093,-3829.20101741
44,2,16,4.0,clique_difusa_s3,clique_difusa,trivial,,1,-881.888525104,0.230306145093,-3829.20101741
44,2,16,4.0,clique_binaria_s4,clique_binaria,trivial,,1,-1301.33003326,0.33984375,-3829.20101741
44,2,16,4.0,clique_difusa_s4,clique_difusa,trivial,,1,-1301.33003326,0.33984375,-3829.20101741
44,2,16,4.0,clique_binaria_s6,clique_binaria,trivial,,1,-1935.15106086,0.50536679899,-3829.20101741
44,2,16,4.0,clique_difusa_s6,clique_difusa,trivial,,1,-1935.15106086,0.50536679899,-3829.20101741
44,2,16,4.0,clique_binaria_s8,clique_binaria,trivial,,1,-2250.17506545,0.587635659558,-3829.20101741
44,2,16,4.0,clique_difusa_s8,clique_difusa,trivial,,0.975885343304,-2252.70345555,0.588295951377,-3829.20101741
44,2,16,4.0,clique_binaria_s9,clique_binaria,trivial,,1,-2279.33723766,0.59525139247,-3829.20101741
44,2,16,4.0,clique_difusa_s9,clique_difusa,trivial,,0.894591293249,-2341.06743195,0.611372299679,-3829.20101741
44,2,16,4.0,clique_binaria_s12,clique_binaria,trivial,,1,-1830.8037907,0.478116396182,-3829.20101741
44,2,16,4.0,clique_difusa_s12,clique_difusa,trivial,,0.728345120635,-2564.16409762,0.669634235958,-3829.20101741
44,2,16,4.0,clique_binaria_s18,clique_binaria,trivial,,1,1569.02926137,-0.409753693849,-3829.20101741
44,2,16,4.0,clique_difusa_s18,clique_difusa,trivial,,0.549580760009,-2884.43439292,0.753273171035,-3829.20101741
44,2,16,4.0,clique_binaria_s24,clique_binaria,trivial,,1,8404.11728251,-2.19474434596,-3829.20101741
44,2,16,4.0,clique_difusa_s24,clique_difusa,trivial,,0.450376122518,-3105.33619579,0.810961916512,-3829.20101741
44,2,16,4.0,clique_binaria_s27,clique_binaria,trivial,,1,13130.7488578,-3.42910930978,-3829.20101741
44,2,16,4.0,clique_difusa_s27,clique_difusa,trivial,,0.414884361039,-3192.0013622,0.833594618745,-3829.20101741
44,2,16,4.0,clique_binaria_s36,clique_binaria,trivial,,1,32604.1095085,-8.51459857038,-3829.20101741
44,2,16,4.0,clique_difusa_s36,clique_difusa,trivial,,0.338590036709,-3389.37240489,0.885138280669,-3829.20101741
44,2,16,4.0,clique_binaria_s54,clique_binaria,trivial,,1,95610.555563,-24.9688003133,-3829.20101741
44,2,16,4.0,clique_difusa_s54,clique_difusa,trivial,,0.251764504564,-3618.54321355,0.944986485979,-3829.20101741
44,2,16,4.0,clique_binaria_s72,clique_binaria,trivial,,1,190964.12355,-49.8704880421,-3829.20101741
44,2,16,4.0,clique_difusa_s72,clique_difusa,trivial,,0.202057128237,-3734.89876353,0.97537286409,-3829.20101741
44,2,16,4.0,clique_binaria_s108,clique_binaria,trivial,,1,479340.830803,-125.180378001,-3829.20101741
44,2,16,4.0,clique_difusa_s108,clique_difusa,trivial,,0.145585079857,-3821.13887142,0.997894561829,-3829.20101741
44,2,16,4.0,clique_binaria_s216,clique_binaria,trivial,,1,2130198.85151,-556.303741126,-3829.20101741
44,2,16,4.0,clique_difusa_s216,clique_difusa,trivial,,0.0782690976386,-3762.12343506,0.982482616597,-3829.20101741
44,2,16,4.0,bipartita,bipartita,trivial,,0.133709355469,-3119.17184439,0.814575111154,-3829.20101741
44,2,16,4.0,uniforme,uniforme,trivial,,0.0782690976386,-3762.12343506,0.982482616597,-3829.20101741
44,2,16,4.0,t3,t3,no_trivial,,1,-2053.51860693,0.536278612063,-3829.20101741
44,2,16,4.0,tree,tree,no_trivial,,1,-784.102931223,0.204769331163,-3829.20101741
44,2,16,4.0,ring_k6,ring,no_trivial,,1,-2289.89703237,0.598009094314,-3829.20101741
44,2,16,4.0,ws_k6_b0.1,ws,no_trivial,,1,-2263.01150107,0.590987908647,-3829.20101741
44,2,16,4.0,tri_torus_12x18,tri_torus,no_trivial,,1,-2333.41936998,0.609375,-3829.20101741
44,2,16,4.0,rgg3_k6_s0,rgg3_k6,no_trivial,0,1,-2129.82864381,0.556207060984,-3829.20101741
44,2,16,4.0,rgg3_k6_s1,rgg3_k6,no_trivial,1,1,-2153.32334155,0.562342726789,-3829.20101741
44,2,16,4.0,rgg3_k6_s2,rgg3_k6,no_trivial,2,1,-2101.11899441,0.548709504896,-3829.20101741
44,2,16,4.0,rgg3_k6_s3,rgg3_k6,no_trivial,3,1,-2178.78526315,0.568992135238,-3829.20101741
44,2,16,4.0,rgg3_k6_s4,rgg3_k6,no_trivial,4,1,-2083.81186476,0.544189729211,-3829.20101741
44,2,16,4.0,rgg3_k8_s0,rgg3_k8,no_trivial,0,1,-2517.53220479,0.657456266553,-3829.20101741
44,2,16,4.0,rgg3_k8_s1,rgg3_k8,no_trivial,1,1,-2527.69609671,0.660110577955,-3829.20101741
44,2,16,4.0,rgg3_k8_s2,rgg3_k8,no_trivial,2,1,-2584.10539257,0.674841926768,-3829.20101741
44,2,16,4.0,rgg3_k8_s3,rgg3_k8,no_trivial,3,1,-2476.63976371,0.646777161203,-3829.20101741
44,2,16,4.0,rgg3_k8_s4,rgg3_k8,no_trivial,4,1,-2590.55332793,0.676525812083,-3829.20101741
44,2,16,4.0,rgg3_k12_s0,rgg3_k12,no_trivial,0,0.872008199773,-2975.25562858,0.776991235262,-3829.20101741
44,2,16,4.0,rgg3_k12_s1,rgg3_k12,no_trivial,1,0.842278473459,-2946.60057535,0.769507937023,-3829.20101741
44,2,16,4.0,rgg3_k12_s2,rgg3_k12,no_trivial,2,0.81323550781,-2886.90636779,0.753918729955,-3829.20101741
44,2,16,4.0,rgg3_k12_s3,rgg3_k12,no_trivial,3,0.80483469936,-2898.03352547,0.756824599257,-3829.20101741
44,2,16,4.0,rgg3_k12_s4,rgg3_k12,no_trivial,4,0.868112834542,-2937.35686326,0.767093931582,-3829.20101741
44,2,16,4.0,rgg3_k16_s0,rgg3_k16,no_trivial,0,0.705666172034,-3204.14990799,0.836767224657,-3829.20101741
44,2,16,4.0,rgg3_k16_s1,rgg3_k16,no_trivial,1,0.685206426239,-3178.72794903,0.830128252494,-3829.20101741
44,2,16,4.0,rgg3_k16_s2,rgg3_k16,no_trivial,2,0.652126648446,-3064.76483285,0.800366661065,-3829.20101741
44,2,16,4.0,rgg3_k16_s3,rgg3_k16,no_trivial,3,0.663658494392,-3057.07916292,0.798359540025,-3829.20101741
44,2,16,4.0,rgg3_k16_s4,rgg3_k16,no_trivial,4,0.725043955435,-3206.78225332,0.837454664497,-3829.20101741
44,2,16,4.0,rr_k4_s0,rr_k4,no_trivial,0,1,-1495.15158566,0.390460458687,-3829.20101741
44,2,16,4.0,rr_k4_s1,rr_k4,no_trivial,1,1,-1492.99270258,0.389896664028,-3829.20101741
44,2,16,4.0,rr_k4_s2,rr_k4,no_trivial,2,1,-1491.91326104,0.389614766698,-3829.20101741
44,2,16,4.0,rr_k4_s3,rr_k4,no_trivial,3,1,-1497.02278667,0.390949124861,-3829.20101741
44,2,16,4.0,rr_k4_s4,rr_k4,no_trivial,4,1,-1494.07214412,0.390178561357,-3829.20101741
44,2,16,4.0,rr_k6_s0,rr_k6,no_trivial,0,1,-2074.53207362,0.541766301686,-3829.20101741
44,2,16,4.0,rr_k6_s1,rr_k6,no_trivial,1,1,-2075.61151516,0.542048199016,-3829.20101741
44,2,16,4.0,rr_k6_s2,rr_k6,no_trivial,2,1,-2069.71023005,0.540507072009,-3829.20101741
44,2,16,4.0,rr_k6_s3,rr_k6,no_trivial,3,1,-2072.08550846,0.541127378542,-3829.20101741
44,2,16,4.0,rr_k6_s4,rr_k6,no_trivial,4,1,-2073.45263207,0.541484404357,-3829.20101741
44,2,16,4.0,rr_k8_s0,rr_k8,no_trivial,0,1,-2560.30173535,0.668625575861,-3829.20101741
44,2,16,4.0,rr_k8_s1,rr_k8,no_trivial,1,1,-2570.01670923,0.671162651828,-3829.20101741
44,2,16,4.0,rr_k8_s2,rr_k8,no_trivial,2,1,-2555.07442668,0.66726045853,-3829.20101741
44,2,16,4.0,rr_k8_s3,rr_k8,no_trivial,3,1,-2557.8551702,0.667986652716,-3829.20101741
44,2,16,4.0,rr_k8_s4,rr_k8,no_trivial,4,1,-2551.59491627,0.666351780611,-3829.20101741
44,2,16,4.0,rr_k12_s0,rr_k12,no_trivial,0,1,-3233.09021245,0.844325016564,-3829.20101741
44,2,16,4.0,rr_k12_s1,rr_k12,no_trivial,1,1,-3234.63651841,0.844728836043,-3829.20101741
44,2,16,4.0,rr_k12_s2,rr_k12,no_trivial,2,1,-3234.46835202,0.844684919207,-3829.20101741
44,2,16,4.0,rr_k12_s3,rr_k12,no_trivial,3,1,-3241.74491553,0.846585201663,-3829.20101741
44,2,16,4.0,rr_k12_s4,rr_k12,no_trivial,4,1,-3246.87187927,0.847924113805,-3829.20101741
44,2,16,4.0,rr_k16_s0,rr_k16,no_trivial,0,0.978597053844,-3501.08539669,0.914312249677,-3829.20101741
44,2,16,4.0,rr_k16_s1,rr_k16,no_trivial,1,0.984019675225,-3536.42145948,0.923540300809,-3829.20101741
44,2,16,4.0,rr_k16_s2,rr_k16,no_trivial,2,0.982963629335,-3505.15763305,0.915375718618,-3829.20101741
44,2,16,4.0,rr_k16_s3,rr_k16,no_trivial,3,0.977369565668,-3485.71820451,0.910299090767,-3829.20101741
44,2,16,4.0,rr_k16_s4,rr_k16,no_trivial,4,0.981431377078,-3510.47129105,0.916763386171,-3829.20101741
44,2,16,4.0,er_k4_s0,er_k4,no_trivial,0,1,-1438.00759909,0.375537244598,-3829.20101741
44,2,16,4.0,er_k4_s1,er_k4,no_trivial,1,1,-1446.01195567,0.377627591002,-3829.20101741
44,2,16,4.0,er_k4_s2,er_k4,no_trivial,2,1,-1451.54893979,0.379073580413,-3829.20101741
44,2,16,4.0,er_k4_s3,er_k4,no_trivial,3,1,-1437.98328025,0.375530893705,-3829.20101741
44,2,16,4.0,er_k4_s4,er_k4,no_trivial,4,1,-1436.64821304,0.375182239457,-3829.20101741
44,2,16,4.0,er_k6_s0,er_k6,no_trivial,0,1,-2000.9519154,0.522550763542,-3829.20101741
44,2,16,4.0,er_k6_s1,er_k6,no_trivial,1,1,-2001.52305353,0.522699916884,-3829.20101741
44,2,16,4.0,er_k6_s2,er_k6,no_trivial,2,1,-1988.39074828,0.51927040112,-3829.20101741
44,2,16,4.0,er_k6_s3,er_k6,no_trivial,3,1,-2014.11571342,0.525988503676,-3829.20101741
44,2,16,4.0,er_k6_s4,er_k6,no_trivial,4,1,-2010.26041006,0.52498168702,-3829.20101741
44,2,16,4.0,er_k8_s0,er_k8,no_trivial,0,1,-2450.07361489,0.639839382616,-3829.20101741
44,2,16,4.0,er_k8_s1,er_k8,no_trivial,1,1,-2456.55746283,0.641532646541,-3829.20101741
44,2,16,4.0,er_k8_s2,er_k8,no_trivial,2,1,-2484.22803561,0.648758846641,-3829.20101741
44,2,16,4.0,er_k8_s3,er_k8,no_trivial,3,1,-2458.23988602,0.64197201318,-3829.20101741
44,2,16,4.0,er_k8_s4,er_k8,no_trivial,4,1,-2475.74105932,0.646542463576,-3829.20101741
44,2,16,4.0,er_k12_s0,er_k12,no_trivial,0,1,-3108.3979896,0.811761507288,-3829.20101741
44,2,16,4.0,er_k12_s1,er_k12,no_trivial,1,1,-3090.2910924,0.80703287144,-3829.20101741
44,2,16,4.0,er_k12_s2,er_k12,no_trivial,2,1,-3110.28307271,0.812253798788,-3829.20101741
44,2,16,4.0,er_k12_s3,er_k12,no_trivial,3,1,-3098.70799298,0.809230954159,-3829.20101741
44,2,16,4.0,er_k12_s4,er_k12,no_trivial,4,1,-3093.93554221,0.807984623463,-3829.20101741
44,2,16,4.0,er_k16_s0,er_k16,no_trivial,0,0.936885421733,-3364.54367884,0.878654231926,-3829.20101741
44,2,16,4.0,er_k16_s1,er_k16,no_trivial,1,0.926411539274,-3330.39747545,0.869736913866,-3829.20101741
44,2,16,4.0,er_k16_s2,er_k16,no_trivial,2,0.93123091133,-3341.34334515,0.872595439612,-3829.20101741
44,2,16,4.0,er_k16_s3,er_k16,no_trivial,3,0.940517237311,-3386.60535191,0.884415661783,-3829.20101741
44,2,16,4.0,er_k16_s4,er_k16,no_trivial,4,0.935065184378,-3362.74005435,0.878183213432,-3829.20101741
45,4,4,0.25,vacio,vacio,trivial,,0,0,-0,-228.838589086
45,4,4,0.25,clique_binaria_s2,clique_binaria,trivial,,1,-12.6975881821,0.05548709347,-228.838589086
45,4,4,0.25,clique_difusa_s2,clique_difusa,trivial,,0.94389674776,-12.7426060948,0.055683816902,-228.838589086
45,4,4,0.25,clique_binaria_s3,clique_binaria,trivial,,1,-103.31014373,0.451454206837,-228.838589086
45,4,4,0.25,clique_difusa_s3,clique_difusa,trivial,,1,-103.31014373,0.451454206837,-228.838589086
45,4,4,0.25,clique_binaria_s4,clique_binaria,trivial,,1,-178.628675168,0.780588081238,-228.838589086
45,4,4,0.25,clique_difusa_s4,clique_difusa,trivial,,1,-178.628675168,0.780588081238,-228.838589086
45,4,4,0.25,clique_binaria_s6,clique_binaria,trivial,,1,-214.536177268,0.9375,-228.838589086
45,4,4,0.25,clique_difusa_s6,clique_difusa,trivial,,0.926794986317,-219.641851613,0.959811247264,-228.838589086
45,4,4,0.25,clique_binaria_s8,clique_binaria,trivial,,1,-52.0898936107,0.22762722764,-228.838589086
45,4,4,0.25,clique_difusa_s8,clique_difusa,trivial,,0.71376284182,-203.629501163,0.889838999518,-228.838589086
45,4,4,0.25,clique_binaria_s9,clique_binaria,trivial,,1,112.316864332,-0.490812606302,-228.838589086
45,4,4,0.25,clique_difusa_s9,clique_difusa,trivial,,0.642242724901,-194.125558576,0.848307793505,-228.838589086
45,4,4,0.25,clique_binaria_s12,clique_binaria,trivial,,1,960.892245877,-4.19899567514,-228.838589086
45,4,4,0.25,clique_difusa_s12,clique_difusa,trivial,,0.494181128693,-163.080612222,0.712644719904,-228.838589086
45,4,4,0.25,clique_binaria_s18,clique_binaria,trivial,,1,4347.81731567,-18.9994936302,-228.838589086
45,4,4,0.25,clique_difusa_s18,clique_difusa,trivial,,0.329579016618,-101.438691347,0.443276161388,-228.838589086
45,4,4,0.25,clique_binaria_s24,clique_binaria,trivial,,1,10086.0082193,-44.0747701669,-228.838589086
45,4,4,0.25,clique_difusa_s24,clique_difusa,trivial,,0.229421973641,-50.5931853995,0.221086773877,-228.838589086
45,4,4,0.25,clique_binaria_s27,clique_binaria,trivial,,1,13857.6953101,-60.5566367345,-228.838589086
45,4,4,0.25,clique_difusa_s27,clique_difusa,trivial,,0.186449531433,-31.2319766401,0.136480375818,-228.838589086
45,4,4,0.25,clique_binaria_s36,clique_binaria,trivial,,1,28840.2388044,-126.028738945,-228.838589086
45,4,4,0.25,clique_difusa_s36,clique_difusa,trivial,,0.0408024504626,-16.1356654287,0.0705111209311,-228.838589086
45,4,4,0.25,clique_binaria_s54,clique_binaria,trivial,,1,75548.1238832,-330.13716867,-228.838589086
45,4,4,0.25,clique_difusa_s54,clique_difusa,trivial,,0.0220033771551,-14.533328839,0.0635090825245,-228.838589086
45,4,4,0.25,clique_binaria_s72,clique_binaria,trivial,,1,144847.228677,-632.96679662,-228.838589086
45,4,4,0.25,clique_difusa_s72,clique_difusa,trivial,,0.0153686489776,-13.9751986095,0.0610701135038,-228.838589086
45,4,4,0.25,clique_binaria_s108,clique_binaria,trivial,,1,351847.302892,-1537.53483753,-228.838589086
45,4,4,0.25,clique_difusa_s108,clique_difusa,trivial,,0.00964865457841,-13.5054141128,0.0590172058253,-228.838589086
45,4,4,0.25,clique_binaria_s216,clique_binaria,trivial,,1,1524433.77127,-6661.61147627,-228.838589086
45,4,4,0.25,clique_difusa_s216,clique_difusa,trivial,,0.00457839692805,-13.0996384135,0.0572440097006,-228.838589086
45,4,4,0.25,bipartita,bipartita,trivial,,0.00873978470148,-12.7426060948,0.055683816902,-228.838589086
45,4,4,0.25,uniforme,uniforme,trivial,,0.00457839692805,-13.0996384135,0.0572440097006,-228.838589086
45,4,4,0.25,t3,t3,no_trivial,,0.157316124627,-12.7426060948,0.055683816902,-228.838589086
45,4,4,0.25,tree,tree,no_trivial,,0.370324448464,-9.95246970009,0.0434912212134,-228.838589086
45,4,4,0.25,ring_k6,ring,no_trivial,,0.886681895567,-153.112744758,0.669086212118,-228.838589086
45,4,4,0.25,ws_k6_b0.1,ws,no_trivial,,0.776720897782,-68.9010345771,0.301090103956,-228.838589086
45,4,4,0.25,tri_torus_12x18,tri_torus,no_trivial,,0.933934034589,-102.040600429,0.445906439279,-228.838589086
45,4,4,0.25,rgg3_k6_s0,rgg3_k6,no_trivial,0,0.674817434957,-49.7413272305,0.21736424538,-228.838589086
45,4,4,0.25,rgg3_k6_s1,rgg3_k6,no_trivial,1,0.615765690806,-50.11720993,0.219006812314,-228.838589086
45,4,4,0.25,rgg3_k6_s2,rgg3_k6,no_trivial,2,0.700644455243,-59.3133629826,0.259193011194,-228.838589086
45,4,4,0.25,rgg3_k6_s3,rgg3_k6,no_trivial,3,0.642287699612,-52.4018235216,0.228990327772,-228.838589086
45,4,4,0.25,rgg3_k6_s4,rgg3_k6,no_trivial,4,0.712589946941,-53.7060581729,0.234689692798,-228.838589086
45,4,4,0.25,rgg3_k8_s0,rgg3_k8,no_trivial,0,0.539234490831,-44.9763100169,0.196541633107,-228.838589086
45,4,4,0.25,rgg3_k8_s1,rgg3_k8,no_trivial,1,0.546142860005,-44.1632392753,0.192988601493,-228.838589086
45,4,4,0.25,rgg3_k8_s2,rgg3_k8,no_trivial,2,0.567370115751,-50.1168623597,0.219005293469,-228.838589086
45,4,4,0.25,rgg3_k8_s3,rgg3_k8,no_trivial,3,0.572180157612,-44.801933626,0.195779627051,-228.838589086
45,4,4,0.25,rgg3_k8_s4,rgg3_k8,no_trivial,4,0.508146709957,-42.2858282729,0.184784517514,-228.838589086
45,4,4,0.25,rgg3_k12_s0,rgg3_k12,no_trivial,0,0.199390410387,-17.9057437986,0.0782461728599,-228.838589086
45,4,4,0.25,rgg3_k12_s1,rgg3_k12,no_trivial,1,0.128734189648,-16.0871726479,0.070299212699,-228.838589086
45,4,4,0.25,rgg3_k12_s2,rgg3_k12,no_trivial,2,0.131966099681,-16.1472657945,0.0705618132808,-228.838589086
45,4,4,0.25,rgg3_k12_s3,rgg3_k12,no_trivial,3,0.126340699467,-16.0013925964,0.0699243631084,-228.838589086
45,4,4,0.25,rgg3_k12_s4,rgg3_k12,no_trivial,4,0.146624756516,-16.5401800536,0.072278806296,-228.838589086
45,4,4,0.25,rgg3_k16_s0,rgg3_k16,no_trivial,0,0.0785077036547,-14.8890877716,0.0650637107626,-228.838589086
45,4,4,0.25,rgg3_k16_s1,rgg3_k16,no_trivial,1,0.0775023218929,-14.9279234078,0.0652334183123,-228.838589086
45,4,4,0.25,rgg3_k16_s2,rgg3_k16,no_trivial,2,0.0750182389433,-14.5867344148,0.0637424591413,-228.838589086
45,4,4,0.25,rgg3_k16_s3,rgg3_k16,no_trivial,3,0.0754036826258,-14.4570388797,0.0631757036148,-228.838589086
45,4,4,0.25,rgg3_k16_s4,rgg3_k16,no_trivial,4,0.0824651890264,-15.0656040803,0.0658350680296,-228.838589086
45,4,4,0.25,rr_k4_s0,rr_k4,no_trivial,0,0.241147751386,-12.9313496144,0.0565086057649,-228.838589086
45,4,4,0.25,rr_k4_s1,rr_k4,no_trivial,1,0.239375604132,-12.8670928012,0.0562278104082,-228.838589086
45,4,4,0.25,rr_k4_s2,rr_k4,no_trivial,2,0.238507829341,-12.8354780943,0.0560896575425,-228.838589086
45,4,4,0.25,rr_k4_s3,rr_k4,no_trivial,3,0.242936453616,-12.9962692878,0.056792297749,-228.838589086
45,4,4,0.25,rr_k4_s4,rr_k4,no_trivial,4,0.240255472715,-12.899047587,0.0563674493823,-228.838589086
45,4,4,0.25,rr_k6_s0,rr_k6,no_trivial,0,0.160832047712,-12.9325541134,0.0565138692958,-228.838589086
45,4,4,0.25,rr_k6_s1,rr_k6,no_trivial,1,0.161016377254,-12.9423967007,0.0565568803428,-228.838589086
45,4,4,0.25,rr_k6_s2,rr_k6,no_trivial,2,0.159928794494,-12.884036008,0.0563018503979,-228.838589086
45,4,4,0.25,rr_k6_s3,rr_k6,no_trivial,3,0.160462745825,-12.9128676249,0.0564278414603,-228.838589086
45,4,4,0.25,rr_k6_s4,rr_k6,no_trivial,4,0.160648545987,-12.9227448777,0.0564710039918,-228.838589086
45,4,4,0.25,rr_k8_s0,rr_k8,no_trivial,0,0.121406287642,-12.9869553959,0.0567515970441,-228.838589086
45,4,4,0.25,rr_k8_s1,rr_k8,no_trivial,1,0.121955146329,-13.0255133875,0.0569200913164,-228.838589086
45,4,4,0.25,rr_k8_s2,rr_k8,no_trivial,2,0.121105616416,-12.9657569825,0.0566589622593,-228.838589086
45,4,4,0.25,rr_k8_s3,rr_k8,no_trivial,3,0.121285054152,-12.9784314323,0.0567143482408,-228.838589086
45,4,4,0.25,rr_k8_s4,rr_k8,no_trivial,4,0.120983782652,-12.9572195865,0.0566216547577,-228.838589086
45,4,4,0.25,rr_k12_s0,rr_k12,no_trivial,0,0.0812275705627,-13.016707972,0.0568816125985,-228.838589086
45,4,4,0.25,rr_k12_s1,rr_k12,no_trivial,1,0.081275901799,-13.0217980541,0.0569038557097,-228.838589086
45,4,4,0.25,rr_k12_s2,rr_k12,no_trivial,2,0.0811919901159,-13.0129336258,0.0568651191122,-228.838589086
45,4,4,0.25,rr_k12_s3,rr_k12,no_trivial,3,0.0813135673828,-13.0257062835,0.0569209342515,-228.838589086
45,4,4,0.25,rr_k12_s4,rr_k12,no_trivial,4,0.0814475559083,-13.0397849801,0.0569824566398,-228.838589086
45,4,4,0.25,rr_k16_s0,rr_k16,no_trivial,0,0.0610215469029,-13.0305050741,0.0569419044497,-228.838589086
45,4,4,0.25,rr_k16_s1,rr_k16,no_trivial,1,0.0612212263421,-13.0583233805,0.0570634674539,-228.838589086
45,4,4,0.25,rr_k16_s2,rr_k16,no_trivial,2,0.0609486801882,-13.0202823068,0.0568972320569,-228.838589086
45,4,4,0.25,rr_k16_s3,rr_k16,no_trivial,3,0.0609018142724,-13.0137585274,0.0568687238432,-228.838589086
45,4,4,0.25,rr_k16_s4,rr_k16,no_trivial,4,0.061037462321,-13.0327064654,0.0569515242925,-228.838589086
45,4,4,0.25,er_k4_s0,er_k4,no_trivial,0,0.191801031498,-10.2551682244,0.0448139811794,-228.838589086
45,4,4,0.25,er_k4_s1,er_k4,no_trivial,1,0.197064318784,-10.5226649469,0.0459829130608,-228.838589086
45,4,4,0.25,er_k4_s2,er_k4,no_trivial,2,0.201722999372,-10.8017289471,0.0472023927009,-228.838589086
45,4,4,0.25,er_k4_s3,er_k4,no_trivial,3,0.192810744028,-10.3402568314,0.0451858092323,-228.838589086
45,4,4,0.25,er_k4_s4,er_k4,no_trivial,4,0.191813622173,-10.2946753837,0.0449866232125,-228.838589086
45,4,4,0.25,er_k6_s0,er_k6,no_trivial,0,0.139257705609,-11.1741281101,0.0488297369546,-228.838589086
45,4,4,0.25,er_k6_s1,er_k6,no_trivial,1,0.138594761715,-11.1063382892,0.0485335027349,-228.838589086
45,4,4,0.25,er_k6_s2,er_k6,no_trivial,2,0.1360382836,-10.9116469892,0.0476827227121,-228.838589086
45,4,4,0.25,er_k6_s3,er_k6,no_trivial,3,0.141676864413,-11.3481174189,0.0495900515043,-228.838589086
45,4,4,0.25,er_k6_s4,er_k6,no_trivial,4,0.141685356942,-11.3780495209,0.0497208515675,-228.838589086
45,4,4,0.25,er_k8_s0,er_k8,no_trivial,0,0.107490426035,-11.4915941515,0.0502170293807,-228.838589086
45,4,4,0.25,er_k8_s1,er_k8,no_trivial,1,0.106896672599,-11.3994162723,0.0498142219714,-228.838589086
45,4,4,0.25,er_k8_s2,er_k8,no_trivial,2,0.110790198059,-11.8321412964,0.0517051837439,-228.838589086
45,4,4,0.25,er_k8_s3,er_k8,no_trivial,3,0.107816659657,-11.4985011282,0.050247212125,-228.838589086
45,4,4,0.25,er_k8_s4,er_k8,no_trivial,4,0.109938039662,-11.7297983266,0.051257955983,-228.838589086
45,4,4,0.25,er_k12_s0,er_k12,no_trivial,0,0.0762050066823,-12.2115408983,0.053363119162,-228.838589086
45,4,4,0.25,er_k12_s1,er_k12,no_trivial,1,0.0751915528839,-12.0341981637,0.0525881505027,-228.838589086
45,4,4,0.25,er_k12_s2,er_k12,no_trivial,2,0.0759682560291,-12.1483825189,0.053087123843,-228.838589086
45,4,4,0.25,er_k12_s3,er_k12,no_trivial,3,0.0752798055191,-12.0424068045,0.0526240213795,-228.838589086
45,4,4,0.25,er_k12_s4,er_k12,no_trivial,4,0.0752741848085,-12.0420965641,0.0526226656625,-228.838589086
45,4,4,0.25,er_k16_s0,er_k16,no_trivial,0,0.0583694393878,-12.4524237517,0.0544157513006,-228.838589086
45,4,4,0.25,er_k16_s1,er_k16,no_trivial,1,0.0575898674119,-12.2813548558,0.0536681986411,-228.838589086
45,4,4,0.25,er_k16_s2,er_k16,no_trivial,2,0.05779521194,-12.3294502778,0.0538783704576,-228.838589086
45,4,4,0.25,er_k16_s3,er_k16,no_trivial,3,0.0584795969604,-12.4672784862,0.0544806648916,-228.838589086
45,4,4,0.25,er_k16_s4,er_k16,no_trivial,4,0.058278964939,-12.4294042716,0.0543151586507,-228.838589086
46,4,4,1.0,vacio,vacio,trivial,,0,0,-0,-390.838589086
46,4,4,1.0,clique_binaria_s2,clique_binaria,trivial,,1,-83.5725881821,0.213828906653,-390.838589086
46,4,4,1.0,clique_difusa_s2,clique_difusa,trivial,,1,-83.5725881821,0.213828906653,-390.838589086
46,4,4,1.0,clique_binaria_s3,clique_binaria,trivial,,1,-224.81014373,0.575199455753,-390.838589086
46,4,4,1.0,clique_difusa_s3,clique_difusa,trivial,,1,-224.81014373,0.575199455753,-390.838589086
46,4,4,1.0,clique_binaria_s4,clique_binaria,trivial,,1,-330.503675168,0.845627029667,-390.838589086
46,4,4,1.0,clique_difusa_s4,clique_difusa,trivial,,1,-330.503675168,0.845627029667,-390.838589086
46,4,4,1.0,clique_binaria_s6,clique_binaria,trivial,,1,-366.411177268,0.9375,-390.838589086
46,4,4,1.0,clique_difusa_s6,clique_difusa,trivial,,0.898343508078,-378.477678064,0.968373360852,-390.838589086
46,4,4,1.0,clique_binaria_s8,clique_binaria,trivial,,1,-122.964893611,0.314618098224,-390.838589086
46,4,4,1.0,clique_difusa_s8,clique_difusa,trivial,,0.675874420043,-358.213498146,0.916525410104,-390.838589086
46,4,4,1.0,clique_binaria_s9,clique_binaria,trivial,,1,112.316864332,-0.287374039995,-390.838589086
46,4,4,1.0,clique_difusa_s9,clique_difusa,trivial,,0.601411420263,-346.709251512,0.887090633304,-390.838589086
46,4,4,1.0,clique_binaria_s12,clique_binaria,trivial,,1,1295.01724588,-3.31343240417,-390.838589086
46,4,4,1.0,clique_difusa_s12,clique_difusa,trivial,,0.448444618928,-311.316787577,0.796535440131,-390.838589086
46,4,4,1.0,clique_binaria_s18,clique_binaria,trivial,,1,5896.94231567,-15.0879224323,-390.838589086
46,4,4,1.0,clique_difusa_s18,clique_difusa,trivial,,0.283527526797,-249.592970928,0.638608821898,-390.838589086
46,4,4,1.0,clique_binaria_s24,clique_binaria,trivial,,1,13579.1332193,-34.7435836647,-390.838589086
46,4,4,1.0,clique_difusa_s24,clique_difusa,trivial,,0.192933818108,-206.455062249,0.52823612615,-390.838589086
46,4,4,1.0,clique_binaria_s27,clique_binaria,trivial,,1,18596.1953101,-47.5802436848,-390.838589086
46,4,4,1.0,clique_difusa_s27,clique_difusa,trivial,,0.161623533822,-191.319669396,0.48951069505,-390.838589086
46,4,4,1.0,clique_binaria_s36,clique_binaria,trivial,,1,38408.3638044,-98.2716775595,-390.838589086
46,4,4,1.0,clique_difusa_s36,clique_difusa,trivial,,0.101768493682,-163.732382501,0.418925835558,-390.838589086
46,4,4,1.0,clique_binaria_s54,clique_binaria,trivial,,1,99696.2488832,-255.082920846,-390.838589086
46,4,4,1.0,clique_difusa_s54,clique_difusa,trivial,,0.0553538060857,-143.347491503,0.36676903332,-390.838589086
46,4,4,1.0,clique_binaria_s72,clique_binaria,trivial,,1,190136.353677,-486.483062283,-390.838589086
46,4,4,1.0,clique_difusa_s72,clique_difusa,trivial,,0.0379437580073,-135.739337692,0.347302803466,-390.838589086
46,4,4,1.0,clique_binaria_s108,clique_binaria,trivial,,1,459101.427892,-1174.65736678,-390.838589086
46,4,4,1.0,clique_difusa_s108,clique_difusa,trivial,,0.0233654187746,-129.392265901,0.331063179312,-390.838589086
46,4,4,1.0,clique_binaria_s216,clique_binaria,trivial,,1,1975046.89627,-5053.35693921,-390.838589086
46,4,4,1.0,clique_difusa_s216,clique_difusa,trivial,,0.0108923553587,-124.010537955,0.317293484876,-390.838589086
46,4,4,1.0,bipartita,bipartita,trivial,,0.0204688079002,-119.374087674,0.305430658609,-390.838589086
46,4,4,1.0,uniforme,uniforme,trivial,,0.0108923553587,-124.010537955,0.317293484876,-390.838589086
46,4,4,1.0,t3,t3,no_trivial,,0.368438542204,-119.374087674,0.305430658609,-390.838589086
46,4,4,1.0,tree,tree,no_trivial,,0.867309719879,-93.235793504,0.238553193333,-390.838589086
46,4,4,1.0,ring_k6,ring,no_trivial,,0.808280025165,-303.592861825,0.776772996073,-390.838589086
46,4,4,1.0,ws_k6_b0.1,ws,no_trivial,,0.71482434014,-225.161860747,0.576099359261,-390.838589086
46,4,4,1.0,tri_torus_12x18,tri_torus,no_trivial,,0.803812970169,-250.14405433,0.640018824434,-390.838589086
46,4,4,1.0,rgg3_k6_s0,rgg3_k6,no_trivial,0,0.631378143315,-189.767228276,0.485538617669,-390.838589086
46,4,4,1.0,rgg3_k6_s1,rgg3_k6,no_trivial,1,0.574809963428,-184.440131279,0.471908702032,-390.838589086
46,4,4,1.0,rgg3_k6_s2,rgg3_k6,no_trivial,2,0.651147442782,-198.405113979,0.507639520557,-390.838589086
46,4,4,1.0,rgg3_k6_s3,rgg3_k6,no_trivial,3,0.59507007933,-189.260826765,0.484242938263,-390.838589086
46,4,4,1.0,rgg3_k6_s4,rgg3_k6,no_trivial,4,0.660231547872,-192.64258135,0.492895498882,-390.838589086
46,4,4,1.0,rgg3_k8_s0,rgg3_k8,no_trivial,0,0.500512598379,-191.289157734,0.489432627883,-390.838589086
46,4,4,1.0,rgg3_k8_s1,rgg3_k8,no_trivial,1,0.499643608302,-188.501995762,0.482301392508,-390.838589086
46,4,4,1.0,rgg3_k8_s2,rgg3_k8,no_trivial,2,0.5118505266,-197.004245981,0.504055258315,-390.838589086
46,4,4,1.0,rgg3_k8_s3,rgg3_k8,no_trivial,3,0.530324110339,-191.466851316,0.489887274857,-390.838589086
46,4,4,1.0,rgg3_k8_s4,rgg3_k8,no_trivial,4,0.461843437399,-185.790595318,0.475364000655,-390.838589086
46,4,4,1.0,rgg3_k12_s0,rgg3_k12,no_trivial,0,0.312289502525,-170.118519924,0.435265413074,-390.838589086
46,4,4,1.0,rgg3_k12_s1,rgg3_k12,no_trivial,1,0.280218080781,-158.905299356,0.406575255856,-390.838589086
46,4,4,1.0,rgg3_k12_s2,rgg3_k12,no_trivial,2,0.275889095137,-158.387424741,0.405250221356,-390.838589086
46,4,4,1.0,rgg3_k12_s3,rgg3_k12,no_trivial,3,0.27023046845,-157.582354142,0.403190366925,-390.838589086
46,4,4,1.0,rgg3_k12_s4,rgg3_k12,no_trivial,4,0.299112833455,-162.263154685,0.415166667817,-390.838589086
46,4,4,1.0,rgg3_k16_s0,rgg3_k16,no_trivial,0,0.195191610532,-149.077263675,0.381429234057,-390.838589086
46,4,4,1.0,rgg3_k16_s1,rgg3_k16,no_trivial,1,0.191850743435,-149.44261391,0.382364019529,-390.838589086
46,4,4,1.0,rgg3_k16_s2,rgg3_k16,no_trivial,2,0.184333512572,-145.773570537,0.372976401533,-390.838589086
46,4,4,1.0,rgg3_k16_s3,rgg3_k16,no_trivial,3,0.185733545791,-144.420181152,0.369513618115,-390.838589086
46,4,4,1.0,rgg3_k16_s4,rgg3_k16,no_trivial,4,0.204501929367,-151.072888662,0.38653524212,-390.838589086
46,4,4,1.0,rr_k4_s0,rr_k4,no_trivial,0,0.565798334573,-121.483030358,0.310826601443,-390.838589086
46,4,4,1.0,rr_k4_s1,rr_k4,no_trivial,1,0.561316503171,-120.765226283,0.308990027226,-390.838589086
46,4,4,1.0,rr_k4_s2,rr_k4,no_trivial,2,0.559114332116,-120.411979176,0.30808620883,-390.838589086
46,4,4,1.0,rr_k4_s3,rr_k4,no_trivial,3,0.570044405342,-122.180955353,0.312612313023,-390.838589086
46,4,4,1.0,rr_k4_s4,rr_k4,no_trivial,4,0.563544352,-121.122221351,0.309903435159,-390.838589086
46,4,4,1.0,rr_k6_s0,rr_k6,no_trivial,0,0.378543973583,-121.662934545,0.311286904471,-390.838589086
46,4,4,1.0,rr_k6_s1,rr_k6,no_trivial,1,0.3790791401,-121.78270611,0.311593352116,-390.838589086
46,4,4,1.0,rr_k6_s2,rr_k6,no_trivial,2,0.375989583314,-121.082800496,0.309802572921,-390.838589086
46,4,4,1.0,rr_k6_s3,rr_k6,no_trivial,3,0.377439420341,-121.41890616,0.310662533206,-390.838589086
46,4,4,1.0,rr_k6_s4,rr_k6,no_trivial,4,0.378011441857,-121.543641215,0.310981680441,-390.838589086
46,4,4,1.0,rr_k8_s0,rr_k8,no_trivial,0,0.28668558912,-122.415837017,0.31321328148,-390.838589086
46,4,4,1.0,rr_k8_s1,rr_k8,no_trivial,1,0.288382538591,-122.904147959,0.314462674339,-390.838589086
46,4,4,1.0,rr_k8_s2,rr_k8,no_trivial,2,0.285760420062,-122.148347809,0.31252888333,-390.838589086
46,4,4,1.0,rr_k8_s3,rr_k8,no_trivial,3,0.286304248991,-122.306802299,0.312934305143,-390.838589086
46,4,4,1.0,rr_k8_s4,rr_k8,no_trivial,4,0.285354749625,-122.035250859,0.312239513362,-390.838589086
46,4,4,1.0,rr_k12_s0,rr_k12,no_trivial,0,0.192287809687,-122.861830443,0.314354400701,-390.838589086
46,4,4,1.0,rr_k12_s1,rr_k12,no_trivial,1,0.192436094638,-122.92597303,0.314518515987,-390.838589086
46,4,4,1.0,rr_k12_s2,rr_k12,no_trivial,2,0.19218684553,-122.816392787,0.314238143871,-390.838589086
46,4,4,1.0,rr_k12_s3,rr_k12,no_trivial,3,0.192570289846,-122.98002805,0.314656821214,-390.838589086
46,4,4,1.0,rr_k12_s4,rr_k12,no_trivial,4,0.192985260869,-123.158519797,0.315113510376,-390.838589086
46,4,4,1.0,rr_k16_s0,rr_k16,no_trivial,0,0.144616620101,-123.066725352,0.314878645019,-390.838589086
46,4,4,1.0,rr_k16_s1,rr_k16,no_trivial,1,0.145265874942,-123.429928424,0.315807936757,-390.838589086
46,4,4,1.0,rr_k16_s2,rr_k16,no_trivial,2,0.144392687043,-122.937738451,0.314548619006,-390.838589086
46,4,4,1.0,rr_k16_s3,rr_k16,no_trivial,3,0.144233815036,-122.850439462,0.314325255725,-390.838589086
46,4,4,1.0,rr_k16_s4,rr_k16,no_trivial,4,0.14467330355,-123.097128541,0.314956434647,-390.838589086
46,4,4,1.0,er_k4_s0,er_k4,no_trivial,0,0.451423654237,-96.5496890092,0.247032129645,-390.838589086
46,4,4,1.0,er_k4_s1,er_k4,no_trivial,1,0.463981556021,-99.1219261943,0.253613458247,-390.838589086
46,4,4,1.0,er_k4_s2,er_k4,no_trivial,2,0.474380079246,-101.616355421,0.259995707329,-390.838589086
46,4,4,1.0,er_k4_s3,er_k4,no_trivial,3,0.453029811954,-97.1958215108,0.248685324902,-390.838589086
46,4,4,1.0,er_k4_s4,er_k4,no_trivial,4,0.45071756123,-96.7485664309,0.247540977612,-390.838589086
46,4,4,1.0,er_k6_s0,er_k6,no_trivial,0,0.328517929744,-105.283250801,0.26937782947,-390.838589086
46,4,4,1.0,er_k6_s1,er_k6,no_trivial,1,0.327359330326,-104.737474132,0.267981404745,-390.838589086
46,4,4,1.0,er_k6_s2,er_k6,no_trivial,2,0.321064229,-102.839778603,0.263125959092,-390.838589086
46,4,4,1.0,er_k6_s3,er_k6,no_trivial,3,0.334688757751,-107.038862052,0.273869738151,-390.838589086
46,4,4,1.0,er_k6_s4,er_k6,no_trivial,4,0.334077094198,-107.157277458,0.274172715926,-390.838589086
46,4,4,1.0,er_k8_s0,er_k8,no_trivial,0,0.254025703361,-108.372990288,0.277283239973,-390.838589086
46,4,4,1.0,er_k8_s1,er_k8,no_trivial,1,0.253224461744,-107.6860136,0.275525540741,-390.838589086
46,4,4,1.0,er_k8_s2,er_k8,no_trivial,2,0.262059453829,-111.658932664,0.28569065538,-390.838589086
46,4,4,1.0,er_k8_s3,er_k8,no_trivial,3,0.255268984349,-108.597187273,0.2778568706,-390.838589086
46,4,4,1.0,er_k8_s4,er_k8,no_trivial,4,0.260168701147,-110.746477801,0.283356047466,-390.838589086
46,4,4,1.0,er_k12_s0,er_k12,no_trivial,0,0.180418925084,-115.267888934,0.294924534458,-390.838589086
46,4,4,1.0,er_k12_s1,er_k12,no_trivial,1,0.178231888803,-113.689502936,0.290886074484,-390.838589086
46,4,4,1.0,er_k12_s2,er_k12,no_trivial,2,0.180200926805,-114.829274559,0.293802295283,-390.838589086
46,4,4,1.0,er_k12_s3,er_k12,no_trivial,3,0.178536504048,-113.807674707,0.291188428895,-390.838589086
46,4,4,1.0,er_k12_s4,er_k12,no_trivial,4,0.178504930483,-113.798642036,0.291165317894,-390.838589086
46,4,4,1.0,er_k16_s0,er_k16,no_trivial,0,0.138466852398,-117.685440139,0.301110083358,-390.838589086
46,4,4,1.0,er_k16_s1,er_k16,no_trivial,1,0.136675677219,-116.101453835,0.297057294435,-390.838589086
46,4,4,1.0,er_k16_s2,er_k16,no_trivial,2,0.137116163686,-116.528277668,0.298149366315,-390.838589086
46,4,4,1.0,er_k16_s3,er_k16,no_trivial,3,0.138833626168,-117.885271393,0.301621371802,-390.838589086
46,4,4,1.0,er_k16_s4,er_k16,no_trivial,4,0.138294906574,-117.492629441,0.300616757716,-390.838589086
47,4,4,4.0,vacio,vacio,trivial,,0,0,-0,-1038.83858909
47,4,4,4.0,clique_binaria_s2,clique_binaria,trivial,,1,-367.072588182,0.353349011135,-1038.83858909
47,4,4,4.0,clique_difusa_s2,clique_difusa,trivial,,1,-367.072588182,0.353349011135,-1038.83858909
47,4,4,4.0,clique_binaria_s3,clique_binaria,trivial,,1,-710.81014373,0.68423540596,-1038.83858909
47,4,4,4.0,clique_difusa_s3,clique_difusa,trivial,,1,-710.81014373,0.68423540596,-1038.83858909
47,4,4,4.0,clique_binaria_s4,clique_binaria,trivial,,1,-938.003675168,0.902934955461,-1038.83858909
47,4,4,4.0,clique_difusa_s4,clique_difusa,trivial,,1,-938.003675168,0.902934955461,-1038.83858909
47,4,4,4.0,clique_binaria_s6,clique_binaria,trivial,,1,-973.911177268,0.9375,-1038.83858909
47,4,4,4.0,clique_difusa_s6,clique_difusa,trivial,,0.850032587242,-1021.45642953,0.983267699388,-1038.83858909
47,4,4,4.0,clique_binaria_s8,clique_binaria,trivial,,1,-406.464893611,0.391268574234,-1038.83858909
47,4,4,4.0,clique_difusa_s8,clique_difusa,trivial,,0.618800689769,-996.250606329,0.959004234918,-1038.83858909
47,4,4,4.0,clique_binaria_s9,clique_binaria,trivial,,1,112.316864332,-0.108117724459,-1038.83858909
47,4,4,4.0,clique_difusa_s9,clique_difusa,trivial,,0.543548777973,-983.057375148,0.946304253111,-1038.83858909
47,4,4,4.0,clique_binaria_s12,clique_binaria,trivial,,1,2631.51724588,-2.53313389926,-1038.83858909
47,4,4,4.0,clique_difusa_s12,clique_difusa,trivial,,0.394882044232,-945.994919204,0.910627434466,-1038.83858909
47,4,4,4.0,clique_binaria_s18,clique_binaria,trivial,,1,12093.4423157,-11.6413102504,-1038.83858909
47,4,4,4.0,clique_difusa_s18,clique_difusa,trivial,,0.249019876461,-889.618363283,0.856358603377,-1038.83858909
47,4,4,4.0,clique_binaria_s24,clique_binaria,trivial,,1,27551.6332193,-26.5215727532,-1038.83858909
47,4,4,4.0,clique_difusa_s24,clique_difusa,trivial,,0.178434128348,-852.585178862,0.820709961893,-1038.83858909
47,4,4,4.0,clique_binaria_s27,clique_binaria,trivial,,1,37550.1953101,-36.1463231195,-1038.83858909
47,4,4,4.0,clique_difusa_s27,clique_difusa,trivial,,0.155599172839,-838.944173946,0.807578947067,-1038.83858909
47,4,4,4.0,clique_binaria_s36,clique_binaria,trivial,,1,76680.8638044,-73.8140309862,-1038.83858909
47,4,4,4.0,clique_difusa_s36,clique_difusa,trivial,,0.111528009808,-810.027787805,0.779743644793,-1038.83858909
47,4,4,4.0,clique_binaria_s54,clique_binaria,trivial,,1,196288.748883,-188.950190093,-1038.83858909
47,4,4,4.0,clique_difusa_s54,clique_difusa,trivial,,0.0703669369427,-779.599220193,0.750452696293,-1038.83858909
47,4,4,4.0,clique_binaria_s72,clique_binaria,trivial,,1,371292.853677,-357.41149547,-1038.83858909
47,4,4,4.0,clique_difusa_s72,clique_difusa,trivial,,0.0511680767525,-764.147508535,0.7355786708,-1038.83858909
47,4,4,4.0,clique_binaria_s108,clique_binaria,trivial,,1,888117.927892,-854.914264085,-1038.83858909
47,4,4,4.0,clique_difusa_s108,clique_difusa,trivial,,0.0330123798892,-748.735374479,0.720742743238,-1038.83858909
47,4,4,4.0,clique_binaria_s216,clique_binaria,trivial,,1,3777499.39627,-3636.27173264,-1038.83858909
47,4,4,4.0,clique_difusa_s216,clique_difusa,trivial,,0.0159517129806,-733.506303024,0.706083034198,-1038.83858909
47,4,4,4.0,bipartita,bipartita,trivial,,0.0308036304544,-718.587091241,0.691721600247,-1038.83858909
47,4,4,4.0,uniforme,uniforme,trivial,,0.0159517129806,-733.506303024,0.706083034198,-1038.83858909
47,4,4,4.0,t3,t3,no_trivial,,0.55446534818,-718.587091241,0.691721600247,-1038.83858909
47,4,4,4.0,tree,tree,no_trivial,,1,-530.553502998,0.510717938833,-1038.83858909
47,4,4,4.0,ring_k6,ring,no_trivial,,0.718783620205,-940.580542936,0.905415483038,-1038.83858909
47,4,4,4.0,ws_k6_b0.1,ws,no_trivial,,0.672988743234,-859.71078273,0.827569164028,-1038.83858909
47,4,4,4.0,tri_torus_12x18,tri_torus,no_trivial,,0.705785683237,-890.093401194,0.85681588126,-1038.83858909
47,4,4,4.0,rgg3_k6_s0,rgg3_k6,no_trivial,0,0.6062500554,-753.851300185,0.725667402141,-1038.83858909
47,4,4,4.0,rgg3_k6_s1,rgg3_k6,no_trivial,1,0.550193155192,-726.114391223,0.698967480465,-1038.83858909
47,4,4,4.0,rgg3_k6_s2,rgg3_k6,no_trivial,2,0.618044283862,-761.027954806,0.732575746417,-1038.83858909
47,4,4,4.0,rgg3_k6_s3,rgg3_k6,no_trivial,3,0.566584789968,-742.356939525,0.714602775951,-1038.83858909
47,4,4,4.0,rgg3_k6_s4,rgg3_k6,no_trivial,4,0.628322670836,-754.226501902,0.72602857636,-1038.83858909
47,4,4,4.0,rgg3_k8_s0,rgg3_k8,no_trivial,0,0.481631112263,-780.606313044,0.751422137419,-1038.83858909
47,4,4,4.0,rgg3_k8_s1,rgg3_k8,no_trivial,1,0.477945496254,-771.418516048,0.742577840439,-1038.83858909
47,4,4,4.0,rgg3_k8_s2,rgg3_k8,no_trivial,2,0.484038279293,-793.380340735,0.763718588307,-1038.83858909
47,4,4,4.0,rgg3_k8_s3,rgg3_k8,no_trivial,3,0.51004699332,-782.336130316,0.753087282794,-1038.83858909
47,4,4,4.0,rgg3_k8_s4,rgg3_k8,no_trivial,4,0.441373482605,-765.783423872,0.737153424909,-1038.83858909
47,4,4,4.0,rgg3_k12_s0,rgg3_k12,no_trivial,0,0.320415002735,-784.181365494,0.754863530997,-1038.83858909
47,4,4,4.0,rgg3_k12_s1,rgg3_k12,no_trivial,1,0.298669596623,-758.438077876,0.730082696046,-1038.83858909
47,4,4,4.0,rgg3_k12_s2,rgg3_k12,no_trivial,2,0.291576234643,-749.614207194,0.721588719431,-1038.83858909
47,4,4,4.0,rgg3_k12_s3,rgg3_k12,no_trivial,3,0.286921613574,-749.214294301,0.721203757901,-1038.83858909
47,4,4,4.0,rgg3_k12_s4,rgg3_k12,no_trivial,4,0.312412831464,-761.913625526,0.733428304966,-1038.83858909
47,4,4,4.0,rgg3_k16_s0,rgg3_k16,no_trivial,0,0.225770505689,-761.697114481,0.733219888521,-1038.83858909
47,4,4,4.0,rgg3_k16_s1,rgg3_k16,no_trivial,1,0.220893102932,-760.725038906,0.732284155497,-1038.83858909
47,4,4,4.0,rgg3_k16_s2,rgg3_k16,no_trivial,2,0.211979406603,-740.397162391,0.712716268119,-1038.83858909
47,4,4,4.0,rgg3_k16_s3,rgg3_k16,no_trivial,3,0.214630851392,-736.076558534,0.708557196727,-1038.83858909
47,4,4,4.0,rgg3_k16_s4,rgg3_k16,no_trivial,4,0.234211091657,-766.787166795,0.738119641349,-1038.83858909
47,4,4,4.0,rr_k4_s0,rr_k4,no_trivial,0,0.83982222004,-724.454614012,0.697369756594,-1038.83858909
47,4,4,4.0,rr_k4_s1,rr_k4,no_trivial,1,0.837096285778,-722.48358642,0.695472418921,-1038.83858909
47,4,4,4.0,rr_k4_s2,rr_k4,no_trivial,2,0.835740029706,-721.503795804,0.694529259294,-1038.83858909
47,4,4,4.0,rr_k4_s3,rr_k4,no_trivial,3,0.842236507936,-726.281735139,0.699128567969,-1038.83858909
47,4,4,4.0,rr_k4_s4,rr_k4,no_trivial,4,0.838457026139,-723.4671862,0.6964192453,-1038.83858909
47,4,4,4.0,rr_k6_s0,rr_k6,no_trivial,0,0.561605304357,-725.513408892,0.698388966789,-1038.83858909
47,4,4,4.0,rr_k6_s1,rr_k6,no_trivial,1,0.561974699867,-725.869320737,0.698731572319,-1038.83858909
47,4,4,4.0,rr_k6_s2,rr_k6,no_trivial,2,0.559874187132,-723.808824793,0.696748111205,-1038.83858909
47,4,4,4.0,rr_k6_s3,rr_k6,no_trivial,3,0.560815626913,-724.770391277,0.697673728038,-1038.83858909
47,4,4,4.0,rr_k6_s4,rr_k6,no_trivial,4,0.561236629855,-725.158121961,0.69804696281,-1038.83858909
47,4,4,4.0,rr_k8_s0,rr_k8,no_trivial,0,0.423542872253,-728.07575371,0.700855514379,-1038.83858909
47,4,4,4.0,rr_k8_s1,rr_k8,no_trivial,1,0.424759557421,-729.558246613,0.702282581989,-1038.83858909
47,4,4,4.0,rr_k8_s2,rr_k8,no_trivial,2,0.422876121768,-727.259709221,0.700069978976,-1038.83858909
47,4,4,4.0,rr_k8_s3,rr_k8,no_trivial,3,0.42326124825,-727.738036738,0.700530423479,-1038.83858909
47,4,4,4.0,rr_k8_s4,rr_k8,no_trivial,4,0.422553699506,-726.891627636,0.699715658691,-1038.83858909
47,4,4,4.0,rr_k12_s0,rr_k12,no_trivial,0,0.283448403469,-729.707746741,0.702426492823,-1038.83858909
47,4,4,4.0,rr_k12_s1,rr_k12,no_trivial,1,0.283551951554,-729.899341677,0.702610924686,-1038.83858909
47,4,4,4.0,rr_k12_s2,rr_k12,no_trivial,2,0.283385670323,-729.58044811,0.702303953449,-1038.83858909
47,4,4,4.0,rr_k12_s3,rr_k12,no_trivial,3,0.28366328914,-730.07994703,0.702784777828,-1038.83858909
47,4,4,4.0,rr_k12_s4,rr_k12,no_trivial,4,0.283954582804,-730.61451459,0.703299359752,-1038.83858909
47,4,4,4.0,rr_k16_s0,rr_k16,no_trivial,0,0.212956834445,-730.448220233,0.703139282567,-1038.83858909
47,4,4,4.0,rr_k16_s1,rr_k16,no_trivial,1,0.213437519264,-731.57137312,0.704220444645,-1038.83858909
47,4,4,4.0,rr_k16_s2,rr_k16,no_trivial,2,0.212802141765,-730.06489923,0.702770292613,-1038.83858909
47,4,4,4.0,rr_k16_s3,rr_k16,no_trivial,3,0.21267629054,-729.783013123,0.702498945255,-1038.83858909
47,4,4,4.0,rr_k16_s4,rr_k16,no_trivial,4,0.213003876824,-730.549554677,0.703236828466,-1038.83858909
47,4,4,4.0,er_k4_s0,er_k4,no_trivial,0,0.666247251432,-573.701875611,0.552253142729,-1038.83858909
47,4,4,4.0,er_k4_s1,er_k4,no_trivial,1,0.683001597861,-587.954937249,0.56597333159,-1038.83858909
47,4,4,4.0,er_k4_s2,er_k4,no_trivial,2,0.702156350009,-604.967079772,0.582349448825,-1038.83858909
47,4,4,4.0,er_k4_s3,er_k4,no_trivial,3,0.672586292032,-579.798777781,0.558122102772,-1038.83858909
47,4,4,4.0,er_k4_s4,er_k4,no_trivial,4,0.670162781667,-577.741389583,0.556141633217,-1038.83858909
47,4,4,4.0,er_k6_s0,er_k6,no_trivial,0,0.485423970434,-626.21675454,0.602804671601,-1038.83858909
47,4,4,4.0,er_k6_s1,er_k6,no_trivial,1,0.482473830467,-621.948583622,0.598696072861,-1038.83858909
47,4,4,4.0,er_k6_s2,er_k6,no_trivial,2,0.474065621603,-611.400428279,0.588542276637,-1038.83858909
47,4,4,4.0,er_k6_s3,er_k6,no_trivial,3,0.492817355258,-635.223991926,0.611475159471,-1038.83858909
47,4,4,4.0,er_k6_s4,er_k6,no_trivial,4,0.494419762147,-638.024967326,0.614171416069,-1038.83858909
47,4,4,4.0,er_k8_s0,er_k8,no_trivial,0,0.37488318637,-644.107103329,0.620026162001,-1038.83858909
47,4,4,4.0,er_k8_s1,er_k8,no_trivial,1,0.37186202427,-638.008991985,0.614156037991,-1038.83858909
47,4,4,4.0,er_k8_s2,er_k8,no_trivial,2,0.38595461027,-662.771187942,0.637992460912,-1038.83858909
47,4,4,4.0,er_k8_s3,er_k8,no_trivial,3,0.374906201991,-643.43515145,0.619379332083,-1038.83858909
47,4,4,4.0,er_k8_s4,er_k8,no_trivial,4,0.382428781375,-656.520814142,0.631975767015,-1038.83858909
47,4,4,4.0,er_k12_s0,er_k12,no_trivial,0,0.265946392468,-684.595476317,0.659000814476,-1038.83858909
47,4,4,4.0,er_k12_s1,er_k12,no_trivial,1,0.262081219262,-674.169125698,0.648964269118,-1038.83858909
47,4,4,4.0,er_k12_s2,er_k12,no_trivial,2,0.264533130907,-680.203124711,0.654772677736,-1038.83858909
47,4,4,4.0,er_k12_s3,er_k12,no_trivial,3,0.262275623516,-674.45846128,0.649242787441,-1038.83858909
47,4,4,4.0,er_k12_s4,er_k12,no_trivial,4,0.262251526944,-674.440386364,0.649225388284,-1038.83858909
47,4,4,4.0,er_k16_s0,er_k16,no_trivial,0,0.203522991746,-697.686295383,0.671602213003,-1038.83858909
47,4,4,4.0,er_k16_s1,er_k16,no_trivial,1,0.200737903376,-687.965456121,0.662244802368,-1038.83858909
47,4,4,4.0,er_k16_s2,er_k16,no_trivial,2,0.201524884184,-690.798668871,0.664972091072,-1038.83858909
47,4,4,4.0,er_k16_s3,er_k16,no_trivial,3,0.203784411507,-698.269874077,0.672163973704,-1038.83858909
47,4,4,4.0,er_k16_s4,er_k16,no_trivial,4,0.20315007406,-696.282594907,0.670250992043,-1038.83858909
48,4,6,0.25,vacio,vacio,trivial,,0,0,-0,-343.257883629
48,4,6,0.25,clique_binaria_s2,clique_binaria,trivial,,1,-17.4650587881,0.0508802845355,-343.257883629
48,4,6,0.25,clique_difusa_s2,clique_difusa,trivial,,1,-17.4650587881,0.0508802845355,-343.257883629
48,4,6,0.25,clique_binaria_s3,clique_binaria,trivial,,1,-122.380026153,0.35652502678,-343.257883629
48,4,6,0.25,clique_difusa_s3,clique_difusa,trivial,,1,-122.380026153,0.35652502678,-343.257883629
48,4,6,0.25,clique_binaria_s4,clique_binaria,trivial,,1,-221.535910621,0.645392054159,-343.257883629
48,4,6,0.25,clique_difusa_s4,clique_difusa,trivial,,1,-221.535910621,0.645392054159,-343.257883629
48,4,6,0.25,clique_binaria_s6,clique_binaria,trivial,,1,-333.722942417,0.972222222222,-343.257883629
48,4,6,0.25,clique_difusa_s6,clique_difusa,trivial,,1,-333.722942417,0.972222222222,-343.257883629
48,4,6,0.25,clique_binaria_s8,clique_binaria,trivial,,1,-285.695953302,0.832307040649,-343.257883629
48,4,6,0.25,clique_difusa_s8,clique_difusa,trivial,,0.827831817514,-342.702236774,0.998381255374,-343.257883629
48,4,6,0.25,clique_binaria_s9,clique_binaria,trivial,,1,-192.801254449,0.561680484687,-343.257883629
48,4,6,0.25,clique_difusa_s9,clique_difusa,trivial,,0.754179821655,-343.242755978,0.999955929196,-343.257883629
48,4,6,0.25,clique_binaria_s12,clique_binaria,trivial,,1,384.028302556,-1.11877489454,-343.257883629
48,4,6,0.25,clique_difusa_s12,clique_difusa,trivial,,0.602928629564,-337.442585606,0.983058515769,-343.257883629
48,4,6,0.25,clique_binaria_s18,clique_binaria,trivial,,1,2970.01831055,-8.6524401979,-343.257883629
48,4,6,0.25,clique_difusa_s18,clique_difusa,trivial,,0.438889889462,-307.389027323,0.895504639468,-343.257883629
48,4,6,0.25,clique_binaria_s24,clique_binaria,trivial,,1,7564.01626873,-22.0359578891,-343.257883629
48,4,6,0.25,clique_difusa_s24,clique_difusa,trivial,,0.34666292811,-267.23802489,0.778534267196,-343.257883629
48,4,6,0.25,clique_binaria_s27,clique_binaria,trivial,,1,10634.8851805,-30.9822022675,-343.257883629
48,4,6,0.25,clique_difusa_s27,clique_difusa,trivial,,0.313267347048,-245.94359155,0.716498012952,-343.257883629
48,4,6,0.25,clique_binaria_s36,clique_binaria,trivial,,1,23000.0873122,-67.0052704078,-343.257883629
48,4,6,0.25,clique_difusa_s36,clique_difusa,trivial,,0.240052678103,-182.675680647,0.532182039684,-343.257883629
48,4,6,0.25,clique_binaria_s54,clique_binaria,trivial,,1,62156.2989511,-181.077556891,-343.257883629
48,4,6,0.25,clique_difusa_s54,clique_difusa,trivial,,0.149448398767,-76.2904567533,0.2222540556,-343.257883629
48,4,6,0.25,clique_binaria_s72,clique_binaria,trivial,,1,120814.409352,-351.963975525,-343.257883629
48,4,6,0.25,clique_difusa_s72,clique_difusa,trivial,,0.0349971527167,-25.6917646862,0.0748468306528,-343.257883629
48,4,6,0.25,clique_binaria_s108,clique_binaria,trivial,,1,297264.531924,-866.009336134,-343.257883629
48,4,6,0.25,clique_difusa_s108,clique_difusa,trivial,,0.0170050490965,-22.2883093526,0.0649316750339,-343.257883629
48,4,6,0.25,clique_binaria_s216,clique_binaria,trivial,,1,1304057.44251,-3799.06042863,-343.257883629
48,4,6,0.25,clique_difusa_s216,clique_difusa,trivial,,0.0072972826988,-20.4242995259,0.059501326845,-343.257883629
48,4,6,0.25,bipartita,bipartita,trivial,,0.0131096770522,-19.1139091421,0.055683816902,-343.257883629
48,4,6,0.25,uniforme,uniforme,trivial,,0.0072972826988,-20.4242995259,0.059501326845,-343.257883629
48,4,6,0.25,t3,t3,no_trivial,,0.23597418344,-19.1139091421,0.055683816902,-343.257883629
48,4,6,0.25,tree,tree,no_trivial,,0.555486680935,-14.9287045501,0.0434912212134,-343.257883629
48,4,6,0.25,ring_k6,ring,no_trivial,,1,-314.320541811,0.915697954228,-343.257883629
48,4,6,0.25,ws_k6_b0.1,ws,no_trivial,,1,-217.850260687,0.634654791855,-343.257883629
48,4,6,0.25,tri_torus_12x18,tri_torus,no_trivial,,1,-271.442879428,0.790784108318,-343.257883629
48,4,6,0.25,rgg3_k6_s0,rgg3_k6,no_trivial,0,0.978738671617,-180.826552065,0.526795044453,-343.257883629
48,4,6,0.25,rgg3_k6_s1,rgg3_k6,no_trivial,1,0.883843752949,-176.050343065,0.512880698338,-343.257883629
48,4,6,0.25,rgg3_k6_s2,rgg3_k6,no_trivial,2,0.976956958852,-189.863270964,0.553121370315,-343.257883629
48,4,6,0.25,rgg3_k6_s3,rgg3_k6,no_trivial,3,0.918282616499,-184.291619547,0.536889692375,-343.257883629
48,4,6,0.25,rgg3_k6_s4,rgg3_k6,no_trivial,4,1,-187.202530652,0.545369937822,-343.257883629
48,4,6,0.25,rgg3_k8_s0,rgg3_k8,no_trivial,0,0.814878356919,-190.931082128,0.556232183541,-343.257883629
48,4,6,0.25,rgg3_k8_s1,rgg3_k8,no_trivial,1,0.828759855604,-196.12117179,0.571352272282,-343.257883629
48,4,6,0.25,rgg3_k8_s2,rgg3_k8,no_trivial,2,0.841311659921,-210.159268227,0.612248919107,-343.257883629
48,4,6,0.25,rgg3_k8_s3,rgg3_k8,no_trivial,3,0.865114038162,-191.894175878,0.559037927547,-343.257883629
48,4,6,0.25,rgg3_k8_s4,rgg3_k8,no_trivial,4,0.778762677353,-197.94230829,0.576657719256,-343.257883629
48,4,6,0.25,rgg3_k12_s0,rgg3_k12,no_trivial,0,0.619014623065,-179.682506992,0.523462141911,-343.257883629
48,4,6,0.25,rgg3_k12_s1,rgg3_k12,no_trivial,1,0.579773425245,-154.58016868,0.45033246446,-343.257883629
48,4,6,0.25,rgg3_k12_s2,rgg3_k12,no_trivial,2,0.562697824289,-155.757089022,0.45376114126,-343.257883629
48,4,6,0.25,rgg3_k12_s3,rgg3_k12,no_trivial,3,0.554930722726,-153.782876716,0.448009744425,-343.257883629
48,4,6,0.25,rgg3_k12_s4,rgg3_k12,no_trivial,4,0.609241685135,-167.38078316,0.48762400266,-343.257883629
48,4,6,0.25,rgg3_k16_s0,rgg3_k16,no_trivial,0,0.461958362111,-124.781099464,0.363519981375,-343.257883629
48,4,6,0.25,rgg3_k16_s1,rgg3_k16,no_trivial,1,0.448425873916,-125.139869278,0.364565171688,-343.257883629
48,4,6,0.25,rgg3_k16_s2,rgg3_k16,no_trivial,2,0.422284855089,-117.986584573,0.343725782277,-343.257883629
48,4,6,0.25,rgg3_k16_s3,rgg3_k16,no_trivial,3,0.427178157056,-114.593016631,0.333839431216,-343.257883629
48,4,6,0.25,rgg3_k16_s4,rgg3_k16,no_trivial,4,0.480010952219,-131.689539103,0.383646073064,-343.257883629
48,4,6,0.25,rr_k4_s0,rr_k4,no_trivial,0,0.370969542266,-19.7469589624,0.0575280566134,-343.257883629
48,4,6,0.25,rr_k4_s1,rr_k4,no_trivial,1,0.364982632468,-19.5264101259,0.0568855401644,-343.257883629
48,4,6,0.25,rr_k4_s2,rr_k4,no_trivial,2,0.362113871047,-19.4198579547,0.0565751258193,-343.257883629
48,4,6,0.25,rr_k4_s3,rr_k4,no_trivial,3,0.377057864664,-19.9722789202,0.0581844725869,-343.257883629
48,4,6,0.25,rr_k4_s4,rr_k4,no_trivial,4,0.367933171299,-19.6354084263,0.0572030807238,-343.257883629
48,4,6,0.25,rr_k6_s0,rr_k6,no_trivial,0,0.248051108687,-19.7677032603,0.0575884901792,-343.257883629
48,4,6,0.25,rr_k6_s1,rr_k6,no_trivial,1,0.248721506724,-19.8031191776,0.05769166601,-343.257883629
48,4,6,0.25,rr_k6_s2,rr_k6,no_trivial,2,0.244847531383,-19.5962725781,0.0570890677614,-343.257883629
48,4,6,0.25,rr_k6_s3,rr_k6,no_trivial,3,0.246705821086,-19.6968863149,0.0573821818939,-343.257883629
48,4,6,0.25,rr_k6_s4,rr_k6,no_trivial,4,0.247387583887,-19.7325649018,0.05748612295,-343.257883629
48,4,6,0.25,rr_k8_s0,rr_k8,no_trivial,0,0.189133456996,-19.9742680191,0.0581902673522,-343.257883629
48,4,6,0.25,rr_k8_s1,rr_k8,no_trivial,1,0.191268889487,-20.1195983376,0.0586136525837,-343.257883629
48,4,6,0.25,rr_k8_s2,rr_k8,no_trivial,2,0.187987664026,-19.8955797599,0.0579610278709,-343.257883629
48,4,6,0.25,rr_k8_s3,rr_k8,no_trivial,3,0.188666283528,-19.9423940358,0.0580974101016,-343.257883629
48,4,6,0.25,rr_k8_s4,rr_k8,no_trivial,4,0.187515690407,-19.863610231,0.0578678922709,-343.257883629
48,4,6,0.25,rr_k12_s0,rr_k12,no_trivial,0,0.127324321647,-20.0928725707,0.058535793434,-343.257883629
48,4,6,0.25,rr_k12_s1,rr_k12,no_trivial,1,0.127514213933,-20.1121782498,0.058592035927,-343.257883629
48,4,6,0.25,rr_k12_s2,rr_k12,no_trivial,2,0.127188277415,-20.0787924165,0.058494774262,-343.257883629
48,4,6,0.25,rr_k12_s3,rr_k12,no_trivial,3,0.127670361868,-20.1275022092,0.0586366786291,-343.257883629
48,4,6,0.25,rr_k12_s4,rr_k12,no_trivial,4,0.128203407172,-20.1813674015,0.0587936020237,-343.257883629
48,4,6,0.25,rr_k16_s0,rr_k16,no_trivial,0,0.0959281581562,-20.1483176497,0.0586973194517,-343.257883629
48,4,6,0.25,rr_k16_s1,rr_k16,no_trivial,1,0.0967432943773,-20.2564891851,0.0590124514286,-343.257883629
48,4,6,0.25,rr_k16_s2,rr_k16,no_trivial,2,0.0956399342979,-20.1093776074,0.0585838769232,-343.257883629
48,4,6,0.25,rr_k16_s3,rr_k16,no_trivial,3,0.0954497097573,-20.0841586705,0.0585104075635,-343.257883629
48,4,6,0.25,rr_k16_s4,rr_k16,no_trivial,4,0.0959945446436,-20.1569818714,0.058722560596,-343.257883629
48,4,6,0.25,er_k4_s0,er_k4,no_trivial,0,0.298737979441,-15.7846324469,0.0459847630593,-343.257883629
48,4,6,0.25,er_k4_s1,er_k4,no_trivial,1,0.308569454835,-16.2550464418,0.0473552020712,-343.257883629
48,4,6,0.25,er_k4_s2,er_k4,no_trivial,2,0.312300209822,-16.5589741223,0.0482406229022,-343.257883629
48,4,6,0.25,er_k4_s3,er_k4,no_trivial,3,0.296696188655,-15.7871501247,0.0459920977133,-343.257883629
48,4,6,0.25,er_k4_s4,er_k4,no_trivial,4,0.294343044957,-15.6859728336,0.0456973417997,-343.257883629
48,4,6,0.25,er_k6_s0,er_k6,no_trivial,0,0.216721219683,-17.1781871845,0.0500445525181,-343.257883629
48,4,6,0.25,er_k6_s1,er_k6,no_trivial,1,0.216920694923,-17.1360255192,0.0499217245589,-343.257883629
48,4,6,0.25,er_k6_s2,er_k6,no_trivial,2,0.212065004666,-16.7922811045,0.0489203071668,-343.257883629
48,4,6,0.25,er_k6_s3,er_k6,no_trivial,3,0.222163509074,-17.5312428692,0.0510730960755,-343.257883629
48,4,6,0.25,er_k6_s4,er_k6,no_trivial,4,0.219772413197,-17.4535826211,0.0508468514594,-343.257883629
48,4,6,0.25,er_k8_s0,er_k8,no_trivial,0,0.16789850821,-17.7032869141,0.0515743053791,-343.257883629
48,4,6,0.25,er_k8_s1,er_k8,no_trivial,1,0.168851058243,-17.6857527076,0.0515232236493,-343.257883629
48,4,6,0.25,er_k8_s2,er_k8,no_trivial,2,0.173833355776,-18.280341464,0.0532554162216,-343.257883629
48,4,6,0.25,er_k8_s3,er_k8,no_trivial,3,0.170201989631,-17.8347233928,0.0519572142211,-343.257883629
48,4,6,0.25,er_k8_s4,er_k8,no_trivial,4,0.173206874586,-18.1711761528,0.052937389116,-343.257883629
48,4,6,0.25,er_k12_s0,er_k12,no_trivial,0,0.119469256689,-18.8513863654,0.0549190193861,-343.257883629
48,4,6,0.25,er_k12_s1,er_k12,no_trivial,1,0.118537527188,-18.6426365634,0.0543108766107,-343.257883629
48,4,6,0.25,er_k12_s2,er_k12,no_trivial,2,0.120213601124,-18.8641661487,0.0549562502375,-343.257883629
48,4,6,0.25,er_k12_s3,er_k12,no_trivial,3,0.118945880836,-18.6814956316,0.0544240832407,-343.257883629
48,4,6,0.25,er_k12_s4,er_k12,no_trivial,4,0.118907398516,-18.6783521234,0.054414925379,-343.257883629
48,4,6,0.25,er_k16_s0,er_k16,no_trivial,0,0.0921542308084,-19.3060304417,0.0562435165002,-343.257883629
48,4,6,0.25,er_k16_s1,er_k16,no_trivial,1,0.0910870339564,-19.0619156502,0.0555323462601,-343.257883629
48,4,6,0.25,er_k16_s2,er_k16,no_trivial,2,0.0912654220983,-19.1174930953,0.0556942578949,-343.257883629
48,4,6,0.25,er_k16_s3,er_k16,no_trivial,3,0.0926265806891,-19.3675077938,0.0564226161074,-343.257883629
48,4,6,0.25,er_k16_s4,er_k16,no_trivial,4,0.0921382830679,-19.2868074027,0.0561875147594,-343.257883629
49,4,6,1.0,vacio,vacio,trivial,,0,0,-0,-586.257883629
49,4,6,1.0,clique_binaria_s2,clique_binaria,trivial,,1,-91.7150587881,0.156441493324,-586.257883629
49,4,6,1.0,clique_difusa_s2,clique_difusa,trivial,,1,-91.7150587881,0.156441493324,-586.257883629
49,4,6,1.0,clique_binaria_s3,clique_binaria,trivial,,1,-257.380026153,0.439021859391,-586.257883629
49,4,6,1.0,clique_difusa_s3,clique_difusa,trivial,,1,-257.380026153,0.439021859391,-586.257883629
49,4,6,1.0,clique_binaria_s4,clique_binaria,trivial,,1,-403.785910621,0.688751353111,-586.257883629
49,4,6,1.0,clique_difusa_s4,clique_difusa,trivial,,1,-403.785910621,0.688751353111,-586.257883629
49,4,6,1.0,clique_binaria_s6,clique_binaria,trivial,,1,-569.972942417,0.972222222222,-586.257883629
49,4,6,1.0,clique_difusa_s6,clique_difusa,trivial,,1,-569.972942417,0.972222222222,-586.257883629
49,4,6,1.0,clique_binaria_s8,clique_binaria,trivial,,1,-521.945953302,0.890300954371,-586.257883629
49,4,6,1.0,clique_difusa_s8,clique_difusa,trivial,,0.832587399371,-585.464252753,0.998646276839,-586.257883629
49,4,6,1.0,clique_binaria_s9,clique_binaria,trivial,,1,-408.801254449,0.697306195559,-586.257883629
49,4,6,1.0,clique_difusa_s9,clique_difusa,trivial,,0.753455742073,-586.236515668,0.999963551944,-586.257883629
49,4,6,1.0,clique_binaria_s12,clique_binaria,trivial,,1,309.778302556,-0.528399380557,-586.257883629
49,4,6,1.0,clique_difusa_s12,clique_difusa,trivial,,0.59116805655,-578.293718637,0.986415253059,-586.257883629
49,4,6,1.0,clique_binaria_s18,clique_binaria,trivial,,1,3543.76831055,-6.04472606598,-586.257883629
49,4,6,1.0,clique_difusa_s18,clique_difusa,trivial,,0.416267254994,-539.715822984,0.920611625116,-586.257883629
49,4,6,1.0,clique_binaria_s24,clique_binaria,trivial,,1,9271.76626873,-15.8151668876,-586.257883629
49,4,6,1.0,clique_difusa_s24,clique_difusa,trivial,,0.319212514548,-492.170370566,0.839511730776,-586.257883629
49,4,6,1.0,clique_binaria_s27,clique_binaria,trivial,,1,13091.8851805,-22.3312735676,-586.257883629
49,4,6,1.0,clique_difusa_s27,clique_difusa,trivial,,0.284511024237,-468.419531127,0.798999116613,-586.257883629
49,4,6,1.0,clique_binaria_s36,clique_binaria,trivial,,1,28433.8373122,-48.5005628174,-586.257883629
49,4,6,1.0,clique_difusa_s36,clique_difusa,trivial,,0.209961207599,-403.163092607,0.687688991254,-586.257883629
49,4,6,1.0,clique_binaria_s54,clique_binaria,trivial,,1,76824.0489511,-131.041391675,-586.257883629
49,4,6,1.0,clique_difusa_s54,clique_difusa,trivial,,0.125668531081,-309.999122635,0.528776040872,-586.257883629
49,4,6,1.0,clique_binaria_s72,clique_binaria,trivial,,1,149090.159352,-254.308152633,-586.257883629
49,4,6,1.0,clique_difusa_s72,clique_difusa,trivial,,0.0807424013953,-260.190338035,0.443815503895,-586.257883629
49,4,6,1.0,clique_binaria_s108,clique_binaria,trivial,,1,365878.281924,-624.091022298,-586.257883629
49,4,6,1.0,clique_difusa_s108,clique_difusa,trivial,,0.0430918342757,-221.626875568,0.378036495128,-586.257883629
49,4,6,1.0,clique_binaria_s216,clique_binaria,trivial,,1,1598661.19251,-2726.89073725,-586.257883629
49,4,6,1.0,clique_difusa_s216,clique_difusa,trivial,,0.0177550050926,-196.319355497,0.334868597897,-586.257883629
49,4,6,1.0,bipartita,bipartita,trivial,,0.0307032123061,-179.061131511,0.305430658609,-586.257883629
49,4,6,1.0,uniforme,uniforme,trivial,,0.0177550050926,-196.319355497,0.334868597897,-586.257883629
49,4,6,1.0,t3,t3,no_trivial,,0.552657805109,-179.061131511,0.305430658609,-586.257883629
49,4,6,1.0,tree,tree,no_trivial,,1,-132.369001999,0.225786306155,-586.257883629
49,4,6,1.0,ring_k6,ring,no_trivial,,1,-557.320541811,0.950640592433,-586.257883629
49,4,6,1.0,ws_k6_b0.1,ws,no_trivial,,1,-456.350260687,0.778412151769,-586.257883629
49,4,6,1.0,tri_torus_12x18,tri_torus,no_trivial,,1,-514.442879428,0.877502706222,-586.257883629
49,4,6,1.0,rgg3_k6_s0,rgg3_k6,no_trivial,0,0.953540738589,-391.223655973,0.667323488346,-586.257883629
49,4,6,1.0,rgg3_k6_s1,rgg3_k6,no_trivial,1,0.862175306987,-378.219776213,0.645142328614,-586.257883629
49,4,6,1.0,rgg3_k6_s2,rgg3_k6,no_trivial,2,0.956863216064,-400.292578102,0.68279265709,-586.257883629
49,4,6,1.0,rgg3_k6_s3,rgg3_k6,no_trivial,3,0.893182042073,-390.436929595,0.665981542421,-586.257883629
49,4,6,1.0,rgg3_k6_s4,rgg3_k6,no_trivial,4,0.988968408723,-396.742763248,0.676737617228,-586.257883629
49,4,6,1.0,rgg3_k8_s0,rgg3_k8,no_trivial,0,0.782554603733,-408.88779468,0.697453810172,-586.257883629
49,4,6,1.0,rgg3_k8_s1,rgg3_k8,no_trivial,1,0.789690875155,-410.289684962,0.699845062078,-586.257883629
49,4,6,1.0,rgg3_k8_s2,rgg3_k8,no_trivial,2,0.801039955435,-428.904236192,0.731596534852,-586.257883629
49,4,6,1.0,rgg3_k8_s3,rgg3_k8,no_trivial,3,0.830148598461,-410.29390939,0.699852267829,-586.257883629
49,4,6,1.0,rgg3_k8_s4,rgg3_k8,no_trivial,4,0.737952115039,-409.92540111,0.699223690729,-586.257883629
49,4,6,1.0,rgg3_k12_s0,rgg3_k12,no_trivial,0,0.566998874011,-398.935334941,0.680477561293,-586.257883629
49,4,6,1.0,rgg3_k12_s1,rgg3_k12,no_trivial,1,0.52841077471,-370.014702809,0.631146656006,-586.257883629
49,4,6,1.0,rgg3_k12_s2,rgg3_k12,no_trivial,2,0.514377709178,-368.337271093,0.628285403708,-586.257883629
49,4,6,1.0,rgg3_k12_s3,rgg3_k12,no_trivial,3,0.506648381032,-366.529195273,0.625201307322,-586.257883629
49,4,6,1.0,rgg3_k12_s4,rgg3_k12,no_trivial,4,0.555382573496,-381.396123945,0.65056033291,-586.257883629
49,4,6,1.0,rgg3_k16_s0,rgg3_k16,no_trivial,0,0.407648190685,-344.628471461,0.587844498273,-586.257883629
49,4,6,1.0,rgg3_k16_s1,rgg3_k16,no_trivial,1,0.397351301303,-344.991822672,0.588464278786,-586.257883629
49,4,6,1.0,rgg3_k16_s2,rgg3_k16,no_trivial,2,0.377310444053,-333.519103012,0.568894870885,-586.257883629
49,4,6,1.0,rgg3_k16_s3,rgg3_k16,no_trivial,3,0.381547937191,-329.427317105,0.561915372576,-586.257883629
49,4,6,1.0,rgg3_k16_s4,rgg3_k16,no_trivial,4,0.424110811715,-351.736621494,0.599969111404,-586.257883629
49,4,6,1.0,rr_k4_s0,rr_k4,no_trivial,0,0.862237636977,-185.092556078,0.31571866451,-586.257883629
49,4,6,1.0,rr_k4_s1,rr_k4,no_trivial,1,0.85086589098,-183.018892537,0.312181546121,-586.257883629
49,4,6,1.0,rr_k4_s2,rr_k4,no_trivial,2,0.845288555564,-182.006218575,0.310454193722,-586.257883629
49,4,6,1.0,rr_k4_s3,rr_k4,no_trivial,3,0.872429968509,-187.051827604,0.319060660552,-586.257883629
49,4,6,1.0,rr_k4_s4,rr_k4,no_trivial,4,0.856515514957,-184.047567404,0.313936191808,-586.257883629
49,4,6,1.0,rr_k6_s0,rr_k6,no_trivial,0,0.582668069642,-186.300723123,0.317779476107,-586.257883629
49,4,6,1.0,rr_k6_s1,rr_k6,no_trivial,1,0.584318359376,-186.69444511,0.318451061084,-586.257883629
49,4,6,1.0,rr_k6_s2,rr_k6,no_trivial,2,0.575084408006,-184.448668369,0.314620363358,-586.257883629
49,4,6,1.0,rr_k6_s3,rr_k6,no_trivial,3,0.57916349915,-185.484277524,0.316386837096,-586.257883629
49,4,6,1.0,rr_k6_s4,rr_k6,no_trivial,4,0.58103101069,-185.909937569,0.317112899904,-586.257883629
49,4,6,1.0,rr_k8_s0,rr_k8,no_trivial,0,0.448117077308,-189.264128991,0.322834258228,-586.257883629
49,4,6,1.0,rr_k8_s1,rr_k8,no_trivial,1,0.454094114957,-191.024325258,0.325836684831,-586.257883629
49,4,6,1.0,rr_k8_s2,rr_k8,no_trivial,2,0.444929449674,-188.316873555,0.321218492431,-586.257883629
49,4,6,1.0,rr_k8_s3,rr_k8,no_trivial,3,0.446756938737,-188.869085835,0.322160419688,-586.257883629
49,4,6,1.0,rr_k8_s4,rr_k8,no_trivial,4,0.443385848914,-187.890054248,0.320490452231,-586.257883629
49,4,6,1.0,rr_k12_s0,rr_k12,no_trivial,0,0.304459029931,-191.293312907,0.326295506208,-586.257883629
49,4,6,1.0,rr_k12_s1,rr_k12,no_trivial,1,0.304989908717,-191.526742698,0.326693675336,-586.257883629
49,4,6,1.0,rr_k12_s2,rr_k12,no_trivial,2,0.304149523381,-191.141517722,0.326036584002,-586.257883629
49,4,6,1.0,rr_k12_s3,rr_k12,no_trivial,3,0.305590064709,-191.754386795,0.327081975612,-586.257883629
49,4,6,1.0,rr_k12_s4,rr_k12,no_trivial,4,0.307109547163,-192.41428504,0.328207586479,-586.257883629
49,4,6,1.0,rr_k16_s0,rr_k16,no_trivial,0,0.230412663563,-192.249867721,0.327927134269,-586.257883629
49,4,6,1.0,rr_k16_s1,rr_k16,no_trivial,1,0.233043816818,-193.678446176,0.330363909099,-586.257883629
49,4,6,1.0,rr_k16_s2,rr_k16,no_trivial,2,0.22960327137,-191.77698752,0.327120526436,-586.257883629
49,4,6,1.0,rr_k16_s3,rr_k16,no_trivial,3,0.228924796447,-191.423482794,0.326517541409,-586.257883629
49,4,6,1.0,rr_k16_s4,rr_k16,no_trivial,4,0.230674212116,-192.37993374,0.328148992299,-586.257883629
49,4,6,1.0,er_k4_s0,er_k4,no_trivial,0,0.697273382292,-148.570349908,0.253421495995,-586.257883629
49,4,6,1.0,er_k4_s1,er_k4,no_trivial,1,0.718874361428,-152.999495228,0.260976439722,-586.257883629
49,4,6,1.0,er_k4_s2,er_k4,no_trivial,2,0.729135666468,-155.726501813,0.265627987549,-586.257883629
49,4,6,1.0,er_k4_s3,er_k4,no_trivial,3,0.693084985599,-148.346773174,0.253040133559,-586.257883629
49,4,6,1.0,er_k4_s4,er_k4,no_trivial,4,0.688804986073,-147.456174269,0.251521008735,-586.257883629
49,4,6,1.0,er_k6_s0,er_k6,no_trivial,0,0.511312157581,-162.452087735,0.27710004807,-586.257883629
49,4,6,1.0,er_k6_s1,er_k6,no_trivial,1,0.512727496705,-162.341031924,0.276910616399,-586.257883629
49,4,6,1.0,er_k6_s2,er_k6,no_trivial,2,0.500793483024,-158.911204301,0.271060242837,-586.257883629
49,4,6,1.0,er_k6_s3,er_k6,no_trivial,3,0.524761716771,-166.090253466,0.283305791025,-586.257883629
49,4,6,1.0,er_k6_s4,er_k6,no_trivial,4,0.518468918067,-164.960062876,0.281377986518,-586.257883629
49,4,6,1.0,er_k8_s0,er_k8,no_trivial,0,0.398688634696,-167.972965608,0.286517197122,-586.257883629
49,4,6,1.0,er_k8_s1,er_k8,no_trivial,1,0.402566364048,-168.410434401,0.287263402513,-586.257883629
49,4,6,1.0,er_k8_s2,er_k8,no_trivial,2,0.413303605064,-173.673505968,0.296240802585,-586.257883629
49,4,6,1.0,er_k8_s3,er_k8,no_trivial,3,0.404805262295,-169.640110233,0.289360902378,-586.257883629
49,4,6,1.0,er_k8_s4,er_k8,no_trivial,4,0.411594338484,-172.715108863,0.294606032065,-586.257883629
49,4,6,1.0,er_k12_s0,er_k12,no_trivial,0,0.285850690682,-179.520420133,0.306214082822,-586.257883629
49,4,6,1.0,er_k12_s1,er_k12,no_trivial,1,0.284271889445,-177.867225782,0.303394173023,-586.257883629
49,4,6,1.0,er_k12_s2,er_k12,no_trivial,2,0.28855644388,-180.168180361,0.307318989462,-586.257883629
49,4,6,1.0,er_k12_s3,er_k12,no_trivial,3,0.285599338152,-178.396486331,0.304296950733,-586.257883629
49,4,6,1.0,er_k12_s4,er_k12,no_trivial,4,0.285384593365,-178.329025514,0.304181880524,-586.257883629
49,4,6,1.0,er_k16_s0,er_k16,no_trivial,0,0.221840705751,-184.513581388,0.314731087701,-586.257883629
49,4,6,1.0,er_k16_s1,er_k16,no_trivial,1,0.219506839205,-182.31436238,0.310979805085,-586.257883629
49,4,6,1.0,er_k16_s2,er_k16,no_trivial,2,0.219785217629,-182.74442197,0.311713372345,-586.257883629
49,4,6,1.0,er_k16_s3,er_k16,no_trivial,3,0.223400819645,-185.343682525,0.316147019428,-586.257883629
49,4,6,1.0,er_k16_s4,er_k16,no_trivial,4,0.221955350168,-184.42475227,0.314579568856,-586.257883629
50,4,6,4.0,vacio,vacio,trivial,,0,0,-0,-1558.25788363
50,4,6,4.0,clique_binaria_s2,clique_binaria,trivial,,1,-388.715058788,0.249454896312,-1558.25788363
50,4,6,4.0,clique_difusa_s2,clique_difusa,trivial,,1,-388.715058788,0.249454896312,-1558.25788363
50,4,6,4.0,clique_binaria_s3,clique_binaria,trivial,,1,-797.380026153,0.511712492862,-1558.25788363
50,4,6,4.0,clique_difusa_s3,clique_difusa,trivial,,1,-797.380026153,0.511712492862,-1558.25788363
50,4,6,4.0,clique_binaria_s4,clique_binaria,trivial,,1,-1132.78591062,0.726956636974,-1558.25788363
50,4,6,4.0,clique_difusa_s4,clique_difusa,trivial,,1,-1132.78591062,0.726956636974,-1558.25788363
50,4,6,4.0,clique_binaria_s6,clique_binaria,trivial,,1,-1514.97294242,0.972222222222,-1558.25788363
50,4,6,4.0,clique_difusa_s6,clique_difusa,trivial,,1,-1514.97294242,0.972222222222,-1558.25788363
50,4,6,4.0,clique_binaria_s8,clique_binaria,trivial,,1,-1466.9459533,0.941401271711,-1558.25788363
50,4,6,4.0,clique_difusa_s8,clique_difusa,trivial,,0.842169540021,-1556.97840321,0.999178903293,-1558.25788363
50,4,6,4.0,clique_binaria_s9,clique_binaria,trivial,,1,-1272.80125445,0.816810405917,-1558.25788363
50,4,6,4.0,clique_difusa_s9,clique_difusa,trivial,,0.752039330152,-1558.22433515,0.999978470523,-1558.25788363
50,4,6,4.0,clique_binaria_s12,clique_binaria,trivial,,1,12.7783025563,-0.00820037728705,-1558.25788363
50,4,6,4.0,clique_difusa_s12,clique_difusa,trivial,,0.570061658097,-1546.60120105,0.992519413695,-1558.25788363
50,4,6,4.0,clique_binaria_s18,clique_binaria,trivial,,1,5838.76831055,-3.7469846114,-1558.25788363
50,4,6,4.0,clique_difusa_s18,clique_difusa,trivial,,0.381892917848,-1497.20687051,0.960820982352,-1558.25788363
50,4,6,4.0,clique_binaria_s24,clique_binaria,trivial,,1,16102.7662687,-10.3338262799,-1558.25788363
50,4,6,4.0,clique_difusa_s24,clique_difusa,trivial,,0.283947413825,-1444.50747942,0.92700155385,-1558.25788363
50,4,6,4.0,clique_binaria_s27,clique_binaria,trivial,,1,22919.8851805,-14.7086598575,-1558.25788363
50,4,6,4.0,clique_difusa_s27,clique_difusa,trivial,,0.250649145348,-1420.41818478,0.911542434476,-1558.25788363
50,4,6,4.0,clique_binaria_s36,clique_binaria,trivial,,1,50168.8373122,-32.1954651019,-1558.25788363
50,4,6,4.0,clique_difusa_s36,clique_difusa,trivial,,0.18331858643,-1359.55106249,0.872481427349,-1558.25788363
50,4,6,4.0,clique_binaria_s54,clique_binaria,trivial,,1,135495.048951,-86.9529045061,-1558.25788363
50,4,6,4.0,clique_difusa_s54,clique_difusa,trivial,,0.116171844548,-1279.15550286,0.820888195913,-1558.25788363
50,4,6,4.0,clique_binaria_s72,clique_binaria,trivial,,1,262193.159352,-168.260441424,-1558.25788363
50,4,6,4.0,clique_difusa_s72,clique_difusa,trivial,,0.0836862374925,-1231.77117729,0.790479669784,-1558.25788363
50,4,6,4.0,clique_binaria_s108,clique_binaria,trivial,,1,640333.281924,-410.928953835,-1558.25788363
50,4,6,4.0,clique_difusa_s108,clique_difusa,trivial,,0.0529310451898,-1180.97748156,0.757883206607,-1558.25788363
50,4,6,4.0,clique_binaria_s216,clique_binaria,trivial,,1,2777076.19251,-1782.1672662,-1558.25788363
50,4,6,4.0,clique_difusa_s216,clique_difusa,trivial,,0.024821674253,-1128.8695877,0.724443366891,-1558.25788363
50,4,6,4.0,bipartita,bipartita,trivial,,0.046205444996,-1077.88063686,0.691721600247,-1558.25788363
50,4,6,4.0,uniforme,uniforme,trivial,,0.024821674253,-1128.8695877,0.724443366891,-1558.25788363
50,4,6,4.0,t3,t3,no_trivial,,0.831698034606,-1077.88063686,0.691721600247,-1558.25788363
50,4,6,4.0,tree,tree,no_trivial,,1,-640.369001999,0.410951876918,-1558.25788363
50,4,6,4.0,ring_k6,ring,no_trivial,,1,-1529.32054181,0.981429683673,-1558.25788363
50,4,6,4.0,ws_k6_b0.1,ws,no_trivial,,1,-1410.35026069,0.905081421698,-1558.25788363
50,4,6,4.0,tri_torus_12x18,tri_torus,no_trivial,,1,-1486.44287943,0.953913273949,-1558.25788363
50,4,6,4.0,rgg3_k6_s0,rgg3_k6,no_trivial,0,0.920260650928,-1236.54417774,0.793542706078,-1558.25788363
50,4,6,4.0,rgg3_k6_s1,rgg3_k6,no_trivial,1,0.833192808063,-1190.21487522,0.763811232865,-1558.25788363
50,4,6,4.0,rgg3_k6_s2,rgg3_k6,no_trivial,2,0.92891792586,-1244.59221377,0.798707471238,-1558.25788363
50,4,6,4.0,rgg3_k6_s3,rgg3_k6,no_trivial,3,0.859377615617,-1219.36758973,0.782519762959,-1558.25788363
50,4,6,4.0,rgg3_k6_s4,rgg3_k6,no_trivial,4,0.952247149036,-1238.49956886,0.794797563271,-1558.25788363
50,4,6,4.0,rgg3_k8_s0,rgg3_k8,no_trivial,0,0.74170407847,-1289.83473408,0.827741510332,-1558.25788363
50,4,6,4.0,rgg3_k8_s1,rgg3_k8,no_trivial,1,0.740372494859,-1280.24410214,0.821586796123,-1558.25788363
50,4,6,4.0,rgg3_k8_s2,rgg3_k8,no_trivial,2,0.748848396272,-1318.8215109,0.84634355119,-1558.25788363
50,4,6,4.0,rgg3_k8_s3,rgg3_k8,no_trivial,3,0.785965317735,-1293.42559313,0.830045916484,-1558.25788363
50,4,6,4.0,rgg3_k8_s4,rgg3_k8,no_trivial,4,0.686897506798,-1274.36749412,0.817815528166,-1558.25788363
50,4,6,4.0,rgg3_k12_s0,rgg3_k12,no_trivial,0,0.513757852449,-1310.56340737,0.84104397683,-1558.25788363
50,4,6,4.0,rgg3_k12_s1,rgg3_k12,no_trivial,1,0.480911775232,-1262.97181044,0.810502435899,-1558.25788363
50,4,6,4.0,rgg3_k12_s2,rgg3_k12,no_trivial,2,0.468628074306,-1248.57179355,0.801261335924,-1558.25788363
50,4,6,4.0,rgg3_k12_s3,rgg3_k12,no_trivial,3,0.46152457594,-1247.62394691,0.800653062642,-1558.25788363
50,4,6,4.0,rgg3_k12_s4,rgg3_k12,no_trivial,4,0.502657659122,-1272.34068327,0.816514837908,-1558.25788363
50,4,6,4.0,rgg3_k16_s0,rgg3_k16,no_trivial,0,0.368958980709,-1263.20974134,0.810655126225,-1558.25788363
50,4,6,4.0,rgg3_k16_s1,rgg3_k16,no_trivial,1,0.360455261693,-1261.42091375,0.809507159887,-1558.25788363
50,4,6,4.0,rgg3_k16_s2,rgg3_k16,no_trivial,2,0.344930638469,-1225.89103493,0.786706133698,-1558.25788363
50,4,6,4.0,rgg3_k16_s3,rgg3_k16,no_trivial,3,0.349341121917,-1218.0074673,0.781646914865,-1558.25788363
50,4,6,4.0,rgg3_k16_s4,rgg3_k16,no_trivial,4,0.382608176945,-1273.42792615,0.817212567656,-1558.25788363
50,4,6,4.0,rr_k4_s0,rr_k4,no_trivial,0,1,-1044.31758986,0.670182773231,-1558.25788363
50,4,6,4.0,rr_k4_s1,rr_k4,no_trivial,1,1,-1041.35870678,0.668283932792,-1558.25788363
50,4,6,4.0,rr_k4_s2,rr_k4,no_trivial,2,1,-1039.87926523,0.667334512573,-1558.25788363
50,4,6,4.0,rr_k4_s3,rr_k4,no_trivial,3,1,-1046.98879087,0.671896995915,-1558.25788363
50,4,6,4.0,rr_k4_s4,rr_k4,no_trivial,4,1,-1042.83814832,0.669233353012,-1558.25788363
50,4,6,4.0,rr_k6_s0,rr_k6,no_trivial,0,0.849519657124,-1097.39318007,0.704243624629,-1558.25788363
50,4,6,4.0,rr_k6_s1,rr_k6,no_trivial,1,0.850452794327,-1098.41129613,0.704896992767,-1558.25788363
50,4,6,4.0,rr_k6_s2,rr_k6,no_trivial,2,0.8453279418,-1092.66447793,0.701209016435,-1558.25788363
50,4,6,4.0,rr_k6_s3,rr_k6,no_trivial,3,0.847435608005,-1095.20210079,0.702837516369,-1558.25788363
50,4,6,4.0,rr_k6_s4,rr_k6,no_trivial,4,0.848588539366,-1096.37771676,0.703591958868,-1558.25788363
50,4,6,4.0,rr_k8_s0,rr_k8,no_trivial,0,0.645361678289,-1106.71804622,0.710227785688,-1558.25788363
50,4,6,4.0,rr_k8_s1,rr_k8,no_trivial,1,0.648883284317,-1111.3662333,0.713210723961,-1558.25788363
50,4,6,4.0,rr_k8_s2,rr_k8,no_trivial,2,0.643461558453,-1104.18759695,0.708603889353,-1558.25788363
50,4,6,4.0,rr_k8_s3,rr_k8,no_trivial,3,0.644518798344,-1105.63589881,0.70953332592,-1558.25788363
50,4,6,4.0,rr_k8_s4,rr_k8,no_trivial,4,0.642392199501,-1102.91827483,0.707789311652,-1558.25788363
50,4,6,4.0,rr_k12_s0,rr_k12,no_trivial,0,0.435025679556,-1113.76324055,0.714748984909,-1558.25788363
50,4,6,4.0,rr_k12_s1,rr_k12,no_trivial,1,0.435318049776,-1114.35585221,0.715129288876,-1558.25788363
50,4,6,4.0,rr_k12_s2,rr_k12,no_trivial,2,0.434901130462,-1113.43052883,0.714535469721,-1558.25788363
50,4,6,4.0,rr_k12_s3,rr_k12,no_trivial,3,0.435753622976,-1115.05393866,0.715577280482,-1558.25788363
50,4,6,4.0,rr_k12_s4,rr_k12,no_trivial,4,0.436596267976,-1116.73322453,0.716654949266,-1558.25788363
50,4,6,4.0,rr_k16_s0,rr_k16,no_trivial,0,0.327998340956,-1117.0543499,0.716861028997,-1558.25788363
50,4,6,4.0,rr_k16_s1,rr_k16,no_trivial,1,0.329598953507,-1120.90118132,0.719329703441,-1558.25788363
50,4,6,4.0,rr_k16_s2,rr_k16,no_trivial,2,0.32757427428,-1115.88057517,0.716107768101,-1558.25788363
50,4,6,4.0,rr_k16_s3,rr_k16,no_trivial,3,0.327103859658,-1114.8412502,0.715440789303,-1558.25788363
50,4,6,4.0,rr_k16_s4,rr_k16,no_trivial,4,0.328190099334,-1117.45421122,0.717117636918,-1558.25788363
50,4,6,4.0,er_k4_s0,er_k4,no_trivial,0,1,-868.534170385,0.557375117116,-1558.25788363
50,4,6,4.0,er_k4_s1,er_k4,no_trivial,1,1,-890.052936562,0.57118461964,-1558.25788363
50,4,6,4.0,er_k4_s2,er_k4,no_trivial,2,1,-911.563229551,0.584988684561,-1558.25788363
50,4,6,4.0,er_k4_s3,er_k4,no_trivial,3,1,-875.040785492,0.561550687268,-1558.25788363
50,4,6,4.0,er_k4_s4,er_k4,no_trivial,4,1,-871.731989139,0.559427292682,-1558.25788363
50,4,6,4.0,er_k6_s0,er_k6,no_trivial,0,0.737649226272,-950.524186341,0.609991578626,-1558.25788363
50,4,6,4.0,er_k6_s1,er_k6,no_trivial,1,0.734835630502,-945.831660311,0.606980186174,-1558.25788363
50,4,6,4.0,er_k6_s2,er_k6,no_trivial,2,0.721043649336,-928.656605918,0.595958227245,-1558.25788363
50,4,6,4.0,er_k6_s3,er_k6,no_trivial,3,0.75063475745,-966.291016747,0.620109820652,-1558.25788363
50,4,6,4.0,er_k6_s4,er_k6,no_trivial,4,0.75067610092,-967.613370168,0.620958430779,-1558.25788363
50,4,6,4.0,er_k8_s0,er_k8,no_trivial,0,0.572357037425,-980.336302856,0.62912327488,-1558.25788363
50,4,6,4.0,er_k8_s1,er_k8,no_trivial,1,0.570373606996,-974.652138039,0.62547550587,-1558.25788363
50,4,6,4.0,er_k8_s2,er_k8,no_trivial,2,0.590242940634,-1010.16593377,0.648266210864,-1558.25788363
50,4,6,4.0,er_k8_s3,er_k8,no_trivial,3,0.574213042835,-982.190498415,0.630313190605,-1558.25788363
50,4,6,4.0,er_k8_s4,er_k8,no_trivial,4,0.585242740798,-1001.49018669,0.642698616971,-1558.25788363
50,4,6,4.0,er_k12_s0,er_k12,no_trivial,0,0.408354201579,-1045.13421448,0.670706835792,-1558.25788363
50,4,6,4.0,er_k12_s1,er_k12,no_trivial,1,0.403381252675,-1031.13789124,0.661724803113,-1558.25788363
50,4,6,4.0,er_k12_s2,er_k12,no_trivial,2,0.407618212417,-1041.46352445,0.668351198728,-1558.25788363
50,4,6,4.0,er_k12_s3,er_k12,no_trivial,3,0.404120421225,-1032.42121956,0.662548369181,-1558.25788363
50,4,6,4.0,er_k12_s4,er_k12,no_trivial,4,0.403956189835,-1032.21590982,0.662416613235,-1558.25788363
50,4,6,4.0,er_k16_s0,er_k16,no_trivial,0,0.31411436486,-1068.5862912,0.685757025473,-1558.25788363
50,4,6,4.0,er_k16_s1,er_k16,no_trivial,1,0.31010905606,-1054.40472577,0.676656115042,-1558.25788363
50,4,6,4.0,er_k16_s2,er_k16,no_trivial,2,0.31112095323,-1058.19573846,0.679088968251,-1558.25788363
50,4,6,4.0,er_k16_s3,er_k16,no_trivial,3,0.31503936727,-1070.75193916,0.687146813382,-1558.25788363
50,4,6,4.0,er_k16_s4,er_k16,no_trivial,4,0.313736053566,-1066.94408866,0.684703154635,-1558.25788363
51,4,8,0.25,vacio,vacio,trivial,,0,0,-0,-457.677178172
51,4,8,0.25,clique_binaria_s2,clique_binaria,trivial,,1,-19.8487940911,0.043368546735,-457.677178172
51,4,8,0.25,clique_difusa_s2,clique_difusa,trivial,,1,-19.8487940911,0.043368546735,-457.677178172
51,4,8,0.25,clique_binaria_s3,clique_binaria,trivial,,1,-131.914967365,0.288227103419,-457.677178172
51,4,8,0.25,clique_difusa_s3,clique_difusa,trivial,,1,-131.914967365,0.288227103419,-457.677178172
51,4,8,0.25,clique_binaria_s4,clique_binaria,trivial,,1,-242.989528348,0.530919040619,-457.677178172
51,4,8,0.25,clique_difusa_s4,clique_difusa,trivial,,1,-242.989528348,0.530919040619,-457.677178172
51,4,8,0.25,clique_binaria_s6,clique_binaria,trivial,,1,-393.316324991,0.859375,-457.677178172
51,4,8,0.25,clique_difusa_s6,clique_difusa,trivial,,1,-393.316324991,0.859375,-457.677178172
51,4,8,0.25,clique_binaria_s8,clique_binaria,trivial,,1,-402.498983148,0.87943861382,-457.677178172
51,4,8,0.25,clique_difusa_s8,clique_difusa,trivial,,0.88487925335,-428.386443268,0.936001320799,-457.677178172
51,4,8,0.25,clique_binaria_s9,clique_binaria,trivial,,1,-345.36031384,0.754593696849,-457.677178172
51,4,8,0.25,clique_difusa_s9,clique_difusa,trivial,,0.810017308006,-436.595059662,0.953936705793,-457.677178172
51,4,8,0.25,clique_binaria_s12,clique_binaria,trivial,,1,95.5963308961,-0.208872837571,-457.677178172
51,4,8,0.25,clique_difusa_s12,clique_difusa,trivial,,0.656606051826,-451.904051316,0.987386028556,-457.677178172
51,4,8,0.25,clique_binaria_s18,clique_binaria,trivial,,1,2281.11880799,-4.98412181509,-457.677178172
51,4,8,0.25,clique_difusa_s18,clique_difusa,trivial,,0.490853937942,-456.441947834,0.997301088199,-457.677178172
51,4,8,0.25,clique_binaria_s24,clique_binaria,trivial,,1,6303.02029346,-13.7717600835,-457.677178172
51,4,8,0.25,clique_difusa_s24,clique_difusa,trivial,,0.398199320575,-442.517024126,0.966875879401,-457.677178172
51,4,8,0.25,clique_binaria_s27,clique_binaria,trivial,,1,9023.48011567,-19.7158183673,-457.677178172
51,4,8,0.25,clique_difusa_s27,clique_difusa,trivial,,0.364848286068,-431.704524889,0.943251150547,-457.677178172
51,4,8,0.25,clique_binaria_s36,clique_binaria,trivial,,1,20080.011566,-43.8737444725,-457.677178172
51,4,8,0.25,clique_difusa_s36,clique_difusa,trivial,,0.292557549466,-390.960079834,0.854226731155,-457.677178172
51,4,8,0.25,clique_binaria_s54,clique_binaria,trivial,,1,55460.386485,-121.177959335,-457.677178172
51,4,8,0.25,clique_difusa_s54,clique_difusa,trivial,,0.208366218337,-296.071618009,0.646900549405,-457.677178172
51,4,8,0.25,clique_binaria_s72,clique_binaria,trivial,,1,108797.99969,-237.71777331,-457.677178172
51,4,8,0.25,clique_difusa_s72,clique_difusa,trivial,,0.157846822575,-204.012343718,0.445755990135,-457.677178172
51,4,8,0.25,clique_binaria_s108,clique_binaria,trivial,,1,269973.14644,-589.876793767,-457.677178172
51,4,8,0.25,clique_difusa_s108,clique_difusa,trivial,,0.0907487897789,-62.8892223854,0.137409565923,-457.677178172
51,4,8,0.25,clique_binaria_s216,clique_binaria,trivial,,1,1193869.27813,-2608.54011314,-457.677178172
51,4,8,0.25,clique_difusa_s216,clique_difusa,trivial,,0.0108492488639,-29.0683027586,0.0635126769369,-457.677178172
51,4,8,0.25,bipartita,bipartita,trivial,,0.0174795691434,-25.4852121895,0.055683816902,-457.677178172
51,4,8,0.25,uniforme,uniforme,trivial,,0.0108492488639,-29.0683027586,0.0635126769369,-457.677178172
51,4,8,0.25,t3,t3,no_trivial,,0.314632249253,-25.4852121895,0.055683816902,-457.677178172
51,4,8,0.25,tree,tree,no_trivial,,0.740648896928,-19.9049394002,0.0434912212134,-457.677178172
51,4,8,0.25,ring_k6,ring,no_trivial,,1,-400.135012718,0.874273465671,-457.677178172
51,4,8,0.25,ws_k6_b0.1,ws,no_trivial,,1,-305.253888463,0.666963316113,-457.677178172
51,4,8,0.25,tri_torus_12x18,tri_torus,no_trivial,,1,-357.257350335,0.780588081238,-457.677178172
51,4,8,0.25,rgg3_k6_s0,rgg3_k6,no_trivial,0,1,-274.199525653,0.599111204865,-457.677178172
51,4,8,0.25,rgg3_k6_s1,rgg3_k6,no_trivial,1,1,-274.182860696,0.59907479283,-457.677178172
51,4,8,0.25,rgg3_k6_s2,rgg3_k6,no_trivial,2,1,-280.671848532,0.613252881983,-457.677178172
51,4,8,0.25,rgg3_k6_s3,rgg3_k6,no_trivial,3,1,-284.934866446,0.62256734667,-457.677178172
51,4,8,0.25,rgg3_k6_s4,rgg3_k6,no_trivial,4,1,-274.804803036,0.600433703367,-457.677178172
51,4,8,0.25,rgg3_k8_s0,rgg3_k8,no_trivial,0,0.937901742582,-309.709764374,0.676699165144,-457.677178172
51,4,8,0.25,rgg3_k8_s1,rgg3_k8,no_trivial,1,0.954077463494,-320.031549581,0.699251710256,-457.677178172
51,4,8,0.25,rgg3_k8_s2,rgg3_k8,no_trivial,2,0.964304244765,-338.206275715,0.738962508609,-457.677178172
51,4,8,0.25,rgg3_k8_s3,rgg3_k8,no_trivial,3,0.995786490719,-311.62468945,0.680883173365,-457.677178172
51,4,8,0.25,rgg3_k8_s4,rgg3_k8,no_trivial,4,0.89795782893,-325.785939776,0.711824743103,-457.677178172
51,4,8,0.25,rgg3_k12_s0,rgg3_k12,no_trivial,0,0.738308093912,-340.006666524,0.742896265622,-457.677178172
51,4,8,0.25,rgg3_k12_s1,rgg3_k12,no_trivial,1,0.704068502844,-312.586279552,0.682984195979,-457.677178172
51,4,8,0.25,rgg3_k12_s2,rgg3_k12,no_trivial,2,0.680522647259,-309.690910303,0.676657970014,-457.677178172
51,4,8,0.25,rgg3_k12_s3,rgg3_k12,no_trivial,3,0.672708401584,-308.544838452,0.674153864707,-457.677178172
51,4,8,0.25,rgg3_k12_s4,rgg3_k12,no_trivial,4,0.732244362229,-326.747164298,0.713924966946,-457.677178172
51,4,8,0.25,rgg3_k16_s0,rgg3_k16,no_trivial,0,0.586536241259,-306.81313619,0.670370188472,-457.677178172
51,4,8,0.25,rgg3_k16_s1,rgg3_k16,no_trivial,1,0.568349171951,-303.859841408,0.663917398334,-457.677178172
51,4,8,0.25,rgg3_k16_s2,rgg3_k16,no_trivial,2,0.536478090811,-285.799516408,0.624456560297,-457.677178172
51,4,8,0.25,rgg3_k16_s3,rgg3_k16,no_trivial,3,0.544788218088,-281.650374894,0.615390909416,-457.677178172
51,4,8,0.25,rgg3_k16_s4,rgg3_k16,no_trivial,4,0.6048497646,-314.449111372,0.687054383241,-457.677178172
51,4,8,0.25,rr_k4_s0,rr_k4,no_trivial,0,0.510373550911,-26.9643461355,0.0589156449601,-457.677178172
51,4,8,0.25,rr_k4_s1,rr_k4,no_trivial,1,0.496486849329,-26.4353403117,0.0577597957087,-457.677178172
51,4,8,0.25,rr_k4_s2,rr_k4,no_trivial,2,0.489973653562,-26.18515607,0.0572131566066,-457.677178172
51,4,8,0.25,rr_k4_s3,rr_k4,no_trivial,3,0.524502057814,-27.5108268324,0.0601096758687,-457.677178172
51,4,8,0.25,rr_k4_s4,rr_k4,no_trivial,4,0.503280516577,-26.6948648487,0.0583268428533,-457.677178172
51,4,8,0.25,rr_k6_s0,rr_k6,no_trivial,0,0.343825365302,-27.0753613349,0.0591582071955,-457.677178172
51,4,8,0.25,rr_k6_s1,rr_k6,no_trivial,1,0.345569871953,-27.166885383,0.0593581823144,-457.677178172
51,4,8,0.25,rr_k6_s2,rr_k6,no_trivial,2,0.335766320127,-26.6436037294,0.0582148400666,-457.677178172
51,4,8,0.25,rr_k6_s3,rr_k6,no_trivial,3,0.340318472281,-26.8925136111,0.0587586947607,-457.677178172
51,4,8,0.25,rr_k6_s4,rr_k6,no_trivial,4,0.342112501316,-26.9851454179,0.0589610902727,-457.677178172
51,4,8,0.25,rr_k8_s0,rr_k8,no_trivial,0,0.267029429938,-27.655923828,0.0604267049944,-457.677178172
51,4,8,0.25,rr_k8_s1,rr_k8,no_trivial,1,0.273284981065,-28.0631299405,0.0613164284324,-457.677178172
51,4,8,0.25,rr_k8_s2,rr_k8,no_trivial,2,0.263790462342,-27.441168297,0.0599574757181,-457.677178172
51,4,8,0.25,rr_k8_s3,rr_k8,no_trivial,3,0.265685018996,-27.5678896354,0.0602343550219,-457.677178172
51,4,8,0.25,rr_k8_s4,rr_k8,no_trivial,4,0.262424694152,-27.3528093081,0.0597644160833,-457.677178172
51,4,8,0.25,rr_k12_s0,rr_k12,no_trivial,0,0.182191690604,-28.0197687121,0.0612216864823,-457.677178172
51,4,8,0.25,rr_k12_s1,rr_k12,no_trivial,1,0.182766071595,-28.0748612564,0.0613420607263,-457.677178172
51,4,8,0.25,rr_k12_s2,rr_k12,no_trivial,2,0.181799780526,-27.9807442079,0.0611364200411,-457.677178172
51,4,8,0.25,rr_k12_s3,rr_k12,no_trivial,3,0.183282409677,-28.121119144,0.0614431317208,-457.677178172
51,4,8,0.25,rr_k12_s4,rr_k12,no_trivial,4,0.184933573972,-28.2773582793,0.0617845058218,-457.677178172
51,4,8,0.25,rr_k16_s0,rr_k16,no_trivial,0,0.138177031387,-28.1942201421,0.061602853467,-457.677178172
51,4,8,0.25,rr_k16_s1,rr_k16,no_trivial,1,0.140845391853,-28.5186256841,0.0623116621154,-457.677178172
51,4,8,0.25,rr_k16_s2,rr_k16,no_trivial,2,0.137288766272,-28.0818809424,0.0613573983624,-457.677178172
51,4,8,0.25,rr_k16_s3,rr_k16,no_trivial,3,0.136676405616,-28.0072795952,0.061194398434,-457.677178172
51,4,8,0.25,rr_k16_s4,rr_k16,no_trivial,4,0.138401407537,-28.2206944441,0.061660698392,-457.677178172
51,4,8,0.25,er_k4_s0,er_k4,no_trivial,0,0.41931308366,-21.8325999966,0.0477030558609,-457.677178172
51,4,8,0.25,er_k4_s1,er_k4,no_trivial,1,0.436395201359,-22.6070266816,0.0493951364845,-457.677178172
51,4,8,0.25,er_k4_s2,er_k4,no_trivial,2,0.434408966195,-22.7615511038,0.0497327640297,-457.677178172
51,4,8,0.25,er_k4_s3,er_k4,no_trivial,3,0.409104397376,-21.5684520037,0.047125906714,-457.677178172
51,4,8,0.25,er_k4_s4,er_k4,no_trivial,4,0.404508864712,-21.3727803761,0.0466983747399,-457.677178172
51,4,8,0.25,er_k6_s0,er_k6,no_trivial,0,0.305035666769,-23.7536383081,0.0519004211725,-457.677178172
51,4,8,0.25,er_k6_s1,er_k6,no_trivial,1,0.308368969136,-23.8422976541,0.0520941370715,-457.677178172
51,4,8,0.25,er_k6_s2,er_k6,no_trivial,2,0.299380652747,-23.2622555108,0.0508267762087,-457.677178172
51,4,8,0.25,er_k6_s3,er_k6,no_trivial,3,0.316738789114,-24.4412679049,0.0534028548301,-457.677178172
51,4,8,0.25,er_k6_s4,er_k6,no_trivial,4,0.307722181605,-24.0510836687,0.0525503232755,-457.677178172
51,4,8,0.25,er_k8_s0,er_k8,no_trivial,0,0.238256194188,-24.5838794658,0.0537144534146,-457.677178172
51,4,8,0.25,er_k8_s1,er_k8,no_trivial,1,0.244699585085,-24.8720190336,0.0543440228611,-457.677178172
51,4,8,0.25,er_k8_s2,er_k8,no_trivial,2,0.248678485752,-25.5117832132,0.0557418731585,-457.677178172
51,4,8,0.25,er_k8_s3,er_k8,no_trivial,3,0.246143905099,-25.060363515,0.0547555454156,-457.677178172
51,4,8,0.25,er_k8_s4,er_k8,no_trivial,4,0.249507249574,-25.4745476424,0.0556605154405,-457.677178172
51,4,8,0.25,er_k12_s0,er_k12,no_trivial,0,0.171029629304,-26.2936351077,0.0574501774651,-457.677178172
51,4,8,0.25,er_k12_s1,er_k12,no_trivial,1,0.171534436452,-26.1682907491,0.0571763067882,-457.677178172
51,4,8,0.25,er_k12_s2,er_k12,no_trivial,2,0.175252084773,-26.5954994737,0.0581097348572,-457.677178172
51,4,8,0.25,er_k12_s3,er_k12,no_trivial,3,0.172932714905,-26.2928935737,0.0574485572533,-457.677178172
51,4,8,0.25,er_k12_s4,er_k12,no_trivial,4,0.172768759461,-26.2802653001,0.0574209651552,-457.677178172
51,4,8,0.25,er_k16_s0,er_k16,no_trivial,0,0.133904160139,-27.1513461724,0.0593242299755,-457.677178172
51,4,8,0.25,er_k16_s1,er_k16,no_trivial,1,0.132858861056,-26.8655281935,0.0586997330757,-457.677178172
51,4,8,0.25,er_k16_s2,er_k16,no_trivial,2,0.13267924264,-26.8928133073,0.0587593495808,-457.677178172
51,4,8,0.25,er_k16_s3,er_k16,no_trivial,3,0.135520569373,-27.3432000529,0.0597434203779,-457.677178172
51,4,8,0.25,er_k16_s4,er_k16,no_trivial,4,0.134265834985,-27.1686419334,0.0593620202824,-457.677178172
52,4,8,1.0,vacio,vacio,trivial,,0,0,-0,-781.677178172
52,4,8,1.0,clique_binaria_s2,clique_binaria,trivial,,1,-95.7862940911,0.122539453327,-781.677178172
52,4,8,1.0,clique_difusa_s2,clique_difusa,trivial,,1,-95.7862940911,0.122539453327,-781.677178172
52,4,8,1.0,clique_binaria_s3,clique_binaria,trivial,,1,-273.664967365,0.350099727877,-781.677178172
52,4,8,1.0,clique_difusa_s3,clique_difusa,trivial,,1,-273.664967365,0.350099727877,-781.677178172
52,4,8,1.0,clique_binaria_s4,clique_binaria,trivial,,1,-440.427028348,0.563438514833,-781.677178172
52,4,8,1.0,clique_difusa_s4,clique_difusa,trivial,,1,-440.427028348,0.563438514833,-781.677178172
52,4,8,1.0,clique_binaria_s6,clique_binaria,trivial,,1,-671.753824991,0.859375,-781.677178172
52,4,8,1.0,clique_difusa_s6,clique_difusa,trivial,,1,-671.753824991,0.859375,-781.677178172
52,4,8,1.0,clique_binaria_s8,clique_binaria,trivial,,1,-721.436483148,0.922934049112,-781.677178172
52,4,8,1.0,clique_difusa_s8,clique_difusa,trivial,,0.91515864824,-737.832744364,0.943909794181,-781.677178172
52,4,8,1.0,clique_binaria_s9,clique_binaria,trivial,,1,-669.36031384,0.856312980002,-781.677178172
52,4,8,1.0,clique_difusa_s9,clique_difusa,trivial,,0.833752626228,-750.373313237,0.959952950132,-781.677178172
52,4,8,1.0,clique_binaria_s12,clique_binaria,trivial,,1,-182.841169104,0.233908797915,-781.677178172
52,4,8,1.0,clique_difusa_s12,clique_difusa,trivial,,0.666937002991,-773.294158709,0.989275599062,-781.677178172
52,4,8,1.0,clique_binaria_s18,clique_binaria,trivial,,1,2367.18130799,-3.02833621615,-781.677178172
52,4,8,1.0,clique_difusa_s18,clique_difusa,trivial,,0.487118798648,-779.951585139,0.997792447982,-781.677178172
52,4,8,1.0,clique_binaria_s24,clique_binaria,trivial,,1,7118.08279346,-9.10616683233,-781.677178172
52,4,8,1.0,clique_difusa_s24,clique_difusa,trivial,,0.387165337905,-761.198545025,0.973801674504,-781.677178172
52,4,8,1.0,clique_binaria_s27,clique_binaria,trivial,,1,10339.7301157,-13.2276218424,-781.677178172
52,4,8,1.0,clique_difusa_s27,clique_difusa,trivial,,0.351377503005,-747.132258744,0.955806667519,-781.677178172
52,4,8,1.0,clique_binaria_s36,clique_binaria,trivial,,1,23446.574066,-29.9952137798,-781.677178172
52,4,8,1.0,clique_difusa_s36,clique_difusa,trivial,,0.274374901774,-696.655698203,0.891231978696,-781.677178172
52,4,8,1.0,clique_binaria_s54,clique_binaria,trivial,,1,65387.948985,-83.6508354228,-781.677178172
52,4,8,1.0,clique_difusa_s54,clique_difusa,trivial,,0.186479209825,-590.492775256,0.75541769895,-781.677178172
52,4,8,1.0,clique_binaria_s72,clique_binaria,trivial,,1,128567.06219,-164.475906141,-781.677178172
52,4,8,1.0,clique_difusa_s72,clique_difusa,trivial,,0.135851052088,-500.225012243,0.639938105157,-781.677178172
52,4,8,1.0,clique_binaria_s108,clique_binaria,trivial,,1,319266.70894,-408.43805839,-781.677178172
52,4,8,1.0,clique_difusa_s108,clique_difusa,trivial,,0.0786020816438,-382.974027525,0.489938862511,-781.677178172
52,4,8,1.0,clique_binaria_s216,clique_binaria,trivial,,1,1410468.34063,-1804.4128446,-781.677178172
52,4,8,1.0,clique_difusa_s216,clique_difusa,trivial,,0.027294023957,-286.717361847,0.366797662582,-781.677178172
52,4,8,1.0,bipartita,bipartita,trivial,,0.040937615193,-238.748175348,0.305430658609,-781.677178172
52,4,8,1.0,uniforme,uniforme,trivial,,0.027294023957,-286.717361847,0.366797662582,-781.677178172
52,4,8,1.0,t3,t3,no_trivial,,0.736877084409,-238.748175348,0.305430658609,-781.677178172
52,4,8,1.0,tree,tree,no_trivial,,1,-153.026751499,0.195767198752,-781.677178172
52,4,8,1.0,ring_k6,ring,no_trivial,,1,-703.885012718,0.900480444325,-781.677178172
52,4,8,1.0,ws_k6_b0.1,ws,no_trivial,,1,-605.628888463,0.774781336049,-781.677178172
52,4,8,1.0,tri_torus_12x18,tri_torus,no_trivial,,1,-661.007350335,0.845627029667,-781.677178172
52,4,8,1.0,rgg3_k6_s0,rgg3_k6,no_trivial,0,1,-549.262025653,0.702671180625,-781.677178172
52,4,8,1.0,rgg3_k6_s1,rgg3_k6,no_trivial,1,1,-543.901610696,0.695813599123,-781.677178172
52,4,8,1.0,rgg3_k6_s2,rgg3_k6,no_trivial,2,1,-554.281223532,0.709092242949,-781.677178172
52,4,8,1.0,rgg3_k6_s3,rgg3_k6,no_trivial,3,1,-559.247366446,0.715445432031,-781.677178172
52,4,8,1.0,rgg3_k6_s4,rgg3_k6,no_trivial,4,1,-546.257928036,0.69882803706,-781.677178172
52,4,8,1.0,rgg3_k8_s0,rgg3_k8,no_trivial,0,0.940219483105,-604.591114966,0.773453711903,-781.677178172
52,4,8,1.0,rgg3_k8_s1,rgg3_k8,no_trivial,1,0.950961240561,-611.757363615,0.782621497338,-781.677178172
52,4,8,1.0,rgg3_k8_s2,rgg3_k8,no_trivial,2,0.960675751376,-636.854471091,0.814728239323,-781.677178172
52,4,8,1.0,rgg3_k8_s3,rgg3_k8,no_trivial,3,0.997663118456,-607.300708891,0.776920096749,-781.677178172
52,4,8,1.0,rgg3_k8_s4,rgg3_k8,no_trivial,4,0.891367295904,-615.831930022,0.787834092154,-781.677178172
52,4,8,1.0,rgg3_k12_s0,rgg3_k12,no_trivial,0,0.7144449578,-642.43501757,0.821867435189,-781.677178172
52,4,8,1.0,rgg3_k12_s1,rgg3_k12,no_trivial,1,0.677835856856,-607.449992643,0.777111075526,-781.677178172
52,4,8,1.0,rgg3_k12_s2,rgg3_k12,no_trivial,2,0.656769064268,-600.918558616,0.768755408751,-781.677178172
52,4,8,1.0,rgg3_k12_s3,rgg3_k12,no_trivial,3,0.648507939147,-599.800576894,0.767325174182,-781.677178172
52,4,8,1.0,rgg3_k12_s4,rgg3_k12,no_trivial,4,0.70584158939,-621.349367691,0.794892552888,-781.677178172
52,4,8,1.0,rgg3_k16_s0,rgg3_k16,no_trivial,0,0.549858994702,-602.299152268,0.770521602891,-781.677178172
52,4,8,1.0,rgg3_k16_s1,rgg3_k16,no_trivial,1,0.534247497062,-599.652686078,0.767135977387,-781.677178172
52,4,8,1.0,rgg3_k16_s2,rgg3_k16,no_trivial,2,0.506520968648,-575.45681432,0.736182186701,-781.677178172
52,4,8,1.0,rgg3_k16_s3,rgg3_k16,no_trivial,3,0.513867919671,-569.865838401,0.729029648447,-781.677178172
52,4,8,1.0,rgg3_k16_s4,rgg3_k16,no_trivial,4,0.568189101388,-611.453370598,0.782232598921,-781.677178172
52,4,8,1.0,rr_k4_s0,rr_k4,no_trivial,0,1,-245.457354707,0.314013715075,-781.677178172
52,4,8,1.0,rr_k4_s1,rr_k4,no_trivial,1,1,-242.498471624,0.310228414486,-781.677178172
52,4,8,1.0,rr_k4_s2,rr_k4,no_trivial,2,1,-241.019030082,0.308335764191,-781.677178172
52,4,8,1.0,rr_k4_s3,rr_k4,no_trivial,3,1,-248.128555718,0.317430983847,-781.677178172
52,4,8,1.0,rr_k4_s4,rr_k4,no_trivial,4,1,-243.977913166,0.312121064781,-781.677178172
52,4,8,1.0,rr_k6_s0,rr_k6,no_trivial,0,0.795994795364,-254.339786466,0.325377014411,-781.677178172
52,4,8,1.0,rr_k6_s1,rr_k6,no_trivial,1,0.799291488701,-255.213561687,0.326494835482,-781.677178172
52,4,8,1.0,rr_k6_s2,rr_k6,no_trivial,2,0.781312531007,-250.34118951,0.32026160735,-781.677178172
52,4,8,1.0,rr_k6_s3,rr_k6,no_trivial,3,0.788769816183,-252.492595696,0.323013902346,-781.677178172
52,4,8,1.0,rr_k6_s4,rr_k6,no_trivial,4,0.792726145477,-253.474739982,0.324270360016,-781.677178172
52,4,8,1.0,rr_k8_s0,rr_k8,no_trivial,0,0.626198016581,-262.401416816,0.335690262097,-781.677178172
52,4,8,1.0,rr_k8_s1,rr_k8,no_trivial,1,0.640074657015,-266.792411162,0.341307663332,-781.677178172
52,4,8,1.0,rr_k8_s2,rr_k8,no_trivial,2,0.618944655982,-260.086574967,0.332728883778,-781.677178172
52,4,8,1.0,rr_k8_s3,rr_k8,no_trivial,3,0.622975471113,-261.408218213,0.334419662634,-781.677178172
52,4,8,1.0,rr_k8_s4,rr_k8,no_trivial,4,0.615006915463,-258.959982365,0.331287633305,-781.677178172
52,4,8,1.0,rr_k12_s0,rr_k12,no_trivial,0,0.436841666967,-269.129199055,0.344297117238,-781.677178172
52,4,8,1.0,rr_k12_s1,rr_k12,no_trivial,1,0.438126600609,-269.729679414,0.345065312058,-781.677178172
52,4,8,1.0,rr_k12_s2,rr_k12,no_trivial,2,0.43629886088,-268.794164823,0.343868507779,-781.677178172
52,4,8,1.0,rr_k12_s3,rr_k12,no_trivial,3,0.440071860374,-270.445898512,0.345981571504,-781.677178172
52,4,8,1.0,rr_k12_s4,rr_k12,no_trivial,4,0.443860906311,-272.18202808,0.348202602917,-781.677178172
52,4,8,1.0,rr_k16_s0,rr_k16,no_trivial,0,0.335633169447,-272.580397359,0.348712236932,-781.677178172
52,4,8,1.0,rr_k16_s1,rr_k16,no_trivial,1,0.343489463171,-276.784701445,0.354090805226,-781.677178172
52,4,8,1.0,rr_k16_s2,rr_k16,no_trivial,2,0.333654803111,-271.346783884,0.347134074605,-781.677178172
52,4,8,1.0,rr_k16_s3,rr_k16,no_trivial,3,0.331451916015,-270.25660591,0.345739409384,-781.677178172
52,4,8,1.0,rr_k16_s4,rr_k16,no_trivial,4,0.336562906295,-273.012337938,0.349264818728,-781.677178172
52,4,8,1.0,er_k4_s0,er_k4,no_trivial,0,0.950978348433,-203.436363136,0.26025623981,-781.677178172
52,4,8,1.0,er_k4_s1,er_k4,no_trivial,1,0.981808786627,-210.086375203,0.268763603531,-781.677178172
52,4,8,1.0,er_k4_s2,er_k4,no_trivial,2,0.990326942642,-212.266829554,0.271553059858,-781.677178172
52,4,8,1.0,er_k4_s3,er_k4,no_trivial,3,0.938249108255,-201.357939153,0.257597310982,-781.677178172
52,4,8,1.0,er_k4_s4,er_k4,no_trivial,4,0.932465686387,-199.950942998,0.255797340106,-781.677178172
52,4,8,1.0,er_k6_s0,er_k6,no_trivial,0,0.708247745142,-224.184403154,0.286799217649,-781.677178172
52,4,8,1.0,er_k6_s1,er_k6,no_trivial,1,0.715355321238,-225.41506869,0.288373608678,-781.677178172
52,4,8,1.0,er_k6_s2,er_k6,no_trivial,2,0.695671410478,-219.770875394,0.281152989407,-781.677178172
52,4,8,1.0,er_k6_s3,er_k6,no_trivial,3,0.732236412707,-230.833251298,0.295305092362,-781.677178172
52,4,8,1.0,er_k6_s4,er_k6,no_trivial,4,0.716252435632,-227.021224643,0.29042836478,-781.677178172
52,4,8,1.0,er_k8_s0,er_k8,no_trivial,0,0.560920534224,-233.895688469,0.299222869748,-781.677178172
52,4,8,1.0,er_k8_s1,er_k8,no_trivial,1,0.575809822224,-237.632001865,0.304002737321,-781.677178172
52,4,8,1.0,er_k8_s2,er_k8,no_trivial,2,0.584862038755,-243.024254902,0.310901049293,-781.677178172
52,4,8,1.0,er_k8_s3,er_k8,no_trivial,3,0.57583067629,-238.669002799,0.305329373127,-781.677178172
52,4,8,1.0,er_k8_s4,er_k8,no_trivial,4,0.583743720337,-242.40372768,0.310107208511,-781.677178172
52,4,8,1.0,er_k12_s0,er_k12,no_trivial,0,0.410926759578,-252.780652777,0.323382413912,-781.677178172
52,4,8,1.0,er_k12_s1,er_k12,no_trivial,1,0.412656704075,-252.271119057,0.322730567173,-781.677178172
52,4,8,1.0,er_k12_s2,er_k12,no_trivial,2,0.42081197966,-256.600337752,0.328268938786,-781.677178172
52,4,8,1.0,er_k12_s3,er_k12,no_trivial,3,0.416497013287,-253.854039966,0.324755598673,-781.677178172
52,4,8,1.0,er_k12_s4,er_k12,no_trivial,4,0.415600973052,-253.573363946,0.324396529702,-781.677178172
52,4,8,1.0,er_k16_s0,er_k16,no_trivial,0,0.326131367904,-263.266949281,0.336797538207,-781.677178172
52,4,8,1.0,er_k16_s1,er_k16,no_trivial,1,0.324125699291,-260.877458229,0.333740661125,-781.677178172
52,4,8,1.0,er_k16_s2,er_k16,no_trivial,2,0.323564964414,-260.91720628,0.333791510826,-781.677178172
52,4,8,1.0,er_k16_s3,er_k16,no_trivial,3,0.330983815351,-265.809421524,0.340050124203,-781.677178172
52,4,8,1.0,er_k16_s4,er_k16,no_trivial,4,0.327240850352,-263.670708001,0.337314066937,-781.677178172
53,4,8,4.0,vacio,vacio,trivial,,0,0,-0,-2077.67717817
53,4,8,4.0,clique_binaria_s2,clique_binaria,trivial,,1,-399.536294091,0.192299505567,-2077.67717817
53,4,8,4.0,clique_difusa_s2,clique_difusa,trivial,,1,-399.536294091,0.192299505567,-2077.67717817
53,4,8,4.0,clique_binaria_s3,clique_binaria,trivial,,1,-840.664967365,0.40461770298,-2077.67717817
53,4,8,4.0,clique_difusa_s3,clique_difusa,trivial,,1,-840.664967365,0.40461770298,-2077.67717817
53,4,8,4.0,clique_binaria_s4,clique_binaria,trivial,,1,-1230.17702835,0.592092477731,-2077.67717817
53,4,8,4.0,clique_difusa_s4,clique_difusa,trivial,,1,-1230.17702835,0.592092477731,-2077.67717817
53,4,8,4.0,clique_binaria_s6,clique_binaria,trivial,,1,-1785.50382499,0.859375,-2077.67717817
53,4,8,4.0,clique_difusa_s6,clique_difusa,trivial,,1,-1785.50382499,0.859375,-2077.67717817
53,4,8,4.0,clique_binaria_s8,clique_binaria,trivial,,1,-1997.18648315,0.961259287117,-2077.67717817
53,4,8,4.0,clique_difusa_s8,clique_difusa,trivial,,0.983775708737,-1998.091919,0.96169507948,-2077.67717817
53,4,8,4.0,clique_binaria_s9,clique_binaria,trivial,,1,-1965.36031384,0.945941137771,-2077.67717817
53,4,8,4.0,clique_difusa_s9,clique_difusa,trivial,,0.886507601716,-2022.04388052,0.973223319657,-2077.67717817
53,4,8,4.0,clique_binaria_s12,clique_binaria,trivial,,1,-1296.5911691,0.624058050368,-2077.67717817
53,4,8,4.0,clique_difusa_s12,clique_difusa,trivial,,0.688661034019,-2063.60337399,0.993226183388,-2077.67717817
53,4,8,4.0,clique_binaria_s18,clique_binaria,trivial,,1,2711.43130799,-1.30503012522,-2077.67717817
53,4,8,4.0,clique_difusa_s18,clique_difusa,trivial,,0.480029212816,-2075.03666125,0.998729101445,-2077.67717817
53,4,8,4.0,clique_binaria_s24,clique_binaria,trivial,,1,10378.3327935,-4.9951613766,-2077.67717817
53,4,8,4.0,clique_difusa_s24,clique_difusa,trivial,,0.368145336045,-2048.57545596,0.985993145366,-2077.67717817
53,4,8,4.0,clique_binaria_s27,clique_binaria,trivial,,1,15604.7301157,-7.51066155975,-2077.67717817
53,4,8,4.0,clique_difusa_s27,clique_difusa,trivial,,0.329224487683,-2030.13057556,0.977115500373,-2077.67717817
53,4,8,4.0,clique_binaria_s36,clique_binaria,trivial,,1,36912.824066,-17.7663904931,-2077.67717817
53,4,8,4.0,clique_difusa_s36,clique_difusa,trivial,,0.248387839479,-1969.74716926,0.94805256079,-2077.67717817
53,4,8,4.0,clique_binaria_s54,clique_binaria,trivial,,1,105098.198985,-50.5844700463,-2077.67717817
53,4,8,4.0,clique_difusa_s54,clique_difusa,trivial,,0.163188160774,-1861.03906018,0.895730616735,-2077.67717817
53,4,8,4.0,clique_binaria_s72,clique_binaria,trivial,,1,207643.31219,-99.9401227348,-2077.67717817
53,4,8,4.0,clique_difusa_s72,clique_difusa,trivial,,0.119285508204,-1780.13239724,0.856789695697,-2077.67717817
53,4,8,4.0,clique_binaria_s108,clique_binaria,trivial,,1,516440.95894,-248.566507043,-2077.67717817
53,4,8,4.0,clique_difusa_s108,clique_difusa,trivial,,0.0756313636406,-1678.20012286,0.807729006456,-2077.67717817
53,4,8,4.0,clique_binaria_s216,clique_binaria,trivial,,1,2276864.59063,-1095.87024132,-2077.67717817
53,4,8,4.0,clique_difusa_s216,clique_difusa,trivial,,0.0346937053906,-1559.23973625,0.750472572271,-2077.67717817
53,4,8,4.0,bipartita,bipartita,trivial,,0.061607261823,-1437.17418248,0.691721600247,-2077.67717817
53,4,8,4.0,uniforme,uniforme,trivial,,0.0346937053906,-1559.23973625,0.750472572271,-2077.67717817
53,4,8,4.0,t3,t3,no_trivial,,1,-1423.30658728,0.685047033404,-2077.67717817
53,4,8,4.0,tree,tree,no_trivial,,1,-695.276751499,0.334641376824,-2077.67717817
53,4,8,4.0,ring_k6,ring,no_trivial,,1,-1918.88501272,0.923572262755,-2077.67717817
53,4,8,4.0,ws_k6_b0.1,ws,no_trivial,,1,-1807.12888846,0.869783288496,-2077.67717817
53,4,8,4.0,tri_torus_12x18,tri_torus,no_trivial,,1,-1876.00735034,0.902934955461,-2077.67717817
53,4,8,4.0,rgg3_k6_s0,rgg3_k6,no_trivial,0,1,-1649.51202565,0.793921232318,-2077.67717817
53,4,8,4.0,rgg3_k6_s1,rgg3_k6,no_trivial,1,1,-1622.7766107,0.781053297281,-2077.67717817
53,4,8,4.0,rgg3_k6_s2,rgg3_k6,no_trivial,2,1,-1648.71872353,0.793539410671,-2077.67717817
53,4,8,4.0,rgg3_k6_s3,rgg3_k6,no_trivial,3,1,-1656.49736645,0.797283323824,-2077.67717817
53,4,8,4.0,rgg3_k6_s4,rgg3_k6,no_trivial,4,1,-1632.07042804,0.785526474075,-2077.67717817
53,4,8,4.0,rgg3_k8_s0,rgg3_k8,no_trivial,0,0.944111881951,-1784.18513449,0.858740305392,-2077.67717817
53,4,8,4.0,rgg3_k8_s1,rgg3_k8,no_trivial,1,0.945713537587,-1778.78501064,0.856141189464,-2077.67717817
53,4,8,4.0,rgg3_k8_s2,rgg3_k8,no_trivial,2,0.954462944166,-1831.62378318,0.881572846073,-2077.67717817
53,4,8,4.0,rgg3_k8_s3,rgg3_k8,no_trivial,3,1,-1790.04327533,0.861559867979,-2077.67717817
53,4,8,4.0,rgg3_k8_s4,rgg3_k8,no_trivial,4,0.880310632528,-1776.65379508,0.855115421079,-2077.67717817
53,4,8,4.0,rgg3_k12_s0,rgg3_k12,no_trivial,0,0.678384662201,-1864.25709401,0.89727947806,-2077.67717817
53,4,8,4.0,rgg3_k12_s1,rgg3_k12,no_trivial,1,0.640273801266,-1801.19618986,0.866927840755,-2077.67717817
53,4,8,4.0,rgg3_k12_s2,rgg3_k12,no_trivial,2,0.622357213419,-1778.3456964,0.855929744567,-2077.67717817
53,4,8,4.0,rgg3_k12_s3,rgg3_k12,no_trivial,3,0.613689946095,-1778.00812162,0.855767267553,-2077.67717817
53,4,8,4.0,rgg3_k12_s4,rgg3_k12,no_trivial,4,0.666850656028,-1814.0422002,0.873110711931,-2077.67717817
53,4,8,4.0,rgg3_k16_s0,rgg3_k16,no_trivial,0,0.502977772106,-1821.38814026,0.876646362292,-2077.67717817
53,4,8,4.0,rgg3_k16_s1,rgg3_k16,no_trivial,1,0.490499652501,-1816.70276679,0.874391260526,-2077.67717817
53,4,8,4.0,rgg3_k16_s2,rgg3_k16,no_trivial,2,0.468350818051,-1761.49072559,0.847817333748,-2077.67717817
53,4,8,4.0,rgg3_k16_s3,rgg3_k16,no_trivial,3,0.474831670584,-1750.47815404,0.842516908994,-2077.67717817
53,4,8,4.0,rgg3_k16_s4,rgg3_k16,no_trivial,4,0.520457323336,-1835.62559003,0.883498942623,-2077.67717817
53,4,8,4.0,rr_k4_s0,rr_k4,no_trivial,0,1,-1217.45735471,0.585970413257,-2077.67717817
53,4,8,4.0,rr_k4_s1,rr_k4,no_trivial,1,1,-1214.49847162,0.584546282928,-2077.67717817
53,4,8,4.0,rr_k4_s2,rr_k4,no_trivial,2,1,-1213.01903008,0.583834217763,-2077.67717817
53,4,8,4.0,rr_k4_s3,rr_k4,no_trivial,3,1,-1220.12855572,0.587256080269,-2077.67717817
53,4,8,4.0,rr_k4_s4,rr_k4,no_trivial,4,1,-1215.97791317,0.585258348092,-2077.67717817
53,4,8,4.0,rr_k6_s0,rr_k6,no_trivial,0,1,-1452.32005397,0.699011410062,-2077.67717817
53,4,8,4.0,rr_k6_s1,rr_k6,no_trivial,1,1,-1453.79949551,0.699723475226,-2077.67717817
53,4,8,4.0,rr_k6_s2,rr_k6,no_trivial,2,1,-1445.4982104,0.695728010872,-2077.67717817
53,4,8,4.0,rr_k6_s3,rr_k6,no_trivial,3,1,-1449.07348881,0.697448816417,-2077.67717817
53,4,8,4.0,rr_k6_s4,rr_k6,no_trivial,4,1,-1450.84061243,0.698299344897,-2077.67717817
53,4,8,4.0,rr_k8_s0,rr_k8,no_trivial,0,0.871924658834,-1496.71469984,0.72037885171,-2077.67717817
53,4,8,4.0,rr_k8_s1,rr_k8,no_trivial,1,0.878568669773,-1506.53440078,0.725105139822,-2077.67717817
53,4,8,4.0,rr_k8_s2,rr_k8,no_trivial,2,0.868390320521,-1491.42960618,0.717835100587,-2077.67717817
53,4,8,4.0,rr_k8_s3,rr_k8,no_trivial,3,0.870278959279,-1494.3773317,0.719253860705,-2077.67717817
53,4,8,4.0,rr_k8_s4,rr_k8,no_trivial,4,0.866103663462,-1488.49293606,0.716421661506,-2077.67717817
53,4,8,4.0,rr_k12_s0,rr_k12,no_trivial,0,0.594396890092,-1516.80340192,0.730047679135,-2077.67717817
53,4,8,4.0,rr_k12_s1,rr_k12,no_trivial,1,0.594927823388,-1518.0372048,0.730641516761,-2077.67717817
53,4,8,4.0,rr_k12_s2,rr_k12,no_trivial,2,0.594308361955,-1516.28053643,0.72979602046,-2077.67717817
53,4,8,4.0,rr_k12_s3,rr_k12,no_trivial,3,0.596045034298,-1519.88744202,0.731532048378,-2077.67717817
53,4,8,4.0,rr_k12_s4,rr_k12,no_trivial,4,0.597623214085,-1523.4496728,0.733246574011,-2077.67717817
53,4,8,4.0,rr_k16_s0,rr_k16,no_trivial,0,0.451015761993,-1526.80409877,0.734861081795,-2077.67717817
53,4,8,4.0,rr_k16_s1,rr_k16,no_trivial,1,0.454614810183,-1535.94079876,0.739258636951,-2077.67717817
53,4,8,4.0,rr_k16_s2,rr_k16,no_trivial,2,0.450312259637,-1524.43000213,0.733718413114,-2077.67717817
53,4,8,4.0,rr_k16_s3,rr_k16,no_trivial,3,0.449101043647,-1521.72684333,0.732417364602,-2077.67717817
53,4,8,4.0,rr_k16_s4,rr_k16,no_trivial,4,0.451543481903,-1527.9115374,0.735394099457,-2077.67717817
53,4,8,4.0,er_k4_s0,er_k4,no_trivial,0,1,-1088.06497176,0.523692989072,-2077.67717817
53,4,8,4.0,er_k4_s1,er_k4,no_trivial,1,1,-1104.57390678,0.531638850533,-2077.67717817
53,4,8,4.0,er_k4_s2,er_k4,no_trivial,2,1,-1119.37102602,0.538760803544,-2077.67717817
53,4,8,4.0,er_k4_s3,er_k4,no_trivial,3,1,-1091.46549155,0.525329682117,-2077.67717817
53,4,8,4.0,er_k4_s4,er_k4,no_trivial,4,1,-1088.75787494,0.52402648803,-2077.67717817
53,4,8,4.0,er_k6_s0,er_k6,no_trivial,0,0.992702821507,-1282.29265254,0.617176078178,-2077.67717817
53,4,8,4.0,er_k6_s1,er_k6,no_trivial,1,0.990786540693,-1278.58439028,0.615391266609,-2077.67717817
53,4,8,4.0,er_k6_s2,er_k6,no_trivial,2,0.971258294819,-1253.82374818,0.603473803031,-2077.67717817
53,4,8,4.0,er_k6_s3,er_k6,no_trivial,3,1,-1306.13895012,0.628653461589,-2077.67717817
53,4,8,4.0,er_k6_s4,er_k6,no_trivial,4,1,-1304.1947601,0.627717709855,-2077.67717817
53,4,8,4.0,er_k8_s0,er_k8,no_trivial,0,0.775350106103,-1328.29142457,0.639315596535,-2077.67717817
53,4,8,4.0,er_k8_s1,er_k8,no_trivial,1,0.775998873767,-1326.24081242,0.638328623116,-2077.67717817
53,4,8,4.0,er_k8_s2,er_k8,no_trivial,2,0.800668195341,-1370.79680905,0.659773723969,-2077.67717817
53,4,8,4.0,er_k8_s3,er_k8,no_trivial,3,0.779567955604,-1334.69445127,0.642397416354,-2077.67717817
53,4,8,4.0,er_k8_s4,er_k8,no_trivial,4,0.793944470802,-1359.874609,0.654516795625,-2077.67717817
53,4,8,4.0,er_k12_s0,er_k12,no_trivial,0,0.558489146097,-1424.03075964,0.685395582433,-2077.67717817
53,4,8,4.0,er_k12_s1,er_k12,no_trivial,1,0.553038314283,-1408.14160647,0.677748026144,-2077.67717817
53,4,8,4.0,er_k12_s2,er_k12,no_trivial,2,0.55919354344,-1423.70222755,0.685237457727,-2077.67717817
53,4,8,4.0,er_k12_s3,er_k12,no_trivial,3,0.554682049524,-1411.34115842,0.679287992019,-2077.67717817
53,4,8,4.0,er_k12_s4,er_k12,no_trivial,4,0.554164504871,-1410.615562,0.67893875758,-2077.67717817
53,4,8,4.0,er_k16_s0,er_k16,no_trivial,0,0.432935634689,-1463.45789604,0.704372128365,-2077.67717817
53,4,8,4.0,er_k16_s1,er_k16,no_trivial,1,0.427924820918,-1445.3750299,0.695668723269,-2077.67717817
53,4,8,4.0,er_k16_s2,er_k16,no_trivial,2,0.429055180145,-1449.67328448,0.697737502105,-2077.67717817
53,4,8,4.0,er_k16_s3,er_k16,no_trivial,3,0.435079279696,-1468.78910435,0.706938074779,-2077.67717817
53,4,8,4.0,er_k16_s4,er_k16,no_trivial,4,0.432705072914,-1462.08860453,0.70371307915,-2077.67717817
54,4,12,0.25,vacio,vacio,trivial,,0,0,-0,-686.515767257
54,4,12,0.25,clique_binaria_s2,clique_binaria,trivial,,1,-22.232529394,0.0323845867122,-686.515767257
54,4,12,0.25,clique_difusa_s2,clique_difusa,trivial,,1,-22.232529394,0.0323845867122,-686.515767257
54,4,12,0.25,clique_binaria_s3,clique_binaria,trivial,,1,-141.449908577,0.206040291168,-686.515767257
54,4,12,0.25,clique_difusa_s3,clique_difusa,trivial,,1,-141.449908577,0.206040291168,-686.515767257
54,4,12,0.25,clique_binaria_s4,clique_binaria,trivial,,1,-264.443146075,0.385196027079,-686.515767257
54,4,12,0.25,clique_difusa_s4,clique_difusa,trivial,,1,-264.443146075,0.385196027079,-686.515767257
54,4,12,0.25,clique_binaria_s6,clique_binaria,trivial,,1,-452.909707566,0.659722222222,-686.515767257
54,4,12,0.25,clique_difusa_s6,clique_difusa,trivial,,1,-452.909707566,0.659722222222,-686.515767257
54,4,12,0.25,clique_binaria_s8,clique_binaria,trivial,,1,-519.302012994,0.756431298102,-686.515767257
54,4,12,0.25,clique_difusa_s8,clique_difusa,trivial,,0.942289783547,-525.898524129,0.766039979286,-686.515767257
54,4,12,0.25,clique_binaria_s9,clique_binaria,trivial,,1,-497.91937323,0.725284686788,-686.515767257
54,4,12,0.25,clique_difusa_s9,clique_difusa,trivial,,0.866194128375,-543.786374718,0.792095973106,-686.515767257
54,4,12,0.25,clique_binaria_s12,clique_binaria,trivial,,1,-192.835640764,0.280890330508,-686.515767257
54,4,12,0.25,clique_difusa_s12,clique_difusa,trivial,,0.710531041845,-586.734870379,0.854656073994,-686.515767257
54,4,12,0.25,clique_binaria_s18,clique_binaria,trivial,,1,1592.21930543,-2.3192756545,-686.515767257
54,4,12,0.25,clique_difusa_s18,clique_difusa,trivial,,0.542773081532,-640.582559182,0.93309227513,-686.515767257
54,4,12,0.25,clique_binaria_s24,clique_binaria,trivial,,1,5042.02431818,-7.34436783342,-686.515767257
54,4,12,0.25,clique_difusa_s24,clique_difusa,trivial,,0.44923129344,-669.177546006,0.974744613193,-686.515767257
54,4,12,0.25,clique_binaria_s27,clique_binaria,trivial,,1,7412.07505086,-10.7966566893,-686.515767257
54,4,12,0.25,clique_difusa_s27,clique_difusa,trivial,,0.415621185238,-677.448655889,0.986792566462,-686.515767257
54,4,12,0.25,clique_binaria_s36,clique_binaria,trivial,,1,17159.9358199,-24.9956907595,-686.515767257
54,4,12,0.25,clique_difusa_s36,clique_difusa,trivial,,0.342956166483,-686.515686276,0.999999882041,-686.515767257
54,4,12,0.25,clique_binaria_s54,clique_binaria,trivial,,1,48764.474019,-71.0318340011,-686.515767257
54,4,12,0.25,clique_difusa_s54,clique_difusa,trivial,,0.259082732577,-663.956387329,0.967139312738,-686.515767257
54,4,12,0.25,clique_binaria_s72,clique_binaria,trivial,,1,96781.5900275,-140.975043318,-686.515767257
54,4,12,0.25,clique_difusa_s72,clique_difusa,trivial,,0.209992658869,-615.506025027,0.896565023534,-686.515767257
54,4,12,0.25,clique_binaria_s108,clique_binaria,trivial,,1,242681.760957,-353.497723623,-686.515767257
54,4,12,0.25,clique_difusa_s108,clique_difusa,trivial,,0.152207301996,-492.42535193,0.717281926236,-686.515767257
54,4,12,0.25,clique_binaria_s216,clique_binaria,trivial,,1,1083681.11375,-1578.52326987,-686.515767257
54,4,12,0.25,clique_difusa_s216,clique_difusa,trivial,,0.0736930294618,-152.755474218,0.222508326107,-686.515767257
54,4,12,0.25,bipartita,bipartita,trivial,,0.0262193541044,-38.2278182843,0.055683816902,-686.515767257
54,4,12,0.25,uniforme,uniforme,trivial,,0.0736930294618,-152.755474218,0.222508326107,-686.515767257
54,4,12,0.25,t3,t3,no_trivial,,0.47194837388,-38.2278182843,0.055683816902,-686.515767257
54,4,12,0.25,tree,tree,no_trivial,,1,-29.5595009994,0.043057279103,-686.515767257
54,4,12,0.25,ring_k6,ring,no_trivial,,1,-485.949483626,0.707848977114,-686.515767257
54,4,12,0.25,ws_k6_b0.1,ws,no_trivial,,1,-392.657516238,0.571957025557,-686.515767257
54,4,12,0.25,tri_torus_12x18,tri_torus,no_trivial,,1,-443.071821243,0.645392054159,-686.515767257
54,4,12,0.25,rgg3_k6_s0,rgg3_k6,no_trivial,0,1,-367.871494411,0.535852943161,-686.515767257
54,4,12,0.25,rgg3_k6_s1,rgg3_k6,no_trivial,1,1,-383.790541387,0.559041117031,-686.515767257
54,4,12,0.25,rgg3_k6_s2,rgg3_k6,no_trivial,2,1,-371.849723871,0.541647754656,-686.515767257
54,4,12,0.25,rgg3_k6_s3,rgg3_k6,no_trivial,3,1,-390.966944182,0.569494486257,-686.515767257
54,4,12,0.25,rgg3_k6_s4,rgg3_k6,no_trivial,4,1,-362.40707542,0.527893302244,-686.515767257
54,4,12,0.25,rgg3_k8_s0,rgg3_k8,no_trivial,0,1,-459.218389653,0.668911642754,-686.515767257
54,4,12,0.25,rgg3_k8_s1,rgg3_k8,no_trivial,1,1,-473.004874724,0.688993461307,-686.515767257
54,4,12,0.25,rgg3_k8_s2,rgg3_k8,no_trivial,2,1,-493.359343522,0.71864240714,-686.515767257
54,4,12,0.25,rgg3_k8_s3,rgg3_k8,no_trivial,3,1,-449.597563423,0.654897651105,-686.515767257
54,4,12,0.25,rgg3_k8_s4,rgg3_k8,no_trivial,4,1,-491.740584683,0.716284473185,-686.515767257
54,4,12,0.25,rgg3_k12_s0,rgg3_k12,no_trivial,0,0.854120135611,-560.215947361,0.816027794378,-686.515767257
54,4,12,0.25,rgg3_k12_s1,rgg3_k12,no_trivial,1,0.823516409847,-535.630907165,0.780216468014,-686.515767257
54,4,12,0.25,rgg3_k12_s2,rgg3_k12,no_trivial,2,0.793978811596,-525.637453351,0.765659695554,-686.515767257
54,4,12,0.25,rgg3_k12_s3,rgg3_k12,no_trivial,3,0.786025803907,-526.439990519,0.766828695897,-686.515767257
54,4,12,0.25,rgg3_k12_s4,rgg3_k12,no_trivial,4,0.851215300727,-548.248528782,0.798595684077,-686.515767257
54,4,12,0.25,rgg3_k16_s0,rgg3_k16,no_trivial,0,0.702748277426,-580.38466937,0.845406175722,-686.515767257
54,4,12,0.25,rgg3_k16_s1,rgg3_k16,no_trivial,1,0.680413744835,-571.858668593,0.832986940529,-686.515767257
54,4,12,0.25,rgg3_k16_s2,rgg3_k16,no_trivial,2,0.643105823178,-538.305468485,0.784112316364,-686.515767257
54,4,12,0.25,rgg3_k16_s3,rgg3_k16,no_trivial,3,0.654342012975,-534.328639791,0.778319545268,-686.515767257
54,4,12,0.25,rgg3_k16_s4,rgg3_k16,no_trivial,4,0.721972504826,-586.336277726,0.854075471665,-686.515767257
54,4,12,0.25,rr_k4_s0,rr_k4,no_trivial,0,0.815209502381,-42.8767007134,0.0624555221575,-686.515767257
54,4,12,0.25,rr_k4_s1,rr_k4,no_trivial,1,0.775674607234,-41.1421421397,0.0599289107431,-686.515767257
54,4,12,0.25,rr_k4_s2,rr_k4,no_trivial,2,0.757373771978,-40.3496615434,0.0587745591111,-686.515767257
54,4,12,0.25,rr_k4_s3,rr_k4,no_trivial,3,0.853255949628,-44.6694797237,0.0650669392521,-686.515767257
54,4,12,0.25,rr_k4_s4,rr_k4,no_trivial,4,0.794944731523,-41.983173107,0.0611539823401,-686.515767257
54,4,12,0.25,rr_k6_s0,rr_k6,no_trivial,0,0.571724022743,-43.9068453729,0.0639560625801,-686.515767257
54,4,12,0.25,rr_k6_s1,rr_k6,no_trivial,1,0.578594325253,-44.2857776857,0.0645080270518,-686.515767257
54,4,12,0.25,rr_k6_s2,rr_k6,no_trivial,2,0.542174101247,-42.2344048791,0.0615199342731,-686.515767257
54,4,12,0.25,rr_k6_s3,rr_k6,no_trivial,3,0.55775208032,-43.1512087024,0.0628553789446,-686.515767257
54,4,12,0.25,rr_k6_s4,rr_k6,no_trivial,4,0.565080747799,-43.539657782,0.0634212058318,-686.515767257
54,4,12,0.25,rr_k8_s0,rr_k8,no_trivial,0,0.483496743221,-47.1272999635,0.0686470758739,-686.515767257
54,4,12,0.25,rr_k8_s1,rr_k8,no_trivial,1,0.521902306674,-49.491946561,0.0720914929,-686.515767257
54,4,12,0.25,rr_k8_s2,rr_k8,no_trivial,2,0.465842390278,-46.0069899169,0.0670151977728,-686.515767257
54,4,12,0.25,rr_k8_s3,rr_k8,no_trivial,3,0.475706853337,-46.6469364948,0.067947363658,-686.515767257
54,4,12,0.25,rr_k8_s4,rr_k8,no_trivial,4,0.45779973818,-45.5275602985,0.0663168458321,-686.515767257
54,4,12,0.25,rr_k12_s0,rr_k12,no_trivial,0,0.37030436093,-50.3199678245,0.073297614162,-686.515767257
54,4,12,0.25,rr_k12_s1,rr_k12,no_trivial,1,0.37547970639,-50.7196266924,0.0738797695719,-686.515767257
54,4,12,0.25,rr_k12_s2,rr_k12,no_trivial,2,0.367730816444,-50.0824276066,0.0729516057682,-686.515767257
54,4,12,0.25,rr_k12_s3,rr_k12,no_trivial,3,0.382701749708,-51.1700323248,0.0745358442812,-686.515767257
54,4,12,0.25,rr_k12_s4,rr_k12,no_trivial,4,0.400091636625,-52.4400211013,0.0763857490277,-686.515767257
54,4,12,0.25,rr_k16_s0,rr_k16,no_trivial,0,0.31039314014,-52.5460789451,0.0765402361479,-686.515767257
54,4,12,0.25,rr_k16_s1,rr_k16,no_trivial,1,0.37455285118,-56.7373956174,0.0826454370365,-686.515767257
54,4,12,0.25,rr_k16_s2,rr_k16,no_trivial,2,0.298980062181,-51.5654519899,0.0751118247378,-686.515767257
54,4,12,0.25,rr_k16_s3,rr_k16,no_trivial,3,0.288923296477,-50.815898201,0.0740200016149,-686.515767257
54,4,12,0.25,rr_k16_s4,rr_k16,no_trivial,4,0.315753900249,-52.8901368363,0.0770414014636,-686.515767257
54,4,12,0.25,er_k4_s0,er_k4,no_trivial,0,0.710102116628,-36.2665430807,0.0528269630653,-686.515767257
54,4,12,0.25,er_k4_s1,er_k4,no_trivial,1,0.750022169538,-38.1438267909,0.0555614723071,-686.515767257
54,4,12,0.25,er_k4_s2,er_k4,no_trivial,2,0.718929130398,-37.0808650742,0.0540131295488,-686.515767257
54,4,12,0.25,er_k4_s3,er_k4,no_trivial,3,0.663029218982,-34.509945694,0.0502682492375,-686.515767257
54,4,12,0.25,er_k4_s4,er_k4,no_trivial,4,0.652112043439,-33.9828087242,0.0495004053002,-686.515767257
54,4,12,0.25,er_k6_s0,er_k6,no_trivial,0,0.537597871199,-40.0082205412,0.0582772056365,-686.515767257
54,4,12,0.25,er_k6_s1,er_k6,no_trivial,1,0.565303130246,-41.2375565958,0.060067894377,-686.515767257
54,4,12,0.25,er_k6_s2,er_k6,no_trivial,2,0.534552953851,-39.5014588662,0.0575390409809,-686.515767257
54,4,12,0.25,er_k6_s3,er_k6,no_trivial,3,0.584450017053,-42.5574055131,0.0619904269396,-686.515767257
54,4,12,0.25,er_k6_s4,er_k6,no_trivial,4,0.533401177907,-40.0069441633,0.0582753464252,-686.515767257
54,4,12,0.25,er_k8_s0,er_k8,no_trivial,0,0.444257386943,-42.5668238676,0.0620041460048,-686.515767257
54,4,12,0.25,er_k8_s1,er_k8,no_trivial,1,0.511717277891,-46.1865613683,0.0672767670768,-686.515767257
54,4,12,0.25,er_k8_s2,er_k8,no_trivial,2,0.481943925649,-45.263254482,0.0659318498434,-686.515767257
54,4,12,0.25,er_k8_s3,er_k8,no_trivial,3,0.499820522597,-45.9629323327,0.0669510221395,-686.515767257
54,4,12,0.25,er_k8_s4,er_k8,no_trivial,4,0.495777780244,-46.0924184869,0.0671396356577,-686.515767257
54,4,12,0.25,er_k12_s0,er_k12,no_trivial,0,0.350685680049,-47.3604708049,0.0689867196993,-686.515767257
54,4,12,0.25,er_k12_s1,er_k12,no_trivial,1,0.384904785618,-49.3132464195,0.0718311927729,-686.515767257
54,4,12,0.25,er_k12_s2,er_k12,no_trivial,2,0.417878103637,-51.8337110839,0.075502579192,-686.515767257
54,4,12,0.25,er_k12_s3,er_k12,no_trivial,3,0.408253583484,-50.7527228232,0.0739279784148,-686.515767257
54,4,12,0.25,er_k12_s4,er_k12,no_trivial,4,0.402590611591,-50.4860136678,0.0735394816488,-686.515767257
54,4,12,0.25,er_k16_s0,er_k16,no_trivial,0,0.340722455464,-53.1947566585,0.0774851200738,-686.515767257
54,4,12,0.25,er_k16_s1,er_k16,no_trivial,1,0.366755645346,-54.2087250412,0.0789620976337,-686.515767257
54,4,12,0.25,er_k16_s2,er_k16,no_trivial,2,0.344670015282,-52.9918533199,0.0771895648247,-686.515767257
54,4,12,0.25,er_k16_s3,er_k16,no_trivial,3,0.403533079816,-56.750144396,0.0826640072998,-686.515767257
54,4,12,0.25,er_k16_s4,er_k16,no_trivial,4,0.359997949899,-54.3149514685,0.0791168303176,-686.515767257
55,4,12,1.0,vacio,vacio,trivial,,0,0,-0,-1172.51576726
55,4,12,1.0,clique_binaria_s2,clique_binaria,trivial,,1,-99.857529394,0.0851651911067,-1172.51576726
55,4,12,1.0,clique_difusa_s2,clique_difusa,trivial,,1,-99.857529394,0.0851651911067,-1172.51576726
55,4,12,1.0,clique_binaria_s3,clique_binaria,trivial,,1,-289.949908577,0.247288707473,-1172.51576726
55,4,12,1.0,clique_difusa_s3,clique_difusa,trivial,,1,-289.949908577,0.247288707473,-1172.51576726
55,4,12,1.0,clique_binaria_s4,clique_binaria,trivial,,1,-477.068146075,0.406875676556,-1172.51576726
55,4,12,1.0,clique_difusa_s4,clique_difusa,trivial,,1,-477.068146075,0.406875676556,-1172.51576726
55,4,12,1.0,clique_binaria_s6,clique_binaria,trivial,,1,-773.534707566,0.659722222222,-1172.51576726
55,4,12,1.0,clique_difusa_s6,clique_difusa,trivial,,1,-773.534707566,0.659722222222,-1172.51576726
55,4,12,1.0,clique_binaria_s8,clique_binaria,trivial,,1,-920.927012994,0.785428254964,-1172.51576726
55,4,12,1.0,clique_difusa_s8,clique_difusa,trivial,,1,-920.927012994,0.785428254964,-1172.51576726
55,4,12,1.0,clique_binaria_s9,clique_binaria,trivial,,1,-929.91937323,0.793097542224,-1172.51576726
55,4,12,1.0,clique_difusa_s9,clique_difusa,trivial,,0.91718208298,-950.106549438,0.81031451855,-1172.51576726
55,4,12,1.0,clique_binaria_s12,clique_binaria,trivial,,1,-675.460640764,0.576078087499,-1172.51576726
55,4,12,1.0,clique_difusa_s12,clique_difusa,trivial,,0.746090042764,-1019.24541268,0.869280773139,-1172.51576726
55,4,12,1.0,clique_binaria_s18,clique_binaria,trivial,,1,1190.59430543,-1.01541858854,-1172.51576726
55,4,12,1.0,clique_difusa_s18,clique_difusa,trivial,,0.56173755271,-1103.67843958,0.941290915146,-1172.51576726
55,4,12,1.0,clique_binaria_s24,clique_binaria,trivial,,1,4964.39931818,-4.23397233267,-1172.51576726
55,4,12,1.0,clique_difusa_s24,clique_difusa,trivial,,0.45911424438,-1147.07811969,0.978305069941,-1172.51576726
55,4,12,1.0,clique_binaria_s27,clique_binaria,trivial,,1,7587.57505086,-6.47119233937,-1172.51576726
55,4,12,1.0,clique_difusa_s27,clique_difusa,trivial,,0.422308061305,-1159.34192039,0.988764460798,-1172.51576726
55,4,12,1.0,clique_binaria_s36,clique_binaria,trivial,,1,18459.3108199,-15.7433369643,-1172.51576726
55,4,12,1.0,clique_difusa_s36,clique_difusa,trivial,,0.342939161732,-1172.5156527,0.999999902296,-1172.51576726
55,4,12,1.0,clique_binaria_s54,clique_binaria,trivial,,1,53951.849019,-46.013751393,-1172.51576726
55,4,12,1.0,clique_difusa_s54,clique_difusa,trivial,,0.251933846081,-1142.03614814,0.974004938808,-1172.51576726
55,4,12,1.0,clique_binaria_s72,clique_binaria,trivial,,1,108043.965027,-92.147131872,-1172.51576726
55,4,12,1.0,clique_difusa_s72,clique_difusa,trivial,,0.199229717939,-1080.33068758,0.92137838803,-1172.51576726
55,4,12,1.0,clique_binaria_s108,clique_binaria,trivial,,1,272655.135957,-232.538566705,-1172.51576726
55,4,12,1.0,clique_difusa_s108,clique_difusa,trivial,,0.138258902484,-937.427607382,0.799501067329,-1172.51576726
55,4,12,1.0,clique_binaria_s216,clique_binaria,trivial,,1,1222275.48875,-1042.43842418,-1172.51576726
55,4,12,1.0,clique_difusa_s216,clique_difusa,trivial,,0.0619660304589,-620.136192931,0.528893691879,-1172.51576726
55,4,12,1.0,bipartita,bipartita,trivial,,0.0614064237007,-358.122263023,0.305430658609,-1172.51576726
55,4,12,1.0,uniforme,uniforme,trivial,,0.0619660304589,-620.136192931,0.528893691879,-1172.51576726
55,4,12,1.0,t3,t3,no_trivial,,1,-354.871058186,0.302657813307,-1172.51576726
55,4,12,1.0,tree,tree,no_trivial,,1,-173.684500999,0.148129778592,-1172.51576726
55,4,12,1.0,ring_k6,ring,no_trivial,,1,-850.449483626,0.725320296217,-1172.51576726
55,4,12,1.0,ws_k6_b0.1,ws,no_trivial,,1,-754.907516238,0.643835705514,-1172.51576726
55,4,12,1.0,tri_torus_12x18,tri_torus,no_trivial,,1,-807.571821243,0.688751353111,-1172.51576726
55,4,12,1.0,rgg3_k6_s0,rgg3_k6,no_trivial,0,1,-709.246494411,0.604892927001,-1172.51576726
55,4,12,1.0,rgg3_k6_s1,rgg3_k6,no_trivial,1,1,-731.103041387,0.62353365456,-1172.51576726
55,4,12,1.0,rgg3_k6_s2,rgg3_k6,no_trivial,2,1,-710.005973871,0.605540661966,-1172.51576726
55,4,12,1.0,rgg3_k6_s3,rgg3_k6,no_trivial,3,1,-740.341944182,0.631413209831,-1172.51576726
55,4,12,1.0,rgg3_k6_s4,rgg3_k6,no_trivial,4,1,-695.87582542,0.593489524706,-1172.51576726
55,4,12,1.0,rgg3_k8_s0,rgg3_k8,no_trivial,0,1,-862.499639653,0.735597476587,-1172.51576726
55,4,12,1.0,rgg3_k8_s1,rgg3_k8,no_trivial,1,1,-873.723624724,0.745170043016,-1172.51576726
55,4,12,1.0,rgg3_k8_s2,rgg3_k8,no_trivial,2,1,-902.140593522,0.769405937825,-1172.51576726
55,4,12,1.0,rgg3_k8_s3,rgg3_k8,no_trivial,3,1,-842.972563423,0.718943477745,-1172.51576726
55,4,12,1.0,rgg3_k8_s4,rgg3_k8,no_trivial,4,1,-903.803084683,0.770823821668,-1172.51576726
55,4,12,1.0,rgg3_k12_s0,rgg3_k12,no_trivial,0,0.872220553063,-1015.45077617,0.866044452898,-1172.51576726
55,4,12,1.0,rgg3_k12_s1,rgg3_k12,no_trivial,1,0.838499053536,-982.33631596,0.837802222701,-1172.51576726
55,4,12,1.0,rgg3_k12_s2,rgg3_k12,no_trivial,2,0.809708123193,-965.299811277,0.823272350132,-1172.51576726
55,4,12,1.0,rgg3_k12_s3,rgg3_k12,no_trivial,3,0.801033069752,-966.820757731,0.824569515166,-1172.51576726
55,4,12,1.0,rgg3_k12_s4,rgg3_k12,no_trivial,4,0.86714958164,-994.268637912,0.847978906277,-1172.51576726
55,4,12,1.0,rgg3_k16_s0,rgg3_k16,no_trivial,0,0.703315321165,-1043.00585389,0.889545269254,-1172.51576726
55,4,12,1.0,rgg3_k16_s1,rgg3_k16,no_trivial,1,0.682162643439,-1033.23754422,0.881214200331,-1172.51576726
55,4,12,1.0,rgg3_k16_s2,rgg3_k16,no_trivial,2,0.646660682157,-986.876115858,0.841674068202,-1172.51576726
55,4,12,1.0,rgg3_k16_s3,rgg3_k16,no_trivial,3,0.657548366499,-980.924556134,0.836598179339,-1172.51576726
55,4,12,1.0,rgg3_k16_s4,rgg3_k16,no_trivial,4,0.723457962447,-1050.84246394,0.896228855324,-1172.51576726
55,4,12,1.0,rr_k4_s0,rr_k4,no_trivial,0,1,-310.597119555,0.264898032272,-1172.51576726
55,4,12,1.0,rr_k4_s1,rr_k4,no_trivial,1,1,-307.638236471,0.262374498546,-1172.51576726
55,4,12,1.0,rr_k4_s2,rr_k4,no_trivial,2,1,-306.15879493,0.261112731683,-1172.51576726
55,4,12,1.0,rr_k4_s3,rr_k4,no_trivial,3,1,-313.268320566,0.267176211454,-1172.51576726
55,4,12,1.0,rr_k4_s4,rr_k4,no_trivial,4,1,-309.117678013,0.263636265409,-1172.51576726
55,4,12,1.0,rr_k6_s0,rr_k6,no_trivial,0,1,-383.884524874,0.32740244148,-1172.51576726
55,4,12,1.0,rr_k6_s1,rr_k6,no_trivial,1,1,-385.363966416,0.328664208344,-1172.51576726
55,4,12,1.0,rr_k6_s2,rr_k6,no_trivial,2,1,-377.062681311,0.321584316254,-1172.51576726
55,4,12,1.0,rr_k6_s3,rr_k6,no_trivial,3,1,-380.637959719,0.324633553209,-1172.51576726
55,4,12,1.0,rr_k6_s4,rr_k6,no_trivial,4,1,-382.405083333,0.326140674617,-1172.51576726
55,4,12,1.0,rr_k8_s0,rr_k8,no_trivial,0,1,-428.483870923,0.365439751761,-1172.51576726
55,4,12,1.0,rr_k8_s1,rr_k8,no_trivial,1,1,-441.798844798,0.37679565353,-1172.51576726
55,4,12,1.0,rr_k8_s2,rr_k8,no_trivial,2,0.991696551129,-421.288492142,0.359303050676,-1172.51576726
55,4,12,1.0,rr_k8_s3,rr_k8,no_trivial,3,1,-425.237305767,0.36267086349,-1172.51576726
55,4,12,1.0,rr_k8_s4,rr_k8,no_trivial,4,0.980025029614,-417.163997096,0.355785404977,-1172.51576726
55,4,12,1.0,rr_k12_s0,rr_k12,no_trivial,0,0.764412916578,-467.003929444,0.398292238352,-1172.51576726
55,4,12,1.0,rr_k12_s1,rr_k12,no_trivial,1,0.767289194291,-469.061304931,0.400046906003,-1172.51576726
55,4,12,1.0,rr_k12_s2,rr_k12,no_trivial,2,0.765051068214,-466.495311766,0.397858455121,-1172.51576726
55,4,12,1.0,rr_k12_s3,rr_k12,no_trivial,3,0.776163472309,-473.082117261,0.403476124135,-1172.51576726
55,4,12,1.0,rr_k12_s4,rr_k12,no_trivial,4,0.785138077645,-479.322697391,0.408798508963,-1172.51576726
55,4,12,1.0,rr_k16_s0,rr_k16,no_trivial,0,0.627039264852,-494.148563766,0.421443001079,-1172.51576726
55,4,12,1.0,rr_k16_s1,rr_k16,no_trivial,1,0.657799829392,-516.066879764,0.440136409399,-1172.51576726
55,4,12,1.0,rr_k16_s2,rr_k16,no_trivial,2,0.62425819672,-490.130144315,0.418015823755,-1172.51576726
55,4,12,1.0,rr_k16_s3,rr_k16,no_trivial,3,0.612146219994,-483.255571625,0.412152727596,-1172.51576726
55,4,12,1.0,rr_k16_s4,rr_k16,no_trivial,4,0.632711289041,-497.268583074,0.424103962573,-1172.51576726
55,4,12,1.0,er_k4_s0,er_k4,no_trivial,0,1,-285.470773141,0.24346860069,-1172.51576726
55,4,12,1.0,er_k4_s1,er_k4,no_trivial,1,1,-290.719877,0.247945388129,-1172.51576726
55,4,12,1.0,er_k4_s2,er_k4,no_trivial,2,1,-290.428822484,0.247697157338,-1172.51576726
55,4,12,1.0,er_k4_s3,er_k4,no_trivial,3,1,-281.890197611,0.240414845994,-1172.51576726
55,4,12,1.0,er_k4_s4,er_k4,no_trivial,4,1,-280.533760736,0.239257985752,-1172.51576726
55,4,12,1.0,er_k6_s0,er_k6,no_trivial,0,1,-355.660550894,0.303331145581,-1172.51576726
55,4,12,1.0,er_k6_s1,er_k6,no_trivial,1,1,-360.69278614,0.307622972938,-1172.51576726
55,4,12,1.0,er_k6_s2,er_k6,no_trivial,2,1,-351.367149855,0.299669445535,-1172.51576726
55,4,12,1.0,er_k6_s3,er_k6,no_trivial,3,1,-367.416675978,0.313357556664,-1172.51576726
55,4,12,1.0,er_k6_s4,er_k6,no_trivial,4,1,-357.815800769,0.305169287067,-1172.51576726
55,4,12,1.0,er_k8_s0,er_k8,no_trivial,0,0.918623325953,-387.328525999,0.330339716373,-1172.51576726
55,4,12,1.0,er_k8_s1,er_k8,no_trivial,1,0.963520063189,-405.883765562,0.346164867796,-1172.51576726
55,4,12,1.0,er_k8_s2,er_k8,no_trivial,2,0.963787516977,-406.702060612,0.346862764638,-1172.51576726
55,4,12,1.0,er_k8_s3,er_k8,no_trivial,3,0.950411609292,-403.006484818,0.343710930012,-1172.51576726
55,4,12,1.0,er_k8_s4,er_k8,no_trivial,4,0.960090250605,-407.085048293,0.347189402191,-1172.51576726
55,4,12,1.0,er_k12_s0,er_k12,no_trivial,0,0.725919344117,-441.124248583,0.376220312683,-1172.51576726
55,4,12,1.0,er_k12_s1,er_k12,no_trivial,1,0.740424205793,-449.294277145,0.383188260398,-1172.51576726
55,4,12,1.0,er_k12_s2,er_k12,no_trivial,2,0.754483601026,-460.37349498,0.392637359629,-1172.51576726
55,4,12,1.0,er_k12_s3,er_k12,no_trivial,3,0.752399973784,-456.429024349,0.389273250812,-1172.51576726
55,4,12,1.0,er_k12_s4,er_k12,no_trivial,4,0.747240997109,-454.247177303,0.387412425477,-1172.51576726
55,4,12,1.0,er_k16_s0,er_k16,no_trivial,0,0.620519532043,-487.632548451,0.415885706673,-1172.51576726
55,4,12,1.0,er_k16_s1,er_k16,no_trivial,1,0.623201347998,-488.583699841,0.416696912302,-1172.51576726
55,4,12,1.0,er_k16_s2,er_k16,no_trivial,2,0.620107443256,-485.609084238,0.414159960828,-1172.51576726
55,4,12,1.0,er_k16_s3,er_k16,no_trivial,3,0.639885749201,-501.654317743,0.427844410925,-1172.51576726
55,4,12,1.0,er_k16_s4,er_k16,no_trivial,4,0.625472644544,-491.536340437,0.419215122017,-1172.51576726
56,4,12,4.0,vacio,vacio,trivial,,0,0,-0,-3116.51576726
56,4,12,4.0,clique_binaria_s2,clique_binaria,trivial,,1,-410.357529394,0.1316718926,-3116.51576726
56,4,12,4.0,clique_difusa_s2,clique_difusa,trivial,,1,-410.357529394,0.1316718926,-3116.51576726
56,4,12,4.0,clique_binaria_s3,clique_binaria,trivial,,1,-883.949908577,0.283634024209,-3116.51576726
56,4,12,4.0,clique_difusa_s3,clique_difusa,trivial,,1,-883.949908577,0.283634024209,-3116.51576726
56,4,12,4.0,clique_binaria_s4,clique_binaria,trivial,,1,-1327.56814607,0.425978318487,-3116.51576726
56,4,12,4.0,clique_difusa_s4,clique_difusa,trivial,,1,-1327.56814607,0.425978318487,-3116.51576726
56,4,12,4.0,clique_binaria_s6,clique_binaria,trivial,,1,-2056.03470757,0.659722222222,-3116.51576726
56,4,12,4.0,clique_difusa_s6,clique_difusa,trivial,,1,-2056.03470757,0.659722222222,-3116.51576726
56,4,12,4.0,clique_binaria_s8,clique_binaria,trivial,,1,-2527.42701299,0.810978413633,-3116.51576726
56,4,12,4.0,clique_difusa_s8,clique_difusa,trivial,,1,-2527.42701299,0.810978413633,-3116.51576726
56,4,12,4.0,clique_binaria_s9,clique_binaria,trivial,,1,-2657.91937323,0.852849647403,-3116.51576726
56,4,12,4.0,clique_difusa_s9,clique_difusa,trivial,,1,-2657.91937323,0.852849647403,-3116.51576726
56,4,12,4.0,clique_binaria_s12,clique_binaria,trivial,,1,-2605.96064076,0.836177589134,-3116.51576726
56,4,12,4.0,clique_difusa_s12,clique_difusa,trivial,,0.831649488277,-2818.19924804,0.904278835245,-3116.51576726
56,4,12,4.0,clique_binaria_s18,clique_binaria,trivial,,1,-415.905694567,0.133452138743,-3116.51576726
56,4,12,4.0,clique_difusa_s18,clique_difusa,trivial,,0.604834579615,-2991.17316262,0.959781174234,-3116.51576726
56,4,12,4.0,clique_binaria_s24,clique_binaria,trivial,,1,4653.89931818,-1.49330202885,-3116.51576726
56,4,12,4.0,clique_difusa_s24,clique_difusa,trivial,,0.480442563234,-3072.68372811,0.985935563166,-3116.51576726
56,4,12,4.0,clique_binaria_s27,clique_binaria,trivial,,1,8289.57505086,-2.65988548428,-3116.51576726
56,4,12,4.0,clique_difusa_s27,clique_difusa,trivial,,0.436390208813,-3094.36653427,0.992892950128,-3116.51576726
56,4,12,4.0,clique_binaria_s36,clique_binaria,trivial,,1,23656.8108199,-7.59078810651,-3116.51576726
56,4,12,4.0,clique_difusa_s36,clique_difusa,trivial,,0.342905757691,-3116.51558675,0.999999942081,-3116.51576726
56,4,12,4.0,clique_binaria_s54,clique_binaria,trivial,,1,74701.349019,-23.9695078086,-3116.51576726
56,4,12,4.0,clique_difusa_s54,clique_difusa,trivial,,0.239603646234,-3073.1839899,0.986096082745,-3116.51576726
56,4,12,4.0,clique_binaria_s72,clique_binaria,trivial,,1,153093.465027,-49.1232762676,-3116.51576726
56,4,12,4.0,clique_difusa_s72,clique_difusa,trivial,,0.182849072591,-2995.48109454,0.961163465305,-3116.51576726
56,4,12,4.0,clique_binaria_s108,clique_binaria,trivial,,1,392548.635957,-125.957532473,-3116.51576726
56,4,12,4.0,clique_difusa_s108,clique_difusa,trivial,,0.121815725532,-2841.41839323,0.911729189078,-3116.51576726
56,4,12,4.0,clique_binaria_s216,clique_binaria,trivial,,1,1776652.98875,-570.076688658,-3116.51576726
56,4,12,4.0,clique_difusa_s216,clique_difusa,trivial,,0.0572777094208,-2558.43200556,0.820927021271,-3116.51576726
56,4,12,4.0,bipartita,bipartita,trivial,,0.0924108913633,-2155.76127372,0.691721600247,-3116.51576726
56,4,12,4.0,uniforme,uniforme,trivial,,0.0572777094208,-2558.43200556,0.820927021271,-3116.51576726
56,4,12,4.0,t3,t3,no_trivial,,1,-1812.87105819,0.58169802227,-3116.51576726
56,4,12,4.0,tree,tree,no_trivial,,1,-750.184500999,0.240712563973,-3116.51576726
56,4,12,4.0,ring_k6,ring,no_trivial,,1,-2308.44948363,0.740714841837,-3116.51576726
56,4,12,4.0,ws_k6_b0.1,ws,no_trivial,,1,-2203.90751624,0.707170340479,-3116.51576726
56,4,12,4.0,tri_torus_12x18,tri_torus,no_trivial,,1,-2265.57182124,0.726956636974,-3116.51576726
56,4,12,4.0,rgg3_k6_s0,rgg3_k6,no_trivial,0,1,-2074.74649441,0.665726294797,-3116.51576726
56,4,12,4.0,rgg3_k6_s1,rgg3_k6,no_trivial,1,1,-2120.35304139,0.680360119998,-3116.51576726
56,4,12,4.0,rgg3_k6_s2,rgg3_k6,no_trivial,2,1,-2062.63097387,0.661838773781,-3116.51576726
56,4,12,4.0,rgg3_k6_s3,rgg3_k6,no_trivial,3,1,-2137.84194418,0.68597180436,-3116.51576726
56,4,12,4.0,rgg3_k6_s4,rgg3_k6,no_trivial,4,1,-2029.75082542,0.651288482717,-3116.51576726
56,4,12,4.0,rgg3_k8_s0,rgg3_k8,no_trivial,0,1,-2475.62463965,0.794356526497,-3116.51576726
56,4,12,4.0,rgg3_k8_s1,rgg3_k8,no_trivial,1,1,-2476.59862472,0.794669050208,-3116.51576726
56,4,12,4.0,rgg3_k8_s2,rgg3_k8,no_trivial,2,1,-2537.26559352,0.814135330287,-3116.51576726
56,4,12,4.0,rgg3_k8_s3,rgg3_k8,no_trivial,3,1,-2416.47256342,0.775376331739,-3116.51576726
56,4,12,4.0,rgg3_k8_s4,rgg3_k8,no_trivial,4,1,-2552.05308468,0.81888020959,-3116.51576726
56,4,12,4.0,rgg3_k12_s0,rgg3_k12,no_trivial,0,0.908452363053,-2846.71511943,0.913428755707,-3116.51576726
56,4,12,4.0,rgg3_k12_s1,rgg3_k12,no_trivial,1,0.867657884714,-2776.2916545,0.890831897489,-3116.51576726
56,4,12,4.0,rgg3_k12_s2,rgg3_k12,no_trivial,2,0.840491730786,-2732.28623466,0.876711827793,-3116.51576726
56,4,12,4.0,rgg3_k12_s3,rgg3_k12,no_trivial,3,0.83029960253,-2736.07473057,0.877927446834,-3116.51576726
56,4,12,4.0,rgg3_k12_s4,rgg3_k12,no_trivial,4,0.898677103967,-2786.16681079,0.894000550249,-3116.51576726
56,4,12,4.0,rgg3_k16_s0,rgg3_k16,no_trivial,0,0.704365205176,-2893.50529983,0.928442374728,-3116.51576726
56,4,12,4.0,rgg3_k16_s1,rgg3_k16,no_trivial,1,0.685403080422,-2878.90008301,0.923755982002,-3116.51576726
56,4,12,4.0,rgg3_k16_s2,rgg3_k16,no_trivial,2,0.653210430383,-2781.79588624,0.89259804666,-3116.51576726
56,4,12,4.0,rgg3_k16_s3,rgg3_k16,no_trivial,3,0.663429316415,-2767.80362426,0.888108333459,-3116.51576726
56,4,12,4.0,rgg3_k16_s4,rgg3_k16,no_trivial,4,0.726232187842,-2908.96435365,0.933402739113,-3116.51576726
56,4,12,4.0,rr_k4_s0,rr_k4,no_trivial,0,1,-1390.59711955,0.446202497727,-3116.51576726
56,4,12,4.0,rr_k4_s1,rr_k4,no_trivial,1,1,-1387.63823647,0.445253077507,-3116.51576726
56,4,12,4.0,rr_k4_s2,rr_k4,no_trivial,2,1,-1386.15879493,0.444778367398,-3116.51576726
56,4,12,4.0,rr_k4_s3,rr_k4,no_trivial,3,1,-1393.26832057,0.447059609068,-3116.51576726
56,4,12,4.0,rr_k4_s4,rr_k4,no_trivial,4,1,-1389.11767801,0.445727787617,-3116.51576726
56,4,12,4.0,rr_k6_s0,rr_k6,no_trivial,0,1,-1841.88452487,0.591007606708,-3116.51576726
56,4,12,4.0,rr_k6_s1,rr_k6,no_trivial,1,1,-1843.36396642,0.591482316818,-3116.51576726
56,4,12,4.0,rr_k6_s2,rr_k6,no_trivial,2,1,-1835.06268131,0.588818673915,-3116.51576726
56,4,12,4.0,rr_k6_s3,rr_k6,no_trivial,3,1,-1838.63795972,0.589965877611,-3116.51576726
56,4,12,4.0,rr_k6_s4,rr_k6,no_trivial,4,1,-1840.40508333,0.590532896598,-3116.51576726
56,4,12,4.0,rr_k8_s0,rr_k8,no_trivial,0,1,-2156.48387092,0.691953460842,-3116.51576726
56,4,12,4.0,rr_k8_s1,rr_k8,no_trivial,1,1,-2169.7988448,0.696225851829,-3116.51576726
56,4,12,4.0,rr_k8_s2,rr_k8,no_trivial,2,1,-2149.25656225,0.689634425993,-3116.51576726
56,4,12,4.0,rr_k8_s3,rr_k8,no_trivial,3,1,-2153.23730577,0.690911731745,-3116.51576726
56,4,12,4.0,rr_k8_s4,rr_k8,no_trivial,4,1,-2144.97705184,0.688261254564,-3116.51576726
56,4,12,4.0,rr_k12_s0,rr_k12,no_trivial,0,0.924832672102,-2377.04858441,0.762726314233,-3116.51576726
56,4,12,4.0,rr_k12_s1,rr_k12,no_trivial,1,0.925611769217,-2379.87055263,0.763631802422,-3116.51576726
56,4,12,4.0,rr_k12_s2,rr_k12,no_trivial,2,0.925451055919,-2376.90769652,0.762681107373,-3116.51576726
56,4,12,4.0,rr_k12_s3,rr_k12,no_trivial,3,0.929068666401,-2386.63875601,0.765803523629,-3116.51576726
56,4,12,4.0,rr_k12_s4,rr_k12,no_trivial,4,0.931625910654,-2395.1556574,0.768536351578,-3116.51576726
56,4,12,4.0,rr_k16_s0,rr_k16,no_trivial,0,0.714790349313,-2423.35259995,0.777583936977,-3116.51576726
56,4,12,4.0,rr_k16_s1,rr_k16,no_trivial,1,0.72396074325,-2451.8505162,0.786728096152,-3116.51576726
56,4,12,4.0,rr_k16_s2,rr_k16,no_trivial,2,0.714446278551,-2418.84891925,0.776138835768,-3116.51576726
56,4,12,4.0,rr_k16_s3,rr_k16,no_trivial,3,0.710357192902,-2408.58330118,0.772844895087,-3116.51576726
56,4,12,4.0,rr_k16_s4,rr_k16,no_trivial,4,0.716687200237,-2427.91219399,0.779046979161,-3116.51576726
56,4,12,4.0,er_k4_s0,er_k4,no_trivial,0,1,-1307.59577314,0.419569760204,-3116.51576726
56,4,12,4.0,er_k4_s1,er_k4,no_trivial,1,1,-1319.094877,0.42325949089,-3116.51576726
56,4,12,4.0,er_k4_s2,er_k4,no_trivial,2,1,-1327.17882248,0.425853395779,-3116.51576726
56,4,12,4.0,er_k4_s3,er_k4,no_trivial,3,1,-1307.89019761,0.419664232523,-3116.51576726
56,4,12,4.0,er_k4_s4,er_k4,no_trivial,4,1,-1305.78376074,0.418988337699,-3116.51576726
56,4,12,4.0,er_k6_s0,er_k6,no_trivial,0,1,-1734.91055089,0.556682744596,-3116.51576726
56,4,12,4.0,er_k6_s1,er_k6,no_trivial,1,1,-1735.06778614,0.55673319685,-3116.51576726
56,4,12,4.0,er_k6_s2,er_k6,no_trivial,2,1,-1716.61714986,0.550812919957,-3116.51576726
56,4,12,4.0,er_k6_s3,er_k6,no_trivial,3,1,-1753.41667598,0.562620826244,-3116.51576726
56,4,12,4.0,er_k6_s4,er_k6,no_trivial,4,1,-1748.06580077,0.560903884759,-3116.51576726
56,4,12,4.0,er_k8_s0,er_k8,no_trivial,0,1,-1998.4551398,0.641246600064,-3116.51576726
56,4,12,4.0,er_k8_s1,er_k8,no_trivial,1,1,-2007.08759823,0.644016506933,-3116.51576726
56,4,12,4.0,er_k8_s2,er_k8,no_trivial,2,1,-2046.80749911,0.656761477229,-3116.51576726
56,4,12,4.0,er_k8_s3,er_k8,no_trivial,3,1,-2012.24077266,0.645670011943,-3116.51576726
56,4,12,4.0,er_k8_s4,er_k8,no_trivial,4,1,-2036.90703222,0.653584703028,-3116.51576726
56,4,12,4.0,er_k12_s0,er_k12,no_trivial,0,0.871605974572,-2235.95716459,0.71745414802,-3116.51576726
56,4,12,4.0,er_k12_s1,er_k12,no_trivial,1,0.865648814144,-2220.8292391,0.712600033163,-3116.51576726
56,4,12,4.0,er_k12_s2,er_k12,no_trivial,2,0.874233571658,-2247.48926648,0.721154466822,-3116.51576726
56,4,12,4.0,er_k12_s3,er_k12,no_trivial,3,0.869289127805,-2230.33008426,0.715648580281,-3116.51576726
56,4,12,4.0,er_k12_s4,er_k12,no_trivial,4,0.867389265361,-2226.97459551,0.714571900744,-3116.51576726
56,4,12,4.0,er_k16_s0,er_k16,no_trivial,0,0.68852421357,-2332.92072355,0.748566956748,-3116.51576726
56,4,12,4.0,er_k16_s1,er_k16,no_trivial,1,0.682077637693,-2309.36782276,0.741009510371,-3116.51576726
56,4,12,4.0,er_k16_s2,er_k16,no_trivial,2,0.683595135664,-2313.71840188,0.7424054857,-3116.51576726
56,4,12,4.0,er_k16_s3,er_k16,no_trivial,3,0.694147495444,-2350.16228455,0.754099276261,-3116.51576726
56,4,12,4.0,er_k16_s4,er_k16,no_trivial,4,0.688705868352,-2333.58218252,0.748779199847,-3116.51576726
57,4,16,0.25,vacio,vacio,trivial,,0,0,-0,-915.354356343
57,4,16,0.25,clique_binaria_s2,clique_binaria,trivial,,1,-23.4243970455,0.0255905233675,-915.354356343
57,4,16,0.25,clique_difusa_s2,clique_difusa,trivial,,1,-23.4243970455,0.0255905233675,-915.354356343
57,4,16,0.25,clique_binaria_s3,clique_binaria,trivial,,1,-146.217379183,0.159738551709,-915.354356343
57,4,16,0.25,clique_difusa_s3,clique_difusa,trivial,,1,-146.217379183,0.159738551709,-915.354356343
57,4,16,0.25,clique_binaria_s4,clique_binaria,trivial,,1,-275.169954938,0.30061577031,-915.354356343
57,4,16,0.25,clique_difusa_s4,clique_difusa,trivial,,1,-275.169954938,0.30061577031,-915.354356343
57,4,16,0.25,clique_binaria_s6,clique_binaria,trivial,,1,-482.706398853,0.52734375,-915.354356343
57,4,16,0.25,clique_difusa_s6,clique_difusa,trivial,,1,-482.706398853,0.52734375,-915.354356343
57,4,16,0.25,clique_binaria_s8,clique_binaria,trivial,,1,-577.703527917,0.63112555691,-915.354356343
57,4,16,0.25,clique_difusa_s8,clique_difusa,trivial,,0.97118384364,-579.358837927,0.632933938547,-915.354356343
57,4,16,0.25,clique_binaria_s9,clique_binaria,trivial,,1,-574.198902926,0.627296848424,-915.354356343
57,4,16,0.25,clique_difusa_s9,clique_difusa,trivial,,0.894471049002,-602.905396699,0.658657920314,-915.354356343
57,4,16,0.25,clique_binaria_s12,clique_binaria,trivial,,1,-337.051626594,0.368219831215,-915.354356343
57,4,16,0.25,clique_difusa_s12,clique_difusa,trivial,,0.737678353414,-662.357600293,0.723607852743,-915.354356343
57,4,16,0.25,clique_binaria_s18,clique_binaria,trivial,,1,1247.76955415,-1.36315465755,-915.354356343
57,4,16,0.25,clique_difusa_s18,clique_difusa,trivial,,0.568893163404,-747.015308944,0.81609412111,-915.354356343
57,4,16,0.25,clique_binaria_s24,clique_binaria,trivial,,1,4411.52633054,-4.81947379173,-915.354356343
57,4,16,0.25,clique_difusa_s24,clique_difusa,trivial,,0.474860621499,-803.807989835,0.878138596561,-915.354356343
57,4,16,0.25,clique_binaria_s27,clique_binaria,trivial,,1,6606.37251845,-7.21728418363,-915.354356343
57,4,16,0.25,clique_difusa_s27,clique_difusa,trivial,,0.441088954751,-825.321277531,0.901641284397,-915.354356343
57,4,16,0.25,clique_binaria_s36,clique_binaria,trivial,,1,15699.8979468,-17.1517159863,-915.354356343
57,4,16,0.25,clique_difusa_s36,clique_difusa,trivial,,0.368106088195,-871.136116829,0.951692763346,-915.354356343
57,4,16,0.25,clique_binaria_s54,clique_binaria,trivial,,1,45416.5177859,-49.6163234175,-915.354356343
57,4,16,0.25,clique_difusa_s54,clique_difusa,trivial,,0.283950637518,-910.946804606,0.995184868344,-915.354356343
57,4,16,0.25,clique_binaria_s72,clique_binaria,trivial,,1,90773.3851963,-99.167480405,-915.354356343
57,4,16,0.25,clique_difusa_s72,clique_difusa,trivial,,0.234794420601,-913.017595573,0.997447151746,-915.354356343
57,4,16,0.25,clique_binaria_s108,clique_binaria,trivial,,1,229036.068215,-250.215740634,-915.354356343
57,4,16,0.25,clique_difusa_s108,clique_difusa,trivial,,0.17723763397,-863.70362741,0.943572968681,-915.354356343
57,4,16,0.25,clique_binaria_s216,clique_binaria,trivial,,1,1028587.03156,-1123.70365032,-915.354356343
57,4,16,0.25,clique_difusa_s216,clique_difusa,trivial,,0.102725196724,-592.335861259,0.647110987297,-915.354356343
57,4,16,0.25,bipartita,bipartita,trivial,,0.0349591388059,-50.970424379,0.055683816902,-915.354356343
57,4,16,0.25,uniforme,uniforme,trivial,,0.102725196724,-592.335861259,0.647110987297,-915.354356343
57,4,16,0.25,t3,t3,no_trivial,,0.629264507841,-50.970424379,0.055683816902,-915.354356343
57,4,16,0.25,tree,tree,no_trivial,,1,-35.6071257496,0.0388998266112,-915.354356343
57,4,16,0.25,ring_k6,ring,no_trivial,,1,-528.856719079,0.577761732835,-915.354356343
57,4,16,0.25,ws_k6_b0.1,ws,no_trivial,,1,-436.359330126,0.476710824723,-915.354356343
57,4,16,0.25,tri_torus_12x18,tri_torus,no_trivial,,1,-485.979056696,0.530919040619,-915.354356343
57,4,16,0.25,rgg3_k6_s0,rgg3_k6,no_trivial,0,1,-414.70747879,0.45305675984,-915.354356343
57,4,16,0.25,rgg3_k6_s1,rgg3_k6,no_trivial,1,1,-438.594381732,0.479152558452,-915.354356343
57,4,16,0.25,rgg3_k6_s2,rgg3_k6,no_trivial,2,1,-417.43866154,0.456040503492,-915.354356343
57,4,16,0.25,rgg3_k6_s3,rgg3_k6,no_trivial,3,1,-443.98298305,0.485039460372,-915.354356343
57,4,16,0.25,rgg3_k6_s4,rgg3_k6,no_trivial,4,1,-406.208211613,0.443771539183,-915.354356343
57,4,16,0.25,rgg3_k8_s0,rgg3_k8,no_trivial,0,1,-536.369748463,0.585969515244,-915.354356343
57,4,16,0.25,rgg3_k8_s1,rgg3_k8,no_trivial,1,1,-550.796310607,0.601730146134,-915.354356343
57,4,16,0.25,rgg3_k8_s2,rgg3_k8,no_trivial,2,1,-571.74671323,0.624617897176,-915.354356343
57,4,16,0.25,rgg3_k8_s3,rgg3_k8,no_trivial,3,1,-518.593457471,0.566549395736,-915.354356343
57,4,16,0.25,rgg3_k8_s4,rgg3_k8,no_trivial,4,1,-582.477027559,0.636340476803,-915.354356343
57,4,16,0.25,rgg3_k12_s0,rgg3_k12,no_trivial,0,0.911891121031,-695.404531673,0.759710735907,-915.354356343
57,4,16,0.25,rgg3_k12_s1,rgg3_k12,no_trivial,1,0.882934216684,-674.512264752,0.736886496555,-915.354356343
57,4,16,0.25,rgg3_k12_s2,rgg3_k12,no_trivial,2,0.850434029896,-659.662972644,0.720664044556,-915.354356343
57,4,16,0.25,rgg3_k12_s3,rgg3_k12,no_trivial,3,0.84240931721,-661.936513589,0.723147826852,-915.354356343
57,4,16,0.25,rgg3_k12_s4,rgg3_k12,no_trivial,4,0.910526232155,-685.091287646,0.74844379436,-915.354356343
57,4,16,0.25,rgg3_k16_s0,rgg3_k16,no_trivial,0,0.760248896079,-755.981551455,0.825889499751,-915.354356343
57,4,16,0.25,rgg3_k16_s1,rgg3_k16,no_trivial,1,0.735863752313,-743.705680651,0.81247844127,-915.354356343
57,4,16,0.25,rgg3_k16_s2,rgg3_k16,no_trivial,2,0.695829893678,-700.478955738,0.765254407633,-915.354356343
57,4,16,0.25,rgg3_k16_s3,rgg3_k16,no_trivial,3,0.708492249922,-697.007597118,0.761462041763,-915.354356343
57,4,16,0.25,rgg3_k16_s4,rgg3_k16,no_trivial,4,0.780002583327,-760.045740034,0.830329516397,-915.354356343
57,4,16,0.25,rr_k4_s0,rr_k4,no_trivial,0,1,-59.6670019786,0.0651845938845,-915.354356343
57,4,16,0.25,rr_k4_s1,rr_k4,no_trivial,1,1,-56.7081188953,0.0619520937463,-915.354356343
57,4,16,0.25,rr_k4_s2,rr_k4,no_trivial,2,1,-55.2286773536,0.0603358436772,-915.354356343
57,4,16,0.25,rr_k4_s3,rr_k4,no_trivial,3,1,-62.3382029895,0.0681028091007,-915.354356343
57,4,16,0.25,rr_k4_s4,rr_k4,no_trivial,4,1,-58.187560437,0.0635683438154,-915.354356343
57,4,16,0.25,rr_k6_s0,rr_k6,no_trivial,0,0.843522807111,-64.7367779695,0.0707231877151,-915.354356343
57,4,16,0.25,rr_k6_s1,rr_k6,no_trivial,1,0.858323446958,-65.7575048117,0.0718383043201,-915.354356343
57,4,16,0.25,rr_k6_s2,rr_k6,no_trivial,2,0.780976315739,-60.4557623261,0.0660462933368,-915.354356343
57,4,16,0.25,rr_k6_s3,rr_k6,no_trivial,3,0.811912506824,-62.6769297956,0.0684728590204,-915.354356343
57,4,16,0.25,rr_k6_s4,rr_k6,no_trivial,4,0.829104041985,-63.7573408134,0.069653178981,-915.354356343
57,4,16,0.25,rr_k8_s0,rr_k8,no_trivial,0,0.813888333721,-77.7189622579,0.0849058746695,-915.354356343
57,4,16,0.25,rr_k8_s1,rr_k8,no_trivial,1,0.911241136259,-87.2015813241,0.0952653808002,-915.354356343
57,4,16,0.25,rr_k8_s2,rr_k8,no_trivial,2,0.765452572504,-73.5205362055,0.0803192071967,-915.354356343
57,4,16,0.25,rr_k8_s3,rr_k8,no_trivial,3,0.791321806483,-75.811369841,0.0828218812918,-915.354356343
57,4,16,0.25,rr_k8_s4,rr_k8,no_trivial,4,0.738102789552,-71.5403553095,0.0781559128591,-915.354356343
57,4,16,0.25,rr_k12_s0,rr_k12,no_trivial,0,0.838975047387,-109.555556954,0.119686497579,-915.354356343
57,4,16,0.25,rr_k12_s1,rr_k12,no_trivial,1,0.848535417632,-111.994764376,0.122351266043,-915.354356343
57,4,16,0.25,rr_k12_s2,rr_k12,no_trivial,2,0.843457739669,-109.172127163,0.119267610851,-915.354356343
57,4,16,0.25,rr_k12_s3,rr_k12,no_trivial,3,0.883363283517,-117.587692802,0.128461389829,-915.354356343
57,4,16,0.25,rr_k12_s4,rr_k12,no_trivial,4,0.910582631764,-125.607732625,0.137223067498,-915.354356343
57,4,16,0.25,rr_k16_s0,rr_k16,no_trivial,0,0.87342880948,-166.197935036,0.181566771255,-915.354356343
57,4,16,0.25,rr_k16_s1,rr_k16,no_trivial,1,0.957527109615,-214.038284561,0.233831065617,-915.354356343
57,4,16,0.25,rr_k16_s2,rr_k16,no_trivial,2,0.87994393484,-161.940205321,0.176915316128,-915.354356343
57,4,16,0.25,rr_k16_s3,rr_k16,no_trivial,3,0.828270443692,-145.130490169,0.158551154712,-915.354356343
57,4,16,0.25,rr_k16_s4,rr_k16,no_trivial,4,0.89606986124,-174.492226726,0.190628061708,-915.354356343
57,4,16,0.25,er_k4_s0,er_k4,no_trivial,0,1,-54.11898633,0.0591235360983,-915.354356343
57,4,16,0.25,er_k4_s1,er_k4,no_trivial,1,1,-57.2537996098,0.0625482352414,-915.354356343
57,4,16,0.25,er_k4_s2,er_k4,no_trivial,2,1,-54.1295957172,0.0591351265683,-915.354356343
57,4,16,0.25,er_k4_s3,er_k4,no_trivial,3,0.939795039885,-49.4497814069,0.054022555379,-915.354356343
57,4,16,0.25,er_k4_s4,er_k4,no_trivial,4,0.924868874559,-48.4680739601,0.0529500664134,-915.354356343
57,4,16,0.25,er_k6_s0,er_k6,no_trivial,0,0.848510893252,-63.0950270581,0.0689296190277,-915.354356343
57,4,16,0.25,er_k6_s1,er_k6,no_trivial,1,0.919671733716,-68.0456561828,0.0743380481136,-915.354356343
57,4,16,0.25,er_k6_s2,er_k6,no_trivial,2,0.856351162445,-63.3097301231,0.0691641763481,-915.354356343
57,4,16,0.25,er_k6_s3,er_k6,no_trivial,3,0.944491738441,-70.4936244021,0.0770123875127,-915.354356343
57,4,16,0.25,er_k6_s4,er_k6,no_trivial,4,0.833169933653,-61.9771417467,0.0677083594099,-915.354356343
57,4,16,0.25,er_k8_s0,er_k8,no_trivial,0,0.788431880992,-73.6510963453,0.0804618406358,-915.354356343
57,4,16,0.25,er_k8_s1,er_k8,no_trivial,1,0.955762322159,-92.4866570831,0.101039183833,-915.354356343
57,4,16,0.25,er_k8_s2,er_k8,no_trivial,2,0.874051409018,-82.2903692357,0.0899000137656,-915.354356343
57,4,16,0.25,er_k8_s3,er_k8,no_trivial,3,0.900613502391,-87.4684979078,0.0955569799845,-915.354356343
57,4,16,0.25,er_k8_s4,er_k8,no_trivial,4,0.888560667607,-85.5490560749,0.0934600414386,-915.354356343
57,4,16,0.25,er_k12_s0,er_k12,no_trivial,0,0.82638567667,-107.359488333,0.117287351712,-915.354356343
57,4,16,0.25,er_k12_s1,er_k12,no_trivial,1,0.903280227124,-127.968698048,0.139802358684,-915.354356343
57,4,16,0.25,er_k12_s2,er_k12,no_trivial,2,0.923423186853,-138.551540152,0.151363828874,-915.354356343
57,4,16,0.25,er_k12_s3,er_k12,no_trivial,3,0.938540019799,-139.268300289,0.152146870034,-915.354356343
57,4,16,0.25,er_k12_s4,er_k12,no_trivial,4,0.919588649132,-135.006715485,0.147491203324,-915.354356343
57,4,16,0.25,er_k16_s0,er_k16,no_trivial,0,0.89498143861,-193.0254379,0.210875096144,-915.354356343
57,4,16,0.25,er_k16_s1,er_k16,no_trivial,1,0.914864508369,-209.624367914,0.229008980469,-915.354356343
57,4,16,0.25,er_k16_s2,er_k16,no_trivial,2,0.909836881743,-200.808524053,0.219377908306,-915.354356343
57,4,16,0.25,er_k16_s3,er_k16,no_trivial,3,0.942432814167,-225.252802104,0.246082624224,-915.354356343
57,4,16,0.25,er_k16_s4,er_k16,no_trivial,4,0.906843895414,-203.014837914,0.221788246822,-915.354356343
58,4,16,1.0,vacio,vacio,trivial,,0,0,-0,-1563.35435634
58,4,16,1.0,clique_binaria_s2,clique_binaria,trivial,,1,-101.893147046,0.0651759766633,-1563.35435634
58,4,16,1.0,clique_difusa_s2,clique_difusa,trivial,,1,-101.893147046,0.0651759766633,-1563.35435634
58,4,16,1.0,clique_binaria_s3,clique_binaria,trivial,,1,-298.092379183,0.190674863938,-1563.35435634
58,4,16,1.0,clique_difusa_s3,clique_difusa,trivial,,1,-298.092379183,0.190674863938,-1563.35435634
58,4,16,1.0,clique_binaria_s4,clique_binaria,trivial,,1,-495.388704938,0.316875507417,-1563.35435634
58,4,16,1.0,clique_difusa_s4,clique_difusa,trivial,,1,-495.388704938,0.316875507417,-1563.35435634
58,4,16,1.0,clique_binaria_s6,clique_binaria,trivial,,1,-824.425148853,0.52734375,-1563.35435634
58,4,16,1.0,clique_difusa_s6,clique_difusa,trivial,,1,-824.425148853,0.52734375,-1563.35435634
58,4,16,1.0,clique_binaria_s8,clique_binaria,trivial,,1,-1020.67227792,0.652873274556,-1563.35435634
58,4,16,1.0,clique_difusa_s8,clique_difusa,trivial,,1,-1020.67227792,0.652873274556,-1563.35435634
58,4,16,1.0,clique_binaria_s9,clique_binaria,trivial,,1,-1060.19890293,0.678156490001,-1563.35435634
58,4,16,1.0,clique_difusa_s9,clique_difusa,trivial,,0.96010653159,-1064.8931608,0.681159173207,-1563.35435634
58,4,16,1.0,clique_binaria_s12,clique_binaria,trivial,,1,-921.770376594,0.589610648958,-1563.35435634
58,4,16,1.0,clique_difusa_s12,clique_difusa,trivial,,0.786993647205,-1163.9797858,0.744539957355,-1563.35435634
58,4,16,1.0,clique_binaria_s18,clique_binaria,trivial,,1,602.300804153,-0.385261858074,-1563.35435634
58,4,16,1.0,clique_difusa_s18,clique_difusa,trivial,,0.600578145641,-1302.38563283,0.833071291574,-1563.35435634
58,4,16,1.0,clique_binaria_s24,clique_binaria,trivial,,1,3887.55758054,-2.48667716617,-1563.35435634
58,4,16,1.0,clique_difusa_s24,clique_difusa,trivial,,0.496781494294,-1393.09235037,0.891091865847,-1563.35435634
58,4,16,1.0,clique_binaria_s27,clique_binaria,trivial,,1,6211.49751845,-3.97318592119,-1563.35435634
58,4,16,1.0,clique_difusa_s27,clique_difusa,trivial,,0.459533322246,-1426.90141947,0.912717845242,-1563.35435634
58,4,16,1.0,clique_binaria_s36,clique_binaria,trivial,,1,15965.6791968,-10.2124506399,-1563.35435634
58,4,16,1.0,clique_difusa_s36,clique_difusa,trivial,,0.379138055887,-1497.62480758,0.957956077904,-1563.35435634
58,4,16,1.0,clique_binaria_s54,clique_binaria,trivial,,1,48233.7990359,-30.8527614614,-1563.35435634
58,4,16,1.0,clique_difusa_s54,clique_difusa,trivial,,0.286742127155,-1557.01633947,0.995945885944,-1563.35435634
58,4,16,1.0,clique_binaria_s72,clique_binaria,trivial,,1,97782.4164463,-62.5465468207,-1563.35435634
58,4,16,1.0,clique_difusa_s72,clique_difusa,trivial,,0.233057481686,-1560.08879539,0.997911183133,-1563.35435634
58,4,16,1.0,clique_binaria_s108,clique_binaria,trivial,,1,249349.349465,-159.496372945,-1563.35435634
58,4,16,1.0,clique_difusa_s108,clique_difusa,trivial,,0.170713744483,-1494.64324765,0.956048922358,-1563.35435634
58,4,16,1.0,clique_binaria_s216,clique_binaria,trivial,,1,1128179.06281,-721.640016052,-1563.35435634
58,4,16,1.0,clique_difusa_s216,clique_difusa,trivial,,0.091938831017,-1181.18704827,0.755546587038,-1563.35435634
58,4,16,1.0,bipartita,bipartita,trivial,,0.081875231601,-477.496350697,0.305430658609,-1563.35435634
58,4,16,1.0,uniforme,uniforme,trivial,,0.091938831017,-1181.18704827,0.755546587038,-1563.35435634
58,4,16,1.0,t3,t3,no_trivial,,1,-428.153293639,0.27386835998,-1563.35435634
58,4,16,1.0,tree,tree,no_trivial,,1,-184.01337575,0.117704201228,-1563.35435634
58,4,16,1.0,ring_k6,ring,no_trivial,,1,-923.731719079,0.590865222162,-1563.35435634
58,4,16,1.0,ws_k6_b0.1,ws,no_trivial,,1,-829.546830126,0.530619834691,-1563.35435634
58,4,16,1.0,tri_torus_12x18,tri_torus,no_trivial,,1,-880.854056696,0.563438514833,-1563.35435634
58,4,16,1.0,rgg3_k6_s0,rgg3_k6,no_trivial,0,1,-789.23872879,0.50483674772,-1563.35435634
58,4,16,1.0,rgg3_k6_s1,rgg3_k6,no_trivial,1,1,-824.703756732,0.527521961599,-1563.35435634
58,4,16,1.0,rgg3_k6_s2,rgg3_k6,no_trivial,2,1,-787.86834904,0.503960183974,-1563.35435634
58,4,16,1.0,rgg3_k6_s3,rgg3_k6,no_trivial,3,1,-830.88923305,0.531478503053,-1563.35435634
58,4,16,1.0,rgg3_k6_s4,rgg3_k6,no_trivial,4,1,-770.684774113,0.49296870603,-1563.35435634
58,4,16,1.0,rgg3_k8_s0,rgg3_k8,no_trivial,0,1,-994.268185963,0.635983890619,-1563.35435634
58,4,16,1.0,rgg3_k8_s1,rgg3_k8,no_trivial,1,1,-1006.58537311,0.643862582416,-1563.35435634
58,4,16,1.0,rgg3_k8_s2,rgg3_k8,no_trivial,2,1,-1036.02015073,0.66269054519,-1563.35435634
58,4,16,1.0,rgg3_k8_s3,rgg3_k8,no_trivial,3,1,-960.812207471,0.614583765716,-1563.35435634
58,4,16,1.0,rgg3_k8_s4,rgg3_k8,no_trivial,4,1,-1058.77390256,0.677244988165,-1563.35435634
58,4,16,1.0,rgg3_k12_s0,rgg3_k12,no_trivial,0,0.955254577153,-1262.65441222,0.807657206503,-1563.35435634
58,4,16,1.0,rgg3_k12_s1,rgg3_k12,no_trivial,1,0.923262083099,-1235.11261313,0.790040087914,-1563.35435634
58,4,16,1.0,rgg3_k12_s2,rgg3_k12,no_trivial,2,0.890334311419,-1209.90951584,0.773918920514,-1563.35435634
58,4,16,1.0,rgg3_k12_s3,rgg3_k12,no_trivial,3,0.881493563167,-1213.82107052,0.776420947428,-1563.35435634
58,4,16,1.0,rgg3_k12_s4,rgg3_k12,no_trivial,4,0.952175335273,-1243.47045175,0.795386181455,-1563.35435634
58,4,16,1.0,rgg3_k16_s0,rgg3_k16,no_trivial,0,0.784624874074,-1353.15242471,0.865544282533,-1563.35435634
58,4,16,1.0,rgg3_k16_s1,rgg3_k16,no_trivial,1,0.760538412652,-1337.72083474,0.855673462199,-1563.35435634
58,4,16,1.0,rgg3_k16_s2,rgg3_k16,no_trivial,2,0.720978793099,-1275.78625492,0.816056992928,-1563.35435634
58,4,16,1.0,rgg3_k16_s3,rgg3_k16,no_trivial,3,0.733791943358,-1270.43752186,0.812635674504,-1563.35435634
58,4,16,1.0,rgg3_k16_s4,rgg3_k16,no_trivial,4,0.805691163164,-1358.28789254,0.868829185799,-1563.35435634
58,4,16,1.0,rr_k4_s0,rr_k4,no_trivial,0,1,-343.167001979,0.219506857538,-1563.35435634
58,4,16,1.0,rr_k4_s1,rr_k4,no_trivial,1,1,-340.208118895,0.217614207243,-1563.35435634
58,4,16,1.0,rr_k4_s2,rr_k4,no_trivial,2,1,-338.728677354,0.216667882095,-1563.35435634
58,4,16,1.0,rr_k4_s3,rr_k4,no_trivial,3,1,-345.83820299,0.221215491924,-1563.35435634
58,4,16,1.0,rr_k4_s4,rr_k4,no_trivial,4,1,-341.687560437,0.21856053239,-1563.35435634
58,4,16,1.0,rr_k6_s0,rr_k6,no_trivial,0,1,-457.166760328,0.29242683111,-1563.35435634
58,4,16,1.0,rr_k6_s1,rr_k6,no_trivial,1,1,-458.64620187,0.293373156258,-1563.35435634
58,4,16,1.0,rr_k6_s2,rr_k6,no_trivial,2,1,-450.344916764,0.288063237191,-1563.35435634
58,4,16,1.0,rr_k6_s3,rr_k6,no_trivial,3,1,-453.920195172,0.290350164907,-1563.35435634
58,4,16,1.0,rr_k6_s4,rr_k6,no_trivial,4,1,-455.687318786,0.291480505963,-1563.35435634
58,4,16,1.0,rr_k8_s0,rr_k8,no_trivial,0,1,-558.763400618,0.357413147154,-1563.35435634
58,4,16,1.0,rr_k8_s1,rr_k8,no_trivial,1,1,-572.078374493,0.365930073481,-1563.35435634
58,4,16,1.0,rr_k8_s2,rr_k8,no_trivial,2,1,-551.536091946,0.352790197378,-1563.35435634
58,4,16,1.0,rr_k8_s3,rr_k8,no_trivial,3,1,-555.516835462,0.355336480951,-1563.35435634
58,4,16,1.0,rr_k8_s4,rr_k8,no_trivial,4,1,-547.256581536,0.350052807488,-1563.35435634
58,4,16,1.0,rr_k12_s0,rr_k12,no_trivial,0,1,-709.628959301,0.453914339012,-1563.35435634
58,4,16,1.0,rr_k12_s1,rr_k12,no_trivial,1,1,-712.775265259,0.455926874395,-1563.35435634
58,4,16,1.0,rr_k12_s2,rr_k12,no_trivial,2,1,-709.807098868,0.45402828603,-1563.35435634
58,4,16,1.0,rr_k12_s3,rr_k12,no_trivial,3,1,-721.083662381,0.461241342665,-1563.35435634
58,4,16,1.0,rr_k12_s4,rr_k12,no_trivial,4,1,-730.610626118,0.467335267371,-1563.35435634
58,4,16,1.0,rr_k16_s0,rr_k16,no_trivial,0,0.938619461822,-809.245383914,0.517634009609,-1563.35435634
58,4,16,1.0,rr_k16_s1,rr_k16,no_trivial,1,0.977831247338,-861.430852544,0.551014457502,-1563.35435634
58,4,16,1.0,rr_k16_s2,rr_k16,no_trivial,2,0.943271298493,-805.599548044,0.515301949795,-1563.35435634
58,4,16,1.0,rr_k16_s3,rr_k16,no_trivial,3,0.920663073474,-784.520600088,0.501818795531,-1563.35435634
58,4,16,1.0,rr_k16_s4,rr_k16,no_trivial,4,0.949148011392,-819.112158803,0.523945294603,-1563.35435634
58,4,16,1.0,er_k4_s0,er_k4,no_trivial,0,1,-326.76742383,0.209016863326,-1563.35435634
58,4,16,1.0,er_k4_s1,er_k4,no_trivial,1,1,-331.07411211,0.211771637548,-1563.35435634
58,4,16,1.0,er_k4_s2,er_k4,no_trivial,2,1,-329.520220717,0.210777690535,-1563.35435634
58,4,16,1.0,er_k4_s3,er_k4,no_trivial,3,1,-322.602550641,0.206352801162,-1563.35435634
58,4,16,1.0,er_k4_s4,er_k4,no_trivial,4,1,-321.359203636,0.205557493944,-1563.35435634
58,4,16,1.0,er_k6_s0,er_k6,no_trivial,0,1,-440.817222648,0.281968845297,-1563.35435634
58,4,16,1.0,er_k6_s1,er_k6,no_trivial,1,1,-446.584542046,0.285657912574,-1563.35435634
58,4,16,1.0,er_k6_s2,er_k6,no_trivial,2,1,-438.634832507,0.280572878905,-1563.35435634
58,4,16,1.0,er_k6_s3,er_k6,no_trivial,3,1,-451.555538906,0.288837611943,-1563.35435634
58,4,16,1.0,er_k6_s4,er_k6,no_trivial,4,1,-441.313821103,0.282286494621,-1563.35435634
58,4,16,1.0,er_k8_s0,er_k8,no_trivial,0,1,-531.348936418,0.339877478361,-1563.35435634
58,4,16,1.0,er_k8_s1,er_k8,no_trivial,1,1,-554.510074318,0.354692505936,-1563.35435634
58,4,16,1.0,er_k8_s2,er_k8,no_trivial,2,1,-549.493150294,0.351483429246,-1563.35435634
58,4,16,1.0,er_k8_s3,er_k8,no_trivial,3,1,-549.737715252,0.351639865282,-1563.35435634
58,4,16,1.0,er_k8_s4,er_k8,no_trivial,4,1,-551.244396646,0.352603614407,-1563.35435634
58,4,16,1.0,er_k12_s0,er_k12,no_trivial,0,1,-681.42088989,0.435871040449,-1563.35435634
58,4,16,1.0,er_k12_s1,er_k12,no_trivial,1,1,-701.388748611,0.44864348621,-1563.35435634
58,4,16,1.0,er_k12_s2,er_k12,no_trivial,2,1,-716.162884622,0.458093765957,-1563.35435634
58,4,16,1.0,er_k12_s3,er_k12,no_trivial,3,1,-714.533462659,0.457051505796,-1563.35435634
58,4,16,1.0,er_k12_s4,er_k12,no_trivial,4,1,-709.279058522,0.453690524892,-1563.35435634
58,4,16,1.0,er_k16_s0,er_k16,no_trivial,0,0.923649722643,-809.972751729,0.518099270611,-1563.35435634
58,4,16,1.0,er_k16_s1,er_k16,no_trivial,1,0.926872796167,-818.612260928,0.523625534804,-1563.35435634
58,4,16,1.0,er_k16_s2,er_k16,no_trivial,2,0.926599107381,-812.393435214,0.519647661401,-1563.35435634
58,4,16,1.0,er_k16_s3,er_k16,no_trivial,3,0.947733200851,-843.293714419,0.539413032623,-1563.35435634
58,4,16,1.0,er_k16_s4,er_k16,no_trivial,4,0.928241258569,-818.96738121,0.52385268758,-1563.35435634
59,4,16,4.0,vacio,vacio,trivial,,0,0,-0,-4155.35435634
59,4,16,4.0,clique_binaria_s2,clique_binaria,trivial,,1,-415.768147046,0.100056002784,-4155.35435634
59,4,16,4.0,clique_difusa_s2,clique_difusa,trivial,,1,-415.768147046,0.100056002784,-4155.35435634
59,4,16,4.0,clique_binaria_s3,clique_binaria,trivial,,1,-905.592379183,0.21793385149,-4155.35435634
59,4,16,4.0,clique_difusa_s3,clique_difusa,trivial,,1,-905.592379183,0.21793385149,-4155.35435634
59,4,16,4.0,clique_binaria_s4,clique_binaria,trivial,,1,-1376.26370494,0.331202488865,-4155.35435634
59,4,16,4.0,clique_difusa_s4,clique_difusa,trivial,,1,-1376.26370494,0.331202488865,-4155.35435634
59,4,16,4.0,clique_binaria_s6,clique_binaria,trivial,,1,-2191.30014885,0.52734375,-4155.35435634
59,4,16,4.0,clique_difusa_s6,clique_difusa,trivial,,1,-2191.30014885,0.52734375,-4155.35435634
59,4,16,4.0,clique_binaria_s8,clique_binaria,trivial,,1,-2792.54727792,0.672035893558,-4155.35435634
59,4,16,4.0,clique_difusa_s8,clique_difusa,trivial,,1,-2792.54727792,0.672035893558,-4155.35435634
59,4,16,4.0,clique_binaria_s9,clique_binaria,trivial,,1,-3004.19890293,0.722970568885,-4155.35435634
59,4,16,4.0,clique_difusa_s9,clique_difusa,trivial,,1,-3004.19890293,0.722970568885,-4155.35435634
59,4,16,4.0,clique_binaria_s12,clique_binaria,trivial,,1,-3260.64537659,0.784685275184,-4155.35435634
59,4,16,4.0,clique_difusa_s12,clique_difusa,trivial,,0.912947415984,-3316.07632851,0.798024920172,-4155.35435634
59,4,16,4.0,clique_binaria_s18,clique_binaria,trivial,,1,-1979.57419585,0.476391187391,-4155.35435634
59,4,16,4.0,clique_difusa_s18,clique_difusa,trivial,,0.678396203883,-3634.3003184,0.874606593503,-4155.35435634
59,4,16,4.0,clique_binaria_s24,clique_binaria,trivial,,1,1791.68258054,-0.431174438302,-4155.35435634
59,4,16,4.0,clique_difusa_s24,clique_difusa,trivial,,0.548773615824,-3829.66615307,0.921622038617,-4155.35435634
59,4,16,4.0,clique_binaria_s27,clique_binaria,trivial,,1,4631.99751845,-1.11470577988,-4155.35435634
59,4,16,4.0,clique_difusa_s27,clique_difusa,trivial,,0.502570631817,-3899.31440123,0.938383123759,-4155.35435634
59,4,16,4.0,clique_binaria_s36,clique_binaria,trivial,,1,17028.8041968,-4.09803899655,-4155.35435634
59,4,16,4.0,clique_difusa_s36,clique_difusa,trivial,,0.403723223477,-4038.2058004,0.971807806051,-4155.35435634
59,4,16,4.0,clique_binaria_s54,clique_binaria,trivial,,1,59502.9240359,-14.3195787731,-4155.35435634
59,4,16,4.0,clique_difusa_s54,clique_difusa,trivial,,0.292467010932,-4144.96707505,0.997500265825,-4155.35435634
59,4,16,4.0,clique_binaria_s72,clique_binaria,trivial,,1,125818.541446,-30.2786551174,-4155.35435634
59,4,16,4.0,clique_difusa_s72,clique_difusa,trivial,,0.229757430162,-4150.35332192,0.998796484248,-4155.35435634
59,4,16,4.0,clique_binaria_s108,clique_binaria,trivial,,1,330602.474465,-79.5605972713,-4155.35435634
59,4,16,4.0,clique_difusa_s108,clique_difusa,trivial,,0.159978736822,-4060.74609446,0.977232203617,-4155.35435634
59,4,16,4.0,clique_binaria_s216,clique_binaria,trivial,,1,1526547.18781,-367.36871441,-4155.35435634
59,4,16,4.0,clique_difusa_s216,clique_difusa,trivial,,0.0804569051558,-3722.26787262,0.895776281254,-4155.35435634
59,4,16,4.0,bipartita,bipartita,trivial,,0.123214521818,-2874.34836496,0.691721600247,-4155.35435634
59,4,16,4.0,uniforme,uniforme,trivial,,0.0804569051558,-3722.26787262,0.895776281254,-4155.35435634
59,4,16,4.0,t3,t3,no_trivial,,1,-2007.65329364,0.483148516702,-4155.35435634
59,4,16,4.0,tree,tree,no_trivial,,1,-777.63837575,0.187141290264,-4155.35435634
59,4,16,4.0,ring_k6,ring,no_trivial,,1,-2503.23171908,0.602411131378,-4155.35435634
59,4,16,4.0,ws_k6_b0.1,ws,no_trivial,,1,-2402.29683013,0.578120810915,-4155.35435634
59,4,16,4.0,tri_torus_12x18,tri_torus,no_trivial,,1,-2460.3540567,0.592092477731,-4155.35435634
59,4,16,4.0,rgg3_k6_s0,rgg3_k6,no_trivial,0,1,-2287.36372879,0.550461773567,-4155.35435634
59,4,16,4.0,rgg3_k6_s1,rgg3_k6,no_trivial,1,1,-2369.14125673,0.570141810677,-4155.35435634
59,4,16,4.0,rgg3_k6_s2,rgg3_k6,no_trivial,2,1,-2269.58709904,0.546183767836,-4155.35435634
59,4,16,4.0,rgg3_k6_s3,rgg3_k6,no_trivial,3,1,-2378.51423305,0.572397448949,-4155.35435634
59,4,16,4.0,rgg3_k6_s4,rgg3_k6,no_trivial,4,1,-2228.59102411,0.536317924538,-4155.35435634
59,4,16,4.0,rgg3_k8_s0,rgg3_k8,no_trivial,0,1,-2825.86193596,0.680053178052,-4155.35435634
59,4,16,4.0,rgg3_k8_s1,rgg3_k8,no_trivial,1,1,-2829.74162311,0.68098683781,-4155.35435634
59,4,16,4.0,rgg3_k8_s2,rgg3_k8,no_trivial,2,1,-2893.11390073,0.696237589536,-4155.35435634
59,4,16,4.0,rgg3_k8_s3,rgg3_k8,no_trivial,3,1,-2729.68720747,0.656908406212,-4155.35435634
59,4,16,4.0,rgg3_k8_s4,rgg3_k8,no_trivial,4,1,-2963.96140256,0.713287279106,-4155.35435634
59,4,16,4.0,rgg3_k12_s0,rgg3_k12,no_trivial,0,1,-3587.34523839,0.863306695593,-4155.35435634
59,4,16,4.0,rgg3_k12_s1,rgg3_k12,no_trivial,1,1,-3538.67770491,0.851594689994,-4155.35435634
59,4,16,4.0,rgg3_k12_s2,rgg3_k12,no_trivial,2,0.978454344032,-3475.05348085,0.836283306512,-4155.35435634
59,4,16,4.0,rgg3_k12_s3,rgg3_k12,no_trivial,3,0.967608587145,-3484.15984678,0.838474784097,-4155.35435634
59,4,16,4.0,rgg3_k12_s4,rgg3_k12,no_trivial,4,1,-3530.03272573,0.849514246683,-4155.35435634
59,4,16,4.0,rgg3_k16_s0,rgg3_k16,no_trivial,0,0.836690350697,-3775.29372287,0.908537130439,-4155.35435634
59,4,16,4.0,rgg3_k16_s1,rgg3_k16,no_trivial,1,0.813237685523,-3749.77458638,0.902395864423,-4155.35435634
59,4,16,4.0,rgg3_k16_s2,rgg3_k16,no_trivial,2,0.774424532707,-3616.26276429,0.870265795449,-4155.35435634
59,4,16,4.0,rgg3_k16_s3,rgg3_k16,no_trivial,3,0.7873964885,-3602.18679763,0.866878366734,-4155.35435634
59,4,16,4.0,rgg3_k16_s4,rgg3_k16,no_trivial,4,0.860873333258,-3786.87584837,0.91132440789,-4155.35435634
59,4,16,4.0,rr_k4_s0,rr_k4,no_trivial,0,1,-1477.16700198,0.355485206628,-4155.35435634
59,4,16,4.0,rr_k4_s1,rr_k4,no_trivial,1,1,-1474.2081189,0.354773141464,-4155.35435634
59,4,16,4.0,rr_k4_s2,rr_k4,no_trivial,2,1,-1472.72867735,0.354417108882,-4155.35435634
59,4,16,4.0,rr_k4_s3,rr_k4,no_trivial,3,1,-1479.83820299,0.356128040135,-4155.35435634
59,4,16,4.0,rr_k4_s4,rr_k4,no_trivial,4,1,-1475.68756044,0.355129174046,-4155.35435634
59,4,16,4.0,rr_k6_s0,rr_k6,no_trivial,0,1,-2036.66676033,0.490130705031,-4155.35435634
59,4,16,4.0,rr_k6_s1,rr_k6,no_trivial,1,1,-2038.14620187,0.490486737613,-4155.35435634
59,4,16,4.0,rr_k6_s2,rr_k6,no_trivial,2,1,-2029.84491676,0.488489005436,-4155.35435634
59,4,16,4.0,rr_k6_s3,rr_k6,no_trivial,3,1,-2033.42019517,0.489349408208,-4155.35435634
59,4,16,4.0,rr_k6_s4,rr_k6,no_trivial,4,1,-2035.18731879,0.489774672449,-4155.35435634
59,4,16,4.0,rr_k8_s0,rr_k8,no_trivial,0,1,-2502.76340062,0.602298428965,-4155.35435634
59,4,16,4.0,rr_k8_s1,rr_k8,no_trivial,1,1,-2516.07837449,0.605502722205,-4155.35435634
59,4,16,4.0,rr_k8_s2,rr_k8,no_trivial,2,1,-2495.53609195,0.600559152828,-4155.35435634
59,4,16,4.0,rr_k8_s3,rr_k8,no_trivial,3,1,-2499.51683546,0.601517132142,-4155.35435634
59,4,16,4.0,rr_k8_s4,rr_k8,no_trivial,4,1,-2491.25658154,0.599529274256,-4155.35435634
59,4,16,4.0,rr_k12_s0,rr_k12,no_trivial,0,1,-3139.6289593,0.755562267393,-4155.35435634
59,4,16,4.0,rr_k12_s1,rr_k12,no_trivial,1,1,-3142.77526526,0.756319436503,-4155.35435634
59,4,16,4.0,rr_k12_s2,rr_k12,no_trivial,2,1,-3139.80709887,0.755605137279,-4155.35435634
59,4,16,4.0,rr_k12_s3,rr_k12,no_trivial,3,1,-3151.08366238,0.758318880211,-4155.35435634
59,4,16,4.0,rr_k12_s4,rr_k12,no_trivial,4,1,-3160.61062612,0.760611576072,-4155.35435634
59,4,16,4.0,rr_k16_s0,rr_k16,no_trivial,0,0.978961257147,-3397.91759737,0.817720296749,-4155.35435634
59,4,16,4.0,rr_k16_s1,rr_k16,no_trivial,1,0.992264487774,-3452.98732916,0.8309730129,-4155.35435634
59,4,16,4.0,rr_k16_s2,rr_k16,no_trivial,2,0.980903034156,-3394.80683966,0.816971682446,-4155.35435634
59,4,16,4.0,rr_k16_s3,rr_k16,no_trivial,3,0.973152716289,-3371.04025215,0.811252173236,-4155.35435634
59,4,16,4.0,rr_k16_s4,rr_k16,no_trivial,4,0.982615151907,-3408.83190359,0.820346861245,-4155.35435634
59,4,16,4.0,er_k4_s0,er_k4,no_trivial,0,1,-1417.36117383,0.341092732962,-4155.35435634
59,4,16,4.0,er_k4_s1,er_k4,no_trivial,1,1,-1426.35536211,0.343257214618,-4155.35435634
59,4,16,4.0,er_k4_s2,er_k4,no_trivial,2,1,-1431.08272072,0.344394869365,-4155.35435634
59,4,16,4.0,er_k4_s3,er_k4,no_trivial,3,1,-1416.10255064,0.340789841059,-4155.35435634
59,4,16,4.0,er_k4_s4,er_k4,no_trivial,4,1,-1414.29670364,0.340355257904,-4155.35435634
59,4,16,4.0,er_k6_s0,er_k6,no_trivial,0,1,-1961.25472265,0.471982544558,-4155.35435634
59,4,16,4.0,er_k6_s1,er_k6,no_trivial,1,1,-1963.36579205,0.472490580508,-4155.35435634
59,4,16,4.0,er_k6_s2,er_k6,no_trivial,2,1,-1948.57233251,0.468930484721,-4155.35435634
59,4,16,4.0,er_k6_s3,er_k6,no_trivial,3,1,-1977.05553891,0.475785064128,-4155.35435634
59,4,16,4.0,er_k6_s4,er_k6,no_trivial,4,1,-1970.0013211,0.474087442891,-4155.35435634
59,4,16,4.0,er_k8_s0,er_k8,no_trivial,0,1,-2390.22393642,0.575215428443,-4155.35435634
59,4,16,4.0,er_k8_s1,er_k8,no_trivial,1,1,-2403.91632432,0.578510547638,-4155.35435634
59,4,16,4.0,er_k8_s2,er_k8,no_trivial,2,1,-2428.05565029,0.584319757613,-4155.35435634
59,4,16,4.0,er_k8_s3,er_k8,no_trivial,3,1,-2405.61271525,0.578918789821,-4155.35435634
59,4,16,4.0,er_k8_s4,er_k8,no_trivial,4,1,-2422.21314665,0.582913739462,-4155.35435634
59,4,16,4.0,er_k12_s0,er_k12,no_trivial,0,1,-3015.23338989,0.725626055282,-4155.35435634
59,4,16,4.0,er_k12_s1,er_k12,no_trivial,1,1,-3008.57624861,0.724023991845,-4155.35435634
59,4,16,4.0,er_k12_s2,er_k12,no_trivial,2,1,-3035.72538462,0.730557522727,-4155.35435634
59,4,16,4.0,er_k12_s3,er_k12,no_trivial,3,1,-3021.34596266,0.727097066474,-4155.35435634
59,4,16,4.0,er_k12_s4,er_k12,no_trivial,4,1,-3016.18530852,0.725855137701,-4155.35435634
59,4,16,4.0,er_k16_s0,er_k16,no_trivial,0,0.943411304302,-3281.71768228,0.789756396413,-4155.35435634
59,4,16,4.0,er_k16_s1,er_k16,no_trivial,1,0.935525610954,-3255.31796993,0.783403216854,-4155.35435634
59,4,16,4.0,er_k16_s2,er_k16,no_trivial,2,0.938290270631,-3260.12136319,0.784559169596,-4155.35435634
59,4,16,4.0,er_k16_s3,er_k16,no_trivial,3,0.951693982038,-3315.61085108,0.797912901463,-4155.35435634
59,4,16,4.0,er_k16_s4,er_k16,no_trivial,4,0.943457516602,-3285.09829873,0.790569953129,-4155.35435634
60,8,4,0.25,vacio,vacio,trivial,,0,0,-0,-336.600508705
60,8,4,0.25,clique_binaria_s2,clique_binaria,trivial,,1,-5.96246820596,0.017713782516,-336.600508705
60,8,4,0.25,clique_difusa_s2,clique_difusa,trivial,,0.641710260128,-8.66308851173,0.0257370036221,-336.600508705
60,8,4,0.25,clique_binaria_s3,clique_binaria,trivial,,1,-95.5696638248,0.283926082562,-336.600508705
60,8,4,0.25,clique_difusa_s3,clique_difusa,trivial,,1,-95.5696638248,0.283926082562,-336.600508705
60,8,4,0.25,clique_binaria_s4,clique_binaria,trivial,,1,-175.612595382,0.521724093817,-336.600508705
60,8,4,0.25,clique_difusa_s4,clique_difusa,trivial,,1,-175.612595382,0.521724093817,-336.600508705
60,8,4,0.25,clique_binaria_s6,clique_binaria,trivial,,1,-238.158177863,0.707539566057,-336.600508705
60,8,4,0.25,clique_difusa_s6,clique_difusa,trivial,,1,-238.158177863,0.707539566057,-336.600508705
60,8,4,0.25,clique_binaria_s8,clique_binaria,trivial,,1,-125.269014778,0.372159315088,-336.600508705
60,8,4,0.25,clique_difusa_s8,clique_difusa,trivial,,0.784338797076,-187.415180678,0.556788168263,-336.600508705
60,8,4,0.25,clique_binaria_s9,clique_binaria,trivial,,1,5.76454280712,-0.017125769742,-336.600508705
60,8,4,0.25,clique_difusa_s9,clique_difusa,trivial,,0.687777154787,-161.350852555,0.479354155392,-336.600508705
60,8,4,0.25,clique_binaria_s12,clique_binaria,trivial,,1,719.841762994,-2.13856409714,-336.600508705
60,8,4,0.25,clique_difusa_s12,clique_difusa,trivial,,0.485173781949,-91.6446723973,0.272265400756,-336.600508705
60,8,4,0.25,clique_binaria_s18,clique_binaria,trivial,,1,3683.06698879,-10.9419531271,-336.600508705
60,8,4,0.25,clique_difusa_s18,clique_difusa,trivial,,0.0591920351617,-11.1179561368,0.0330301227992,-336.600508705
60,8,4,0.25,clique_binaria_s24,clique_binaria,trivial,,1,8791.28668668,-26.117865123,-336.600508705
60,8,4,0.25,clique_difusa_s24,clique_difusa,trivial,,0.0362990319167,-10.164243136,0.0301967551242,-336.600508705
60,8,4,0.25,clique_binaria_s27,clique_binaria,trivial,,1,12170.636414,-36.157510459,-336.600508705
60,8,4,0.25,clique_difusa_s27,clique_difusa,trivial,,0.0307819635924,-9.92990692384,0.0295005701627,-336.600508705
60,8,4,0.25,clique_binaria_s36,clique_binaria,trivial,,1,25666.7607753,-76.2528876562,-336.600508705
60,8,4,0.25,clique_difusa_s36,clique_difusa,trivial,,0.0213114682382,-9.53095590912,0.0283153342394,-336.600508705
60,8,4,0.25,clique_binaria_s54,clique_binaria,trivial,,1,68009.4758963,-202.048048466,-336.600508705
60,8,4,0.25,clique_difusa_s54,clique_difusa,trivial,,0.0132824558447,-9.19835215722,0.0273272081276,-336.600508705
60,8,4,0.25,clique_binaria_s72,clique_binaria,trivial,,1,131086.968477,-389.443762224,-336.600508705
60,8,4,0.25,clique_difusa_s72,clique_difusa,trivial,,0.00966468353366,-9.05060041956,0.026888255322,-336.600508705
60,8,4,0.25,clique_binaria_s108,clique_binaria,trivial,,1,320074.491499,-950.903172222,-336.600508705
60,8,4,0.25,clique_difusa_s108,clique_difusa,trivial,,0.00626217302438,-8.91295034621,0.0264793133573,-336.600508705
60,8,4,0.25,clique_binaria_s216,clique_binaria,trivial,,1,1394068.69217,-4141.61195873,-336.600508705
60,8,4,0.25,clique_difusa_s216,clique_difusa,trivial,,0.00304787125757,-8.78412654054,0.0260965931821,-336.600508705
60,8,4,0.25,bipartita,bipartita,trivial,,0.00594176175631,-8.66308851173,0.0257370036221,-336.600508705
60,8,4,0.25,uniforme,uniforme,trivial,,0.00304787125757,-8.78412654054,0.0260965931821,-336.600508705
60,8,4,0.25,t3,t3,no_trivial,,0.106951710021,-8.66308851173,0.0257370036221,-336.600508705
60,8,4,0.25,tree,tree,no_trivial,,0.251765890464,-6.76620820584,0.0201015982771,-336.600508705
60,8,4,0.25,ring_k6,ring,no_trivial,,0.864442999786,-83.1938121451,0.247158902003,-336.600508705
60,8,4,0.25,ws_k6_b0.1,ws,no_trivial,,0.169396432837,-11.0783338417,0.0329124096821,-336.600508705
60,8,4,0.25,tri_torus_12x18,tri_torus,no_trivial,,0.168360506477,-11.1357333146,0.033082936676,-336.600508705
60,8,4,0.25,rgg3_k6_s0,rgg3_k6,no_trivial,0,0.144904886797,-9.5816671994,0.0284659914398,-336.600508705
60,8,4,0.25,rgg3_k6_s1,rgg3_k6,no_trivial,1,0.134110607112,-9.29258703269,0.027607168713,-336.600508705
60,8,4,0.25,rgg3_k6_s2,rgg3_k6,no_trivial,2,0.161148404009,-9.95651062891,0.0295796066002,-336.600508705
60,8,4,0.25,rgg3_k6_s3,rgg3_k6,no_trivial,3,0.137017175185,-9.46463585083,0.0281183052493,-336.600508705
60,8,4,0.25,rgg3_k6_s4,rgg3_k6,no_trivial,4,0.15238724636,-9.62316178469,0.0285892669079,-336.600508705
60,8,4,0.25,rgg3_k8_s0,rgg3_k8,no_trivial,0,0.107735004777,-9.6802717226,0.0287589337279,-336.600508705
60,8,4,0.25,rgg3_k8_s1,rgg3_k8,no_trivial,1,0.10479424788,-9.48740191974,0.0281859405271,-336.600508705
60,8,4,0.25,rgg3_k8_s2,rgg3_k8,no_trivial,2,0.106994537741,-9.77454172722,0.0290389986778,-336.600508705
60,8,4,0.25,rgg3_k8_s3,rgg3_k8,no_trivial,3,0.113436034331,-9.67749860531,0.0287506951269,-336.600508705
60,8,4,0.25,rgg3_k8_s4,rgg3_k8,no_trivial,4,0.0950937733456,-9.35282271779,0.0277861217554,-336.600508705
60,8,4,0.25,rgg3_k12_s0,rgg3_k12,no_trivial,0,0.0635279963619,-9.32466762808,0.027702476339,-336.600508705
60,8,4,0.25,rgg3_k12_s1,rgg3_k12,no_trivial,1,0.0585981514318,-9.00157285103,0.0267426002583,-336.600508705
60,8,4,0.25,rgg3_k12_s2,rgg3_k12,no_trivial,2,0.0574277028374,-8.90624996319,0.0264594073178,-336.600508705
60,8,4,0.25,rgg3_k12_s3,rgg3_k12,no_trivial,3,0.0563948200921,-8.89640419424,0.0264301567115,-336.600508705
60,8,4,0.25,rgg3_k12_s4,rgg3_k12,no_trivial,4,0.0614603569991,-9.04180512281,0.0268621255435,-336.600508705
60,8,4,0.25,rgg3_k16_s0,rgg3_k16,no_trivial,0,0.0432153535481,-8.99156012655,0.026712853647,-336.600508705
60,8,4,0.25,rgg3_k16_s1,rgg3_k16,no_trivial,1,0.042351657541,-8.98372946056,0.0266895896715,-336.600508705
60,8,4,0.25,rgg3_k16_s2,rgg3_k16,no_trivial,2,0.0407509844869,-8.75221288389,0.0260017815112,-336.600508705
60,8,4,0.25,rgg3_k16_s3,rgg3_k16,no_trivial,3,0.0412260271937,-8.70037686033,0.0258477828623,-336.600508705
60,8,4,0.25,rgg3_k16_s4,rgg3_k16,no_trivial,4,0.0448763002234,-9.05061427123,0.0268882964737,-336.600508705
60,8,4,0.25,rr_k4_s0,rr_k4,no_trivial,0,0.162259568143,-8.72931591357,0.0259337573409,-336.600508705
60,8,4,0.25,rr_k4_s1,rr_k4,no_trivial,1,0.161639811928,-8.7069909354,0.0258674324911,-336.600508705
60,8,4,0.25,rr_k4_s2,rr_k4,no_trivial,2,0.161333385909,-8.69592292594,0.025834550754,-336.600508705
60,8,4,0.25,rr_k4_s3,rr_k4,no_trivial,3,0.162883748059,-8.75178876411,0.0260005215018,-336.600508705
60,8,4,0.25,rr_k4_s4,rr_k4,no_trivial,4,0.161948525954,-8.71812169562,0.0259005006533,-336.600508705
60,8,4,0.25,rr_k6_s0,rr_k6,no_trivial,0,0.108173465399,-8.72899705492,0.0259328100498,-336.600508705
60,8,4,0.25,rr_k6_s1,rr_k6,no_trivial,1,0.108236066775,-8.73235335199,0.0259427812085,-336.600508705
60,8,4,0.25,rr_k6_s2,rr_k6,no_trivial,2,0.107863491802,-8.71233055576,0.0258832958669,-336.600508705
60,8,4,0.25,rr_k6_s3,rr_k6,no_trivial,3,0.108048252757,-8.72228742105,0.0259128765272,-336.600508705
60,8,4,0.25,rr_k6_s4,rr_k6,no_trivial,4,0.10811100852,-8.72564654767,0.0259228560921,-336.600508705
60,8,4,0.25,rr_k8_s0,rr_k8,no_trivial,0,0.0813863150907,-8.74713170309,0.0259866859285,-336.600508705
60,8,4,0.25,rr_k8_s1,rr_k8,no_trivial,1,0.0815683234578,-8.76006479042,0.0260251085898,-336.600508705
60,8,4,0.25,rr_k8_s2,rr_k8,no_trivial,2,0.0812859020867,-8.73998388317,0.0259654506073,-336.600508705
60,8,4,0.25,rr_k8_s3,rr_k8,no_trivial,3,0.0813460082892,-8.74426587179,0.0259781718853,-336.600508705
60,8,4,0.25,rr_k8_s4,rr_k8,no_trivial,4,0.0812455461554,-8.73711809434,0.0259569366902,-336.600508705
60,8,4,0.25,rr_k12_s0,rr_k12,no_trivial,0,0.0543499484909,-8.75687159514,0.0260156219871,-336.600508705
60,8,4,0.25,rr_k12_s1,rr_k12,no_trivial,1,0.0543659499553,-8.75857681053,0.0260206879789,-336.600508705
60,8,4,0.25,rr_k12_s2,rr_k12,no_trivial,2,0.0543380387568,-8.75559872297,0.0260118404356,-336.600508705
60,8,4,0.25,rr_k12_s3,rr_k12,no_trivial,3,0.0543781432347,-8.75986815008,0.0260245243948,-336.600508705
60,8,4,0.25,rr_k12_s4,rr_k12,no_trivial,4,0.0544223164115,-8.7645704108,0.026038494251,-336.600508705
60,8,4,0.25,rr_k16_s0,rr_k16,no_trivial,0,0.0407945603877,-8.76138308106,0.0260290250742,-336.600508705
60,8,4,0.25,rr_k16_s1,rr_k16,no_trivial,1,0.0408597969738,-8.77062092499,0.0260564696077,-336.600508705
60,8,4,0.25,rr_k16_s2,rr_k16,no_trivial,2,0.0407704765238,-8.75796248405,0.0260188628881,-336.600508705
60,8,4,0.25,rr_k16_s3,rr_k16,no_trivial,3,0.0407551601716,-8.75579361444,0.0260124194349,-336.600508705
60,8,4,0.25,rr_k16_s4,rr_k16,no_trivial,4,0.0407997088778,-8.76210996342,0.0260311845551,-336.600508705
60,8,4,0.25,er_k4_s0,er_k4,no_trivial,0,0.128504429438,-6.90356323216,0.0205096636922,-336.600508705
60,8,4,0.25,er_k4_s1,er_k4,no_trivial,1,0.131771763072,-7.07430506573,0.0210169173331,-336.600508705
60,8,4,0.25,er_k4_s2,er_k4,no_trivial,2,0.135449636675,-7.28215186119,0.0216344053941,-336.600508705
60,8,4,0.25,er_k4_s3,er_k4,no_trivial,3,0.129757037051,-6.98149906914,0.0207412017766,-336.600508705
60,8,4,0.25,er_k4_s4,er_k4,no_trivial,4,0.129233699206,-6.95623412844,0.0206661426485,-336.600508705
60,8,4,0.25,er_k6_s0,er_k6,no_trivial,0,0.0933730269343,-7.52692060486,0.0223615841635,-336.600508705
60,8,4,0.25,er_k6_s1,er_k6,no_trivial,1,0.0927491254886,-7.47183677325,0.0221979366639,-336.600508705
60,8,4,0.25,er_k6_s2,er_k6,no_trivial,2,0.0911634781588,-7.3474577659,0.0218284214548,-336.600508705
60,8,4,0.25,er_k6_s3,er_k6,no_trivial,3,0.0947471988173,-7.63102454731,0.0226708645708,-336.600508705
60,8,4,0.25,er_k6_s4,er_k6,no_trivial,4,0.0951134061219,-7.67031079164,0.0227875793211,-336.600508705
60,8,4,0.25,er_k8_s0,er_k8,no_trivial,0,0.0719955175107,-7.73566856315,0.0229817494719,-336.600508705
60,8,4,0.25,er_k8_s1,er_k8,no_trivial,1,0.0713331558007,-7.65516302691,0.0227425771172,-336.600508705
60,8,4,0.25,er_k8_s2,er_k8,no_trivial,2,0.0740928215961,-7.95699310034,0.0236392782975,-336.600508705
60,8,4,0.25,er_k8_s3,er_k8,no_trivial,3,0.0719555112563,-7.72215107571,0.0229415906275,-336.600508705
60,8,4,0.25,er_k8_s4,er_k8,no_trivial,4,0.0734177988516,-7.8806947934,0.0234126051197,-336.600508705
60,8,4,0.25,er_k12_s0,er_k12,no_trivial,0,0.0509875347107,-8.21504305188,0.0244059139527,-336.600508705
60,8,4,0.25,er_k12_s1,er_k12,no_trivial,1,0.0502176004739,-8.08613067311,0.0240229306373,-336.600508705
60,8,4,0.25,er_k12_s2,er_k12,no_trivial,2,0.0506740150516,-8.15633125133,0.0242314881897,-336.600508705
60,8,4,0.25,er_k12_s3,er_k12,no_trivial,3,0.0502402287738,-8.08787745055,0.024028120105,-336.600508705
60,8,4,0.25,er_k12_s4,er_k12,no_trivial,4,0.050240053538,-8.08802603197,0.0240285615227,-336.600508705
60,8,4,0.25,er_k16_s0,er_k16,no_trivial,0,0.0389674162369,-8.36517529778,0.0248519389646,-336.600508705
60,8,4,0.25,er_k16_s1,er_k16,no_trivial,1,0.0384250756602,-8.24722669369,0.0245015277173,-336.600508705
60,8,4,0.25,er_k16_s2,er_k16,no_trivial,2,0.0385819298284,-8.28228236468,0.0246056739384,-336.600508705
60,8,4,0.25,er_k16_s3,er_k16,no_trivial,3,0.0390011501801,-8.36965066098,0.0248652347353,-336.600508705
60,8,4,0.25,er_k16_s4,er_k16,no_trivial,4,0.0388898872922,-8.34733585118,0.0247989400946,-336.600508705
61,8,4,1.0,vacio,vacio,trivial,,0,0,-0,-498.600508705
61,8,4,1.0,clique_binaria_s2,clique_binaria,trivial,,1,-76.837468206,0.154106277199,-498.600508705
61,8,4,1.0,clique_difusa_s2,clique_difusa,trivial,,1,-76.837468206,0.154106277199,-498.600508705
61,8,4,1.0,clique_binaria_s3,clique_binaria,trivial,,1,-217.069663825,0.435357886795,-498.600508705
61,8,4,1.0,clique_difusa_s3,clique_difusa,trivial,,1,-217.069663825,0.435357886795,-498.600508705
61,8,4,1.0,clique_binaria_s4,clique_binaria,trivial,,1,-327.487595382,0.656813600598,-498.600508705
61,8,4,1.0,clique_difusa_s4,clique_difusa,trivial,,1,-327.487595382,0.656813600598,-498.600508705
61,8,4,1.0,clique_binaria_s6,clique_binaria,trivial,,1,-390.033177863,0.782255876306,-498.600508705
61,8,4,1.0,clique_difusa_s6,clique_difusa,trivial,,0.997181518588,-390.040261424,0.782270083191,-498.600508705
61,8,4,1.0,clique_binaria_s8,clique_binaria,trivial,,1,-196.144014778,0.393389118851,-498.600508705
61,8,4,1.0,clique_difusa_s8,clique_difusa,trivial,,0.715137473964,-334.06590896,0.670007156287,-498.600508705
61,8,4,1.0,clique_binaria_s9,clique_binaria,trivial,,1,5.76454280712,-0.0115614459,-498.600508705
61,8,4,1.0,clique_difusa_s9,clique_difusa,trivial,,0.621204545919,-308.391986436,0.618515186109,-498.600508705
61,8,4,1.0,clique_binaria_s12,clique_binaria,trivial,,1,1053.96676299,-2.11385015577,-498.600508705
61,8,4,1.0,clique_difusa_s12,clique_difusa,trivial,,0.429761238282,-243.527851867,0.488422790621,-498.600508705
61,8,4,1.0,clique_binaria_s18,clique_binaria,trivial,,1,5232.19198879,-10.4937558174,-498.600508705
61,8,4,1.0,clique_difusa_s18,clique_difusa,trivial,,0.227843314717,-165.125822879,0.331178608919,-498.600508705
61,8,4,1.0,clique_binaria_s24,clique_binaria,trivial,,1,12284.4116867,-24.6377841021,-498.600508705
61,8,4,1.0,clique_difusa_s24,clique_difusa,trivial,,0.131777444077,-133.085713739,0.26691852779,-498.600508705
61,8,4,1.0,clique_binaria_s27,clique_binaria,trivial,,1,16909.136414,-33.9131952712,-498.600508705
61,8,4,1.0,clique_difusa_s27,clique_difusa,trivial,,0.106337776223,-125.349550078,0.251402772138,-498.600508705
61,8,4,1.0,clique_binaria_s36,clique_binaria,trivial,,1,35234.8857753,-70.6675688455,-498.600508705
61,8,4,1.0,clique_difusa_s36,clique_difusa,trivial,,0.0672512204731,-113.576626344,0.22779083527,-498.600508705
61,8,4,1.0,clique_binaria_s54,clique_binaria,trivial,,1,92157.6008963,-184.832544868,-498.600508705
61,8,4,1.0,clique_difusa_s54,clique_difusa,trivial,,0.039165742926,-105.127006384,0.210844161907,-498.600508705
61,8,4,1.0,clique_binaria_s72,clique_binaria,trivial,,1,176376.093477,-353.742305508,-498.600508705
61,8,4,1.0,clique_difusa_s72,clique_difusa,trivial,,0.02774457475,-101.714859282,0.204000713007,-498.600508705
61,8,4,1.0,clique_binaria_s108,clique_binaria,trivial,,1,427328.616499,-857.056118152,-498.600508705
61,8,4,1.0,clique_difusa_s108,clique_difusa,trivial,,0.0175652460432,-98.6986212144,0.197951304684,-498.600508705
61,8,4,1.0,clique_binaria_s216,clique_binaria,trivial,,1,1844681.81717,-3699.71908364,-498.600508705
61,8,4,1.0,clique_difusa_s216,clique_difusa,trivial,,0.00837813392827,-96.0037367432,0.192546407529,-498.600508705
61,8,4,1.0,bipartita,bipartita,trivial,,0.0160449094221,-93.5739117499,0.187673117288,-498.600508705
61,8,4,1.0,uniforme,uniforme,trivial,,0.00837813392827,-96.0037367432,0.192546407529,-498.600508705
61,8,4,1.0,t3,t3,no_trivial,,0.288808369599,-93.5739117499,0.187673117288,-498.600508705
61,8,4,1.0,tree,tree,no_trivial,,0.679859118215,-73.0848552082,0.146579985243,-498.600508705
61,8,4,1.0,ring_k6,ring,no_trivial,,0.772184817193,-237.385417484,0.476103440208,-498.600508705
61,8,4,1.0,ws_k6_b0.1,ws,no_trivial,,0.576794351318,-155.033636126,0.310937581128,-498.600508705
61,8,4,1.0,tri_torus_12x18,tri_torus,no_trivial,,0.647244003469,-165.651575552,0.332233065671,-498.600508705
61,8,4,1.0,rgg3_k6_s0,rgg3_k6,no_trivial,0,0.494444397777,-130.178869089,0.261088520401,-498.600508705
61,8,4,1.0,rgg3_k6_s1,rgg3_k6,no_trivial,1,0.454521452036,-126.943267055,0.254599152707,-498.600508705
61,8,4,1.0,rgg3_k6_s2,rgg3_k6,no_trivial,2,0.529255178724,-138.011836766,0.276798427511,-498.600508705
61,8,4,1.0,rgg3_k6_s3,rgg3_k6,no_trivial,3,0.46930165135,-129.739298939,0.260206912496,-498.600508705
61,8,4,1.0,rgg3_k6_s4,rgg3_k6,no_trivial,4,0.521707474913,-132.117863497,0.264977394107,-498.600508705
61,8,4,1.0,rgg3_k8_s0,rgg3_k8,no_trivial,0,0.375799503347,-129.145560173,0.259016101905,-498.600508705
61,8,4,1.0,rgg3_k8_s1,rgg3_k8,no_trivial,1,0.369387685827,-126.224668169,0.253157920952,-498.600508705
61,8,4,1.0,rgg3_k8_s2,rgg3_k8,no_trivial,2,0.381527527148,-131.505303732,0.263748835864,-498.600508705
61,8,4,1.0,rgg3_k8_s3,rgg3_k8,no_trivial,3,0.396838906191,-129.021470995,0.258767226953,-498.600508705
61,8,4,1.0,rgg3_k8_s4,rgg3_k8,no_trivial,4,0.336446399977,-123.741711909,0.248178069916,-498.600508705
61,8,4,1.0,rgg3_k12_s0,rgg3_k12,no_trivial,0,0.210061577226,-115.101104133,0.230848348775,-498.600508705
61,8,4,1.0,rgg3_k12_s1,rgg3_k12,no_trivial,1,0.188862410838,-109.238992769,0.219091218043,-498.600508705
61,8,4,1.0,rgg3_k12_s2,rgg3_k12,no_trivial,2,0.186134724015,-108.534482576,0.217678242763,-498.600508705
61,8,4,1.0,rgg3_k12_s3,rgg3_k12,no_trivial,3,0.182235483598,-108.171394537,0.216950028426,-498.600508705
61,8,4,1.0,rgg3_k12_s4,rgg3_k12,no_trivial,4,0.200597844196,-110.568802944,0.221758303519,-498.600508705
61,8,4,1.0,rgg3_k16_s0,rgg3_k16,no_trivial,0,0.133039363154,-105.703902149,0.212001191944,-498.600508705
61,8,4,1.0,rgg3_k16_s1,rgg3_k16,no_trivial,1,0.130689497397,-105.792430043,0.212178744699,-498.600508705
61,8,4,1.0,rgg3_k16_s2,rgg3_k16,no_trivial,2,0.125865778686,-103.179554667,0.206938326106,-498.600508705
61,8,4,1.0,rgg3_k16_s3,rgg3_k16,no_trivial,3,0.127028604837,-102.407861344,0.205390607422,-498.600508705
61,8,4,1.0,rgg3_k16_s4,rgg3_k16,no_trivial,4,0.138813501104,-106.712336851,0.214023722375,-498.600508705
61,8,4,1.0,rr_k4_s0,rr_k4,no_trivial,0,0.441132029119,-94.7828267733,0.190097733794,-498.600508705
61,8,4,1.0,rr_k4_s1,rr_k4,no_trivial,1,0.438437768529,-94.3729776064,0.189275734699,-498.600508705
61,8,4,1.0,rr_k4_s2,rr_k4,no_trivial,2,0.437111394988,-94.1706717338,0.188869987274,-498.600508705
61,8,4,1.0,rr_k4_s3,rr_k4,no_trivial,3,0.443757431121,-95.1876587598,0.190909670363,-498.600508705
61,8,4,1.0,rr_k4_s4,rr_k4,no_trivial,4,0.439777897516,-94.577020229,0.189684965374,-498.600508705
61,8,4,1.0,rr_k6_s0,rr_k6,no_trivial,0,0.294501169442,-94.8332000932,0.190198763213,-498.600508705
61,8,4,1.0,rr_k6_s1,rr_k6,no_trivial,1,0.294798256969,-94.8982658473,0.19032925998,-498.600508705
61,8,4,1.0,rr_k6_s2,rr_k6,no_trivial,2,0.293059235964,-94.5143813389,0.189559335959,-498.600508705
61,8,4,1.0,rr_k6_s3,rr_k6,no_trivial,3,0.293896614115,-94.7017743643,0.189935173974,-498.600508705
61,8,4,1.0,rr_k6_s4,rr_k6,no_trivial,4,0.294205193326,-94.7683246073,0.190068648051,-498.600508705
61,8,4,1.0,rr_k8_s0,rr_k8,no_trivial,0,0.222258115893,-95.2141991005,0.190962900034,-498.600508705
61,8,4,1.0,rr_k8_s1,rr_k8,no_trivial,1,0.223160652217,-95.472145812,0.191480241486,-498.600508705
61,8,4,1.0,rr_k8_s2,rr_k8,no_trivial,2,0.221763087653,-95.0722580424,0.190678221106,-498.600508705
61,8,4,1.0,rr_k8_s3,rr_k8,no_trivial,3,0.222056653926,-95.1568025998,0.190847784827,-498.600508705
61,8,4,1.0,rr_k8_s4,rr_k8,no_trivial,4,0.221554736367,-95.0137396007,0.190560855719,-498.600508705
61,8,4,1.0,rr_k12_s0,rr_k12,no_trivial,0,0.148711829215,-95.4294697232,0.191394649739,-498.600508705
61,8,4,1.0,rr_k12_s1,rr_k12,no_trivial,1,0.148790826282,-95.463389106,0.191462678917,-498.600508705
61,8,4,1.0,rr_k12_s2,rr_k12,no_trivial,2,0.148655560327,-95.4048038221,0.19134517947,-498.600508705
61,8,4,1.0,rr_k12_s3,rr_k12,no_trivial,3,0.148856688074,-95.490538944,0.191517131003,-498.600508705
61,8,4,1.0,rr_k12_s4,rr_k12,no_trivial,4,0.149076266656,-95.584502491,0.191705585579,-498.600508705
61,8,4,1.0,rr_k16_s0,rr_k16,no_trivial,0,0.111719599656,-95.5285155675,0.191593297439,-498.600508705
61,8,4,1.0,rr_k16_s1,rr_k16,no_trivial,1,0.112053302533,-95.7163672689,0.191970055381,-498.600508705
61,8,4,1.0,rr_k16_s2,rr_k16,no_trivial,2,0.111600517568,-95.4603971871,0.191456678284,-498.600508705
61,8,4,1.0,rr_k16_s3,rr_k16,no_trivial,3,0.111520474544,-95.4157543136,0.191367141926,-498.600508705
61,8,4,1.0,rr_k16_s4,rr_k16,no_trivial,4,0.111747361155,-95.5437775965,0.191623907173,-498.600508705
61,8,4,1.0,er_k4_s0,er_k4,no_trivial,0,0.350646166413,-75.1395038422,0.150700816647,-498.600508705
61,8,4,1.0,er_k4_s1,er_k4,no_trivial,1,0.360023099718,-77.0725326593,0.154577725682,-498.600508705
61,8,4,1.0,er_k4_s2,er_k4,no_trivial,2,0.369011151971,-79.1700153821,0.15878446572,-498.600508705
61,8,4,1.0,er_k4_s3,er_k4,no_trivial,3,0.352920874177,-75.811960068,0.152049504051,-498.600508705
61,8,4,1.0,er_k4_s4,er_k4,no_trivial,4,0.351272264635,-75.497057911,0.151417931977,-498.600508705
61,8,4,1.0,er_k6_s0,er_k6,no_trivial,0,0.254876520521,-81.9153068862,0.164290459909,-498.600508705
61,8,4,1.0,er_k6_s1,er_k6,no_trivial,1,0.253570686788,-81.4013337307,0.163259628319,-498.600508705
61,8,4,1.0,er_k6_s2,er_k6,no_trivial,2,0.248964867896,-79.9872244233,0.16042347135,-498.600508705
61,8,4,1.0,er_k6_s3,er_k6,no_trivial,3,0.2591506945,-83.1637216593,0.166794297654,-498.600508705
61,8,4,1.0,er_k6_s4,er_k6,no_trivial,4,0.259400529162,-83.4241740257,0.167316664482,-498.600508705
61,8,4,1.0,er_k8_s0,er_k8,no_trivial,0,0.196765154938,-84.2456781138,0.168964284318,-498.600508705
61,8,4,1.0,er_k8_s1,er_k8,no_trivial,1,0.19553794249,-83.5357424888,0.167540427718,-498.600508705
61,8,4,1.0,er_k8_s2,er_k8,no_trivial,2,0.202740873403,-86.726748806,0.173940353634,-498.600508705
61,8,4,1.0,er_k8_s3,er_k8,no_trivial,3,0.197195821575,-84.2575395928,0.168988073862,-498.600508705
61,8,4,1.0,er_k8_s4,er_k8,no_trivial,4,0.201095729236,-85.9574599285,0.172397457339,-498.600508705
61,8,4,1.0,er_k12_s0,er_k12,no_trivial,0,0.139519666513,-89.5272948548,0.179557167094,-498.600508705
61,8,4,1.0,er_k12_s1,er_k12,no_trivial,1,0.137615775172,-88.2093784684,0.176913935964,-498.600508705
61,8,4,1.0,er_k12_s2,er_k12,no_trivial,2,0.139000171521,-89.0332132455,0.178566230261,-498.600508705
61,8,4,1.0,er_k12_s3,er_k12,no_trivial,3,0.137760869613,-88.2632996099,0.177022080943,-498.600508705
61,8,4,1.0,er_k12_s4,er_k12,no_trivial,4,0.137750064422,-88.2610725717,0.177017614364,-498.600508705
61,8,4,1.0,er_k16_s0,er_k16,no_trivial,0,0.106837825847,-91.277410984,0.183067223941,-498.600508705
61,8,4,1.0,er_k16_s1,er_k16,no_trivial,1,0.105400993379,-90.018411758,0.180542157873,-498.600508705
61,8,4,1.0,er_k16_s2,er_k16,no_trivial,2,0.105787222876,-90.376011462,0.18125936473,-498.600508705
61,8,4,1.0,er_k16_s3,er_k16,no_trivial,3,0.107021307635,-91.3770938205,0.183267149201,-498.600508705
61,8,4,1.0,er_k16_s4,er_k16,no_trivial,4,0.106663800878,-91.1044946005,0.182720420477,-498.600508705
62,8,4,4.0,vacio,vacio,trivial,,0,0,-0,-1146.6005087
62,8,4,4.0,clique_binaria_s2,clique_binaria,trivial,,1,-360.337468206,0.314265923894,-1146.6005087
62,8,4,4.0,clique_difusa_s2,clique_difusa,trivial,,1,-360.337468206,0.314265923894,-1146.6005087
62,8,4,4.0,clique_binaria_s3,clique_binaria,trivial,,1,-703.069663825,0.613177526512,-1146.6005087
62,8,4,4.0,clique_difusa_s3,clique_difusa,trivial,,1,-703.069663825,0.613177526512,-1146.6005087
62,8,4,4.0,clique_binaria_s4,clique_binaria,trivial,,1,-934.987595382,0.815443206491,-1146.6005087
62,8,4,4.0,clique_difusa_s4,clique_difusa,trivial,,1,-934.987595382,0.815443206491,-1146.6005087
62,8,4,4.0,clique_binaria_s6,clique_binaria,trivial,,1,-997.533177863,0.869991919845,-1146.6005087
62,8,4,4.0,clique_difusa_s6,clique_difusa,trivial,,0.887849494616,-1020.19024556,0.889752130598,-1146.6005087
62,8,4,4.0,clique_binaria_s8,clique_binaria,trivial,,1,-479.644014778,0.418318334186,-1146.6005087
62,8,4,4.0,clique_difusa_s8,clique_difusa,trivial,,0.627643192697,-965.66059942,0.842194462753,-1146.6005087
62,8,4,4.0,clique_binaria_s9,clique_binaria,trivial,,1,5.76454280712,-0.00502750763091,-1146.6005087
62,8,4,4.0,clique_difusa_s9,clique_difusa,trivial,,0.544558201898,-942.042967495,0.821596502307,-1146.6005087
62,8,4,4.0,clique_binaria_s12,clique_binaria,trivial,,1,2390.46676299,-2.08482967245,-1146.6005087
62,8,4,4.0,clique_difusa_s12,clique_difusa,trivial,,0.384061980749,-884.748534923,0.771627544385,-1146.6005087
62,8,4,4.0,clique_binaria_s18,clique_binaria,trivial,,1,11428.6919888,-9.96745762977,-1146.6005087
62,8,4,4.0,clique_difusa_s18,clique_difusa,trivial,,0.233522600979,-812.972031844,0.709028145088,-1146.6005087
62,8,4,4.0,clique_binaria_s24,clique_binaria,trivial,,1,26256.9116867,-22.8997907182,-1146.6005087
62,8,4,4.0,clique_difusa_s24,clique_difusa,trivial,,0.16423362577,-772.461437621,0.673697100042,-1146.6005087
62,8,4,4.0,clique_binaria_s27,clique_binaria,trivial,,1,35863.136414,-31.2777956592,-1146.6005087
62,8,4,4.0,clique_difusa_s27,clique_difusa,trivial,,0.142419996371,-758.556465164,0.661569970888,-1146.6005087
62,8,4,4.0,clique_binaria_s36,clique_binaria,trivial,,1,73507.3857753,-64.1089771173,-1146.6005087
62,8,4,4.0,clique_difusa_s36,clique_difusa,trivial,,0.101164691968,-730.575564148,0.637166614354,-1146.6005087
62,8,4,4.0,clique_binaria_s54,clique_binaria,trivial,,1,188750.100896,-164.617143864,-1146.6005087
62,8,4,4.0,clique_difusa_s54,clique_difusa,trivial,,0.063514232743,-702.924389528,0.613050826501,-1146.6005087
62,8,4,4.0,clique_binaria_s72,clique_binaria,trivial,,1,357532.593477,-311.819671073,-1146.6005087
62,8,4,4.0,clique_difusa_s72,clique_difusa,trivial,,0.0461545870156,-689.428403988,0.601280392564,-1146.6005087
62,8,4,4.0,clique_binaria_s108,clique_binaria,trivial,,1,856345.116499,-746.855692107,-1146.6005087
62,8,4,4.0,clique_difusa_s108,clique_difusa,trivial,,0.0297930484312,-676.248253794,0.589785412321,-1146.6005087
62,8,4,4.0,clique_binaria_s216,clique_binaria,trivial,,1,3647134.31717,-3180.82391337,-1146.6005087
62,8,4,4.0,clique_difusa_s216,clique_difusa,trivial,,0.014418337651,-663.441396992,0.578615997425,-1146.6005087
62,8,4,4.0,bipartita,bipartita,trivial,,0.0279085873694,-651.05151649,0.567810245632,-1146.6005087
62,8,4,4.0,uniforme,uniforme,trivial,,0.014418337651,-663.441396992,0.578615997425,-1146.6005087
62,8,4,4.0,t3,t3,no_trivial,,0.502354565192,-651.05151649,0.567810245632,-1146.6005087
62,8,4,4.0,tree,tree,no_trivial,,1,-496.379005341,0.43291364479,-1146.6005087
62,8,4,4.0,ring_k6,ring,no_trivial,,0.699249860816,-880.268737876,0.767720519216,-1146.6005087
62,8,4,4.0,ws_k6_b0.1,ws,no_trivial,,0.633644323489,-788.870898516,0.688008502113,-1146.6005087
62,8,4,4.0,tri_torus_12x18,tri_torus,no_trivial,,0.662040665758,-813.521122761,0.709507031076,-1146.6005087
62,8,4,4.0,rgg3_k6_s0,rgg3_k6,no_trivial,0,0.56857482332,-690.575189153,0.602280553611,-1146.6005087
62,8,4,4.0,rgg3_k6_s1,rgg3_k6,no_trivial,1,0.51680177049,-665.741319515,0.580621859541,-1146.6005087
62,8,4,4.0,rgg3_k6_s2,rgg3_k6,no_trivial,2,0.583094442402,-699.463962379,0.610032838002,-1146.6005087
62,8,4,4.0,rgg3_k6_s3,rgg3_k6,no_trivial,3,0.531885539275,-680.297720272,0.59331712755,-1146.6005087
62,8,4,4.0,rgg3_k6_s4,rgg3_k6,no_trivial,4,0.589982396818,-691.247376837,0.602866797624,-1146.6005087
62,8,4,4.0,rgg3_k8_s0,rgg3_k8,no_trivial,0,0.448807275146,-712.48653169,0.621390385126,-1146.6005087
62,8,4,4.0,rgg3_k8_s1,rgg3_k8,no_trivial,1,0.44437004548,-703.126336236,0.613226952978,-1146.6005087
62,8,4,4.0,rgg3_k8_s2,rgg3_k8,no_trivial,2,0.450513967083,-723.385494141,0.630895842666,-1146.6005087
62,8,4,4.0,rgg3_k8_s3,rgg3_k8,no_trivial,3,0.475008388773,-713.792442581,0.622529326615,-1146.6005087
62,8,4,4.0,rgg3_k8_s4,rgg3_k8,no_trivial,4,0.409494933879,-697.140940538,0.608006829969,-1146.6005087
62,8,4,4.0,rgg3_k12_s0,rgg3_k12,no_trivial,0,0.293172783679,-709.582688198,0.618857817358,-1146.6005087
62,8,4,4.0,rgg3_k12_s1,rgg3_k12,no_trivial,1,0.272589102618,-685.804693587,0.598119997663,-1146.6005087
62,8,4,4.0,rgg3_k12_s2,rgg3_k12,no_trivial,2,0.266344693496,-678.039310184,0.591347470228,-1146.6005087
62,8,4,4.0,rgg3_k12_s3,rgg3_k12,no_trivial,3,0.261974968861,-677.565160598,0.590933943823,-1146.6005087
62,8,4,4.0,rgg3_k12_s4,rgg3_k12,no_trivial,4,0.285359103132,-689.016195774,0.600920887915,-1146.6005087
62,8,4,4.0,rgg3_k16_s0,rgg3_k16,no_trivial,0,0.204750514009,-687.387800659,0.599500693956,-1146.6005087
62,8,4,4.0,rgg3_k16_s1,rgg3_k16,no_trivial,1,0.20041757916,-686.613774827,0.59882563248,-1146.6005087
62,8,4,4.0,rgg3_k16_s2,rgg3_k16,no_trivial,2,0.192454070612,-668.458694894,0.582991800387,-1146.6005087
62,8,4,4.0,rgg3_k16_s3,rgg3_k16,no_trivial,3,0.194813454605,-664.521399006,0.579557913991,-1146.6005087
62,8,4,4.0,rgg3_k16_s4,rgg3_k16,no_trivial,4,0.212481874103,-692.007161124,0.603529438432,-1146.6005087
62,8,4,4.0,rr_k4_s0,rr_k4,no_trivial,0,0.761364762397,-656.364478014,0.572443909654,-1146.6005087
62,8,4,4.0,rr_k4_s1,rr_k4,no_trivial,1,0.758730650848,-654.577926971,0.570885781056,-1146.6005087
62,8,4,4.0,rr_k4_s2,rr_k4,no_trivial,2,0.757422333186,-653.690526618,0.570111840746,-1146.6005087
62,8,4,4.0,rr_k4_s3,rr_k4,no_trivial,3,0.763781455014,-658.055381661,0.573918620012,-1146.6005087
62,8,4,4.0,rr_k4_s4,rr_k4,no_trivial,4,0.760044783449,-655.469235415,0.571663129782,-1146.6005087
62,8,4,4.0,rr_k6_s0,rr_k6,no_trivial,0,0.508738518483,-657.050436771,0.573042164017,-1146.6005087
62,8,4,4.0,rr_k6_s1,rr_k6,no_trivial,1,0.509068184441,-657.358111689,0.573310500648,-1146.6005087
62,8,4,4.0,rr_k6_s2,rr_k6,no_trivial,2,0.507171912152,-655.563616064,0.571745443236,-1146.6005087
62,8,4,4.0,rr_k6_s3,rr_k6,no_trivial,3,0.508045164596,-656.414880912,0.572487868206,-1146.6005087
62,8,4,4.0,rr_k6_s4,rr_k6,no_trivial,4,0.508409531065,-656.74331029,0.572774305701,-1146.6005087
62,8,4,4.0,rr_k8_s0,rr_k8,no_trivial,0,0.383436782318,-659.117383381,0.574844837742,-1146.6005087
62,8,4,4.0,rr_k8_s1,rr_k8,no_trivial,1,0.384487512183,-660.373245779,0.575940129771,-1146.6005087
62,8,4,4.0,rr_k8_s2,rr_k8,no_trivial,2,0.382859799373,-658.425251997,0.574241199963,-1146.6005087
62,8,4,4.0,rr_k8_s3,rr_k8,no_trivial,3,0.383196282061,-658.833294313,0.574597071353,-1146.6005087
62,8,4,4.0,rr_k8_s4,rr_k8,no_trivial,4,0.382593253202,-658.122171778,0.573976870568,-1146.6005087
62,8,4,4.0,rr_k12_s0,rr_k12,no_trivial,0,0.256451845881,-660.382380651,0.575948096689,-1146.6005087
62,8,4,4.0,rr_k12_s1,rr_k12,no_trivial,1,0.256542052612,-660.545541578,0.576090396405,-1146.6005087
62,8,4,4.0,rr_k12_s2,rr_k12,no_trivial,2,0.256393664556,-660.2703048,0.575850350482,-1146.6005087
62,8,4,4.0,rr_k12_s3,rr_k12,no_trivial,3,0.256631069308,-660.691045616,0.576217296783,-1146.6005087
62,8,4,4.0,rr_k12_s4,rr_k12,no_trivial,4,0.256883569901,-661.144872403,0.576613098794,-1146.6005087
62,8,4,4.0,rr_k16_s0,rr_k16,no_trivial,0,0.19262064052,-660.957358699,0.576449559966,-1146.6005087
62,8,4,4.0,rr_k16_s1,rr_k16,no_trivial,1,0.1930249158,-661.893804319,0.577266274779,-1146.6005087
62,8,4,4.0,rr_k16_s2,rr_k16,no_trivial,2,0.192485411594,-660.630521374,0.576164510968,-1146.6005087
62,8,4,4.0,rr_k16_s3,rr_k16,no_trivial,3,0.192382540172,-660.399596055,0.575963110989,-1146.6005087
62,8,4,4.0,rr_k16_s4,rr_k16,no_trivial,4,0.19265815409,-661.038962031,0.576520729768,-1146.6005087
62,8,4,4.0,er_k4_s0,er_k4,no_trivial,0,0.603796612601,-519.617085712,0.453180581875,-1146.6005087
62,8,4,4.0,er_k4_s1,er_k4,no_trivial,1,0.619047666542,-532.524219419,0.464437452605,-1146.6005087
62,8,4,4.0,er_k4_s2,er_k4,no_trivial,2,0.636339668046,-547.969947066,0.47790834114,-1146.6005087
62,8,4,4.0,er_k4_s3,er_k4,no_trivial,3,0.609523343053,-525.203781064,0.458052981031,-1146.6005087
62,8,4,4.0,er_k4_s4,er_k4,no_trivial,4,0.607248956436,-523.322700701,0.456412409316,-1146.6005087
62,8,4,4.0,er_k6_s0,er_k6,no_trivial,0,0.439588417221,-566.985484005,0.494492615083,-1146.6005087
62,8,4,4.0,er_k6_s1,er_k6,no_trivial,1,0.436860144899,-563.053363276,0.491063242168,-1146.6005087
62,8,4,4.0,er_k6_s2,er_k6,no_trivial,2,0.429274335814,-553.54432936,0.482770001546,-1146.6005087
62,8,4,4.0,er_k6_s3,er_k6,no_trivial,3,0.446245645764,-575.071507553,0.501544786687,-1146.6005087
62,8,4,4.0,er_k6_s4,er_k6,no_trivial,4,0.447737555925,-577.698925491,0.503836271749,-1146.6005087
62,8,4,4.0,er_k8_s0,er_k8,no_trivial,0,0.339333777103,-583.047906267,0.508501349721,-1146.6005087
62,8,4,4.0,er_k8_s1,er_k8,no_trivial,1,0.336513828008,-577.396546065,0.503572553546,-1146.6005087
62,8,4,4.0,er_k8_s2,er_k8,no_trivial,2,0.349327498992,-599.893092823,0.523192767026,-1146.6005087
62,8,4,4.0,er_k8_s3,er_k8,no_trivial,3,0.33932087258,-582.34982159,0.507892519818,-1146.6005087
62,8,4,4.0,er_k8_s4,er_k8,no_trivial,4,0.346148729698,-594.220596787,0.518245537374,-1146.6005087
62,8,4,4.0,er_k12_s0,er_k12,no_trivial,0,0.240607229955,-619.545109687,0.540332142698,-1146.6005087
62,8,4,4.0,er_k12_s1,er_k12,no_trivial,1,0.237079834045,-610.040445536,0.532042713137,-1146.6005087
62,8,4,4.0,er_k12_s2,er_k12,no_trivial,2,0.239286717137,-615.463730934,0.536772595391,-1146.6005087
62,8,4,4.0,er_k12_s3,er_k12,no_trivial,3,0.237239324032,-610.269851966,0.532242788428,-1146.6005087
62,8,4,4.0,er_k12_s4,er_k12,no_trivial,4,0.237223641846,-610.261516224,0.532235518466,-1146.6005087
62,8,4,4.0,er_k16_s0,er_k16,no_trivial,0,0.18406544577,-631.251700317,0.550541967777,-1146.6005087
62,8,4,4.0,er_k16_s1,er_k16,no_trivial,1,0.181536076484,-622.429862267,0.542848060455,-1146.6005087
62,8,4,4.0,er_k16_s2,er_k16,no_trivial,2,0.182254239225,-625.012964362,0.545100895749,-1146.6005087
62,8,4,4.0,er_k16_s3,er_k16,no_trivial,3,0.184283086166,-631.731779601,0.550960665729,-1146.6005087
62,8,4,4.0,er_k16_s4,er_k16,no_trivial,4,0.183721461277,-629.962940524,0.549417984505,-1146.6005087
63,8,6,0.25,vacio,vacio,trivial,,0,0,-0,-504.900763057
63,8,6,0.25,clique_binaria_s2,clique_binaria,trivial,,1,-12.974978804,0.0256980772329,-504.900763057
63,8,6,0.25,clique_difusa_s2,clique_difusa,trivial,,0.962565390192,-12.9946327676,0.0257370036221,-504.900763057
63,8,6,0.25,clique_binaria_s3,clique_binaria,trivial,,1,-123.619706217,0.244839610597,-504.900763057
63,8,6,0.25,clique_difusa_s3,clique_difusa,trivial,,1,-123.619706217,0.244839610597,-504.900763057
63,8,6,0.25,clique_binaria_s4,clique_binaria,trivial,,1,-238.725190764,0.472816062544,-504.900763057
63,8,6,0.25,clique_difusa_s4,clique_difusa,trivial,,1,-238.725190764,0.472816062544,-504.900763057
63,8,6,0.25,clique_binaria_s6,clique_binaria,trivial,,1,-413.470942814,0.81891526626,-504.900763057
63,8,6,0.25,clique_difusa_s6,clique_difusa,trivial,,1,-413.470942814,0.81891526626,-504.900763057
63,8,6,0.25,clique_binaria_s8,clique_binaria,trivial,,1,-468.882034081,0.928661765614,-504.900763057
63,8,6,0.25,clique_difusa_s8,clique_difusa,trivial,,1,-468.882034081,0.928661765614,-504.900763057
63,8,6,0.25,clique_binaria_s9,clique_binaria,trivial,,1,-443.036135466,0.877471709061,-504.900763057
63,8,6,0.25,clique_difusa_s9,clique_difusa,trivial,,0.922460445966,-453.90187849,0.89899226086,-504.900763057
63,8,6,0.25,clique_binaria_s12,clique_binaria,trivial,,1,-128.672019365,0.254846157463,-504.900763057
63,8,6,0.25,clique_difusa_s12,clique_difusa,trivial,,0.711952227472,-400.023471862,0.792281377116,-504.900763057
63,8,6,0.25,clique_binaria_s18,clique_binaria,trivial,,1,1656.45142596,-3.28074652915,-504.900763057
63,8,6,0.25,clique_difusa_s18,clique_difusa,trivial,,0.484032219469,-286.838721225,0.56810910621,-504.900763057
63,8,6,0.25,clique_binaria_s24,clique_binaria,trivial,,1,5081.66858033,-10.0646878598,-504.900763057
63,8,6,0.25,clique_difusa_s24,clique_difusa,trivial,,0.355574220112,-184.630829056,0.365677460929,-504.900763057
63,8,6,0.25,clique_binaria_s27,clique_binaria,trivial,,1,7430.17924975,-14.7161180838,-504.900763057
63,8,6,0.25,clique_difusa_s27,clique_difusa,trivial,,0.308391014553,-140.063077333,0.277407141327,-504.900763057
63,8,6,0.25,clique_binaria_s36,clique_binaria,trivial,,1,17076.4352927,-33.8213695486,-504.900763057
63,8,6,0.25,clique_difusa_s36,clique_difusa,trivial,,0.196453691581,-36.749600165,0.0727857885232,-504.900763057
63,8,6,0.25,clique_binaria_s54,clique_binaria,trivial,,1,48311.3336265,-95.6848100881,-504.900763057
63,8,6,0.25,clique_difusa_s54,clique_difusa,trivial,,0.0236435249514,-15.251556913,0.0302070387469,-504.900763057
63,8,6,0.25,clique_binaria_s72,clique_binaria,trivial,,1,95736.902552,-189.615285927,-504.900763057
63,8,6,0.25,clique_difusa_s72,clique_difusa,trivial,,0.0161544830683,-14.5087382571,0.0287358216082,-504.900763057
63,8,6,0.25,clique_binaria_s108,clique_binaria,trivial,,1,239788.257662,-474.921559259,-504.900763057
63,8,6,0.25,clique_difusa_s108,clique_difusa,trivial,,0.0100038352646,-13.9151404788,0.0275601494332,-504.900763057
63,8,6,0.25,clique_binaria_s216,clique_binaria,trivial,,1,1069915.38977,-2119.06075027,-504.900763057
63,8,6,0.25,clique_difusa_s216,clique_difusa,trivial,,0.00470199322647,-13.4197758901,0.0265790366583,-504.900763057
63,8,6,0.25,bipartita,bipartita,trivial,,0.00891264236925,-12.9946327676,0.0257370036221,-504.900763057
63,8,6,0.25,uniforme,uniforme,trivial,,0.00470199322647,-13.4197758901,0.0265790366583,-504.900763057
63,8,6,0.25,t3,t3,no_trivial,,0.160427565032,-12.9946327676,0.0257370036221,-504.900763057
63,8,6,0.25,tree,tree,no_trivial,,0.377648830093,-10.1493123088,0.0201015982771,-504.900763057
63,8,6,0.25,ring_k6,ring,no_trivial,,1,-325.477662383,0.644636899363,-504.900763057
63,8,6,0.25,ws_k6_b0.1,ws,no_trivial,,1,-177.213994602,0.350987773378,-504.900763057
63,8,6,0.25,tri_torus_12x18,tri_torus,no_trivial,,1,-225,0.445632125089,-504.900763057
63,8,6,0.25,rgg3_k6_s0,rgg3_k6,no_trivial,0,1,-142.484043446,0.282202075875,-504.900763057
63,8,6,0.25,rgg3_k6_s1,rgg3_k6,no_trivial,1,0.943060875907,-143.007688443,0.283239200465,-504.900763057
63,8,6,0.25,rgg3_k6_s2,rgg3_k6,no_trivial,2,1,-162.5484138,0.321941311429,-504.900763057
63,8,6,0.25,rgg3_k6_s3,rgg3_k6,no_trivial,3,0.980535872136,-150.328701427,0.297739105239,-504.900763057
63,8,6,0.25,rgg3_k6_s4,rgg3_k6,no_trivial,4,1,-149.925424569,0.296940380246,-504.900763057
63,8,6,0.25,rgg3_k8_s0,rgg3_k8,no_trivial,0,0.847563650091,-139.659166786,0.276607161257,-504.900763057
63,8,6,0.25,rgg3_k8_s1,rgg3_k8,no_trivial,1,0.85982118656,-141.696005495,0.280641297979,-504.900763057
63,8,6,0.25,rgg3_k8_s2,rgg3_k8,no_trivial,2,0.881676284923,-158.294255922,0.313515580692,-504.900763057
63,8,6,0.25,rgg3_k8_s3,rgg3_k8,no_trivial,3,0.896849423168,-139.057066463,0.275414649051,-504.900763057
63,8,6,0.25,rgg3_k8_s4,rgg3_k8,no_trivial,4,0.802465106991,-139.203534917,0.275704742599,-504.900763057
63,8,6,0.25,rgg3_k12_s0,rgg3_k12,no_trivial,0,0.570509804145,-76.0228129556,0.150569811967,-504.900763057
63,8,6,0.25,rgg3_k12_s1,rgg3_k12,no_trivial,1,0.4967142526,-46.9882447922,0.0930643172485,-504.900763057
63,8,6,0.25,rgg3_k12_s2,rgg3_k12,no_trivial,2,0.491773896413,-51.9692888401,0.102929709445,-504.900763057
63,8,6,0.25,rgg3_k12_s3,rgg3_k12,no_trivial,3,0.47959146013,-48.7923109078,0.0966374275459,-504.900763057
63,8,6,0.25,rgg3_k12_s4,rgg3_k12,no_trivial,4,0.544070631149,-60.9510937784,0.120718957542,-504.900763057
63,8,6,0.25,rgg3_k16_s0,rgg3_k16,no_trivial,0,0.0918803461196,-16.1279128693,0.0319427381564,-504.900763057
63,8,6,0.25,rgg3_k16_s1,rgg3_k16,no_trivial,1,0.0916985270109,-16.2227700338,0.0321306110445,-504.900763057
63,8,6,0.25,rgg3_k16_s2,rgg3_k16,no_trivial,2,0.0896032614995,-15.8980790868,0.0314875323034,-504.900763057
63,8,6,0.25,rgg3_k16_s3,rgg3_k16,no_trivial,3,0.0891187832871,-15.7098712239,0.0311147702151,-504.900763057
63,8,6,0.25,rgg3_k16_s4,rgg3_k16,no_trivial,4,0.0982577236169,-16.401923962,0.0324854410255,-504.900763057
63,8,6,0.25,rr_k4_s0,rr_k4,no_trivial,0,0.246803967742,-13.2187231208,0.0261808341124,-504.900763057
63,8,6,0.25,rr_k4_s1,rr_k4,no_trivial,1,0.244683200691,-13.1421632224,0.0260292005558,-504.900763057
63,8,6,0.25,rr_k4_s2,rr_k4,no_trivial,2,0.243648497544,-13.1045987456,0.025954800833,-504.900763057
63,8,6,0.25,rr_k4_s3,rr_k4,no_trivial,3,0.248958027114,-13.2964216143,0.0263347227557,-504.900763057
63,8,6,0.25,rr_k4_s4,rr_k4,no_trivial,4,0.245734848036,-13.1802007723,0.0261045372411,-504.900763057
63,8,6,0.25,rr_k6_s0,rr_k6,no_trivial,0,0.164607673473,-13.2198950273,0.0261831551754,-504.900763057
63,8,6,0.25,rr_k6_s1,rr_k6,no_trivial,1,0.164828492533,-13.2316340542,0.026206405342,-504.900763057
63,8,6,0.25,rr_k6_s2,rr_k6,no_trivial,2,0.163527644328,-13.162112911,0.0260687126542,-504.900763057
63,8,6,0.25,rr_k6_s3,rr_k6,no_trivial,3,0.16416601998,-13.1964431715,0.0261367067294,-504.900763057
63,8,6,0.25,rr_k6_s4,rr_k6,no_trivial,4,0.16438801901,-13.2082025571,0.0261599972183,-504.900763057
63,8,6,0.25,rr_k8_s0,rr_k8,no_trivial,0,0.124391721905,-13.2847457073,0.0263115976036,-504.900763057
63,8,6,0.25,rr_k8_s1,rr_k8,no_trivial,1,0.12505252662,-13.3309045653,0.026403019248,-504.900763057
63,8,6,0.25,rr_k8_s2,rr_k8,no_trivial,2,0.124030624169,-13.2594144601,0.0262614268591,-504.900763057
63,8,6,0.25,rr_k8_s3,rr_k8,no_trivial,3,0.124246092526,-13.274557775,0.026291419515,-504.900763057
63,8,6,0.25,rr_k8_s4,rr_k8,no_trivial,4,0.123884651093,-13.2492287354,0.0262412531429,-504.900763057
63,8,6,0.25,rr_k12_s0,rr_k12,no_trivial,0,0.0832755740999,-13.3202714313,0.0263819593987,-504.900763057
63,8,6,0.25,rr_k12_s1,rr_k12,no_trivial,1,0.0833338408729,-13.3263705845,0.0263940393035,-504.900763057
63,8,6,0.25,rr_k12_s2,rr_k12,no_trivial,2,0.0832326524265,-13.3157475941,0.0263729995445,-504.900763057
63,8,6,0.25,rr_k12_s3,rr_k12,no_trivial,3,0.0833791776458,-13.3310492866,0.026403305881,-504.900763057
63,8,6,0.25,rr_k12_s4,rr_k12,no_trivial,4,0.0835408857629,-13.3479320222,0.0264367436115,-504.900763057
63,8,6,0.25,rr_k16_s0,rr_k16,no_trivial,0,0.0625779064441,-13.3367729314,0.0264146420588,-504.900763057
63,8,6,0.25,rr_k16_s1,rr_k16,no_trivial,1,0.0628190094802,-13.3701452192,0.0264807387857,-504.900763057
63,8,6,0.25,rr_k16_s2,rr_k16,no_trivial,2,0.0624900121375,-13.3245189305,0.0263903719413,-504.900763057
63,8,6,0.25,rr_k16_s3,rr_k16,no_trivial,3,0.0624335868531,-13.316708606,0.0263749029123,-504.900763057
63,8,6,0.25,rr_k16_s4,rr_k16,no_trivial,4,0.062597079875,-13.3394098255,0.0264198646577,-504.900763057
63,8,6,0.25,er_k4_s0,er_k4,no_trivial,0,0.196581260352,-10.4927211521,0.0207817494443,-504.900763057
63,8,6,0.25,er_k4_s1,er_k4,no_trivial,1,0.202119308708,-10.7713615119,0.0213336209807,-504.900763057
63,8,6,0.25,er_k4_s2,er_k4,no_trivial,2,0.206590444716,-11.0464040609,0.0218783667389,-504.900763057
63,8,6,0.25,er_k4_s3,er_k4,no_trivial,3,0.197309272518,-10.5691184202,0.0209330608974,-504.900763057
63,8,6,0.25,er_k4_s4,er_k4,no_trivial,4,0.196206868068,-10.5196201961,0.0208350253471,-504.900763057
63,8,6,0.25,er_k6_s0,er_k6,no_trivial,0,0.142675729336,-11.4300730809,0.0226382566976,-504.900763057
63,8,6,0.25,er_k6_s1,er_k6,no_trivial,1,0.14209092402,-11.3655651282,0.0225104930707,-504.900763057
63,8,6,0.25,er_k6_s2,er_k6,no_trivial,2,0.139403603999,-11.1629267311,0.0221091500506,-504.900763057
63,8,6,0.25,er_k6_s3,er_k6,no_trivial,3,0.145286412212,-11.6148231361,0.0230041702963,-504.900763057
63,8,6,0.25,er_k6_s4,er_k6,no_trivial,4,0.1451028468,-11.6355485936,0.0230452188726,-504.900763057
63,8,6,0.25,er_k8_s0,er_k8,no_trivial,0,0.110165554638,-11.7572631528,0.0232862851734,-504.900763057
63,8,6,0.25,er_k8_s1,er_k8,no_trivial,1,0.109698102038,-11.6725118638,0.0231184278533,-504.900763057
63,8,6,0.25,er_k8_s2,er_k8,no_trivial,2,0.113607508792,-12.1097771726,0.0239844699368,-504.900763057
63,8,6,0.25,er_k8_s3,er_k8,no_trivial,3,0.110639274886,-11.7738035176,0.0233190448086,-504.900763057
63,8,6,0.25,er_k8_s4,er_k8,no_trivial,4,0.112791542247,-12.0089805721,0.0237848334778,-504.900763057
63,8,6,0.25,er_k12_s0,er_k12,no_trivial,0,0.078127113173,-12.4963965468,0.0247502033293,-504.900763057
63,8,6,0.25,er_k12_s1,er_k12,no_trivial,1,0.0771370758399,-12.3198943387,0.0244006253112,-504.900763057
63,8,6,0.25,er_k12_s2,er_k12,no_trivial,2,0.077967589132,-12.4402020033,0.0246389051345,-504.900763057
63,8,6,0.25,er_k12_s3,er_k12,no_trivial,3,0.0772469557733,-12.3302505287,0.0244211366488,-504.900763057
63,8,6,0.25,er_k12_s4,er_k12,no_trivial,4,0.0772393878553,-12.3297543992,0.024420154021,-504.900763057
63,8,6,0.25,er_k16_s0,er_k16,no_trivial,0,0.0598870012134,-12.748999139,0.0252505047958,-504.900763057
63,8,6,0.25,er_k16_s1,er_k16,no_trivial,1,0.0590988564982,-12.5754282058,0.0249067324234,-504.900763057
63,8,6,0.25,er_k16_s2,er_k16,no_trivial,2,0.0592989099002,-12.6232376695,0.0250014232362,-504.900763057
63,8,6,0.25,er_k16_s3,er_k16,no_trivial,3,0.0600213101465,-12.7670668509,0.0252862894752,-504.900763057
63,8,6,0.25,er_k16_s4,er_k16,no_trivial,4,0.0598033515251,-12.7266666908,0.0252062734343,-504.900763057
64,8,6,1.0,vacio,vacio,trivial,,0,0,-0,-747.900763057
64,8,6,1.0,clique_binaria_s2,clique_binaria,trivial,,1,-87.224978804,0.116626407022,-747.900763057
64,8,6,1.0,clique_difusa_s2,clique_difusa,trivial,,1,-87.224978804,0.116626407022,-747.900763057
64,8,6,1.0,clique_binaria_s3,clique_binaria,trivial,,1,-258.619706217,0.345794146753,-747.900763057
64,8,6,1.0,clique_difusa_s3,clique_difusa,trivial,,1,-258.619706217,0.345794146753,-747.900763057
64,8,6,1.0,clique_binaria_s4,clique_binaria,trivial,,1,-420.975190764,0.562875733732,-747.900763057
64,8,6,1.0,clique_difusa_s4,clique_difusa,trivial,,1,-420.975190764,0.562875733732,-747.900763057
64,8,6,1.0,clique_binaria_s6,clique_binaria,trivial,,1,-649.720942814,0.86872613976,-747.900763057
64,8,6,1.0,clique_difusa_s6,clique_difusa,trivial,,1,-649.720942814,0.86872613976,-747.900763057
64,8,6,1.0,clique_binaria_s8,clique_binaria,trivial,,1,-705.132034081,0.942814968123,-747.900763057
64,8,6,1.0,clique_difusa_s8,clique_difusa,trivial,,0.992640529379,-705.223291836,0.942936986657,-747.900763057
64,8,6,1.0,clique_binaria_s9,clique_binaria,trivial,,1,-659.036135466,0.881181258289,-747.900763057
64,8,6,1.0,clique_difusa_s9,clique_difusa,trivial,,0.886959365778,-686.673469326,0.918134468161,-747.900763057
64,8,6,1.0,clique_binaria_s12,clique_binaria,trivial,,1,-202.922019365,0.271322118373,-747.900763057
64,8,6,1.0,clique_difusa_s12,clique_difusa,trivial,,0.671235655306,-625.840745978,0.836796506826,-747.900763057
64,8,6,1.0,clique_binaria_s18,clique_binaria,trivial,,1,2230.20142596,-2.98194832273,-747.900763057
64,8,6,1.0,clique_difusa_s18,clique_difusa,trivial,,0.44196220959,-506.829110348,0.677668930669,-747.900763057
64,8,6,1.0,clique_binaria_s24,clique_binaria,trivial,,1,6789.41858033,-9.0779671792,-747.900763057
64,8,6,1.0,clique_difusa_s24,clique_difusa,trivial,,0.3172587094,-408.172483502,0.545757543867,-747.900763057
64,8,6,1.0,clique_binaria_s27,clique_binaria,trivial,,1,9887.17924975,-13.2199079586,-747.900763057
64,8,6,1.0,clique_difusa_s27,clique_difusa,trivial,,0.273247571246,-367.610587237,0.49152321457,-747.900763057
64,8,6,1.0,clique_binaria_s36,clique_binaria,trivial,,1,22510.1852927,-30.0978236748,-747.900763057
64,8,6,1.0,clique_difusa_s36,clique_difusa,trivial,,0.180014662658,-277.890823209,0.371561090636,-747.900763057
64,8,6,1.0,clique_binaria_s54,clique_binaria,trivial,,1,62979.0836265,-84.2078076897,-747.900763057
64,8,6,1.0,clique_difusa_s54,clique_difusa,trivial,,0.0858909886807,-199.805404975,0.26715496874,-747.900763057
64,8,6,1.0,clique_binaria_s72,clique_binaria,trivial,,1,124012.652552,-165.814314783,-747.900763057
64,8,6,1.0,clique_difusa_s72,clique_difusa,trivial,,0.0526144751957,-176.308001412,0.235737159421,-747.900763057
64,8,6,1.0,clique_binaria_s108,clique_binaria,trivial,,1,308402.007662,-412.356856546,-747.900763057
64,8,6,1.0,clique_difusa_s108,clique_difusa,trivial,,0.0299458078541,-160.527093004,0.21463688892,-747.900763057
64,8,6,1.0,clique_binaria_s216,clique_binaria,trivial,,1,1364519.13977,-1824.4655002,-747.900763057
64,8,6,1.0,clique_difusa_s216,clique_difusa,trivial,,0.0132616575969,-149.130884521,0.199399294516,-747.900763057
64,8,6,1.0,bipartita,bipartita,trivial,,0.0240673637759,-140.360867625,0.187673117288,-747.900763057
64,8,6,1.0,uniforme,uniforme,trivial,,0.0132616575969,-149.130884521,0.199399294516,-747.900763057
64,8,6,1.0,t3,t3,no_trivial,,0.433212554398,-140.360867625,0.187673117288,-747.900763057
64,8,6,1.0,tree,tree,no_trivial,,1,-109.586003561,0.146524791756,-747.900763057
64,8,6,1.0,ring_k6,ring,no_trivial,,1,-568.477662383,0.760097716787,-747.900763057
64,8,6,1.0,ws_k6_b0.1,ws,no_trivial,,1,-415.713994602,0.555841115743,-747.900763057
64,8,6,1.0,tri_torus_12x18,tri_torus,no_trivial,,1,-468,0.625751467464,-747.900763057
64,8,6,1.0,rgg3_k6_s0,rgg3_k6,no_trivial,0,0.983910895907,-351.414597243,0.469867948532,-747.900763057
64,8,6,1.0,rgg3_k6_s1,rgg3_k6,no_trivial,1,0.894644867024,-342.840399629,0.458403596524,-747.900763057
64,8,6,1.0,rgg3_k6_s2,rgg3_k6,no_trivial,2,1,-371.6109138,0.49687195435,-747.900763057
64,8,6,1.0,rgg3_k6_s3,rgg3_k6,no_trivial,3,0.92691592768,-353.791946767,0.473046645014,-747.900763057
64,8,6,1.0,rgg3_k6_s4,rgg3_k6,no_trivial,4,1,-359.362924569,0.480495464532,-747.900763057
64,8,6,1.0,rgg3_k8_s0,rgg3_k8,no_trivial,0,0.793944907047,-355.887562811,0.475848642481,-747.900763057
64,8,6,1.0,rgg3_k8_s1,rgg3_k8,no_trivial,1,0.798171982689,-354.072089609,0.473421217223,-747.900763057
64,8,6,1.0,rgg3_k8_s2,rgg3_k8,no_trivial,2,0.815572358602,-374.242305388,0.500390324324,-747.900763057
64,8,6,1.0,rgg3_k8_s3,rgg3_k8,no_trivial,3,0.840260135798,-355.902907523,0.475869159524,-747.900763057
64,8,6,1.0,rgg3_k8_s4,rgg3_k8,no_trivial,4,0.741241289972,-349.813942637,0.467727752017,-747.900763057
64,8,6,1.0,rgg3_k12_s0,rgg3_k12,no_trivial,0,0.525429179314,-302.80546204,0.404873850914,-747.900763057
64,8,6,1.0,rgg3_k12_s1,rgg3_k12,no_trivial,1,0.473011368972,-271.423788069,0.362914174548,-747.900763057
64,8,6,1.0,rgg3_k12_s2,rgg3_k12,no_trivial,2,0.464796989948,-272.850252231,0.364821465238,-747.900763057
64,8,6,1.0,rgg3_k12_s3,rgg3_k12,no_trivial,3,0.455468161586,-270.105163207,0.361151073176,-747.900763057
64,8,6,1.0,rgg3_k12_s4,rgg3_k12,no_trivial,4,0.505697748082,-283.785209754,0.379442332154,-747.900763057
64,8,6,1.0,rgg3_k16_s0,rgg3_k16,no_trivial,0,0.329666787582,-233.258239247,0.31188394339,-747.900763057
64,8,6,1.0,rgg3_k16_s1,rgg3_k16,no_trivial,1,0.323659689933,-234.821479884,0.313974114593,-747.900763057
64,8,6,1.0,rgg3_k16_s2,rgg3_k16,no_trivial,2,0.308664659386,-228.618409847,0.305680139853,-747.900763057
64,8,6,1.0,rgg3_k16_s3,rgg3_k16,no_trivial,3,0.310122827557,-225.107647063,0.300985983946,-747.900763057
64,8,6,1.0,rgg3_k16_s4,rgg3_k16,no_trivial,4,0.347434863662,-239.435391058,0.320143263499,-747.900763057
64,8,6,1.0,rr_k4_s0,rr_k4,no_trivial,0,0.672713373503,-144.098196892,0.192670209753,-747.900763057
64,8,6,1.0,rr_k4_s1,rr_k4,no_trivial,1,0.664832118271,-142.814335668,0.190953589997,-747.900763057
64,8,6,1.0,rr_k4_s2,rr_k4,no_trivial,2,0.660987243081,-142.187034841,0.190114841253,-747.900763057
64,8,6,1.0,rr_k4_s3,rr_k4,no_trivial,3,0.68020228815,-145.350870299,0.194345129031,-747.900763057
64,8,6,1.0,rr_k4_s4,rr_k4,no_trivial,4,0.668740368627,-143.451309336,0.191805272065,-747.900763057
64,8,6,1.0,rr_k6_s0,rr_k6,no_trivial,0,0.451332218715,-144.496816403,0.193203194248,-747.900763057
64,8,6,1.0,rr_k6_s1,rr_k6,no_trivial,1,0.452315776724,-144.717875557,0.19349876709,-747.900763057
64,8,6,1.0,rr_k6_s2,rr_k6,no_trivial,2,0.446693583461,-143.436386195,0.191785318695,-747.900763057
64,8,6,1.0,rr_k6_s3,rr_k6,no_trivial,3,0.449297538397,-144.04584181,0.19260020704,-747.900763057
64,8,6,1.0,rr_k6_s4,rr_k6,no_trivial,4,0.450355850538,-144.277097706,0.192909413699,-747.900763057
64,8,6,1.0,rr_k8_s0,rr_k8,no_trivial,0,0.343912168472,-145.944792593,0.195139248149,-747.900763057
64,8,6,1.0,rr_k8_s1,rr_k8,no_trivial,1,0.347164902746,-146.873248669,0.196380664286,-747.900763057
64,8,6,1.0,rr_k8_s2,rr_k8,no_trivial,2,0.34215765633,-145.440341399,0.194464758672,-747.900763057
64,8,6,1.0,rr_k8_s3,rr_k8,no_trivial,3,0.343183020587,-145.73801004,0.194862764204,-747.900763057
64,8,6,1.0,rr_k8_s4,rr_k8,no_trivial,4,0.341374877848,-145.224706032,0.194176437846,-747.900763057
64,8,6,1.0,rr_k12_s0,rr_k12,no_trivial,0,0.231675475728,-146.836755346,0.196331869947,-747.900763057
64,8,6,1.0,rr_k12_s1,rr_k12,no_trivial,1,0.231961980161,-146.959284067,0.196495700133,-747.900763057
64,8,6,1.0,rr_k12_s2,rr_k12,no_trivial,2,0.231485944533,-146.751423046,0.196217774195,-747.900763057
64,8,6,1.0,rr_k12_s3,rr_k12,no_trivial,3,0.232233825502,-147.06581657,0.196638142163,-747.900763057
64,8,6,1.0,rr_k12_s4,rr_k12,no_trivial,4,0.233041562482,-147.408599651,0.197096469121,-747.900763057
64,8,6,1.0,rr_k16_s0,rr_k16,no_trivial,0,0.174595966249,-147.250025183,0.196884443039,-747.900763057
64,8,6,1.0,rr_k16_s1,rr_k16,no_trivial,1,0.175889481497,-147.957757025,0.197830734148,-747.900763057
64,8,6,1.0,rr_k16_s2,rr_k16,no_trivial,2,0.17416148601,-147.002930968,0.196554059347,-747.900763057
64,8,6,1.0,rr_k16_s3,rr_k16,no_trivial,3,0.173843444305,-146.832542032,0.196326236428,-747.900763057
64,8,6,1.0,rr_k16_s4,rr_k16,no_trivial,4,0.174711741655,-147.310205902,0.196964909221,-747.900763057
64,8,6,1.0,er_k4_s0,er_k4,no_trivial,0,0.540232372592,-115.031253294,0.153805503318,-747.900763057
64,8,6,1.0,er_k4_s1,er_k4,no_trivial,1,0.556496570671,-118.300164096,0.158176284795,-747.900763057
64,8,6,1.0,er_k4_s2,er_k4,no_trivial,2,0.566095982251,-120.817982875,0.161542799317,-747.900763057
64,8,6,1.0,er_k4_s3,er_k4,no_trivial,3,0.539106404448,-115.322253438,0.154194592564,-747.900763057
64,8,6,1.0,er_k4_s4,er_k4,no_trivial,4,0.535774303173,-114.686905457,0.153345084163,-747.900763057
64,8,6,1.0,er_k6_s0,er_k6,no_trivial,0,0.393644801761,-125.454173664,0.167741737756,-747.900763057
64,8,6,1.0,er_k6_s1,er_k6,no_trivial,1,0.393433341292,-125.054992451,0.167208002221,-747.900763057
64,8,6,1.0,er_k6_s2,er_k6,no_trivial,2,0.385075646748,-122.617084621,0.163948334695,-747.900763057
64,8,6,1.0,er_k6_s3,er_k6,no_trivial,3,0.402559913392,-127.880838215,0.170986372166,-747.900763057
64,8,6,1.0,er_k6_s4,er_k6,no_trivial,4,0.399669859129,-127.542143956,0.170533512274,-747.900763057
64,8,6,1.0,er_k8_s0,er_k8,no_trivial,0,0.305222066596,-129.330807363,0.172925090802,-747.900763057
64,8,6,1.0,er_k8_s1,er_k8,no_trivial,1,0.306071561931,-129.016451045,0.172504772582,-747.900763057
64,8,6,1.0,er_k8_s2,er_k8,no_trivial,2,0.3156121157,-133.462129487,0.178448981575,-747.900763057
64,8,6,1.0,er_k8_s3,er_k8,no_trivial,3,0.308339487006,-130.069598777,0.173912910913,-747.900763057
64,8,6,1.0,er_k8_s4,er_k8,no_trivial,4,0.313921333808,-132.551619845,0.17723156118,-747.900763057
64,8,6,1.0,er_k12_s0,er_k12,no_trivial,0,0.217410695118,-137.771101869,0.184210404206,-747.900763057
64,8,6,1.0,er_k12_s1,er_k12,no_trivial,1,0.215418599183,-136.150712528,0.182043820857,-747.900763057
64,8,6,1.0,er_k12_s2,er_k12,no_trivial,2,0.218218191148,-137.693106225,0.18410611812,-747.900763057
64,8,6,1.0,er_k12_s3,er_k12,no_trivial,3,0.216058841265,-136.401722403,0.182379440081,-747.900763057
64,8,6,1.0,er_k12_s4,er_k12,no_trivial,4,0.215981229645,-136.377355397,0.182346859548,-747.900763057
64,8,6,1.0,er_k16_s0,er_k16,no_trivial,0,0.167569135459,-141.026046762,0.188562512205,-747.900763057
64,8,6,1.0,er_k16_s1,er_k16,no_trivial,1,0.165569119162,-139.216841288,0.186143467375,-747.900763057
64,8,6,1.0,er_k16_s2,er_k16,no_trivial,2,0.16595928717,-139.650459164,0.186723247338,-747.900763057
64,8,6,1.0,er_k16_s3,er_k16,no_trivial,3,0.168317978088,-141.427306267,0.189099026573,-747.900763057
64,8,6,1.0,er_k16_s4,er_k16,no_trivial,4,0.167487857191,-140.863329554,0.188344946966,-747.900763057
65,8,6,4.0,vacio,vacio,trivial,,0,0,-0,-1719.90076306
65,8,6,4.0,clique_binaria_s2,clique_binaria,trivial,,1,-384.224978804,0.223399504819,-1719.90076306
65,8,6,4.0,clique_difusa_s2,clique_difusa,trivial,,1,-384.224978804,0.223399504819,-1719.90076306
65,8,6,4.0,clique_binaria_s3,clique_binaria,trivial,,1,-798.619706217,0.46434057323,-1719.90076306
65,8,6,4.0,clique_difusa_s3,clique_difusa,trivial,,1,-798.619706217,0.46434057323,-1719.90076306
65,8,6,4.0,clique_binaria_s4,clique_binaria,trivial,,1,-1149.97519076,0.668628804327,-1719.90076306
65,8,6,4.0,clique_difusa_s4,clique_difusa,trivial,,1,-1149.97519076,0.668628804327,-1719.90076306
65,8,6,4.0,clique_binaria_s6,clique_binaria,trivial,,1,-1594.72094281,0.927216835452,-1719.90076306
65,8,6,4.0,clique_difusa_s6,clique_difusa,trivial,,1,-1594.72094281,0.927216835452,-1719.90076306
65,8,6,4.0,clique_binaria_s8,clique_binaria,trivial,,1,-1650.13203408,0.959434445013,-1719.90076306
65,8,6,4.0,clique_difusa_s8,clique_difusa,trivial,,0.931375568939,-1663.82033214,0.967393217029,-1719.90076306
65,8,6,4.0,clique_binaria_s9,clique_binaria,trivial,,1,-1523.03613547,0.885537217135,-1719.90076306
65,8,6,4.0,clique_difusa_s9,clique_difusa,trivial,,0.822255140915,-1641.41774382,0.954367704857,-1719.90076306
65,8,6,4.0,clique_binaria_s12,clique_binaria,trivial,,1,-499.922019365,0.290669107255,-1719.90076306
65,8,6,4.0,clique_difusa_s12,clique_difusa,trivial,,0.605198414922,-1572.93408321,0.914549325751,-1719.90076306
65,8,6,4.0,clique_binaria_s18,clique_binaria,trivial,,1,4525.20142596,-2.63108286429,-1719.90076306
65,8,6,4.0,clique_difusa_s18,clique_difusa,trivial,,0.388079647872,-1453.85996088,0.845316190392,-1719.90076306
65,8,6,4.0,clique_binaria_s24,clique_binaria,trivial,,1,13620.4185803,-7.91930492322,-1719.90076306
65,8,6,4.0,clique_difusa_s24,clique_difusa,trivial,,0.279750111009,-1364.57241695,0.793401832398,-1719.90076306
65,8,6,4.0,clique_binaria_s27,clique_binaria,trivial,,1,19715.1792497,-11.4629748839,-1719.90076306
65,8,6,4.0,clique_difusa_s27,clique_difusa,trivial,,0.243950458054,-1329.14151597,0.772801282797,-1719.90076306
65,8,6,4.0,clique_binaria_s36,clique_binaria,trivial,,1,44245.1852927,-25.7254291893,-1719.90076306
65,8,6,4.0,clique_difusa_s36,clique_difusa,trivial,,0.173619365615,-1249.26392636,0.72635814414,-1719.90076306
65,8,6,4.0,clique_binaria_s54,clique_binaria,trivial,,1,121650.083626,-70.7308736873,-1719.90076306
65,8,6,4.0,clique_difusa_s54,clique_difusa,trivial,,0.106935077594,-1158.98044148,0.673864717299,-1719.90076306
65,8,6,4.0,clique_binaria_s72,clique_binaria,trivial,,1,237115.652552,-137.865891827,-1719.90076306
65,8,6,4.0,clique_difusa_s72,clique_difusa,trivial,,0.0761383386566,-1111.71923072,0.646385683755,-1719.90076306
65,8,6,4.0,clique_binaria_s108,clique_binaria,trivial,,1,582857.007662,-338.889905849,-1719.90076306
65,8,6,4.0,clique_difusa_s108,clique_difusa,trivial,,0.0478141934852,-1064.68809745,0.619040423914,-1719.90076306
65,8,6,4.0,clique_binaria_s216,clique_binaria,trivial,,1,2542934.13977,-1478.53538669,-1719.90076306
65,8,6,4.0,clique_difusa_s216,clique_difusa,trivial,,0.0223959038178,-1019.26940734,0.592632685112,-1719.90076306
65,8,6,4.0,bipartita,bipartita,trivial,,0.0418628804327,-976.577274735,0.567810245632,-1719.90076306
65,8,6,4.0,uniforme,uniforme,trivial,,0.0223959038178,-1019.26940734,0.592632685112,-1719.90076306
65,8,6,4.0,t3,t3,no_trivial,,0.753531847789,-976.577274735,0.567810245632,-1719.90076306
65,8,6,4.0,tree,tree,no_trivial,,1,-617.586003561,0.359082347555,-1719.90076306
65,8,6,4.0,ring_k6,ring,no_trivial,,1,-1540.47766238,0.895678224856,-1719.90076306
65,8,6,4.0,ws_k6_b0.1,ws,no_trivial,,1,-1369.7139946,0.796391294209,-1719.90076306
65,8,6,4.0,tri_torus_12x18,tri_torus,no_trivial,,1,-1440,0.837257608654,-1719.90076306
65,8,6,4.0,rgg3_k6_s0,rgg3_k6,no_trivial,0,0.928222816714,-1195.08688878,0.694858049049,-1719.90076306
65,8,6,4.0,rgg3_k6_s1,rgg3_k6,no_trivial,1,0.842505592262,-1152.87070953,0.670312342606,-1719.90076306
65,8,6,4.0,rgg3_k6_s2,rgg3_k6,no_trivial,2,0.945540183178,-1212.92408928,0.705229112825,-1719.90076306
65,8,6,4.0,rgg3_k6_s3,rgg3_k6,no_trivial,3,0.868634727608,-1180.51591187,0.68638606205,-1719.90076306
65,8,6,4.0,rgg3_k6_s4,rgg3_k6,no_trivial,4,0.962723204001,-1199.34082051,0.697331407877,-1719.90076306
65,8,6,4.0,rgg3_k8_s0,rgg3_k8,no_trivial,0,0.741485980734,-1236.24670023,0.718789552735,-1719.90076306
65,8,6,4.0,rgg3_k8_s1,rgg3_k8,no_trivial,1,0.738200922321,-1223.8337632,0.71157231248,-1719.90076306
65,8,6,4.0,rgg3_k8_s2,rgg3_k8,no_trivial,2,0.748528701512,-1263.18882334,0.734454481604,-1719.90076306
65,8,6,4.0,rgg3_k8_s3,rgg3_k8,no_trivial,3,0.78496247607,-1238.64046231,0.720181355177,-1719.90076306
65,8,6,4.0,rgg3_k8_s4,rgg3_k8,no_trivial,4,0.682754306154,-1214.77357894,0.706304459553,-1719.90076306
65,8,6,4.0,rgg3_k12_s0,rgg3_k12,no_trivial,0,0.496671894644,-1222.13752108,0.710586068295,-1719.90076306
65,8,6,4.0,rgg3_k12_s1,rgg3_k12,no_trivial,1,0.46128276023,-1171.72801484,0.681276524793,-1719.90076306
65,8,6,4.0,rgg3_k12_s2,rgg3_k12,no_trivial,2,0.450519402874,-1160.17479844,0.674559150948,-1719.90076306
65,8,6,4.0,rgg3_k12_s3,rgg3_k12,no_trivial,3,0.443149956553,-1158.33148125,0.673487393071,-1719.90076306
65,8,6,4.0,rgg3_k12_s4,rgg3_k12,no_trivial,4,0.483757216124,-1182.77152423,0.687697540253,-1719.90076306
65,8,6,4.0,rgg3_k16_s0,rgg3_k16,no_trivial,0,0.347059070463,-1157.51824425,0.673014553579,-1719.90076306
65,8,6,4.0,rgg3_k16_s1,rgg3_k16,no_trivial,1,0.339497355853,-1156.83770303,0.672618867253,-1719.90076306
65,8,6,4.0,rgg3_k16_s2,rgg3_k16,no_trivial,2,0.325260436819,-1125.30936413,0.654287380006,-1719.90076306
65,8,6,4.0,rgg3_k16_s3,rgg3_k16,no_trivial,3,0.329091279059,-1117.44658946,0.649715735619,-1719.90076306
65,8,6,4.0,rgg3_k16_s4,rgg3_k16,no_trivial,4,0.360552692449,-1167.99806677,0.679107825206,-1719.90076306
65,8,6,4.0,rr_k4_s0,rr_k4,no_trivial,0,1,-974.076310114,0.566356112537,-1719.90076306
65,8,6,4.0,rr_k4_s1,rr_k4,no_trivial,1,1,-970.584093697,0.564325637005,-1719.90076306
65,8,6,4.0,rr_k4_s2,rr_k4,no_trivial,2,1,-968.837985489,0.563310399239,-1719.90076306
65,8,6,4.0,rr_k4_s3,rr_k4,no_trivial,3,1,-977.280844458,0.568219321399,-1719.90076306
65,8,6,4.0,rr_k4_s4,rr_k4,no_trivial,4,1,-972.330201905,0.565340874771,-1719.90076306
65,8,6,4.0,rr_k6_s0,rr_k6,no_trivial,0,0.770893768363,-994.347657302,0.57814245953,-1719.90076306
65,8,6,4.0,rr_k6_s1,rr_k6,no_trivial,1,0.771804876696,-995.275016586,0.578681653014,-1719.90076306
65,8,6,4.0,rr_k6_s2,rr_k6,no_trivial,2,0.766703598743,-989.977977442,0.575601801399,-1719.90076306
65,8,6,4.0,rr_k6_s3,rr_k6,no_trivial,3,0.76891521289,-992.386950767,0.577002448096,-1719.90076306
65,8,6,4.0,rr_k6_s4,rr_k6,no_trivial,4,0.769985317998,-993.423065133,0.577604874927,-1719.90076306
65,8,6,4.0,rr_k8_s0,rr_k8,no_trivial,0,0.584969376322,-1001.92860692,0.582550242691,-1719.90076306
65,8,6,4.0,rr_k8_s1,rr_k8,no_trivial,1,0.588203828054,-1006.00648774,0.58492124043,-1719.90076306
65,8,6,4.0,rr_k8_s2,rr_k8,no_trivial,2,0.583217492486,-999.703472309,0.581256485131,-1719.90076306
65,8,6,4.0,rr_k8_s3,rr_k8,no_trivial,3,0.584210873292,-1000.99146801,0.582005363047,-1719.90076306
65,8,6,4.0,rr_k8_s4,rr_k8,no_trivial,4,0.582305064786,-998.643871702,0.580640402722,-1719.90076306
65,8,6,4.0,rr_k12_s0,rr_k12,no_trivial,0,0.393610751675,-1007.28873472,0.585666775871,-1719.90076306
65,8,6,4.0,rr_k12_s1,rr_k12,no_trivial,1,0.393884489005,-1007.81394626,0.585972149036,-1719.90076306
65,8,6,4.0,rr_k12_s2,rr_k12,no_trivial,2,0.393468614663,-1006.9673813,0.585479931711,-1719.90076306
65,8,6,4.0,rr_k12_s3,rr_k12,no_trivial,3,0.394233538224,-1008.37205138,0.586296647482,-1719.90076306
65,8,6,4.0,rr_k12_s4,rr_k12,no_trivial,4,0.395014083569,-1009.85112436,0.58715662325,-1719.90076306
65,8,6,4.0,rr_k16_s0,rr_k16,no_trivial,0,0.296496913167,-1009.77069817,0.587109861137,-1719.90076306
65,8,6,4.0,rr_k16_s1,rr_k16,no_trivial,1,0.297884358128,-1013.02844985,0.589004012099,-1719.90076306
65,8,6,4.0,rr_k16_s2,rr_k16,no_trivial,2,0.296092650939,-1008.72364149,0.586501072132,-1719.90076306
65,8,6,4.0,rr_k16_s3,rr_k16,no_trivial,3,0.295707575682,-1007.87512934,0.586007722649,-1719.90076306
65,8,6,4.0,rr_k16_s4,rr_k16,no_trivial,4,0.296648318577,-1010.08800191,0.587294350702,-1719.90076306
65,8,6,4.0,er_k4_s0,er_k4,no_trivial,0,0.915591652044,-787.630514459,0.45795113961,-1719.90076306
65,8,6,4.0,er_k4_s1,er_k4,no_trivial,1,0.939669611121,-808.121299727,0.469865074244,-1719.90076306
65,8,6,4.0,er_k4_s2,er_k4,no_trivial,2,0.963143665991,-829.222000233,0.482133631221,-1719.90076306
65,8,6,4.0,er_k4_s3,er_k4,no_trivial,3,0.921039154655,-793.488171396,0.46135695061,-1719.90076306
65,8,6,4.0,er_k4_s4,er_k4,no_trivial,4,0.917313101152,-790.248533134,0.459473331316,-1719.90076306
65,8,6,4.0,er_k6_s0,er_k6,no_trivial,0,0.669189341794,-860.933787034,0.500571780376,-1719.90076306
65,8,6,4.0,er_k6_s1,er_k6,no_trivial,1,0.666655683392,-856.570044056,0.498034574119,-1719.90076306
65,8,6,4.0,er_k6_s2,er_k6,no_trivial,2,0.654073081289,-841.055852498,0.489014174866,-1719.90076306
65,8,6,4.0,er_k6_s3,er_k6,no_trivial,3,0.681165816288,-875.18255899,0.508856428108,-1719.90076306
65,8,6,4.0,er_k6_s4,er_k6,no_trivial,4,0.680874630493,-876.387635859,0.509557094621,-1719.90076306
65,8,6,4.0,er_k8_s0,er_k8,no_trivial,0,0.518619244052,-887.310087134,0.515907723395,-1719.90076306
65,8,6,4.0,er_k8_s1,er_k8,no_trivial,1,0.516805291988,-881.915566589,0.512771193276,-1719.90076306
65,8,6,4.0,er_k8_s2,er_k8,no_trivial,2,0.534862525783,-914.241312004,0.53156631571,-1719.90076306
65,8,6,4.0,er_k8_s3,er_k8,no_trivial,3,0.520515964588,-888.959888608,0.516866965643,-1719.90076306
65,8,6,4.0,er_k8_s4,er_k8,no_trivial,4,0.530524861263,-906.484880805,0.527056502489,-1719.90076306
65,8,6,4.0,er_k12_s0,er_k12,no_trivial,0,0.369419588257,-945.149732263,0.549537364343,-1719.90076306
65,8,6,4.0,er_k12_s1,er_k12,no_trivial,1,0.364902068841,-932.348614372,0.542094424515,-1719.90076306
65,8,6,4.0,er_k12_s2,er_k12,no_trivial,2,0.368787603365,-941.662296832,0.547509668615,-1719.90076306
65,8,6,4.0,er_k12_s3,er_k12,no_trivial,3,0.365546232327,-933.425541334,0.542720580969,-1719.90076306
65,8,6,4.0,er_k12_s4,er_k12,no_trivial,4,0.365427897716,-933.281683522,0.54263693788,-1719.90076306
65,8,6,4.0,er_k16_s0,er_k16,no_trivial,0,0.283911101199,-965.802812826,0.561545662152,-1719.90076306
65,8,6,4.0,er_k16_s1,er_k16,no_trivial,1,0.280266132554,-952.906455524,0.554047347378,-1719.90076306
65,8,6,4.0,er_k16_s2,er_k16,no_trivial,2,0.281181881896,-956.37161606,0.556062091838,-1719.90076306
65,8,6,4.0,er_k16_s3,er_k16,no_trivial,3,0.284706691701,-967.622143789,0.562603473743,-1719.90076306
65,8,6,4.0,er_k16_s4,er_k16,no_trivial,4,0.283560904505,-964.273370429,0.560656400149,-1719.90076306
66,8,8,0.25,vacio,vacio,trivial,,0,0,-0,-673.201017409
66,8,8,0.25,clique_binaria_s2,clique_binaria,trivial,,1,-16.481234103,0.024481891258,-673.201017409
66,8,8,0.25,clique_difusa_s2,clique_difusa,trivial,,1,-16.481234103,0.024481891258,-673.201017409
66,8,8,0.25,clique_binaria_s3,clique_binaria,trivial,,1,-137.644727413,0.204463041281,-673.201017409
66,8,8,0.25,clique_difusa_s3,clique_difusa,trivial,,1,-137.644727413,0.204463041281,-673.201017409
66,8,8,0.25,clique_binaria_s4,clique_binaria,trivial,,1,-270.281488455,0.401487046908,-673.201017409
66,8,8,0.25,clique_difusa_s4,clique_difusa,trivial,,1,-270.281488455,0.401487046908,-673.201017409
66,8,8,0.25,clique_binaria_s6,clique_binaria,trivial,,1,-501.127325289,0.744394783029,-673.201017409
66,8,8,0.25,clique_difusa_s6,clique_difusa,trivial,,1,-501.127325289,0.744394783029,-673.201017409
66,8,8,0.25,clique_binaria_s8,clique_binaria,trivial,,1,-640.688543732,0.951704657544,-673.201017409
66,8,8,0.25,clique_difusa_s8,clique_difusa,trivial,,1,-640.688543732,0.951704657544,-673.201017409
66,8,8,0.25,clique_binaria_s9,clique_binaria,trivial,,1,-667.436474602,0.991437115129,-673.201017409
66,8,8,0.25,clique_difusa_s9,clique_difusa,trivial,,1,-667.436474602,0.991437115129,-673.201017409
66,8,8,0.25,clique_binaria_s12,clique_binaria,trivial,,1,-552.928910545,0.821342951431,-673.201017409
66,8,8,0.25,clique_difusa_s12,clique_difusa,trivial,,0.827446558568,-651.594320778,0.967904539547,-673.201017409
66,8,8,0.25,clique_binaria_s18,clique_binaria,trivial,,1,643.143644551,-0.955351563529,-673.201017409
66,8,8,0.25,clique_difusa_s18,clique_difusa,trivial,,0.593012941215,-581.453054122,0.86371386716,-673.201017409
66,8,8,0.25,clique_binaria_s24,clique_binaria,trivial,,1,3226.85952716,-4.7933075615,-673.201017409
66,8,8,0.25,clique_difusa_s24,clique_difusa,trivial,,0.462538761472,-496.964503921,0.73821115992,-673.201017409
66,8,8,0.25,clique_binaria_s27,clique_binaria,trivial,,1,5059.95066762,-7.51625522952,-673.201017409
66,8,8,0.25,clique_difusa_s27,clique_difusa,trivial,,0.415725815078,-453.852946565,0.674171510185,-673.201017409
66,8,8,0.25,clique_binaria_s36,clique_binaria,trivial,,1,12781.2725514,-18.9858188281,-673.201017409
66,8,8,0.25,clique_difusa_s36,clique_difusa,trivial,,0.314439248969,-329.776999629,0.489864083833,-673.201017409
66,8,8,0.25,clique_binaria_s54,clique_binaria,trivial,,1,38462.2624916,-57.1333992328,-673.201017409
66,8,8,0.25,clique_difusa_s54,clique_difusa,trivial,,0.194469948864,-128.063207977,0.190230265055,-673.201017409
66,8,8,0.25,clique_binaria_s72,clique_binaria,trivial,,1,78061.8695897,-115.956256112,-673.201017409
66,8,8,0.25,clique_difusa_s72,clique_difusa,trivial,,0.0284489407584,-22.2694177653,0.0330798932108,-673.201017409
66,8,8,0.25,clique_binaria_s108,clique_binaria,trivial,,1,199645.140744,-296.560961111,-673.201017409
66,8,8,0.25,clique_difusa_s108,clique_difusa,trivial,,0.0149660692678,-19.8647590964,0.0295079160351,-673.201017409
66,8,8,0.25,clique_binaria_s216,clique_binaria,trivial,,1,907838.738577,-1348.54035437,-673.201017409
66,8,8,0.25,clique_difusa_s216,clique_difusa,trivial,,0.00654879257299,-18.3971148486,0.0273278179516,-673.201017409
66,8,8,0.25,bipartita,bipartita,trivial,,0.0118835233357,-17.3261770235,0.0257370036221,-673.201017409
66,8,8,0.25,uniforme,uniforme,trivial,,0.00654879257299,-18.3971148486,0.0273278179516,-673.201017409
66,8,8,0.25,t3,t3,no_trivial,,0.21390341687,-17.3261770235,0.0257370036221,-673.201017409
66,8,8,0.25,tree,tree,no_trivial,,0.503531765989,-13.5324164117,0.0201015982771,-673.201017409
66,8,8,0.25,ring_k6,ring,no_trivial,,1,-451.702853147,0.670977674522,-673.201017409
66,8,8,0.25,ws_k6_b0.1,ws,no_trivial,,1,-305.776688899,0.454213052256,-673.201017409
66,8,8,0.25,tri_torus_12x18,tri_torus,no_trivial,,1,-351.225190764,0.521724093817,-673.201017409
66,8,8,0.25,rgg3_k6_s0,rgg3_k6,no_trivial,0,1,-280.266890566,0.416319766783,-673.201017409
66,8,8,0.25,rgg3_k6_s1,rgg3_k6,no_trivial,1,1,-302.270796799,0.449005258433,-673.201017409
66,8,8,0.25,rgg3_k6_s2,rgg3_k6,no_trivial,2,1,-296.662678987,0.440674733572,-673.201017409
66,8,8,0.25,rgg3_k6_s3,rgg3_k6,no_trivial,3,1,-306.074142531,0.454654901903,-673.201017409
66,8,8,0.25,rgg3_k6_s4,rgg3_k6,no_trivial,4,1,-278.780306807,0.414111535184,-673.201017409
66,8,8,0.25,rgg3_k8_s0,rgg3_k8,no_trivial,0,1,-347.461858358,0.516133887758,-673.201017409
66,8,8,0.25,rgg3_k8_s1,rgg3_k8,no_trivial,1,1,-354.426351514,0.526479227375,-673.201017409
66,8,8,0.25,rgg3_k8_s2,rgg3_k8,no_trivial,2,1,-376.971839332,0.559969206201,-673.201017409
66,8,8,0.25,rgg3_k8_s3,rgg3_k8,no_trivial,3,1,-334.528136018,0.496921613853,-673.201017409
66,8,8,0.25,rgg3_k8_s4,rgg3_k8,no_trivial,4,1,-367.496604284,0.5458943091,-673.201017409
66,8,8,0.25,rgg3_k12_s0,rgg3_k12,no_trivial,0,0.826019574405,-329.628571392,0.489643602532,-673.201017409
66,8,8,0.25,rgg3_k12_s1,rgg3_k12,no_trivial,1,0.772280947658,-280.712926355,0.416982326372,-673.201017409
66,8,8,0.25,rgg3_k12_s2,rgg3_k12,no_trivial,2,0.750568656888,-283.796322784,0.421562528049,-673.201017409
66,8,8,0.25,rgg3_k12_s3,rgg3_k12,no_trivial,3,0.73957974851,-279.45930708,0.415120149633,-673.201017409
66,8,8,0.25,rgg3_k12_s4,rgg3_k12,no_trivial,4,0.810571546255,-304.940783371,0.452971364399,-673.201017409
66,8,8,0.25,rgg3_k16_s0,rgg3_k16,no_trivial,0,0.608314774135,-220.833860532,0.328035541867,-673.201017409
66,8,8,0.25,rgg3_k16_s1,rgg3_k16,no_trivial,1,0.591401194714,-221.597559222,0.329169970769,-673.201017409
66,8,8,0.25,rgg3_k16_s2,rgg3_k16,no_trivial,2,0.55807219542,-208.011034575,0.308987997931,-673.201017409
66,8,8,0.25,rgg3_k16_s3,rgg3_k16,no_trivial,3,0.564099201048,-201.211195196,0.298887241689,-673.201017409
66,8,8,0.25,rgg3_k16_s4,rgg3_k16,no_trivial,4,0.632073438225,-233.901530474,0.347446786956,-673.201017409
66,8,8,0.25,rr_k4_s0,rr_k4,no_trivial,0,0.335362432118,-17.85869954,0.0265280340912,-673.201017409
66,8,8,0.25,rr_k4_s1,rr_k4,no_trivial,1,0.330261851433,-17.6735366348,0.026252985628,-673.201017409
66,8,8,0.25,rr_k4_s2,rr_k4,no_trivial,2,0.327815583729,-17.5839418949,0.0261198979803,-673.201017409
66,8,8,0.25,rr_k4_s3,rr_k4,no_trivial,3,0.340598521232,-18.0487053042,0.0268102763327,-673.201017409
66,8,8,0.25,rr_k4_s4,rr_k4,no_trivial,4,0.332776319247,-17.7650947495,0.0263889897521,-673.201017409
66,8,8,0.25,rr_k6_s0,rr_k6,no_trivial,0,0.223998163983,-17.8696135466,0.0265442461976,-673.201017409
66,8,8,0.25,rr_k6_s1,rr_k6,no_trivial,1,0.224554570462,-17.8988726377,0.0265877088341,-673.201017409
66,8,8,0.25,rr_k6_s2,rr_k6,no_trivial,2,0.221323973168,-17.727409,0.0263330098166,-673.201017409
66,8,8,0.25,rr_k6_s3,rr_k6,no_trivial,3,0.222885814324,-17.8112293259,0.0264575199164,-673.201017409
66,8,8,0.25,rr_k6_s4,rr_k6,no_trivial,4,0.223447093019,-17.840566738,0.0265010988942,-673.201017409
66,8,8,0.25,rr_k8_s0,rr_k8,no_trivial,0,0.170482382075,-18.0366956845,0.0267924367582,-673.201017409
66,8,8,0.25,rr_k8_s1,rr_k8,no_trivial,1,0.172226166004,-18.1554827247,0.0269688878287,-673.201017409
66,8,8,0.25,rr_k8_s2,rr_k8,no_trivial,2,0.169543844568,-17.9722277761,0.0266966735214,-673.201017409
66,8,8,0.25,rr_k8_s3,rr_k8,no_trivial,3,0.170101151182,-18.0106441639,0.0267537387765,-673.201017409
66,8,8,0.25,rr_k8_s4,rr_k8,no_trivial,4,0.169161341665,-17.9461996935,0.0266580103556,-673.201017409
66,8,8,0.25,rr_k12_s0,rr_k12,no_trivial,0,0.11462272034,-18.1311535448,0.0269327482815,-673.201017409
66,8,8,0.25,rr_k12_s1,rr_k12,no_trivial,1,0.11477754939,-18.146920233,0.0269561687575,-673.201017409
66,8,8,0.25,rr_k12_s2,rr_k12,no_trivial,2,0.114510495624,-18.1195745854,0.0269155484274,-673.201017409
66,8,8,0.25,rr_k12_s3,rr_k12,no_trivial,3,0.114901925365,-18.1592562012,0.0269744931032,-673.201017409
66,8,8,0.25,rr_k12_s4,rr_k12,no_trivial,4,0.115335369839,-18.2031660842,0.0270397186181,-673.201017409
66,8,8,0.25,rr_k16_s0,rr_k16,no_trivial,0,0.0863074471839,-18.1752961301,0.0269983194619,-673.201017409
66,8,8,0.25,rr_k16_s1,rr_k16,no_trivial,1,0.0869642431821,-18.262988813,0.0271285817174,-673.201017409
66,8,8,0.25,rr_k16_s2,rr_k16,no_trivial,2,0.0860728309109,-18.1435258319,0.0269511265769,-673.201017409
66,8,8,0.25,rr_k16_s3,rr_k16,no_trivial,3,0.0859200905628,-18.1231154585,0.0269208081833,-673.201017409
66,8,8,0.25,rr_k16_s4,rr_k16,no_trivial,4,0.0863602696578,-18.1822674171,0.0270086748934,-673.201017409
66,8,8,0.25,er_k4_s0,er_k4,no_trivial,0,0.269522668335,-14.256731631,0.0211775253785,-673.201017409
66,8,8,0.25,er_k4_s1,er_k4,no_trivial,1,0.278226235444,-14.6744442578,0.021798012597,-673.201017409
66,8,8,0.25,er_k4_s2,er_k4,no_trivial,2,0.281980073689,-14.9648189921,0.0222293469634,-673.201017409
66,8,8,0.25,er_k4_s3,er_k4,no_trivial,3,0.268106102911,-14.2757490264,0.0212057745862,-673.201017409
66,8,8,0.25,er_k4_s4,er_k4,no_trivial,4,0.266040853911,-14.1875884252,0.0210748172661,-673.201017409
66,8,8,0.25,er_k6_s0,er_k6,no_trivial,0,0.195418691738,-15.5141601565,0.0230453605317,-673.201017409
66,8,8,0.25,er_k6_s1,er_k6,no_trivial,1,0.195422960661,-15.4670512984,0.0229753831298,-673.201017409
66,8,8,0.25,er_k6_s2,er_k6,no_trivial,2,0.191166381796,-15.1629739042,0.0225236942787,-673.201017409
66,8,8,0.25,er_k6_s3,er_k6,no_trivial,3,0.200100065671,-15.8209657195,0.0235011019151,-673.201017409
66,8,8,0.25,er_k6_s4,er_k6,no_trivial,4,0.198260344774,-15.7679848363,0.0234224019699,-673.201017409
66,8,8,0.25,er_k8_s0,er_k8,no_trivial,0,0.151270213834,-15.9814845897,0.0237395431326,-673.201017409
66,8,8,0.25,er_k8_s1,er_k8,no_trivial,1,0.151855296302,-15.9473245062,0.0236888003639,-673.201017409
66,8,8,0.25,er_k8_s2,er_k8,no_trivial,2,0.156507825517,-16.4948690833,0.0245021452089,-673.201017409
66,8,8,0.25,er_k8_s3,er_k8,no_trivial,3,0.153101982528,-16.083039435,0.0238903968044,-673.201017409
66,8,8,0.25,er_k8_s4,er_k8,no_trivial,4,0.155857707748,-16.3898594782,0.0243461596972,-673.201017409
66,8,8,0.25,er_k12_s0,er_k12,no_trivial,0,0.10754647816,-17.0105411732,0.0252681453731,-673.201017409
66,8,8,0.25,er_k12_s1,er_k12,no_trivial,1,0.106611332587,-16.8125580987,0.0249740533124,-673.201017409
66,8,8,0.25,er_k12_s2,er_k12,no_trivial,2,0.108054208737,-17.0058215561,0.0252611346631,-673.201017409
66,8,8,0.25,er_k12_s3,er_k12,no_trivial,3,0.106937216272,-16.8436138996,0.0250201848541,-673.201017409
66,8,8,0.25,er_k12_s4,er_k12,no_trivial,4,0.10690835746,-16.8412574725,0.0250166845222,-673.201017409
66,8,8,0.25,er_k16_s0,er_k16,no_trivial,0,0.0828522370468,-17.4077175462,0.0258581272102,-673.201017409
66,8,8,0.25,er_k16_s1,er_k16,no_trivial,1,0.0818674696631,-17.1843767413,0.0255263677518,-673.201017409
66,8,8,0.25,er_k16_s2,er_k16,no_trivial,2,0.0820496217614,-17.2373328705,0.0256050309265,-673.201017409
66,8,8,0.25,er_k16_s3,er_k16,no_trivial,3,0.0832307081167,-17.4572609102,0.0259317209255,-673.201017409
66,8,8,0.25,er_k16_s4,er_k16,no_trivial,4,0.082818664973,-17.3878960596,0.0258286835729,-673.201017409
67,8,8,1.0,vacio,vacio,trivial,,0,0,-0,-997.201017409
67,8,8,1.0,clique_binaria_s2,clique_binaria,trivial,,1,-92.418734103,0.0926781385995,-997.201017409
67,8,8,1.0,clique_difusa_s2,clique_difusa,trivial,,1,-92.418734103,0.0926781385995,-997.201017409
67,8,8,1.0,clique_binaria_s3,clique_binaria,trivial,,1,-279.394727413,0.280178943398,-997.201017409
67,8,8,1.0,clique_difusa_s3,clique_difusa,trivial,,1,-279.394727413,0.280178943398,-997.201017409
67,8,8,1.0,clique_binaria_s4,clique_binaria,trivial,,1,-467.718988455,0.469031800299,-997.201017409
67,8,8,1.0,clique_difusa_s4,clique_difusa,trivial,,1,-467.718988455,0.469031800299,-997.201017409
67,8,8,1.0,clique_binaria_s6,clique_binaria,trivial,,1,-779.564825289,0.781752938153,-997.201017409
67,8,8,1.0,clique_difusa_s6,clique_difusa,trivial,,1,-779.564825289,0.781752938153,-997.201017409
67,8,8,1.0,clique_binaria_s8,clique_binaria,trivial,,1,-959.626043732,0.962319559425,-997.201017409
67,8,8,1.0,clique_difusa_s8,clique_difusa,trivial,,1,-959.626043732,0.962319559425,-997.201017409
67,8,8,1.0,clique_binaria_s9,clique_binaria,trivial,,1,-991.436474602,0.99421927705,-997.201017409
67,8,8,1.0,clique_difusa_s9,clique_difusa,trivial,,1,-991.436474602,0.99421927705,-997.201017409
67,8,8,1.0,clique_binaria_s12,clique_binaria,trivial,,1,-831.366410545,0.833699922113,-997.201017409
67,8,8,1.0,clique_difusa_s12,clique_difusa,trivial,,0.810098760287,-970.506585024,0.973230640644,-997.201017409
67,8,8,1.0,clique_binaria_s18,clique_binaria,trivial,,1,729.206144551,-0.731252908712,-997.201017409
67,8,8,1.0,clique_difusa_s18,clique_difusa,trivial,,0.566154208882,-888.282841436,0.890776108255,-997.201017409
67,8,8,1.0,clique_binaria_s24,clique_binaria,trivial,,1,4041.92202716,-4.05326705107,-997.201017409
67,8,8,1.0,clique_difusa_s24,clique_difusa,trivial,,0.432399810825,-794.832018237,0.797062983652,-997.201017409
67,8,8,1.0,clique_binaria_s27,clique_binaria,trivial,,1,6376.20066762,-6.39409763559,-997.201017409
67,8,8,1.0,clique_difusa_s27,clique_difusa,trivial,,0.385027441338,-749.047881587,0.751150338307,-997.201017409
67,8,8,1.0,clique_binaria_s36,clique_binaria,trivial,,1,16147.8350514,-16.1931594227,-997.201017409
67,8,8,1.0,clique_difusa_s36,clique_difusa,trivial,,0.284355043334,-623.660787933,0.625411303282,-997.201017409
67,8,8,1.0,clique_binaria_s54,clique_binaria,trivial,,1,48389.8249916,-48.5256474339,-997.201017409
67,8,8,1.0,clique_difusa_s54,clique_difusa,trivial,,0.172054936672,-438.525896619,0.439756768157,-997.201017409
67,8,8,1.0,clique_binaria_s72,clique_binaria,trivial,,1,97830.9320897,-98.105527754,-997.201017409
67,8,8,1.0,clique_difusa_s72,clique_difusa,trivial,,0.109377052478,-331.242787099,0.332172532233,-997.201017409
67,8,8,1.0,clique_binaria_s108,clique_binaria,trivial,,1,248938.703244,-249.637434076,-997.201017409
67,8,8,1.0,clique_difusa_s108,clique_difusa,trivial,,0.051729818706,-250.856591593,0.251560705629,-997.201017409
67,8,8,1.0,clique_binaria_s216,clique_binaria,trivial,,1,1124437.80108,-1127.59391682,-997.201017409
67,8,8,1.0,clique_difusa_s216,clique_difusa,trivial,,0.0193110550146,-210.263763415,0.210853939922,-997.201017409
67,8,8,1.0,bipartita,bipartita,trivial,,0.0320898188443,-187.1478235,0.187673117288,-997.201017409
67,8,8,1.0,uniforme,uniforme,trivial,,0.0193110550146,-210.263763415,0.210853939922,-997.201017409
67,8,8,1.0,t3,t3,no_trivial,,0.577616739197,-187.1478235,0.187673117288,-997.201017409
67,8,8,1.0,tree,tree,no_trivial,,1,-135.939502671,0.136321062953,-997.201017409
67,8,8,1.0,ring_k6,ring,no_trivial,,1,-755.452853147,0.75757328759,-997.201017409
67,8,8,1.0,ws_k6_b0.1,ws,no_trivial,,1,-606.151688899,0.607853059029,-997.201017409
67,8,8,1.0,tri_torus_12x18,tri_torus,no_trivial,,1,-654.975190764,0.656813600598,-997.201017409
67,8,8,1.0,rgg3_k6_s0,rgg3_k6,no_trivial,0,1,-555.329390566,0.556888110693,-997.201017409
67,8,8,1.0,rgg3_k6_s1,rgg3_k6,no_trivial,1,1,-571.989546799,0.573595029301,-997.201017409
67,8,8,1.0,rgg3_k6_s2,rgg3_k6,no_trivial,2,1,-570.272053987,0.571872715763,-997.201017409
67,8,8,1.0,rgg3_k6_s3,rgg3_k6,no_trivial,3,1,-580.386642531,0.582015694327,-997.201017409
67,8,8,1.0,rgg3_k6_s4,rgg3_k6,no_trivial,4,1,-550.233431807,0.551777848399,-997.201017409
67,8,8,1.0,rgg3_k8_s0,rgg3_k8,no_trivial,0,1,-641.508733358,0.643309345015,-997.201017409
67,8,8,1.0,rgg3_k8_s1,rgg3_k8,no_trivial,1,1,-645.004476514,0.646814900159,-997.201017409
67,8,8,1.0,rgg3_k8_s2,rgg3_k8,no_trivial,2,1,-674.768714332,0.676662681397,-997.201017409
67,8,8,1.0,rgg3_k8_s3,rgg3_k8,no_trivial,3,1,-630.215636018,0.631984549771,-997.201017409
67,8,8,1.0,rgg3_k8_s4,rgg3_k8,no_trivial,4,1,-651.090354284,0.652917860007,-997.201017409
67,8,8,1.0,rgg3_k12_s0,rgg3_k12,no_trivial,0,0.769362451594,-620.226853117,0.621967729965,-997.201017409
67,8,8,1.0,rgg3_k12_s1,rgg3_k12,no_trivial,1,0.716947789967,-566.467460865,0.568057443761,-997.201017409
67,8,8,1.0,rgg3_k12_s2,rgg3_k12,no_trivial,2,0.698138165376,-565.66217553,0.567249898119,-997.201017409
67,8,8,1.0,rgg3_k12_s3,rgg3_k12,no_trivial,3,0.687391495683,-561.633712456,0.563210127799,-997.201017409
67,8,8,1.0,rgg3_k12_s4,rgg3_k12,no_trivial,4,0.752797131769,-588.90415797,0.590557117059,-997.201017409
67,8,8,1.0,rgg3_k16_s0,rgg3_k16,no_trivial,0,0.553371992616,-513.085993611,0.514526143329,-997.201017409
67,8,8,1.0,rgg3_k16_s1,rgg3_k16,no_trivial,1,0.539318532489,-513.779973974,0.515222071582,-997.201017409
67,8,8,1.0,rgg3_k16_s2,rgg3_k16,no_trivial,2,0.511727712631,-494.458595039,0.49584646065,-997.201017409
67,8,8,1.0,rgg3_k16_s3,rgg3_k16,no_trivial,3,0.517268689674,-486.823363708,0.488189798455,-997.201017409
67,8,8,1.0,rgg3_k16_s4,rgg3_k16,no_trivial,4,0.575435992399,-526.463706572,0.527941405375,-997.201017409
67,8,8,1.0,rr_k4_s0,rr_k4,no_trivial,0,0.910998589143,-195.049232864,0.195596704635,-997.201017409
67,8,8,1.0,rr_k4_s1,rr_k4,no_trivial,1,0.895588779434,-192.307400104,0.192847175992,-997.201017409
67,8,8,1.0,rr_k4_s2,rr_k4,no_trivial,2,0.88809420107,-190.978119145,0.191514163955,-997.201017409
67,8,8,1.0,rr_k4_s3,rr_k4,no_trivial,3,0.925211517195,-197.685351545,0.198240222477,-997.201017409
67,8,8,1.0,rr_k4_s4,rr_k4,no_trivial,4,0.903222875868,-193.66417979,0.19420776394,-997.201017409
67,8,8,1.0,rr_k6_s0,rr_k6,no_trivial,0,0.617010821464,-196.556342865,0.197108044851,-997.201017409
67,8,8,1.0,rr_k6_s1,rr_k6,no_trivial,1,0.619224201032,-197.077653187,0.197630818407,-997.201017409
67,8,8,1.0,rr_k6_s2,rr_k6,no_trivial,2,0.606862968939,-194.113414951,0.194658260032,-997.201017409
67,8,8,1.0,rr_k6_s3,rr_k6,no_trivial,3,0.612350264422,-195.481080619,0.196029764517,-997.201017409
67,8,8,1.0,rr_k6_s4,rr_k6,no_trivial,4,0.61482042376,-196.039968001,0.196590220606,-997.201017409
67,8,8,1.0,rr_k8_s0,rr_k8,no_trivial,0,0.477582536147,-200.483647271,0.201046372568,-997.201017409
67,8,8,1.0,rr_k8_s1,rr_k8,no_trivial,1,0.485792945022,-202.861669214,0.203431069236,-997.201017409
67,8,8,1.0,rr_k8_s2,rr_k8,no_trivial,2,0.473248197269,-199.214422252,0.199773585039,-997.201017409
67,8,8,1.0,rr_k8_s3,rr_k8,no_trivial,3,0.475732077963,-199.953689884,0.200514927676,-997.201017409
67,8,8,1.0,rr_k8_s4,rr_k8,no_trivial,4,0.471170757224,-198.645857335,0.199203424251,-997.201017409
67,8,8,1.0,rr_k12_s0,rr_k12,no_trivial,0,0.326239146518,-203.231672595,0.203802111156,-997.201017409
67,8,8,1.0,rr_k12_s1,rr_k12,no_trivial,1,0.32698138752,-203.550363346,0.20412169642,-997.201017409
67,8,8,1.0,rr_k12_s2,rr_k12,no_trivial,2,0.325806291592,-203.024836645,0.203594694651,-997.201017409
67,8,8,1.0,rr_k12_s3,rr_k12,no_trivial,3,0.327821213526,-203.862152521,0.204434360738,-997.201017409
67,8,8,1.0,rr_k12_s4,rr_k12,no_trivial,4,0.329957681275,-204.767114578,0.205341862877,-997.201017409
67,8,8,1.0,rr_k16_s0,rr_k16,no_trivial,0,0.247594188148,-204.548476335,0.205122610952,-997.201017409
67,8,8,1.0,rr_k16_s1,rr_k16,no_trivial,1,0.251342080797,-206.524842531,0.207104524489,-997.201017409
67,8,8,1.0,rr_k16_s2,rr_k16,no_trivial,2,0.246454024967,-203.899923845,0.20447223808,-997.201017409
67,8,8,1.0,rr_k16_s3,rr_k16,no_trivial,3,0.245498552248,-203.414860282,0.203985813021,-997.201017409
67,8,8,1.0,rr_k16_s4,rr_k16,no_trivial,4,0.247965336811,-204.728085618,0.20530272437,-997.201017409
67,8,8,1.0,er_k4_s0,er_k4,no_trivial,0,0.741194830623,-157.234674033,0.15767600643,-997.201017409
67,8,8,1.0,er_k4_s1,er_k4,no_trivial,1,0.765882073806,-162.20318796,0.162658466175,-997.201017409
67,8,8,1.0,er_k4_s2,er_k4,no_trivial,2,0.772871286904,-164.468473452,0.164930109958,-997.201017409
67,8,8,1.0,er_k4_s3,er_k4,no_trivial,3,0.732691190352,-156.361213785,0.15680009452,-997.201017409
67,8,8,1.0,er_k4_s4,er_k4,no_trivial,4,0.727326294407,-155.282151693,0.155718003674,-997.201017409
67,8,8,1.0,er_k6_s0,er_k6,no_trivial,0,0.544199001492,-171.971965005,0.172454662603,-997.201017409
67,8,8,1.0,er_k6_s1,er_k6,no_trivial,1,0.547421688589,-172.218652521,0.172702042532,-997.201017409
67,8,8,1.0,er_k6_s2,er_k6,no_trivial,2,0.533534420943,-168.332102696,0.168804583787,-997.201017409
67,8,8,1.0,er_k6_s3,er_k6,no_trivial,3,0.560719450293,-176.305641319,0.176800502849,-997.201017409
67,8,8,1.0,er_k6_s4,er_k6,no_trivial,4,0.550911177807,-174.423921116,0.17491350096,-997.201017409
67,8,8,1.0,er_k8_s0,er_k8,no_trivial,0,0.425685563419,-178.127597433,0.1786275729,-997.201017409
67,8,8,1.0,er_k8_s1,er_k8,no_trivial,1,0.432721914696,-179.373806174,0.179877279548,-997.201017409
67,8,8,1.0,er_k8_s2,er_k8,no_trivial,2,0.442427039073,-184.488083476,0.185005911802,-997.201017409
67,8,8,1.0,er_k8_s3,er_k8,no_trivial,3,0.434736099119,-180.607840671,0.181114777781,-997.201017409
67,8,8,1.0,er_k8_s4,er_k8,no_trivial,4,0.441497054564,-183.738228943,0.184253952549,-997.201017409
67,8,8,1.0,er_k12_s0,er_k12,no_trivial,0,0.306377949053,-190.745051763,0.191280442392,-997.201017409
67,8,8,1.0,er_k12_s1,er_k12,no_trivial,1,0.305775065928,-189.413891014,0.189945545289,-997.201017409
67,8,8,1.0,er_k12_s2,er_k12,no_trivial,2,0.311086615733,-192.148582264,0.192687912376,-997.201017409
67,8,8,1.0,er_k12_s3,er_k12,no_trivial,3,0.307680270882,-190.158575879,0.190692320364,-997.201017409
67,8,8,1.0,er_k12_s4,er_k12,no_trivial,4,0.307367482715,-190.061069556,0.190594540356,-997.201017409
67,8,8,1.0,er_k16_s0,er_k16,no_trivial,0,0.23909291995,-196.672973199,0.197225002548,-997.201017409
67,8,8,1.0,er_k16_s1,er_k16,no_trivial,1,0.236889347505,-194.480855726,0.195026732155,-997.201017409
67,8,8,1.0,er_k16_s2,er_k16,no_trivial,2,0.236932506587,-194.809072936,0.195355870617,-997.201017409
67,8,8,1.0,er_k16_s3,er_k16,no_trivial,3,0.241343690279,-197.83546568,0.198390757958,-997.201017409
67,8,8,1.0,er_k16_s4,er_k16,no_trivial,4,0.239446515178,-196.69324954,0.197245335801,-997.201017409
68,8,8,4.0,vacio,vacio,trivial,,0,0,-0,-2293.20101741
68,8,8,4.0,clique_binaria_s2,clique_binaria,trivial,,1,-396.168734103,0.172757961947,-2293.20101741
68,8,8,4.0,clique_difusa_s2,clique_difusa,trivial,,1,-396.168734103,0.172757961947,-2293.20101741
68,8,8,4.0,clique_binaria_s3,clique_binaria,trivial,,1,-846.394727413,0.369088763256,-2293.20101741
68,8,8,4.0,clique_difusa_s3,clique_difusa,trivial,,1,-846.394727413,0.369088763256,-2293.20101741
68,8,8,4.0,clique_binaria_s4,clique_binaria,trivial,,1,-1257.46898846,0.548346603245,-2293.20101741
68,8,8,4.0,clique_difusa_s4,clique_difusa,trivial,,1,-1257.46898846,0.548346603245,-2293.20101741
68,8,8,4.0,clique_binaria_s6,clique_binaria,trivial,,1,-1893.31482529,0.825620959923,-2293.20101741
68,8,8,4.0,clique_difusa_s6,clique_difusa,trivial,,1,-1893.31482529,0.825620959923,-2293.20101741
68,8,8,4.0,clique_binaria_s8,clique_binaria,trivial,,1,-2235.37604373,0.974784167093,-2293.20101741
68,8,8,4.0,clique_difusa_s8,clique_difusa,trivial,,1,-2235.37604373,0.974784167093,-2293.20101741
68,8,8,4.0,clique_binaria_s9,clique_binaria,trivial,,1,-2287.4364746,0.997486246185,-2293.20101741
68,8,8,4.0,clique_difusa_s9,clique_difusa,trivial,,1,-2287.4364746,0.997486246185,-2293.20101741
68,8,8,4.0,clique_binaria_s12,clique_binaria,trivial,,1,-1945.11641055,0.848210163775,-2293.20101741
68,8,8,4.0,clique_difusa_s12,clique_difusa,trivial,,0.775266499405,-2256.72254844,0.984092773077,-2293.20101741
68,8,8,4.0,clique_binaria_s18,clique_binaria,trivial,,1,1073.45614455,-0.468103814887,-2293.20101741
68,8,8,4.0,clique_difusa_s18,clique_difusa,trivial,,0.519148917652,-2156.82487721,0.940530228635,-2293.20101741
68,8,8,4.0,clique_binaria_s24,clique_binaria,trivial,,1,7302.17202716,-3.18427035908,-2293.20101741
68,8,8,4.0,clique_difusa_s24,clique_difusa,trivial,,0.386157921762,-2055.51760814,0.896352998508,-2293.20101741
68,8,8,4.0,clique_binaria_s27,clique_binaria,trivial,,1,11641.2006676,-5.0763978296,-2293.20101741
68,8,8,4.0,clique_difusa_s27,clique_difusa,trivial,,0.340933060004,-2009.17337188,0.876143589955,-2293.20101741
68,8,8,4.0,clique_binaria_s36,clique_binaria,trivial,,1,29614.0850514,-12.9138635587,-2293.20101741
68,8,8,4.0,clique_difusa_s36,clique_difusa,trivial,,0.249253527461,-1890.33010432,0.824319407661,-2293.20101741
68,8,8,4.0,clique_binaria_s54,clique_binaria,trivial,,1,88100.0749916,-38.4179469321,-2293.20101741
68,8,8,4.0,clique_difusa_s54,clique_difusa,trivial,,0.156994073838,-1727.11322472,0.75314515021,-2293.20101741
68,8,8,4.0,clique_binaria_s72,clique_binaria,trivial,,1,176907.18209,-77.1442105366,-2293.20101741
68,8,8,4.0,clique_difusa_s72,clique_difusa,trivial,,0.111890390778,-1626.97931539,0.709479589027,-2293.20101741
68,8,8,4.0,clique_binaria_s108,clique_binaria,trivial,,1,446112.953244,-194.537221054,-2293.20101741
68,8,8,4.0,clique_difusa_s108,clique_difusa,trivial,,0.0692295213464,-1517.42525302,0.661706165967,-2293.20101741
68,8,8,4.0,clique_binaria_s216,clique_binaria,trivial,,1,1990834.05108,-868.146331683,-2293.20101741
68,8,8,4.0,clique_difusa_s216,clique_difusa,trivial,,0.0313151015515,-1405.88528234,0.613066744547,-2293.20101741
68,8,8,4.0,bipartita,bipartita,trivial,,0.0558171739103,-1302.10303298,0.567810245632,-2293.20101741
68,8,8,4.0,uniforme,uniforme,trivial,,0.0313151015515,-1405.88528234,0.613066744547,-2293.20101741
68,8,8,4.0,t3,t3,no_trivial,,1,-1302.07442771,0.567797771683,-2293.20101741
68,8,8,4.0,tree,tree,no_trivial,,1,-678.189502671,0.295739229802,-2293.20101741
68,8,8,4.0,ring_k6,ring,no_trivial,,1,-1970.45285315,0.859258668642,-2293.20101741
68,8,8,4.0,ws_k6_b0.1,ws,no_trivial,,1,-1807.6516889,0.788265692879,-2293.20101741
68,8,8,4.0,tri_torus_12x18,tri_torus,no_trivial,,1,-1869.97519076,0.815443206491,-2293.20101741
68,8,8,4.0,rgg3_k6_s0,rgg3_k6,no_trivial,0,1,-1655.57939057,0.721951271606,-2293.20101741
68,8,8,4.0,rgg3_k6_s1,rgg3_k6,no_trivial,1,1,-1650.8645468,0.719895261805,-2293.20101741
68,8,8,4.0,rgg3_k6_s2,rgg3_k6,no_trivial,2,1,-1664.70955399,0.725932677227,-2293.20101741
68,8,8,4.0,rgg3_k6_s3,rgg3_k6,no_trivial,3,1,-1677.63664253,0.731569814332,-2293.20101741
68,8,8,4.0,rgg3_k6_s4,rgg3_k6,no_trivial,4,1,-1636.04593181,0.713433283601,-2293.20101741
68,8,8,4.0,rgg3_k8_s0,rgg3_k8,no_trivial,0,1,-1817.69623336,0.792645834167,-2293.20101741
68,8,8,4.0,rgg3_k8_s1,rgg3_k8,no_trivial,1,1,-1807.31697651,0.78811973429,-2293.20101741
68,8,8,4.0,rgg3_k8_s2,rgg3_k8,no_trivial,2,1,-1865.95621433,0.813690644722,-2293.20101741
68,8,8,4.0,rgg3_k8_s3,rgg3_k8,no_trivial,3,1,-1812.96563602,0.79058295468,-2293.20101741
68,8,8,4.0,rgg3_k8_s4,rgg3_k8,no_trivial,4,0.931021217444,-1799.00631521,0.784495690325,-2293.20101741
68,8,8,4.0,rgg3_k12_s0,rgg3_k12,no_trivial,0,0.696535597445,-1829.94209541,0.797985907696,-2293.20101741
68,8,8,4.0,rgg3_k12_s1,rgg3_k12,no_trivial,1,0.651234224881,-1752.20618182,0.764087477946,-2293.20101741
68,8,8,4.0,rgg3_k12_s2,rgg3_k12,no_trivial,2,0.634719105148,-1734.43041152,0.756335968088,-2293.20101741
68,8,8,4.0,rgg3_k12_s3,rgg3_k12,no_trivial,3,0.624945546612,-1731.6599769,0.755127860031,-2293.20101741
68,8,8,4.0,rgg3_k12_s4,rgg3_k12,no_trivial,4,0.681067427806,-1771.51049548,0.772505542266,-2293.20101741
68,8,8,4.0,rgg3_k16_s0,rgg3_k16,no_trivial,0,0.499326864836,-1733.19436895,0.755796964936,-2293.20101741
68,8,8,4.0,rgg3_k16_s1,rgg3_k16,no_trivial,1,0.487694650151,-1731.18002085,0.754918564797,-2293.20101741
68,8,8,4.0,rgg3_k16_s2,rgg3_k16,no_trivial,2,0.46617120712,-1680.53486386,0.732833646552,-2293.20101741
68,8,8,4.0,rgg3_k16_s3,rgg3_k16,no_trivial,3,0.471949374292,-1668.05655733,0.727392210568,-2293.20101741
68,8,8,4.0,rgg3_k16_s4,rgg3_k16,no_trivial,4,0.517991776884,-1750.43564562,0.76331539727,-2293.20101741
68,8,8,4.0,rr_k4_s0,rr_k4,no_trivial,0,1,-1165.1763949,0.508100417736,-2293.20101741
68,8,8,4.0,rr_k4_s1,rr_k4,no_trivial,1,1,-1161.68417848,0.506577561087,-2293.20101741
68,8,8,4.0,rr_k4_s2,rr_k4,no_trivial,2,1,-1159.93807027,0.505816132762,-2293.20101741
68,8,8,4.0,rr_k4_s3,rr_k4,no_trivial,3,1,-1168.38092924,0.509497824383,-2293.20101741
68,8,8,4.0,rr_k4_s4,rr_k4,no_trivial,4,1,-1163.43028669,0.507338989411,-2293.20101741
68,8,8,4.0,rr_k6_s0,rr_k6,no_trivial,0,1,-1336.42122773,0.582775438169,-2293.20101741
68,8,8,4.0,rr_k6_s1,rr_k6,no_trivial,1,1,-1338.16733594,0.583536866493,-2293.20101741
68,8,8,4.0,rr_k6_s2,rr_k6,no_trivial,2,1,-1328.26605083,0.57921919655,-2293.20101741
68,8,8,4.0,rr_k6_s3,rr_k6,no_trivial,3,1,-1332.64132924,0.581127131518,-2293.20101741
68,8,8,4.0,rr_k6_s4,rr_k6,no_trivial,4,1,-1334.67511952,0.582014009844,-2293.20101741
68,8,8,4.0,rr_k8_s0,rr_k8,no_trivial,0,0.7933591004,-1356.78874242,0.591657134337,-2293.20101741
68,8,8,4.0,rr_k8_s1,rr_k8,no_trivial,1,0.800010376209,-1365.84313678,0.595605499216,-2293.20101741
68,8,8,4.0,rr_k8_s2,rr_k8,no_trivial,2,0.789804088728,-1351.90241329,0.589526344626,-2293.20101741
68,8,8,4.0,rr_k8_s3,rr_k8,no_trivial,3,0.791762750111,-1354.67492923,0.590735360288,-2293.20101741
68,8,8,4.0,rr_k8_s4,rr_k8,no_trivial,4,0.787741362897,-1349.37566756,0.588424502395,-2293.20101741
68,8,8,4.0,rr_k12_s0,rr_k12,no_trivial,0,0.539201365821,-1372.22564555,0.598388730484,-2293.20101741
68,8,8,4.0,rr_k12_s1,rr_k12,no_trivial,1,0.539756119315,-1373.38500803,0.598894295619,-2293.20101741
68,8,8,4.0,rr_k12_s2,rr_k12,no_trivial,2,0.539005659602,-1371.62984038,0.598128916728,-2293.20101741
68,8,8,4.0,rr_k12_s3,rr_k12,no_trivial,3,0.540681496331,-1374.88113856,0.599546715759,-2293.20101741
68,8,8,4.0,rr_k12_s4,rr_k12,no_trivial,4,0.542298679179,-1378.19513879,0.600991857374,-2293.20101741
68,8,8,4.0,rr_k16_s0,rr_k16,no_trivial,0,0.408363396975,-1379.74298375,0.601666828714,-2293.20101741
68,8,8,4.0,rr_k16_s1,rr_k16,no_trivial,1,0.411653485878,-1387.70382728,0.605138327056,-2293.20101741
68,8,8,4.0,rr_k16_s2,rr_k16,no_trivial,2,0.407578302831,-1377.4644048,0.600673204982,-2293.20101741
68,8,8,4.0,rr_k16_s3,rr_k16,no_trivial,3,0.406565174725,-1375.24258748,0.599704333392,-2293.20101741
68,8,8,4.0,rr_k16_s4,rr_k16,no_trivial,4,0.408788308408,-1380.62270693,0.60205045107,-2293.20101741
68,8,8,4.0,er_k4_s0,er_k4,no_trivial,0,1,-1023.21382423,0.446194562299,-2293.20101741
68,8,8,4.0,er_k4_s1,er_k4,no_trivial,1,1,-1041.54848146,0.45418978692,-2293.20101741
68,8,8,4.0,er_k4_s2,er_k4,no_trivial,2,1,-1057.36806847,0.461088260663,-2293.20101741
68,8,8,4.0,er_k4_s3,er_k4,no_trivial,3,1,-1026.51429179,0.447633802705,-2293.20101741
68,8,8,4.0,er_k4_s4,er_k4,no_trivial,4,1,-1023.35292184,0.446255218829,-2293.20101741
68,8,8,4.0,er_k6_s0,er_k6,no_trivial,0,0.904457111806,-1163.48343146,0.50736216434,-2293.20101741
68,8,8,4.0,er_k6_s1,er_k6,no_trivial,1,0.903246282898,-1160.18663004,0.505924522634,-2293.20101741
68,8,8,4.0,er_k6_s2,er_k6,no_trivial,2,0.884942409905,-1137.56348846,0.496059211479,-2293.20101741
68,8,8,4.0,er_k6_s3,er_k6,no_trivial,3,0.92287151871,-1185.695273,0.5170481192,-2293.20101741
68,8,8,4.0,er_k6_s4,er_k6,no_trivial,4,0.919415351287,-1183.20310149,0.515961353803,-2293.20101741
68,8,8,4.0,er_k8_s0,er_k8,no_trivial,0,0.705187010819,-1203.6630299,0.524883348978,-2293.20101741
68,8,8,4.0,er_k8_s1,er_k8,no_trivial,1,0.706466559696,-1201.83086561,0.524084394035,-2293.20101741
68,8,8,4.0,er_k8_s2,er_k8,no_trivial,2,0.728614407744,-1242.3039095,0.541733541923,-2293.20101741
68,8,8,4.0,er_k8_s3,er_k8,no_trivial,3,0.71020099046,-1210.07907003,0.527681202322,-2293.20101741
68,8,8,4.0,er_k8_s4,er_k8,no_trivial,4,0.723183609593,-1232.92307551,0.537642825965,-2293.20101741
68,8,8,4.0,er_k12_s0,er_k12,no_trivial,0,0.506446216108,-1288.05013287,0.561682173998,-2293.20101741
68,8,8,4.0,er_k12_s1,er_k12,no_trivial,1,0.501705573775,-1273.63169444,0.555394701454,-2293.20101741
68,8,8,4.0,er_k12_s2,er_k12,no_trivial,2,0.5076354359,-1287.9511345,0.561639003613,-2293.20101741
68,8,8,4.0,er_k12_s3,er_k12,no_trivial,3,0.503252187541,-1276.44601227,0.556621945733,-2293.20101741
68,8,8,4.0,er_k12_s4,er_k12,no_trivial,4,0.502856864921,-1275.91135492,0.556388796808,-2293.20101741
68,8,8,4.0,er_k16_s0,er_k16,no_trivial,0,0.392050507278,-1322.32824036,0.576629885614,-2293.20101741
68,8,8,4.0,er_k16_s1,er_k16,no_trivial,1,0.387502152332,-1305.86061708,0.569448821612,-2293.20101741
68,8,8,4.0,er_k16_s2,er_k16,no_trivial,2,0.3884643659,-1309.73824655,0.571139745974,-2293.20101741
68,8,8,4.0,er_k16_s3,er_k16,no_trivial,3,0.393996825829,-1326.94279287,0.578642161239,-2293.20101741
68,8,8,4.0,er_k16_s4,er_k16,no_trivial,4,0.391872658001,-1321.05561187,0.576074928383,-2293.20101741
69,8,12,0.25,vacio,vacio,trivial,,0,0,-0,-1009.80152611
69,8,12,0.25,clique_binaria_s2,clique_binaria,trivial,,1,-19.987489402,0.0197934830609,-1009.80152611
69,8,12,0.25,clique_difusa_s2,clique_difusa,trivial,,1,-19.987489402,0.0197934830609,-1009.80152611
69,8,12,0.25,clique_binaria_s3,clique_binaria,trivial,,1,-151.669748609,0.150197583076,-1009.80152611
69,8,12,0.25,clique_difusa_s3,clique_difusa,trivial,,1,-151.669748609,0.150197583076,-1009.80152611
69,8,12,0.25,clique_binaria_s4,clique_binaria,trivial,,1,-301.837786146,0.298908031272,-1009.80152611
69,8,12,0.25,clique_difusa_s4,clique_difusa,trivial,,1,-301.837786146,0.298908031272,-1009.80152611
69,8,12,0.25,clique_binaria_s6,clique_binaria,trivial,,1,-588.783707764,0.583068744241,-1009.80152611
69,8,12,0.25,clique_difusa_s6,clique_difusa,trivial,,1,-588.783707764,0.583068744241,-1009.80152611
69,8,12,0.25,clique_binaria_s8,clique_binaria,trivial,,1,-812.495053383,0.804608660585,-1009.80152611
69,8,12,0.25,clique_difusa_s8,clique_difusa,trivial,,1,-812.495053383,0.804608660585,-1009.80152611
69,8,12,0.25,clique_binaria_s9,clique_binaria,trivial,,1,-891.836813739,0.883180298975,-1009.80152611
69,8,12,0.25,clique_difusa_s9,clique_difusa,trivial,,1,-891.836813739,0.883180298975,-1009.80152611
69,8,12,0.25,clique_binaria_s12,clique_binaria,trivial,,1,-977.185801725,0.967700856509,-1009.80152611
69,8,12,0.25,clique_difusa_s12,clique_difusa,trivial,,0.948211123283,-986.157237989,0.976585212526,-1009.80152611
69,8,12,0.25,clique_binaria_s18,clique_binaria,trivial,,1,-370.164136861,0.366571179869,-1009.80152611
69,8,12,0.25,clique_difusa_s18,clique_difusa,trivial,,0.70670177009,-1009.79949262,0.999997986244,-1009.80152611
69,8,12,0.25,clique_binaria_s24,clique_binaria,trivial,,1,1372.05047398,-1.35873281878,-1009.80152611
69,8,12,0.25,clique_difusa_s24,clique_difusa,trivial,,0.572281857087,-994.431355096,0.984779017836,-1009.80152611
69,8,12,0.25,clique_binaria_s27,clique_binaria,trivial,,1,2689.72208549,-2.66361459746,-1009.80152611
69,8,12,0.25,clique_difusa_s27,clique_difusa,trivial,,0.524084709196,-978.505054342,0.969007303947,-1009.80152611
69,8,12,0.25,clique_binaria_s36,clique_binaria,trivial,,1,8486.10981014,-8.40374032984,-1009.80152611
69,8,12,0.25,clique_difusa_s36,clique_difusa,trivial,,0.420180689809,-912.373028503,0.903517181256,-1009.80152611
69,8,12,0.25,clique_binaria_s54,clique_binaria,trivial,,1,28613.1913566,-28.3354605996,-1009.80152611
69,8,12,0.25,clique_difusa_s54,clique_difusa,trivial,,0.3010158892,-746.24508521,0.739001740354,-1009.80152611
69,8,12,0.25,clique_binaria_s72,clique_binaria,trivial,,1,60386.8366274,-59.8006985193,-1009.80152611
69,8,12,0.25,clique_difusa_s72,clique_difusa,trivial,,0.231749139163,-575.840975571,0.570251639238,-1009.80152611
69,8,12,0.25,clique_binaria_s108,clique_binaria,trivial,,1,159502.023826,-157.953835185,-1009.80152611
69,8,12,0.25,clique_difusa_s108,clique_difusa,trivial,,0.149920153472,-281.18715145,0.278457839663,-1009.80152611
69,8,12,0.25,clique_binaria_s216,clique_binaria,trivial,,1,745762.08738,-738.523430688,-1009.80152611
69,8,12,0.25,clique_difusa_s216,clique_difusa,trivial,,0.0116584123935,-30.5053792682,0.0302092821998,-1009.80152611
69,8,12,0.25,bipartita,bipartita,trivial,,0.0178252850036,-25.9892655352,0.0257370036221,-1009.80152611
69,8,12,0.25,uniforme,uniforme,trivial,,0.0116584123935,-30.5053792682,0.0302092821998,-1009.80152611
69,8,12,0.25,t3,t3,no_trivial,,0.320855134823,-25.9892655352,0.0257370036221,-1009.80152611
69,8,12,0.25,tree,tree,no_trivial,,0.755297660187,-20.2986246175,0.0201015982771,-1009.80152611
69,8,12,0.25,ring_k6,ring,no_trivial,,1,-577.928043912,0.572318449682,-1009.80152611
69,8,12,0.25,ws_k6_b0.1,ws,no_trivial,,1,-434.339383196,0.430123516319,-1009.80152611
69,8,12,0.25,tri_torus_12x18,tri_torus,no_trivial,,1,-477.450381528,0.472816062544,-1009.80152611
69,8,12,0.25,rgg3_k6_s0,rgg3_k6,no_trivial,0,1,-418.049737686,0.41399198444,-1009.80152611
69,8,12,0.25,rgg3_k6_s1,rgg3_k6,no_trivial,1,1,-463.4936099,0.458994760766,-1009.80152611
69,8,12,0.25,rgg3_k6_s2,rgg3_k6,no_trivial,2,1,-430.776944174,0.426595655715,-1009.80152611
69,8,12,0.25,rgg3_k6_s3,rgg3_k6,no_trivial,3,1,-462.037572683,0.457552856413,-1009.80152611
69,8,12,0.25,rgg3_k6_s4,rgg3_k6,no_trivial,4,1,-407.635189046,0.403678523456,-1009.80152611
69,8,12,0.25,rgg3_k8_s0,rgg3_k8,no_trivial,0,1,-574.426958315,0.568851346982,-1009.80152611
69,8,12,0.25,rgg3_k8_s1,rgg3_k8,no_trivial,1,1,-583.274440428,0.577612951995,-1009.80152611
69,8,12,0.25,rgg3_k8_s2,rgg3_k8,no_trivial,2,1,-607.573055896,0.601675715657,-1009.80152611
69,8,12,0.25,rgg3_k8_s3,rgg3_k8,no_trivial,3,1,-537.501359438,0.532284162321,-1009.80152611
69,8,12,0.25,rgg3_k8_s4,rgg3_k8,no_trivial,4,1,-634.426521584,0.628268531169,-1009.80152611
69,8,12,0.25,rgg3_k12_s0,rgg3_k12,no_trivial,0,1,-780.00997034,0.772438890385,-1009.80152611
69,8,12,0.25,rgg3_k12_s1,rgg3_k12,no_trivial,1,1,-735.055815271,0.727921077818,-1009.80152611
69,8,12,0.25,rgg3_k12_s2,rgg3_k12,no_trivial,2,0.991266065637,-728.314160542,0.72124486021,-1009.80152611
69,8,12,0.25,rgg3_k12_s3,rgg3_k12,no_trivial,3,0.979920049488,-726.111638089,0.719063716296,-1009.80152611
69,8,12,0.25,rgg3_k12_s4,rgg3_k12,no_trivial,4,1,-753.99378262,0.746675225895,-1009.80152611
69,8,12,0.25,rgg3_k16_s0,rgg3_k16,no_trivial,0,0.852312908914,-740.427322133,0.733240446747,-1009.80152611
69,8,12,0.25,rgg3_k16_s1,rgg3_k16,no_trivial,1,0.826972413421,-733.178357011,0.726061842897,-1009.80152611
69,8,12,0.25,rgg3_k16_s2,rgg3_k16,no_trivial,2,0.782620276614,-690.779042699,0.684074072811,-1009.80152611
69,8,12,0.25,rgg3_k16_s3,rgg3_k16,no_trivial,3,0.794765592666,-681.601860412,0.674985967822,-1009.80152611
69,8,12,0.25,rgg3_k16_s4,rgg3_k16,no_trivial,4,0.878039835751,-754.757505801,0.747431536082,-1009.80152611
69,8,12,0.25,rr_k4_s0,rr_k4,no_trivial,0,0.52861543381,-27.7871535908,0.0275174406774,-1009.80152611
69,8,12,0.25,rr_k4_s1,rr_k4,no_trivial,1,0.5111980275,-27.1349032487,0.0268715213307,-1009.80152611
69,8,12,0.25,rr_k4_s2,rr_k4,no_trivial,2,0.503153905126,-26.830141398,0.026569717617,-1009.80152611
69,8,12,0.25,rr_k4_s3,rr_k4,no_trivial,3,0.54683053386,-28.4747738725,0.0281983866494,-1009.80152611
69,8,12,0.25,rr_k4_s4,rr_k4,no_trivial,4,0.519672667285,-27.4535262189,0.0271870516225,-1009.80152611
69,8,12,0.25,rr_k6_s0,rr_k6,no_trivial,0,0.356629726985,-27.9164594253,0.0276454914192,-1009.80152611
69,8,12,0.25,rr_k6_s1,rr_k6,no_trivial,1,0.358845483394,-28.0304375709,0.0277583632486,-1009.80152611
69,8,12,0.25,rr_k6_s2,rr_k6,no_trivial,2,0.346501295729,-27.3831754709,0.0271173837261,-1009.80152611
69,8,12,0.25,rr_k6_s3,rr_k6,no_trivial,3,0.352213192042,-27.6900921929,0.0274213213952,-1009.80152611
69,8,12,0.25,rr_k6_s4,rr_k6,no_trivial,4,0.354463676706,-27.8044727665,0.0275345917465,-1009.80152611
69,8,12,0.25,rr_k8_s0,rr_k8,no_trivial,0,0.279177986239,-28.6430050349,0.0283649848947,-1009.80152611
69,8,12,0.25,rr_k8_s1,rr_k8,no_trivial,1,0.287468693751,-29.1651023596,0.0288820145398,-1009.80152611
69,8,12,0.25,rr_k8_s2,rr_k8,no_trivial,2,0.274966683171,-28.371279457,0.0280958967909,-1009.80152611
69,8,12,0.25,rr_k8_s3,rr_k8,no_trivial,3,0.277424808381,-28.5313710069,0.02825443443,-1009.80152611
69,8,12,0.25,rr_k8_s4,rr_k8,no_trivial,4,0.273211791358,-28.2603494149,0.027986043479,-1009.80152611
69,8,12,0.25,rr_k12_s0,rr_k12,no_trivial,0,0.191621938104,-29.1078752919,0.0288253429404,-1009.80152611
69,8,12,0.25,rr_k12_s1,rr_k12,no_trivial,1,0.192396823148,-29.1792301421,0.0288960051926,-1009.80152611
69,8,12,0.25,rr_k12_s2,rr_k12,no_trivial,2,0.191094085467,-29.057405193,0.0287753627238,-1009.80152611
69,8,12,0.25,rr_k12_s3,rr_k12,no_trivial,3,0.193094414535,-29.2392234877,0.0289554162195,-1009.80152611
69,8,12,0.25,rr_k12_s4,rr_k12,no_trivial,4,0.195347104871,-29.4430699225,0.0291572840415,-1009.80152611
69,8,12,0.25,rr_k16_s0,rr_k16,no_trivial,0,0.14579049335,-29.3342292861,0.0290494998547,-1009.80152611
69,8,12,0.25,rr_k16_s1,rr_k16,no_trivial,1,0.149486966628,-29.7612775093,0.0294724029818,-1009.80152611
69,8,12,0.25,rr_k16_s2,rr_k16,no_trivial,2,0.144581200946,-29.1879898193,0.028904679845,-1009.80152611
69,8,12,0.25,rr_k16_s3,rr_k16,no_trivial,3,0.143754314911,-29.0913700275,0.0288089978824,-1009.80152611
69,8,12,0.25,rr_k16_s4,rr_k16,no_trivial,4,0.146097265216,-29.368797716,0.0290837327499,-1009.80152611
69,8,12,0.25,er_k4_s0,er_k4,no_trivial,0,0.438236865925,-22.622495345,0.022402912612,-1009.80152611
69,8,12,0.25,er_k4_s1,er_k4,no_trivial,1,0.458100650017,-23.4900612421,0.0232620575773,-1009.80152611
69,8,12,0.25,er_k4_s2,er_k4,no_trivial,2,0.451883205871,-23.5161735934,0.023287916472,-1009.80152611
69,8,12,0.25,er_k4_s3,er_k4,no_trivial,3,0.423722065101,-22.2224250319,0.0220067255369,-1009.80152611
69,8,12,0.25,er_k4_s4,er_k4,no_trivial,4,0.418130164261,-21.9915806611,0.0217781218313,-1009.80152611
69,8,12,0.25,er_k6_s0,er_k6,no_trivial,0,0.318610532849,-24.5919838063,0.0243532844528,-1009.80152611
69,8,12,0.25,er_k6_s1,er_k6,no_trivial,1,0.323694645726,-24.7540442939,0.0245137719183,-1009.80152611
69,8,12,0.25,er_k6_s2,er_k6,no_trivial,2,0.313147792809,-24.1026351899,0.0238686856442,-1009.80152611
69,8,12,0.25,er_k6_s3,er_k6,no_trivial,3,0.333046349055,-25.4018906998,0.0251553300751,-1009.80152611
69,8,12,0.25,er_k6_s4,er_k6,no_trivial,4,0.320557866996,-24.859922525,0.0246186224541,-1009.80152611
69,8,12,0.25,er_k8_s0,er_k8,no_trivial,0,0.249689483284,-25.494374329,0.0252469160223,-1009.80152611
69,8,12,0.25,er_k8_s1,er_k8,no_trivial,1,0.259345866315,-25.9516221667,0.0256997256348,-1009.80152611
69,8,12,0.25,er_k8_s2,er_k8,no_trivial,2,0.26171571416,-26.5192453461,0.026261839243,-1009.80152611
69,8,12,0.25,er_k8_s3,er_k8,no_trivial,3,0.260656690082,-26.139937059,0.0258862126695,-1009.80152611
69,8,12,0.25,er_k8_s4,er_k8,no_trivial,4,0.263657491191,-26.5420724643,0.0262844447922,-1009.80152611
69,8,12,0.25,er_k12_s0,er_k12,no_trivial,0,0.179914365973,-27.3166898974,0.0270515434875,-1009.80152611
69,8,12,0.25,er_k12_s1,er_k12,no_trivial,1,0.181505016806,-27.2709409523,0.0270062385995,-1009.80152611
69,8,12,0.25,er_k12_s2,er_k12,no_trivial,2,0.186237816643,-27.7784313505,0.0275088030986,-1009.80152611
69,8,12,0.25,er_k12_s3,er_k12,no_trivial,3,0.18346296552,-27.437274506,0.027170957655,-1009.80152611
69,8,12,0.25,er_k12_s4,er_k12,no_trivial,4,0.183230176604,-27.4200793827,0.0271539294343,-1009.80152611
69,8,12,0.25,er_k16_s0,er_k16,no_trivial,0,0.141965679994,-28.3192583415,0.0280443806126,-1009.80152611
69,8,12,0.25,er_k16_s1,er_k16,no_trivial,1,0.14116413581,-28.0515325585,0.0277792534801,-1009.80152611
69,8,12,0.25,er_k16_s2,er_k16,no_trivial,2,0.140703061286,-28.0528181958,0.0277805266385,-1009.80152611
69,8,12,0.25,er_k16_s3,er_k16,no_trivial,3,0.144250835253,-28.5755393053,0.0282981740137,-1009.80152611
69,8,12,0.25,er_k16_s4,er_k16,no_trivial,4,0.142583600604,-28.3607860105,0.0280855051979,-1009.80152611
70,8,12,1.0,vacio,vacio,trivial,,0,0,-0,-1495.80152611
70,8,12,1.0,clique_binaria_s2,clique_binaria,trivial,,1,-97.612489402,0.0652576479552,-1495.80152611
70,8,12,1.0,clique_difusa_s2,clique_difusa,trivial,,1,-97.612489402,0.0652576479552,-1495.80152611
70,8,12,1.0,clique_binaria_s3,clique_binaria,trivial,,1,-300.169748609,0.200674851154,-1495.80152611
70,8,12,1.0,clique_difusa_s3,clique_difusa,trivial,,1,-300.169748609,0.200674851154,-1495.80152611
70,8,12,1.0,clique_binaria_s4,clique_binaria,trivial,,1,-514.462786146,0.343937866866,-1495.80152611
70,8,12,1.0,clique_difusa_s4,clique_difusa,trivial,,1,-514.462786146,0.343937866866,-1495.80152611
70,8,12,1.0,clique_binaria_s6,clique_binaria,trivial,,1,-909.408707764,0.607974180991,-1495.80152611
70,8,12,1.0,clique_difusa_s6,clique_difusa,trivial,,1,-909.408707764,0.607974180991,-1495.80152611
70,8,12,1.0,clique_binaria_s8,clique_binaria,trivial,,1,-1214.12005338,0.811685261839,-1495.80152611
70,8,12,1.0,clique_difusa_s8,clique_difusa,trivial,,1,-1214.12005338,0.811685261839,-1495.80152611
70,8,12,1.0,clique_binaria_s9,clique_binaria,trivial,,1,-1323.83681374,0.885035073589,-1495.80152611
70,8,12,1.0,clique_difusa_s9,clique_difusa,trivial,,1,-1323.83681374,0.885035073589,-1495.80152611
70,8,12,1.0,clique_binaria_s12,clique_binaria,trivial,,1,-1459.81080172,0.975938836964,-1495.80152611
70,8,12,1.0,clique_difusa_s12,clique_difusa,trivial,,0.963952421991,-1464.7625058,0.979249238769,-1495.80152611
70,8,12,1.0,clique_binaria_s18,clique_binaria,trivial,,1,-771.789136861,0.515970283081,-1495.80152611
70,8,12,1.0,clique_difusa_s18,clique_difusa,trivial,,0.706589179349,-1495.79892769,0.999998262858,-1495.80152611
70,8,12,1.0,clique_binaria_s24,clique_binaria,trivial,,1,1294.42547398,-0.865372478489,-1495.80152611
70,8,12,1.0,clique_difusa_s24,clique_difusa,trivial,,0.564128313623,-1476.60377077,0.987165573098,-1495.80152611
70,8,12,1.0,clique_binaria_s27,clique_binaria,trivial,,1,2865.22208549,-1.91550953484,-1495.80152611
70,8,12,1.0,clique_difusa_s27,clique_difusa,trivial,,0.5132954924,-1457.11183358,0.974134474487,-1495.80152611
70,8,12,1.0,clique_binaria_s36,clique_binaria,trivial,,1,9785.48481014,-6.54196739293,-1495.80152611
70,8,12,1.0,clique_difusa_s36,clique_difusa,trivial,,0.404404963803,-1378.65154109,0.921680795896,-1495.80152611
70,8,12,1.0,clique_binaria_s54,clique_binaria,trivial,,1,33800.5663566,-22.5969594004,-1495.80152611
70,8,12,1.0,clique_difusa_s54,clique_difusa,trivial,,0.281435404627,-1193.10723632,0.797637397403,-1495.80152611
70,8,12,1.0,clique_binaria_s72,clique_binaria,trivial,,1,71649.2116274,-47.9002129471,-1495.80152611
70,8,12,1.0,clique_difusa_s72,clique_difusa,trivial,,0.211664492077,-1015.83296274,0.679122828133,-1495.80152611
70,8,12,1.0,clique_binaria_s108,clique_binaria,trivial,,1,189475.398826,-126.671483828,-1495.80152611
70,8,12,1.0,clique_difusa_s108,clique_difusa,trivial,,0.132843715121,-736.170013326,0.492157549296,-1495.80152611
70,8,12,1.0,clique_binaria_s216,clique_binaria,trivial,,1,884356.46238,-591.225805657,-1495.80152611
70,8,12,1.0,clique_difusa_s216,clique_difusa,trivial,,0.0423582265239,-399.688000092,0.267206573275,-1495.80152611
70,8,12,1.0,bipartita,bipartita,trivial,,0.0481347289807,-280.72173525,0.187673117288,-1495.80152611
70,8,12,1.0,uniforme,uniforme,trivial,,0.0423582265239,-399.688000092,0.267206573275,-1495.80152611
70,8,12,1.0,t3,t3,no_trivial,,0.866425108795,-280.72173525,0.187673117288,-1495.80152611
70,8,12,1.0,tree,tree,no_trivial,,1,-162.29300178,0.108499021392,-1495.80152611
70,8,12,1.0,ring_k6,ring,no_trivial,,1,-942.428043912,0.630048858394,-1495.80152611
70,8,12,1.0,ws_k6_b0.1,ws,no_trivial,,1,-796.589383196,0.532550187501,-1495.80152611
70,8,12,1.0,tri_torus_12x18,tri_torus,no_trivial,,1,-841.950381528,0.562875733732,-1495.80152611
70,8,12,1.0,rgg3_k6_s0,rgg3_k6,no_trivial,0,1,-759.424737686,0.507704213713,-1495.80152611
70,8,12,1.0,rgg3_k6_s1,rgg3_k6,no_trivial,1,1,-810.8061099,0.542054608011,-1495.80152611
70,8,12,1.0,rgg3_k6_s2,rgg3_k6,no_trivial,2,1,-768.933194174,0.514060977175,-1495.80152611
70,8,12,1.0,rgg3_k6_s3,rgg3_k6,no_trivial,3,1,-811.412572683,0.542460051362,-1495.80152611
70,8,12,1.0,rgg3_k6_s4,rgg3_k6,no_trivial,4,1,-741.103939046,0.495456065599,-1495.80152611
70,8,12,1.0,rgg3_k8_s0,rgg3_k8,no_trivial,0,1,-977.708208315,0.653634985154,-1495.80152611
70,8,12,1.0,rgg3_k8_s1,rgg3_k8,no_trivial,1,1,-983.993190428,0.657836733851,-1495.80152611
70,8,12,1.0,rgg3_k8_s2,rgg3_k8,no_trivial,2,1,-1016.3543059,0.679471365788,-1495.80152611
70,8,12,1.0,rgg3_k8_s3,rgg3_k8,no_trivial,3,1,-930.876359438,0.6223261196,-1495.80152611
70,8,12,1.0,rgg3_k8_s4,rgg3_k8,no_trivial,4,1,-1046.48902158,0.699617565108,-1495.80152611
70,8,12,1.0,rgg3_k12_s0,rgg3_k12,no_trivial,0,1,-1240.19747034,0.829119003216,-1495.80152611
70,8,12,1.0,rgg3_k12_s1,rgg3_k12,no_trivial,1,1,-1181.30581527,0.789747700245,-1495.80152611
70,8,12,1.0,rgg3_k12_s2,rgg3_k12,no_trivial,2,0.971394481976,-1167.54827913,0.780550266025,-1495.80152611
70,8,12,1.0,rgg3_k12_s3,rgg3_k12,no_trivial,3,0.959543351092,-1165.43447652,0.779137108887,-1495.80152611
70,8,12,1.0,rgg3_k12_s4,rgg3_k12,no_trivial,4,1,-1202.77503262,0.804100685567,-1495.80152611
70,8,12,1.0,rgg3_k16_s0,rgg3_k16,no_trivial,0,0.819533283515,-1187.52767627,0.793907250084,-1495.80152611
70,8,12,1.0,rgg3_k16_s1,rgg3_k16,no_trivial,1,0.796430944096,-1180.3923481,0.789137012831,-1495.80152611
70,8,12,1.0,rgg3_k16_s2,rgg3_k16,no_trivial,2,0.755708329771,-1128.05517338,0.754147628337,-1495.80152611
70,8,12,1.0,rgg3_k16_s3,rgg3_k16,no_trivial,3,0.766964906684,-1116.68519357,0.746546365993,-1495.80152611
70,8,12,1.0,rgg3_k16_s4,rgg3_k16,no_trivial,4,0.845455880493,-1204.37046199,0.805167290555,-1495.80152611
70,8,12,1.0,rr_k4_s0,rr_k4,no_trivial,0,1,-276.276479682,0.184701295499,-1495.80152611
70,8,12,1.0,rr_k4_s1,rr_k4,no_trivial,1,1,-272.784263265,0.182366616495,-1495.80152611
70,8,12,1.0,rr_k4_s2,rr_k4,no_trivial,2,1,-271.038155057,0.181199276993,-1495.80152611
70,8,12,1.0,rr_k4_s3,rr_k4,no_trivial,3,1,-279.481014026,0.186843648136,-1495.80152611
70,8,12,1.0,rr_k4_s4,rr_k4,no_trivial,4,1,-274.530371474,0.183533955997,-1495.80152611
70,8,12,1.0,rr_k6_s0,rr_k6,no_trivial,0,0.969818064294,-308.701340562,0.206378543659,-1495.80152611
70,8,12,1.0,rr_k6_s1,rr_k6,no_trivial,1,0.975770961404,-310.337946015,0.207472676419,-1495.80152611
70,8,12,1.0,rr_k6_s2,rr_k6,no_trivial,2,0.943557135588,-301.332566916,0.201452239254,-1495.80152611
70,8,12,1.0,rr_k6_s3,rr_k6,no_trivial,3,0.956818197891,-305.249269349,0.204070703245,-1495.80152611
70,8,12,1.0,rr_k6_s4,rr_k6,no_trivial,4,0.963933520224,-307.088152499,0.205300066311,-1495.80152611
70,8,12,1.0,rr_k8_s0,rr_k8,no_trivial,0,0.785576787293,-325.379367246,0.217528436471,-1495.80152611
70,8,12,1.0,rr_k8_s1,rr_k8,no_trivial,1,0.813322007414,-334.509228953,0.223632094976,-1495.80152611
70,8,12,1.0,rr_k8_s2,rr_k8,no_trivial,2,0.771393509555,-320.692716353,0.214395232759,-1495.80152611
70,8,12,1.0,rr_k8_s3,rr_k8,no_trivial,3,0.779166552581,-323.33519756,0.216161831577,-1495.80152611
70,8,12,1.0,rr_k8_s4,rr_k8,no_trivial,4,0.763457093994,-318.353156309,0.212831148218,-1495.80152611
70,8,12,1.0,rr_k12_s0,rr_k12,no_trivial,0,0.571403728098,-342.06383396,0.228682634687,-1495.80152611
70,8,12,1.0,rr_k12_s1,rr_k12,no_trivial,1,0.574193493021,-343.400167234,0.229576024117,-1495.80152611
70,8,12,1.0,rr_k12_s2,rr_k12,no_trivial,2,0.570533575119,-341.411761166,0.228246699315,-1495.80152611
70,8,12,1.0,rr_k12_s3,rr_k12,no_trivial,3,0.579217276783,-345.230267966,0.230799515804,-1495.80152611
70,8,12,1.0,rr_k12_s4,rr_k12,no_trivial,4,0.587676143003,-349.196813598,0.233451301862,-1495.80152611
70,8,12,1.0,rr_k16_s0,rr_k16,no_trivial,0,0.452528677809,-351.995650041,0.235322430079,-1495.80152611
70,8,12,1.0,rr_k16_s1,rr_k16,no_trivial,1,0.473868025751,-363.030703768,0.242699781642,-1495.80152611
70,8,12,1.0,rr_k16_s2,rr_k16,no_trivial,2,0.448147124721,-349.162239957,0.233428188073,-1495.80152611
70,8,12,1.0,rr_k16_s3,rr_k16,no_trivial,3,0.441915388545,-346.26048513,0.231488255016,-1495.80152611
70,8,12,1.0,rr_k16_s4,rr_k16,no_trivial,4,0.45533146979,-353.223586,0.236143351797,-1495.80152611
70,8,12,1.0,er_k4_s0,er_k4,no_trivial,0,1,-243.392230339,0.162716928744,-1495.80152611
70,8,12,1.0,er_k4_s1,er_k4,no_trivial,1,1,-249.947371232,0.167099288821,-1495.80152611
70,8,12,1.0,er_k4_s2,er_k4,no_trivial,2,1,-249.98240634,0.167122711119,-1495.80152611
70,8,12,1.0,er_k4_s3,er_k4,no_trivial,3,1,-239.38939777,0.160040883493,-1495.80152611
70,8,12,1.0,er_k4_s4,er_k4,no_trivial,4,1,-237.641569784,0.158872394255,-1495.80152611
70,8,12,1.0,er_k6_s0,er_k6,no_trivial,0,0.878905412267,-276.178421191,0.184635739682,-1495.80152611
70,8,12,1.0,er_k6_s1,er_k6,no_trivial,1,0.896806832955,-280.179137394,0.187310370061,-1495.80152611
70,8,12,1.0,er_k6_s2,er_k6,no_trivial,2,0.866655021979,-271.575741939,0.181558674194,-1495.80152611
70,8,12,1.0,er_k6_s3,er_k6,no_trivial,3,0.918750687979,-287.342171316,0.192099129663,-1495.80152611
70,8,12,1.0,er_k6_s4,er_k6,no_trivial,4,0.884940987894,-278.523801428,0.186203715243,-1495.80152611
70,8,12,1.0,er_k8_s0,er_k8,no_trivial,0,0.710760323722,-291.999153864,0.195212498962,-1495.80152611
70,8,12,1.0,er_k8_s1,er_k8,no_trivial,1,0.748275010999,-302.972503686,0.202548599127,-1495.80152611
70,8,12,1.0,er_k8_s2,er_k8,no_trivial,2,0.747637233587,-305.713581086,0.204381113235,-1495.80152611
70,8,12,1.0,er_k8_s3,er_k8,no_trivial,3,0.742640500662,-302.855607049,0.202470449295,-1495.80152611
70,8,12,1.0,er_k8_s4,er_k8,no_trivial,4,0.749590882702,-306.437707317,0.20486521906,-1495.80152611
70,8,12,1.0,er_k12_s0,er_k12,no_trivial,0,0.539538035743,-321.855084986,0.215172320236,-1495.80152611
70,8,12,1.0,er_k12_s1,er_k12,no_trivial,1,0.551062852732,-325.341275665,0.217502970805,-1495.80152611
70,8,12,1.0,er_k12_s2,er_k12,no_trivial,2,0.566050946206,-333.270893054,0.222804220503,-1495.80152611
70,8,12,1.0,er_k12_s3,er_k12,no_trivial,3,0.560536746421,-329.325761002,0.220166750236,-1495.80152611
70,8,12,1.0,er_k12_s4,er_k12,no_trivial,4,0.55783965755,-328.466906352,0.219592573358,-1495.80152611
70,8,12,1.0,er_k16_s0,er_k16,no_trivial,0,0.447574020505,-344.156914877,0.230081938592,-1495.80152611
70,8,12,1.0,er_k16_s1,er_k16,no_trivial,1,0.448849554941,-343.060993972,0.22934927394,-1495.80152611
70,8,12,1.0,er_k16_s2,er_k16,no_trivial,2,0.445555960001,-341.644524124,0.228402310173,-1495.80152611
70,8,12,1.0,er_k16_s3,er_k16,no_trivial,3,0.461352602847,-351.156789769,0.234761620201,-1495.80152611
70,8,12,1.0,er_k16_s4,er_k16,no_trivial,4,0.451578954675,-346.055895362,0.231351479003,-1495.80152611
71,8,12,4.0,vacio,vacio,trivial,,0,0,-0,-3439.80152611
71,8,12,4.0,clique_binaria_s2,clique_binaria,trivial,,1,-408.112489402,0.118644196854,-3439.80152611
71,8,12,4.0,clique_difusa_s2,clique_difusa,trivial,,1,-408.112489402,0.118644196854,-3439.80152611
71,8,12,4.0,clique_binaria_s3,clique_binaria,trivial,,1,-894.169748609,0.259948064393,-3439.80152611
71,8,12,4.0,clique_difusa_s3,clique_difusa,trivial,,1,-894.169748609,0.259948064393,-3439.80152611
71,8,12,4.0,clique_binaria_s4,clique_binaria,trivial,,1,-1364.96278615,0.396814402164,-3439.80152611
71,8,12,4.0,clique_difusa_s4,clique_difusa,trivial,,1,-1364.96278615,0.396814402164,-3439.80152611
71,8,12,4.0,clique_binaria_s6,clique_binaria,trivial,,1,-2191.90870776,0.637219528837,-3439.80152611
71,8,12,4.0,clique_difusa_s6,clique_difusa,trivial,,1,-2191.90870776,0.637219528837,-3439.80152611
71,8,12,4.0,clique_binaria_s8,clique_binaria,trivial,,1,-2820.62005338,0.819995000284,-3439.80152611
71,8,12,4.0,clique_difusa_s8,clique_difusa,trivial,,1,-2820.62005338,0.819995000284,-3439.80152611
71,8,12,4.0,clique_binaria_s9,clique_binaria,trivial,,1,-3051.83681374,0.887213053012,-3439.80152611
71,8,12,4.0,clique_difusa_s9,clique_difusa,trivial,,1,-3051.83681374,0.887213053012,-3439.80152611
71,8,12,4.0,clique_binaria_s12,clique_binaria,trivial,,1,-3390.31080172,0.985612331405,-3439.80152611
71,8,12,4.0,clique_difusa_s12,clique_difusa,trivial,,1,-3390.31080172,0.985612331405,-3439.80152611
71,8,12,4.0,clique_binaria_s18,clique_binaria,trivial,,1,-2378.28913686,0.691403012298,-3439.80152611
71,8,12,4.0,clique_difusa_s18,clique_difusa,trivial,,0.706338417678,-3439.79766997,0.999998878962,-3439.80152611
71,8,12,4.0,clique_binaria_s24,clique_binaria,trivial,,1,983.925473981,-0.2860413505,-3439.80152611
71,8,12,4.0,clique_difusa_s24,clique_difusa,trivial,,0.547179525837,-3412.87974888,0.992173450407,-3439.80152611
71,8,12,4.0,clique_binaria_s27,clique_binaria,trivial,,1,3567.22208549,-1.03704299751,-3439.80152611
71,8,12,4.0,clique_difusa_s27,clique_difusa,trivial,,0.491588980639,-3386.85516583,0.984607728125,-3439.80152611
71,8,12,4.0,clique_binaria_s36,clique_binaria,trivial,,1,14982.9848101,-4.35577015022,-3439.80152611
71,8,12,4.0,clique_difusa_s36,clique_difusa,trivial,,0.37549467908,-3289.13827424,0.95620001598,-3439.80152611
71,8,12,4.0,clique_binaria_s54,clique_binaria,trivial,,1,54550.0663566,-15.8584923992,-3439.80152611
71,8,12,4.0,clique_difusa_s54,clique_difusa,trivial,,0.251368936036,-3084.1643092,0.896611122992,-3439.80152611
71,8,12,4.0,clique_binaria_s72,clique_binaria,trivial,,1,116698.711627,-33.9260014688,-3439.80152611
71,8,12,4.0,clique_difusa_s72,clique_difusa,trivial,,0.185877904422,-2909.76379212,0.845910373035,-3439.80152611
71,8,12,4.0,clique_binaria_s108,clique_binaria,trivial,,1,309368.898826,-89.9380084801,-3439.80152611
71,8,12,4.0,clique_difusa_s108,clique_difusa,trivial,,0.118577000954,-2659.10909156,0.77304143026,-3439.80152611
71,8,12,4.0,clique_binaria_s216,clique_binaria,trivial,,1,1438733.96238,-418.2607489,-3439.80152611
71,8,12,4.0,clique_difusa_s216,clique_difusa,trivial,,0.0527245172409,-2318.08651729,0.673901241013,-3439.80152611
71,8,12,4.0,bipartita,bipartita,trivial,,0.0837257608654,-1953.15454947,0.567810245632,-3439.80152611
71,8,12,4.0,uniforme,uniforme,trivial,,0.0527245172409,-2318.08651729,0.673901241013,-3439.80152611
71,8,12,4.0,t3,t3,no_trivial,,1,-1732.04961847,0.503531847789,-3439.80152611
71,8,12,4.0,tree,tree,no_trivial,,1,-738.79300178,0.214777799292,-3439.80152611
71,8,12,4.0,ring_k6,ring,no_trivial,,1,-2400.42804391,0.697839112428,-3439.80152611
71,8,12,4.0,ws_k6_b0.1,ws,no_trivial,,1,-2245.5893832,0.652825276734,-3439.80152611
71,8,12,4.0,tri_torus_12x18,tri_torus,no_trivial,,1,-2299.95038153,0.668628804327,-3439.80152611
71,8,12,4.0,rgg3_k6_s0,rgg3_k6,no_trivial,0,1,-2124.92473769,0.617746320988,-3439.80152611
71,8,12,4.0,rgg3_k6_s1,rgg3_k6,no_trivial,1,1,-2200.0561099,0.639588096347,-3439.80152611
71,8,12,4.0,rgg3_k6_s2,rgg3_k6,no_trivial,2,1,-2121.55819417,0.616767618151,-3439.80152611
71,8,12,4.0,rgg3_k6_s3,rgg3_k6,no_trivial,3,1,-2208.91257268,0.642162798032,-3439.80152611
71,8,12,4.0,rgg3_k6_s4,rgg3_k6,no_trivial,4,1,-2074.97893905,0.603226355734,-3439.80152611
71,8,12,4.0,rgg3_k8_s0,rgg3_k8,no_trivial,0,1,-2590.83320831,0.753192644589,-3439.80152611
71,8,12,4.0,rgg3_k8_s1,rgg3_k8,no_trivial,1,1,-2586.86819043,0.752039956605,-3439.80152611
71,8,12,4.0,rgg3_k8_s2,rgg3_k8,no_trivial,2,1,-2651.4793059,0.770823341337,-3439.80152611
71,8,12,4.0,rgg3_k8_s3,rgg3_k8,no_trivial,3,1,-2504.37635944,0.72805838954,-3439.80152611
71,8,12,4.0,rgg3_k8_s4,rgg3_k8,no_trivial,4,1,-2694.73902158,0.78339956568,-3439.80152611
71,8,12,4.0,rgg3_k12_s0,rgg3_k12,no_trivial,0,1,-3080.94747034,0.895675941461,-3439.80152611
71,8,12,4.0,rgg3_k12_s1,rgg3_k12,no_trivial,1,0.962419212841,-2972.99076573,0.864291367731,-3439.80152611
71,8,12,4.0,rgg3_k12_s2,rgg3_k12,no_trivial,2,0.934583797176,-2934.90263081,0.853218596633,-3439.80152611
71,8,12,4.0,rgg3_k12_s3,rgg3_k12,no_trivial,3,0.92198794607,-2933.86314389,0.852916402768,-3439.80152611
71,8,12,4.0,rgg3_k12_s4,rgg3_k12,no_trivial,4,1,-2997.90003262,0.871532851492,-3439.80152611
71,8,12,4.0,rgg3_k16_s0,rgg3_k16,no_trivial,0,0.763482601696,-3013.42396982,0.876045884319,-3439.80152611
71,8,12,4.0,rgg3_k16_s1,rgg3_k16,no_trivial,1,0.744095797712,-3003.50172506,0.873161344416,-3439.80152611
71,8,12,4.0,rgg3_k16_s2,rgg3_k16,no_trivial,2,0.709832095282,-2905.05422802,0.84454123471,-3439.80152611
71,8,12,4.0,rgg3_k16_s3,rgg3_k16,no_trivial,3,0.719869225142,-2885.40946214,0.83883021745,-3439.80152611
71,8,12,4.0,rgg3_k16_s4,rgg3_k16,no_trivial,4,0.789116575227,-3038.57052967,0.88335635257,-3439.80152611
71,8,12,4.0,rr_k4_s0,rr_k4,no_trivial,0,1,-1356.27647968,0.394289167379,-3439.80152611
71,8,12,4.0,rr_k4_s1,rr_k4,no_trivial,1,1,-1352.78426327,0.393273929613,-3439.80152611
71,8,12,4.0,rr_k4_s2,rr_k4,no_trivial,2,1,-1351.03815506,0.39276631073,-3439.80152611
71,8,12,4.0,rr_k4_s3,rr_k4,no_trivial,3,1,-1359.48101403,0.395220771811,-3439.80152611
71,8,12,4.0,rr_k4_s4,rr_k4,no_trivial,4,1,-1354.53037147,0.393781548496,-3439.80152611
71,8,12,4.0,rr_k6_s0,rr_k6,no_trivial,0,1,-1766.39641849,0.513516958779,-3439.80152611
71,8,12,4.0,rr_k6_s1,rr_k6,no_trivial,1,1,-1768.1425267,0.514024577662,-3439.80152611
71,8,12,4.0,rr_k6_s2,rr_k6,no_trivial,2,1,-1758.2412416,0.511146131034,-3439.80152611
71,8,12,4.0,rr_k6_s3,rr_k6,no_trivial,3,1,-1762.61652,0.512418087678,-3439.80152611
71,8,12,4.0,rr_k6_s4,rr_k6,no_trivial,4,1,-1764.65031029,0.513009339896,-3439.80152611
71,8,12,4.0,rr_k8_s0,rr_k8,no_trivial,0,1,-2028.80131143,0.589801852237,-3439.80152611
71,8,12,4.0,rr_k8_s1,rr_k8,no_trivial,1,1,-2044.51628531,0.594370422184,-3439.80152611
71,8,12,4.0,rr_k8_s2,rr_k8,no_trivial,2,1,-2020.24066943,0.587313149927,-3439.80152611
71,8,12,4.0,rr_k8_s3,rr_k8,no_trivial,3,1,-2025.02141294,0.588702981137,-3439.80152611
71,8,12,4.0,rr_k8_s4,rr_k8,no_trivial,4,1,-2015.42782568,0.585913986718,-3439.80152611
71,8,12,4.0,rr_k12_s0,rr_k12,no_trivial,0,0.8520017939,-2164.13377711,0.629144955219,-3439.80152611
71,8,12,4.0,rr_k12_s1,rr_k12,no_trivial,1,0.853179595608,-2167.27652088,0.630058596239,-3439.80152611
71,8,12,4.0,rr_k12_s2,rr_k12,no_trivial,2,0.852107078802,-2163.28036979,0.628896857381,-3439.80152611
71,8,12,4.0,rr_k12_s3,rr_k12,no_trivial,3,0.856422025592,-2173.16806009,0.631771351803,-3439.80152611
71,8,12,4.0,rr_k12_s4,rr_k12,no_trivial,4,0.860034786895,-2182.45073258,0.634469958809,-3439.80152611
71,8,12,4.0,rr_k16_s0,rr_k16,no_trivial,0,0.656975865649,-2201.17410666,0.639913114157,-3439.80152611
71,8,12,4.0,rr_k16_s1,rr_k16,no_trivial,1,0.666959717522,-2228.64714161,0.647899922334,-3439.80152611
71,8,12,4.0,rr_k16_s2,rr_k16,no_trivial,2,0.655734347571,-2195.51673695,0.63826843505,-3439.80152611
71,8,12,4.0,rr_k16_s3,rr_k16,no_trivial,3,0.651912338146,-2186.55567085,0.635663323669,-3439.80152611
71,8,12,4.0,rr_k16_s4,rr_k16,no_trivial,4,0.658695389288,-2205.03219324,0.641034715665,-3439.80152611
71,8,12,4.0,er_k4_s0,er_k4,no_trivial,0,1,-1265.51723034,0.367904142356,-3439.80152611
71,8,12,4.0,er_k4_s1,er_k4,no_trivial,1,1,-1278.32237123,0.371626781815,-3439.80152611
71,8,12,4.0,er_k4_s2,er_k4,no_trivial,2,1,-1286.73240634,0.374071700524,-3439.80152611
71,8,12,4.0,er_k4_s3,er_k4,no_trivial,3,1,-1265.38939777,0.367866979581,-3439.80152611
71,8,12,4.0,er_k4_s4,er_k4,no_trivial,4,1,-1262.89156978,0.367140824898,-3439.80152611
71,8,12,4.0,er_k6_s0,er_k6,no_trivial,0,1,-1650.05971123,0.479696197208,-3439.80152611
71,8,12,4.0,er_k6_s1,er_k6,no_trivial,1,1,-1650.73957092,0.479893842243,-3439.80152611
71,8,12,4.0,er_k6_s2,er_k6,no_trivial,2,1,-1630.23812057,0.473933774431,-3439.80152611
71,8,12,4.0,er_k6_s3,er_k6,no_trivial,3,1,-1671.02168964,0.48579014718,-3439.80152611
71,8,12,4.0,er_k6_s4,er_k6,no_trivial,4,1,-1663.97758628,0.483742324564,-3439.80152611
71,8,12,4.0,er_k8_s0,er_k8,no_trivial,0,1,-1857.49761445,0.540001392623,-3439.80152611
71,8,12,4.0,er_k8_s1,er_k8,no_trivial,1,1,-1869.63054474,0.543528610748,-3439.80152611
71,8,12,4.0,er_k8_s2,er_k8,no_trivial,2,1,-1911.0153293,0.555559765525,-3439.80152611
71,8,12,4.0,er_k8_s3,er_k8,no_trivial,3,1,-1875.68471695,0.545288646076,-3439.80152611
71,8,12,4.0,er_k8_s4,er_k8,no_trivial,4,1,-1901.83108242,0.552889772268,-3439.80152611
71,8,12,4.0,er_k12_s0,er_k12,no_trivial,0,0.802490599665,-2034.70998195,0.591519588121,-3439.80152611
71,8,12,4.0,er_k12_s1,er_k12,no_trivial,1,0.799156311587,-2023.15630253,0.588160766593,-3439.80152611
71,8,12,4.0,er_k12_s2,er_k12,no_trivial,2,0.809050228435,-2050.05958587,0.595981939746,-3439.80152611
71,8,12,4.0,er_k12_s3,er_k12,no_trivial,3,0.803406030929,-2032.63837735,0.590917342737,-3439.80152611
71,8,12,4.0,er_k12_s4,er_k12,no_trivial,4,0.80172153758,-2029.88867498,0.590117964532,-3439.80152611
71,8,12,4.0,er_k16_s0,er_k16,no_trivial,0,0.634104131718,-2120.48184559,0.616454708068,-3439.80152611
71,8,12,4.0,er_k16_s1,er_k16,no_trivial,1,0.628596105349,-2099.42308541,0.610332622239,-3439.80152611
71,8,12,4.0,er_k16_s2,er_k16,no_trivial,2,0.629402546484,-2102.52271666,0.611233729823,-3439.80152611
71,8,12,4.0,er_k16_s3,er_k16,no_trivial,3,0.640198731496,-2137.04348707,0.621269416518,-3439.80152611
71,8,12,4.0,er_k16_s4,er_k16,no_trivial,4,0.634725673852,-2121.66016048,0.616797261231,-3439.80152611
72,8,16,0.25,vacio,vacio,trivial,,0,0,-0,-1346.40203482
72,8,16,0.25,clique_binaria_s2,clique_binaria,trivial,,1,-21.7406170515,0.016147195629,-1346.40203482
72,8,16,0.25,clique_difusa_s2,clique_difusa,trivial,,1,-21.7406170515,0.016147195629,-1346.40203482
72,8,16,0.25,clique_binaria_s3,clique_binaria,trivial,,1,-158.682259207,0.11785652064,-1346.40203482
72,8,16,0.25,clique_difusa_s3,clique_difusa,trivial,,1,-158.682259207,0.11785652064,-1346.40203482
72,8,16,0.25,clique_binaria_s4,clique_binaria,trivial,,1,-317.615934992,0.235899773454,-1346.40203482
72,8,16,0.25,clique_difusa_s4,clique_difusa,trivial,,1,-317.615934992,0.235899773454,-1346.40203482
72,8,16,0.25,clique_binaria_s6,clique_binaria,trivial,,1,-632.611899002,0.469853641514,-1346.40203482
72,8,16,0.25,clique_difusa_s6,clique_difusa,trivial,,1,-632.611899002,0.469853641514,-1346.40203482
72,8,16,0.25,clique_binaria_s8,clique_binaria,trivial,,1,-898.398308209,0.667258578772,-1346.40203482
72,8,16,0.25,clique_difusa_s8,clique_difusa,trivial,,1,-898.398308209,0.667258578772,-1346.40203482
72,8,16,0.25,clique_binaria_s9,clique_binaria,trivial,,1,-1004.03698331,0.745718557564,-1346.40203482
72,8,16,0.25,clique_difusa_s9,clique_difusa,trivial,,1,-1004.03698331,0.745718557564,-1346.40203482
72,8,16,0.25,clique_binaria_s12,clique_binaria,trivial,,1,-1189.31424731,0.883327725715,-1346.40203482
72,8,16,0.25,clique_difusa_s12,clique_difusa,trivial,,1,-1189.31424731,0.883327725715,-1346.40203482
72,8,16,0.25,clique_binaria_s18,clique_binaria,trivial,,1,-876.818027568,0.651230468235,-1346.40203482
72,8,16,0.25,clique_difusa_s18,clique_difusa,trivial,,0.766067969979,-1284.57476635,0.954079638276,-1346.40203482
72,8,16,0.25,clique_binaria_s24,clique_binaria,trivial,,1,444.645947394,-0.330247530749,-1346.40203482
72,8,16,0.25,clique_difusa_s24,clique_difusa,trivial,,0.62975375802,-1329.50185771,0.987447896937,-1346.40203482
72,8,16,0.25,clique_binaria_s27,clique_binaria,trivial,,1,1504.60779443,-1.11750261476,-1346.40203482
72,8,16,0.25,clique_difusa_s27,clique_difusa,trivial,,0.580846107435,-1340.31867956,0.995481769115,-1346.40203482
72,8,16,0.25,clique_binaria_s36,clique_binaria,trivial,,1,6338.52843949,-4.70775316405,-1346.40203482
72,8,16,0.25,clique_difusa_s36,clique_difusa,trivial,,0.47532033683,-1343.12160831,0.99756356094,-1346.40203482
72,8,16,0.25,clique_binaria_s54,clique_binaria,trivial,,1,23688.6557892,-17.5940433664,-1346.40203482
72,8,16,0.25,clique_difusa_s54,clique_difusa,trivial,,0.354135316767,-1275.29427935,0.947186833032,-1346.40203482
72,8,16,0.25,clique_binaria_s72,clique_binaria,trivial,,1,51549.3201463,-38.2867218061,-1346.40203482
72,8,16,0.25,clique_difusa_s72,clique_difusa,trivial,,0.283773829134,-1164.4956181,0.864894428248,-1346.40203482
72,8,16,0.25,clique_binaria_s108,clique_binaria,trivial,,1,139430.465366,-103.557824306,-1346.40203482
72,8,16,0.25,clique_difusa_s108,clique_difusa,trivial,,0.202001882457,-908.784941842,0.674972941469,-1346.40203482
72,8,16,0.25,clique_binaria_s216,clique_binaria,trivial,,1,664723.761782,-493.703770933,-1346.40203482
72,8,16,0.25,clique_difusa_s216,clique_difusa,trivial,,0.0958914510994,-256.457313322,0.190476029217,-1346.40203482
72,8,16,0.25,bipartita,bipartita,trivial,,0.0237670466714,-34.6523540469,0.0257370036221,-1346.40203482
72,8,16,0.25,uniforme,uniforme,trivial,,0.0958914510994,-256.457313322,0.190476029217,-1346.40203482
72,8,16,0.25,t3,t3,no_trivial,,0.427806840085,-34.6523540469,0.0257370036221,-1346.40203482
72,8,16,0.25,tree,tree,no_trivial,,1,-27.0635013353,0.020100609354,-1346.40203482
72,8,16,0.25,ring_k6,ring,no_trivial,,1,-641.040639294,0.476113837261,-1346.40203482
72,8,16,0.25,ws_k6_b0.1,ws,no_trivial,,1,-498.620730345,0.370335692795,-1346.40203482
72,8,16,0.25,tri_torus_12x18,tri_torus,no_trivial,,1,-540.562976911,0.401487046908,-1346.40203482
72,8,16,0.25,rgg3_k6_s0,rgg3_k6,no_trivial,0,1,-486.941161246,0.361661040799,-1346.40203482
72,8,16,0.25,rgg3_k6_s1,rgg3_k6,no_trivial,1,1,-544.10501645,0.404117791254,-1346.40203482
72,8,16,0.25,rgg3_k6_s2,rgg3_k6,no_trivial,2,1,-497.834076768,0.369751429286,-1346.40203482
72,8,16,0.25,rgg3_k6_s3,rgg3_k6,no_trivial,3,1,-540.019287759,0.401083237988,-1346.40203482
72,8,16,0.25,rgg3_k6_s4,rgg3_k6,no_trivial,4,1,-472.062630165,0.350610455092,-1346.40203482
72,8,16,0.25,rgg3_k8_s0,rgg3_k8,no_trivial,0,1,-687.909508293,0.510924293416,-1346.40203482
72,8,16,0.25,rgg3_k8_s1,rgg3_k8,no_trivial,1,1,-697.698484885,0.518194764151,-1346.40203482
72,8,16,0.25,rgg3_k8_s2,rgg3_k8,no_trivial,2,1,-722.873664177,0.536892878563,-1346.40203482
72,8,16,0.25,rgg3_k8_s3,rgg3_k8,no_trivial,3,1,-638.987971149,0.474589279149,-1346.40203482
72,8,16,0.25,rgg3_k8_s4,rgg3_k8,no_trivial,4,1,-767.891480234,0.570328520291,-1346.40203482
72,8,16,0.25,rgg3_k12_s0,rgg3_k12,no_trivial,0,1,-1034.96018204,0.768685842171,-1346.40203482
72,8,16,0.25,rgg3_k12_s1,rgg3_k12,no_trivial,1,1,-1015.55623919,0.754274141697,-1346.40203482
72,8,16,0.25,rgg3_k12_s2,rgg3_k12,no_trivial,2,1,-1019.63956555,0.757306910702,-1346.40203482
72,8,16,0.25,rgg3_k12_s3,rgg3_k12,no_trivial,3,1,-1025.64492697,0.76176721399,-1346.40203482
72,8,16,0.25,rgg3_k12_s4,rgg3_k12,no_trivial,4,1,-1013.31058078,0.75260624581,-1346.40203482
72,8,16,0.25,rgg3_k16_s0,rgg3_k16,no_trivial,0,0.977384890204,-1144.52935671,0.850065082428,-1346.40203482
72,8,16,0.25,rgg3_k16_s1,rgg3_k16,no_trivial,1,0.947695293956,-1130.17262913,0.839402050731,-1346.40203482
72,8,16,0.25,rgg3_k16_s2,rgg3_k16,no_trivial,2,0.897473068032,-1066.48065242,0.79209673251,-1346.40203482
72,8,16,0.25,rgg3_k16_s3,rgg3_k16,no_trivial,3,0.912640616173,-1057.30071709,0.785278609027,-1346.40203482
72,8,16,0.25,rgg3_k16_s4,rgg3_k16,no_trivial,4,1,-1156.16618536,0.85870799023,-1346.40203482
72,8,16,0.25,rr_k4_s0,rr_k4,no_trivial,0,0.74559686916,-38.8480156222,0.028853206262,-1346.40203482
72,8,16,0.25,rr_k4_s1,rr_k4,no_trivial,1,0.706153434911,-37.2616168418,0.0276749558291,-1346.40203482
72,8,16,0.25,rr_k4_s2,rr_k4,no_trivial,2,0.688393804918,-36.5460078988,0.0271434586058,-1346.40203482
72,8,16,0.25,rr_k4_s3,rr_k4,no_trivial,3,0.786532520709,-40.5564191736,0.0301220721039,-1346.40203482
72,8,16,0.25,rr_k4_s4,rr_k4,no_trivial,4,0.725183589424,-38.0271068615,0.0282435007361,-1346.40203482
72,8,16,0.25,rr_k6_s0,rr_k6,no_trivial,0,0.517060024504,-39.5258019812,0.0293566118879,-1346.40203482
72,8,16,0.25,rr_k6_s1,rr_k6,no_trivial,1,0.523391007517,-39.8526522224,0.0295993701672,-1346.40203482
72,8,16,0.25,rr_k6_s2,rr_k6,no_trivial,2,0.489854612187,-38.0767397962,0.0282803641197,-1346.40203482
72,8,16,0.25,rr_k6_s3,rr_k6,no_trivial,3,0.504486328128,-38.8820886759,0.0288785130075,-1346.40203482
72,8,16,0.25,rr_k6_s4,rr_k6,no_trivial,4,0.51097150499,-39.2095650618,0.0291217363371,-1346.40203482
72,8,16,0.25,rr_k8_s0,rr_k8,no_trivial,0,0.432477187676,-42.0685533391,0.0312451647065,-1346.40203482
72,8,16,0.25,rr_k8_s1,rr_k8,no_trivial,1,0.466918748661,-44.024443167,0.0326978436073,-1346.40203482
72,8,16,0.25,rr_k8_s2,rr_k8,no_trivial,2,0.416985875648,-41.1429399085,0.0305576929063,-1346.40203482
72,8,16,0.25,rr_k8_s3,rr_k8,no_trivial,3,0.42572806156,-41.6756619589,0.0309533563387,-1346.40203482
72,8,16,0.25,rr_k8_s4,rr_k8,no_trivial,4,0.410344261158,-40.7602971072,0.0302734963652,-1346.40203482
72,8,16,0.25,rr_k12_s0,rr_k12,no_trivial,0,0.322666068102,-44.3264333347,0.0329221378076,-1346.40203482
72,8,16,0.25,rr_k12_s1,rr_k12,no_trivial,1,0.327012112438,-44.6404043106,0.0331553303963,-1346.40203482
72,8,16,0.25,rr_k12_s2,rr_k12,no_trivial,2,0.320197568139,-44.1266752503,0.0327737734415,-1346.40203482
72,8,16,0.25,rr_k12_s3,rr_k12,no_trivial,3,0.332218544156,-44.9587757518,0.0333917912994,-1346.40203482
72,8,16,0.25,rr_k12_s4,rr_k12,no_trivial,4,0.346892980179,-45.9448756394,0.0341241876135,-1346.40203482
72,8,16,0.25,rr_k16_s0,rr_k16,no_trivial,0,0.262232833284,-45.7435178064,0.0339746350818,-1346.40203482
72,8,16,0.25,rr_k16_s1,rr_k16,no_trivial,1,0.306726214256,-48.5498646827,0.0360589656189,-1346.40203482
72,8,16,0.25,rr_k16_s2,rr_k16,no_trivial,2,0.253499678593,-45.0165437655,0.0334346967706,-1346.40203482
72,8,16,0.25,rr_k16_s3,rr_k16,no_trivial,3,0.246933907349,-44.5061015499,0.0330555810219,-1346.40203482
72,8,16,0.25,rr_k16_s4,rr_k16,no_trivial,4,0.265500647098,-45.9625591352,0.0341373215032,-1346.40203482
72,8,16,0.25,er_k4_s0,er_k4,no_trivial,0,0.64988722338,-32.7440359192,0.0243196571845,-1346.40203482
72,8,16,0.25,er_k4_s1,er_k4,no_trivial,1,0.690373671257,-34.4809600642,0.0256097058475,-1346.40203482
72,8,16,0.25,er_k4_s2,er_k4,no_trivial,2,0.655827104467,-33.4868799204,0.0248713824359,-1346.40203482
72,8,16,0.25,er_k4_s3,er_k4,no_trivial,3,0.603287559203,-31.179412543,0.0231575797842,-1346.40203482
72,8,16,0.25,er_k4_s4,er_k4,no_trivial,4,0.591854767006,-30.6846154242,0.022790083965,-1346.40203482
72,8,16,0.25,er_k6_s0,er_k6,no_trivial,0,0.484517290486,-35.8487459032,0.026625588031,-1346.40203482
72,8,16,0.25,er_k6_s1,er_k6,no_trivial,1,0.509700030039,-36.8591477311,0.0273760338873,-1346.40203482
72,8,16,0.25,er_k6_s2,er_k6,no_trivial,2,0.481413534881,-35.3575925291,0.0262607984946,-1346.40203482
72,8,16,0.25,er_k6_s3,er_k6,no_trivial,3,0.528520374876,-38.0552617422,0.028264411935,-1346.40203482
72,8,16,0.25,er_k6_s4,er_k6,no_trivial,4,0.480158987231,-35.8722003743,0.0266430081407,-1346.40203482
72,8,16,0.25,er_k8_s0,er_k8,no_trivial,0,0.395843495681,-37.8901670971,0.0281417928058,-1346.40203482
72,8,16,0.25,er_k8_s1,er_k8,no_trivial,1,0.457158260608,-40.8105006641,0.0303107835615,-1346.40203482
72,8,16,0.25,er_k8_s2,er_k8,no_trivial,2,0.429545882657,-40.1889586646,0.029849151758,-1346.40203482
72,8,16,0.25,er_k8_s3,er_k8,no_trivial,3,0.448967172262,-40.7603142666,0.0302735091098,-1346.40203482
72,8,16,0.25,er_k8_s4,er_k8,no_trivial,4,0.444700255535,-40.9258652713,0.0303964671865,-1346.40203482
72,8,16,0.25,er_k12_s0,er_k12,no_trivial,0,0.304583874223,-41.671144297,0.0309500009799,-1346.40203482
72,8,16,0.25,er_k12_s1,er_k12,no_trivial,1,0.331910469118,-43.0524604262,0.0319759323834,-1346.40203482
72,8,16,0.25,er_k12_s2,er_k12,no_trivial,2,0.362958979721,-45.0839477972,0.0334847591071,-1346.40203482
72,8,16,0.25,er_k12_s3,er_k12,no_trivial,3,0.35128630708,-44.1134579839,0.0327639567106,-1346.40203482
72,8,16,0.25,er_k12_s4,er_k12,no_trivial,4,0.347350421151,-43.9461861615,0.0326397205478,-1346.40203482
72,8,16,0.25,er_k16_s0,er_k16,no_trivial,0,0.281472739396,-45.732743059,0.0339666324592,-1346.40203482
72,8,16,0.25,er_k16_s1,er_k16,no_trivial,1,0.299739670877,-46.2204381952,0.0343288534924,-1346.40203482
72,8,16,0.25,er_k16_s2,er_k16,no_trivial,2,0.282510795884,-45.4463128854,0.033753894981,-1346.40203482
72,8,16,0.25,er_k16_s3,er_k16,no_trivial,3,0.332200765839,-48.0365736556,0.0356777340002,-1346.40203482
72,8,16,0.25,er_k16_s4,er_k16,no_trivial,4,0.295916963114,-46.4570993193,0.0345046264919,-1346.40203482
73,8,16,1.0,vacio,vacio,trivial,,0,0,-0,-1994.40203482
73,8,16,1.0,clique_binaria_s2,clique_binaria,trivial,,1,-100.209367051,0.0502453192997,-1994.40203482
73,8,16,1.0,clique_difusa_s2,clique_difusa,trivial,,1,-100.209367051,0.0502453192997,-1994.40203482
73,8,16,1.0,clique_binaria_s3,clique_binaria,trivial,,1,-310.557259207,0.155714471699,-1994.40203482
73,8,16,1.0,clique_difusa_s3,clique_difusa,trivial,,1,-310.557259207,0.155714471699,-1994.40203482
73,8,16,1.0,clique_binaria_s4,clique_binaria,trivial,,1,-537.834684992,0.269672150149,-1994.40203482
73,8,16,1.0,clique_difusa_s4,clique_difusa,trivial,,1,-537.834684992,0.269672150149,-1994.40203482
73,8,16,1.0,clique_binaria_s6,clique_binaria,trivial,,1,-974.330649002,0.488532719077,-1994.40203482
73,8,16,1.0,clique_difusa_s6,clique_difusa,trivial,,1,-974.330649002,0.488532719077,-1994.40203482
73,8,16,1.0,clique_binaria_s8,clique_binaria,trivial,,1,-1341.36705821,0.672566029713,-1994.40203482
73,8,16,1.0,clique_difusa_s8,clique_difusa,trivial,,1,-1341.36705821,0.672566029713,-1994.40203482
73,8,16,1.0,clique_binaria_s9,clique_binaria,trivial,,1,-1490.03698331,0.747109638525,-1994.40203482
73,8,16,1.0,clique_difusa_s9,clique_difusa,trivial,,1,-1490.03698331,0.747109638525,-1994.40203482
73,8,16,1.0,clique_binaria_s12,clique_binaria,trivial,,1,-1774.03299731,0.889506211057,-1994.40203482
73,8,16,1.0,clique_difusa_s12,clique_difusa,trivial,,1,-1774.03299731,0.889506211057,-1994.40203482
73,8,16,1.0,clique_binaria_s18,clique_binaria,trivial,,1,-1522.28677757,0.763279795644,-1994.40203482
73,8,16,1.0,clique_difusa_s18,clique_difusa,trivial,,0.783644423459,-1912.40746522,0.958887642427,-1994.40203482
73,8,16,1.0,clique_binaria_s24,clique_binaria,trivial,,1,-79.3228026064,0.0397727244665,-1994.40203482
73,8,16,1.0,clique_difusa_s24,clique_difusa,trivial,,0.637477078123,-1972.37044881,0.988953287438,-1994.40203482
73,8,16,1.0,clique_binaria_s27,clique_binaria,trivial,,1,1109.73279443,-0.556423817793,-1994.40203482
73,8,16,1.0,clique_difusa_s27,clique_difusa,trivial,,0.58516248639,-1986.53300638,0.996054442234,-1994.40203482
73,8,16,1.0,clique_binaria_s36,clique_binaria,trivial,,1,6604.30968949,-3.31142346137,-1994.40203482
73,8,16,1.0,clique_difusa_s36,clique_difusa,trivial,,0.472657224197,-1990.24695204,0.997916627288,-1994.40203482
73,8,16,1.0,clique_binaria_s54,clique_binaria,trivial,,1,26505.9370392,-13.290167467,-1994.40203482
73,8,16,1.0,clique_difusa_s54,clique_difusa,trivial,,0.344493522916,-1907.44253103,0.956398207449,-1994.40203482
73,8,16,1.0,clique_binaria_s72,clique_binaria,trivial,,1,58558.3513963,-29.361357627,-1994.40203482
73,8,16,1.0,clique_difusa_s72,clique_difusa,trivial,,0.270982204031,-1778.37571525,0.891683664679,-1994.40203482
73,8,16,1.0,clique_binaria_s108,clique_binaria,trivial,,1,159743.746616,-80.096060788,-1994.40203482
73,8,16,1.0,clique_difusa_s108,clique_difusa,trivial,,0.187106603886,-1499.2269888,0.751717538702,-1994.40203482
73,8,16,1.0,clique_binaria_s216,clique_binaria,trivial,,1,764315.793032,-383.23055216,-1994.40203482
73,8,16,1.0,clique_difusa_s216,clique_difusa,trivial,,0.0848379446676,-877.338472455,0.439900510097,-1994.40203482
73,8,16,1.0,bipartita,bipartita,trivial,,0.0641796376886,-374.295647,0.187673117288,-1994.40203482
73,8,16,1.0,uniforme,uniforme,trivial,,0.0848379446676,-877.338472455,0.439900510097,-1994.40203482
73,8,16,1.0,t3,t3,no_trivial,,1,-367.537213854,0.184284415798,-1994.40203482
73,8,16,1.0,tree,tree,no_trivial,,1,-175.469751335,0.0879811333282,-1994.40203482
73,8,16,1.0,ring_k6,ring,no_trivial,,1,-1035.91563929,0.519411643795,-1994.40203482
73,8,16,1.0,ws_k6_b0.1,ws,no_trivial,,1,-891.808230345,0.447155696181,-1994.40203482
73,8,16,1.0,tri_torus_12x18,tri_torus,no_trivial,,1,-935.437976911,0.469031800299,-1994.40203482
73,8,16,1.0,rgg3_k6_s0,rgg3_k6,no_trivial,0,1,-861.472411246,0.431945212754,-1994.40203482
73,8,16,1.0,rgg3_k6_s1,rgg3_k6,no_trivial,1,1,-930.21439145,0.466412676687,-1994.40203482
73,8,16,1.0,rgg3_k6_s2,rgg3_k6,no_trivial,2,1,-868.263764268,0.435350420381,-1994.40203482
73,8,16,1.0,rgg3_k6_s3,rgg3_k6,no_trivial,3,1,-926.925537759,0.464763634201,-1994.40203482
73,8,16,1.0,rgg3_k6_s4,rgg3_k6,no_trivial,4,1,-836.539192665,0.419443611699,-1994.40203482
73,8,16,1.0,rgg3_k8_s0,rgg3_k8,no_trivial,0,1,-1145.80794579,0.574512022044,-1994.40203482
73,8,16,1.0,rgg3_k8_s1,rgg3_k8,no_trivial,1,1,-1153.48754738,0.578362600542,-1994.40203482
73,8,16,1.0,rgg3_k8_s2,rgg3_k8,no_trivial,2,1,-1187.14710168,0.595239616162,-1994.40203482
73,8,16,1.0,rgg3_k8_s3,rgg3_k8,no_trivial,3,1,-1081.20672115,0.542120747108,-1994.40203482
73,8,16,1.0,rgg3_k8_s4,rgg3_k8,no_trivial,4,1,-1244.18835523,0.623840295744,-1994.40203482
73,8,16,1.0,rgg3_k12_s0,rgg3_k12,no_trivial,0,1,-1617.85080704,0.811195926795,-1994.40203482
73,8,16,1.0,rgg3_k12_s1,rgg3_k12,no_trivial,1,1,-1596.80623919,0.800644108517,-1994.40203482
73,8,16,1.0,rgg3_k12_s2,rgg3_k12,no_trivial,2,1,-1596.99894055,0.800740729638,-1994.40203482
73,8,16,1.0,rgg3_k12_s3,rgg3_k12,no_trivial,3,1,-1605.74648947,0.805126780579,-1994.40203482
73,8,16,1.0,rgg3_k12_s4,rgg3_k12,no_trivial,4,1,-1586.89651828,0.795675340564,-1994.40203482
73,8,16,1.0,rgg3_k16_s0,rgg3_k16,no_trivial,0,0.971603156413,-1760.59173847,0.882766717912,-1994.40203482
73,8,16,1.0,rgg3_k16_s1,rgg3_k16,no_trivial,1,0.943262948942,-1744.95538441,0.874926596517,-1994.40203482
73,8,16,1.0,rgg3_k16_s2,rgg3_k16,no_trivial,2,0.895136609875,-1664.83226353,0.834752589729,-1994.40203482
73,8,16,1.0,rgg3_k16_s3,rgg3_k16,no_trivial,3,0.909830067708,-1652.87637864,0.828757868166,-1994.40203482
73,8,16,1.0,rgg3_k16_s4,rgg3_k16,no_trivial,4,0.99958940564,-1775.1043865,0.890043409257,-1994.40203482
73,8,16,1.0,rr_k4_s0,rr_k4,no_trivial,0,1,-317.826522074,0.159359304957,-1994.40203482
73,8,16,1.0,rr_k4_s1,rr_k4,no_trivial,1,1,-314.334305657,0.157608295704,-1994.40203482
73,8,16,1.0,rr_k4_s2,rr_k4,no_trivial,2,1,-312.588197449,0.156732791078,-1994.40203482
73,8,16,1.0,rr_k4_s3,rr_k4,no_trivial,3,1,-321.031056418,0.160966069435,-1994.40203482
73,8,16,1.0,rr_k4_s4,rr_k4,no_trivial,4,1,-316.080413866,0.158483800331,-1994.40203482
73,8,16,1.0,rr_k6_s0,rr_k6,no_trivial,0,1,-401.884013876,0.201506018776,-1994.40203482
73,8,16,1.0,rr_k6_s1,rr_k6,no_trivial,1,1,-403.630122084,0.202381523403,-1994.40203482
73,8,16,1.0,rr_k6_s2,rr_k6,no_trivial,2,1,-393.728836979,0.197416985194,-1994.40203482
73,8,16,1.0,rr_k6_s3,rr_k6,no_trivial,3,1,-398.104115387,0.199610764749,-1994.40203482
73,8,16,1.0,rr_k6_s4,rr_k6,no_trivial,4,1,-400.137905667,0.20063051415,-1994.40203482
73,8,16,1.0,rr_k8_s0,rr_k8,no_trivial,0,1,-467.001480999,0.234156139457,-1994.40203482
73,8,16,1.0,rr_k8_s1,rr_k8,no_trivial,1,1,-482.716454874,0.242035681095,-1994.40203482
73,8,16,1.0,rr_k8_s2,rr_k8,no_trivial,2,1,-458.440838994,0.229863804284,-1994.40203482
73,8,16,1.0,rr_k8_s3,rr_k8,no_trivial,3,1,-463.22158251,0.23226088543,-1994.40203482
73,8,16,1.0,rr_k8_s4,rr_k8,no_trivial,4,1,-453.627995251,0.227450627973,-1994.40203482
73,8,16,1.0,rr_k12_s0,rr_k12,no_trivial,0,0.894774059131,-535.495695161,0.26849937265,-1994.40203482
73,8,16,1.0,rr_k12_s1,rr_k12,no_trivial,1,0.899699819425,-538.959389135,0.270236080653,-1994.40203482
73,8,16,1.0,rr_k12_s2,rr_k12,no_trivial,2,0.895567810404,-534.680916673,0.26809083993,-1994.40203482
73,8,16,1.0,rr_k12_s3,rr_k12,no_trivial,3,0.914381450591,-545.922276698,0.273727296286,-1994.40203482
73,8,16,1.0,rr_k12_s4,rr_k12,no_trivial,4,0.929769901966,-556.61577787,0.27908905434,-1994.40203482
73,8,16,1.0,rr_k16_s0,rr_k16,no_trivial,0,0.767574079927,-587.02247093,0.294335074213,-1994.40203482
73,8,16,1.0,rr_k16_s1,rr_k16,no_trivial,1,0.822976529711,-629.428437878,0.315597571046,-1994.40203482
73,8,16,1.0,rr_k16_s2,rr_k16,no_trivial,2,0.763269770033,-580.146124414,0.290887250557,-1994.40203482
73,8,16,1.0,rr_k16_s3,rr_k16,no_trivial,3,0.740931205592,-566.863923174,0.284227509438,-1994.40203482
73,8,16,1.0,rr_k16_s4,rr_k16,no_trivial,4,0.777969548378,-593.202683207,0.297433853782,-1994.40203482
73,8,16,1.0,er_k4_s0,er_k4,no_trivial,0,1,-296.075183395,0.148453109366,-1994.40203482
73,8,16,1.0,er_k4_s1,er_k4,no_trivial,1,1,-301.428066117,0.151137063067,-1994.40203482
73,8,16,1.0,er_k4_s2,er_k4,no_trivial,2,1,-299.852075276,0.15034685587,-1994.40203482
73,8,16,1.0,er_k4_s3,er_k4,no_trivial,3,1,-291.32695076,0.146072329287,-1994.40203482
73,8,16,1.0,er_k4_s4,er_k4,no_trivial,4,1,-289.723393755,0.145268300321,-1994.40203482
73,8,16,1.0,er_k6_s0,er_k6,no_trivial,0,1,-379.445759564,0.190255401338,-1994.40203482
73,8,16,1.0,er_k6_s1,er_k6,no_trivial,1,1,-385.93838063,0.193510823742,-1994.40203482
73,8,16,1.0,er_k6_s2,er_k6,no_trivial,2,1,-376.317227207,0.188686744516,-1994.40203482
73,8,16,1.0,er_k6_s3,er_k6,no_trivial,3,1,-392.359299152,0.196730294245,-1994.40203482
73,8,16,1.0,er_k6_s4,er_k6,no_trivial,4,1,-380.247660236,0.190657477077,-1994.40203482
73,8,16,1.0,er_k8_s0,er_k8,no_trivial,0,1,-431.030792405,0.216120313196,-1994.40203482
73,8,16,1.0,er_k8_s1,er_k8,no_trivial,1,1,-458.217284199,0.229751713145,-1994.40203482
73,8,16,1.0,er_k8_s2,er_k8,no_trivial,2,1,-453.249022935,0.227260609959,-1994.40203482
73,8,16,1.0,er_k8_s3,er_k8,no_trivial,3,1,-453.98734013,0.227630804724,-1994.40203482
73,8,16,1.0,er_k8_s4,er_k8,no_trivial,4,1,-456.137434292,0.22870886929,-1994.40203482
73,8,16,1.0,er_k12_s0,er_k12,no_trivial,0,0.854670956421,-507.886225979,0.254655890393,-1994.40203482
73,8,16,1.0,er_k12_s1,er_k12,no_trivial,1,0.886669873872,-526.807202113,0.264142932526,-1994.40203482
73,8,16,1.0,er_k12_s2,er_k12,no_trivial,2,0.90783046409,-544.003722419,0.27276532661,-1994.40203482
73,8,16,1.0,er_k12_s3,er_k12,no_trivial,3,0.9068629854,-539.504640463,0.270509471533,-1994.40203482
73,8,16,1.0,er_k12_s4,er_k12,no_trivial,4,0.89809439512,-535.430875586,0.268466871894,-1994.40203482
73,8,16,1.0,er_k16_s0,er_k16,no_trivial,0,0.772869262566,-591.253507694,0.296456530515,-1994.40203482
73,8,16,1.0,er_k16_s1,er_k16,no_trivial,1,0.783376237501,-598.863474101,0.300272193693,-1994.40203482
73,8,16,1.0,er_k16_s2,er_k16,no_trivial,2,0.776390607586,-591.551117466,0.296605753072,-1994.40203482
73,8,16,1.0,er_k16_s3,er_k16,no_trivial,3,0.807830846443,-619.218921352,0.310478484549,-1994.40203482
73,8,16,1.0,er_k16_s4,er_k16,no_trivial,4,0.782557079358,-599.686856954,0.300685040671,-1994.40203482
74,8,16,4.0,vacio,vacio,trivial,,0,0,-0,-4586.40203482
74,8,16,4.0,clique_binaria_s2,clique_binaria,trivial,,1,-414.084367051,0.0902852309736,-4586.40203482
74,8,16,4.0,clique_difusa_s2,clique_difusa,trivial,,1,-414.084367051,0.0902852309736,-4586.40203482
74,8,16,4.0,clique_binaria_s3,clique_binaria,trivial,,1,-918.057259207,0.200169381628,-4586.40203482
74,8,16,4.0,clique_difusa_s3,clique_difusa,trivial,,1,-918.057259207,0.200169381628,-4586.40203482
74,8,16,4.0,clique_binaria_s4,clique_binaria,trivial,,1,-1418.70968499,0.309329551623,-4586.40203482
74,8,16,4.0,clique_difusa_s4,clique_difusa,trivial,,1,-1418.70968499,0.309329551623,-4586.40203482
74,8,16,4.0,clique_binaria_s6,clique_binaria,trivial,,1,-2341.205649,0.510466729961,-4586.40203482
74,8,16,4.0,clique_difusa_s6,clique_difusa,trivial,,1,-2341.205649,0.510466729961,-4586.40203482
74,8,16,4.0,clique_binaria_s8,clique_binaria,trivial,,1,-3113.24205821,0.678798333546,-4586.40203482
74,8,16,4.0,clique_difusa_s8,clique_difusa,trivial,,1,-3113.24205821,0.678798333546,-4586.40203482
74,8,16,4.0,clique_binaria_s9,clique_binaria,trivial,,1,-3434.03698331,0.748743123092,-4586.40203482
74,8,16,4.0,clique_difusa_s9,clique_difusa,trivial,,1,-3434.03698331,0.748743123092,-4586.40203482
74,8,16,4.0,clique_binaria_s12,clique_binaria,trivial,,1,-4112.90799731,0.896761331887,-4586.40203482
74,8,16,4.0,clique_difusa_s12,clique_difusa,trivial,,1,-4112.90799731,0.896761331887,-4586.40203482
74,8,16,4.0,clique_binaria_s18,clique_binaria,trivial,,1,-4104.16177757,0.894854342557,-4586.40203482
74,8,16,4.0,clique_difusa_s18,clique_difusa,trivial,,0.827057301047,-4451.98222686,0.970691664851,-4586.40203482
74,8,16,4.0,clique_binaria_s24,clique_binaria,trivial,,1,-2175.19780261,0.474271070458,-4586.40203482
74,8,16,4.0,clique_difusa_s24,clique_difusa,trivial,,0.655687605709,-4551.94319312,0.992486737657,-4586.40203482
74,8,16,4.0,clique_binaria_s27,clique_binaria,trivial,,1,-469.767205572,0.102426085198,-4586.40203482
74,8,16,4.0,clique_difusa_s27,clique_difusa,trivial,,0.59512050514,-4574.34669545,0.997371504008,-4586.40203482
74,8,16,4.0,clique_binaria_s36,clique_binaria,trivial,,1,7667.43468949,-1.67177552933,-4586.40203482
74,8,16,4.0,clique_difusa_s36,clique_difusa,trivial,,0.466878845695,-4580.37144979,0.998685116353,-4586.40203482
74,8,16,4.0,clique_binaria_s54,clique_binaria,trivial,,1,37775.0620392,-8.23631721607,-4586.40203482
74,8,16,4.0,clique_difusa_s54,clique_difusa,trivial,,0.325771033602,-4470.32415928,0.974690863414,-4586.40203482
74,8,16,4.0,clique_binaria_s72,clique_binaria,trivial,,1,86594.4763963,-18.8806990183,-4586.40203482
74,8,16,4.0,clique_difusa_s72,clique_difusa,trivial,,0.248566254443,-4315.71862146,0.94098131579,-4586.40203482
74,8,16,4.0,clique_binaria_s108,clique_binaria,trivial,,1,240996.871616,-52.5459542768,-4586.40203482
74,8,16,4.0,clique_difusa_s108,clique_difusa,trivial,,0.165693540031,-4019.46967237,0.876388428632,-4586.40203482
74,8,16,4.0,clique_binaria_s216,clique_binaria,trivial,,1,1162683.91803,-253.506759592,-4586.40203482
74,8,16,4.0,clique_difusa_s216,clique_difusa,trivial,,0.0774055314409,-3454.47850169,0.753200106634,-4586.40203482
74,8,16,4.0,bipartita,bipartita,trivial,,0.111634346164,-2604.20606596,0.567810245632,-4586.40203482
74,8,16,4.0,uniforme,uniforme,trivial,,0.0774055314409,-3454.47850169,0.753200106634,-4586.40203482
74,8,16,4.0,t3,t3,no_trivial,,1,-1947.03721385,0.424523885842,-4586.40203482
74,8,16,4.0,tree,tree,no_trivial,,1,-769.094751335,0.167690216753,-4586.40203482
74,8,16,4.0,ring_k6,ring,no_trivial,,1,-2615.41563929,0.570254334321,-4586.40203482
74,8,16,4.0,ws_k6_b0.1,ws,no_trivial,,1,-2464.55823034,0.537362013106,-4586.40203482
74,8,16,4.0,tri_torus_12x18,tri_torus,no_trivial,,1,-2514.93797691,0.548346603245,-4586.40203482
74,8,16,4.0,rgg3_k6_s0,rgg3_k6,no_trivial,0,1,-2359.59741125,0.51447679321,-4586.40203482
74,8,16,4.0,rgg3_k6_s1,rgg3_k6,no_trivial,1,1,-2474.65189145,0.53956279294,-4586.40203482
74,8,16,4.0,rgg3_k6_s2,rgg3_k6,no_trivial,2,1,-2349.98251427,0.512380401113,-4586.40203482
74,8,16,4.0,rgg3_k6_s3,rgg3_k6,no_trivial,3,1,-2474.55053776,0.539540694203,-4586.40203482
74,8,16,4.0,rgg3_k6_s4,rgg3_k6,no_trivial,4,1,-2294.44544266,0.5002713293,-4586.40203482
74,8,16,4.0,rgg3_k8_s0,rgg3_k8,no_trivial,0,1,-2977.40169579,0.649180266621,-4586.40203482
74,8,16,4.0,rgg3_k8_s1,rgg3_k8,no_trivial,1,1,-2976.64379738,0.649015017608,-4586.40203482
74,8,16,4.0,rgg3_k8_s2,rgg3_k8,no_trivial,2,1,-3044.24085168,0.663753597824,-4586.40203482
74,8,16,4.0,rgg3_k8_s3,rgg3_k8,no_trivial,3,1,-2850.08172115,0.621419949562,-4586.40203482
74,8,16,4.0,rgg3_k8_s4,rgg3_k8,no_trivial,4,1,-3149.37585523,0.686676796174,-4586.40203482
74,8,16,4.0,rgg3_k12_s0,rgg3_k12,no_trivial,0,1,-3949.41330704,0.861113630478,-4586.40203482
74,8,16,4.0,rgg3_k12_s1,rgg3_k12,no_trivial,1,1,-3921.80623919,0.855094300373,-4586.40203482
74,8,16,4.0,rgg3_k12_s2,rgg3_k12,no_trivial,2,1,-3906.43644055,0.851743133484,-4586.40203482
74,8,16,4.0,rgg3_k12_s3,rgg3_k12,no_trivial,3,1,-3926.15273947,0.856041993194,-4586.40203482
74,8,16,4.0,rgg3_k12_s4,rgg3_k12,no_trivial,4,1,-3881.24026828,0.846249465008,-4586.40203482
74,8,16,4.0,rgg3_k16_s0,rgg3_k16,no_trivial,0,0.959617494755,-4226.35437808,0.921496708312,-4586.40203482
74,8,16,4.0,rgg3_k16_s1,rgg3_k16,no_trivial,1,0.93406348692,-4205.02144859,0.916845365205,-4586.40203482
74,8,16,4.0,rgg3_k16_s2,rgg3_k16,no_trivial,2,0.890306355211,-4058.51175991,0.884901002812,-4586.40203482
74,8,16,4.0,rgg3_k16_s3,rgg3_k16,no_trivial,3,0.904043449874,-4035.55682772,0.879896004991,-4586.40203482
74,8,16,4.0,rgg3_k16_s4,rgg3_k16,no_trivial,4,0.989404488459,-4251.60962555,0.927003257298,-4586.40203482
74,8,16,4.0,rr_k4_s0,rr_k4,no_trivial,0,1,-1451.82652207,0.316550208868,-4586.40203482
74,8,16,4.0,rr_k4_s1,rr_k4,no_trivial,1,1,-1448.33430566,0.315788780543,-4586.40203482
74,8,16,4.0,rr_k4_s2,rr_k4,no_trivial,2,1,-1446.58819745,0.315408066381,-4586.40203482
74,8,16,4.0,rr_k4_s3,rr_k4,no_trivial,3,1,-1455.03105642,0.317248912191,-4586.40203482
74,8,16,4.0,rr_k4_s4,rr_k4,no_trivial,4,1,-1450.08041387,0.316169494706,-4586.40203482
74,8,16,4.0,rr_k6_s0,rr_k6,no_trivial,0,1,-1981.38401388,0.432012719084,-4586.40203482
74,8,16,4.0,rr_k6_s1,rr_k6,no_trivial,1,1,-1983.13012208,0.432393433247,-4586.40203482
74,8,16,4.0,rr_k6_s2,rr_k6,no_trivial,2,1,-1973.22883698,0.430234598275,-4586.40203482
74,8,16,4.0,rr_k6_s3,rr_k6,no_trivial,3,1,-1977.60411539,0.431188565759,-4586.40203482
74,8,16,4.0,rr_k6_s4,rr_k6,no_trivial,4,1,-1979.63790567,0.431632004922,-4586.40203482
74,8,16,4.0,rr_k8_s0,rr_k8,no_trivial,0,1,-2411.001481,0.525684722511,-4586.40203482
74,8,16,4.0,rr_k8_s1,rr_k8,no_trivial,1,1,-2426.71645487,0.529111149971,-4586.40203482
74,8,16,4.0,rr_k8_s2,rr_k8,no_trivial,2,1,-2402.44083899,0.523818195779,-4586.40203482
74,8,16,4.0,rr_k8_s3,rr_k8,no_trivial,3,1,-2407.22158251,0.524860569186,-4586.40203482
74,8,16,4.0,rr_k8_s4,rr_k8,no_trivial,4,1,-2397.62799525,0.522768823372,-4586.40203482
74,8,16,4.0,rr_k12_s0,rr_k12,no_trivial,0,1,-2957.16464016,0.644767863286,-4586.40203482
74,8,16,4.0,rr_k12_s1,rr_k12,no_trivial,1,1,-2961.37761278,0.645686442292,-4586.40203482
74,8,16,4.0,rr_k12_s2,rr_k12,no_trivial,2,1,-2956.54277973,0.644632275427,-4586.40203482
74,8,16,4.0,rr_k12_s3,rr_k12,no_trivial,3,1,-2970.48600991,0.64767239927,-4586.40203482
74,8,16,4.0,rr_k12_s4,rr_k12,no_trivial,4,1,-2982.94630698,0.650389190553,-4586.40203482
74,8,16,4.0,rr_k16_s0,rr_k16,no_trivial,0,0.926130982627,-3135.3808375,0.683625380788,-4586.40203482
74,8,16,4.0,rr_k16_s1,rr_k16,no_trivial,1,0.94419065253,-3196.24756358,0.696896508268,-4586.40203482
74,8,16,4.0,rr_k16_s2,rr_k16,no_trivial,2,0.925853020393,-3127.54061286,0.681915930857,-4586.40203482
74,8,16,4.0,rr_k16_s3,rr_k16,no_trivial,3,0.917462162644,-3104.54930779,0.676903002446,-4586.40203482
74,8,16,4.0,rr_k16_s4,rr_k16,no_trivial,4,0.929967247964,-3145.66607405,0.685867930933,-4586.40203482
74,8,16,4.0,er_k4_s0,er_k4,no_trivial,0,1,-1386.6689334,0.302343519575,-4586.40203482
74,8,16,4.0,er_k4_s1,er_k4,no_trivial,1,1,-1396.70931612,0.304532682812,-4586.40203482
74,8,16,4.0,er_k4_s2,er_k4,no_trivial,2,1,-1401.41457528,0.305558597924,-4586.40203482
74,8,16,4.0,er_k4_s3,er_k4,no_trivial,3,1,-1384.82695076,0.301941901352,-4586.40203482
74,8,16,4.0,er_k4_s4,er_k4,no_trivial,4,1,-1382.66089375,0.301469623303,-4586.40203482
74,8,16,4.0,er_k6_s0,er_k6,no_trivial,0,1,-1899.88325956,0.414242634017,-4586.40203482
74,8,16,4.0,er_k6_s1,er_k6,no_trivial,1,1,-1902.71963063,0.414861064552,-4586.40203482
74,8,16,4.0,er_k6_s2,er_k6,no_trivial,2,1,-1886.25472721,0.411271125577,-4586.40203482
74,8,16,4.0,er_k6_s3,er_k6,no_trivial,3,1,-1917.85929915,0.418162054829,-4586.40203482
74,8,16,4.0,er_k6_s4,er_k6,no_trivial,4,1,-1908.93516024,0.416216272744,-4586.40203482
74,8,16,4.0,er_k8_s0,er_k8,no_trivial,0,1,-2289.9057924,0.499281522863,-4586.40203482
74,8,16,4.0,er_k8_s1,er_k8,no_trivial,1,1,-2307.6235342,0.5031446255,-4586.40203482
74,8,16,4.0,er_k8_s2,er_k8,no_trivial,2,1,-2331.81152294,0.508418473835,-4586.40203482
74,8,16,4.0,er_k8_s3,er_k8,no_trivial,3,1,-2309.86234013,0.503632765421,-4586.40203482
74,8,16,4.0,er_k8_s4,er_k8,no_trivial,4,1,-2327.10618429,0.507392541392,-4586.40203482
74,8,16,4.0,er_k12_s0,er_k12,no_trivial,0,1,-2825.03982747,0.61595991935,-4586.40203482
74,8,16,4.0,er_k12_s1,er_k12,no_trivial,1,1,-2823.8216351,0.615694309757,-4586.40203482
74,8,16,4.0,er_k12_s2,er_k12,no_trivial,2,1,-2856.76205777,0.622876502339,-4586.40203482
74,8,16,4.0,er_k12_s3,er_k12,no_trivial,3,1,-2839.46232026,0.619104539615,-4586.40203482
74,8,16,4.0,er_k12_s4,er_k12,no_trivial,4,1,-2834.05059001,0.617924588488,-4586.40203482
74,8,16,4.0,er_k16_s0,er_k16,no_trivial,0,0.896777030128,-3036.2261137,0.662006097732,-4586.40203482
74,8,16,4.0,er_k16_s1,er_k16,no_trivial,1,0.891023533951,-3014.84087048,0.657343348358,-4586.40203482
74,8,16,4.0,er_k16_s2,er_k16,no_trivial,2,0.892013287205,-3015.79546296,0.657551483727,-4586.40203482
74,8,16,4.0,er_k16_s3,er_k16,no_trivial,3,0.907925068917,-3073.62647891,0.670160717612,-4586.40203482
74,8,16,4.0,er_k16_s4,er_k16,no_trivial,4,0.898213719178,-3042.14077655,0.663295706188,-4586.40203482
