run_id,block,ablation,n,rho,gamma_hat,alpha_hat,factor,status,steps,state_class,has_halo,halo_is_clique_union,n_components,component_sizes,kappa_inj,open_p3,kkt_rel,kkt_max_violation,kkt_multiplier,kkt_ok
Ω-EXP-001245,s0,full,100,nan,0.0,0.5,nan,CONVERGED,87,vacío,False,,0,[],[],0,0.0,0.0,,True
Ω-EXP-001246,s0,full,100,nan,0.0,0.5,nan,CONVERGED,87,vacío,False,,0,[],[],0,0.0,0.0,,True
Ω-EXP-001247,s0,full,100,nan,0.0,0.5,nan,CONVERGED,87,vacío,False,,0,[],[],0,0.0,0.0,,True
Ω-EXP-001248,s0,full,100,nan,0.0,0.5,nan,CONVERGED,87,vacío,False,,0,[],[],0,0.0,0.0,,True
Ω-EXP-001249,s0,full,100,nan,0.0,0.5,nan,CONVERGED,87,vacío,False,,0,[],[],0,0.0,0.0,,True
Ω-EXP-001250,s0,full,100,nan,0.0,0.5,nan,CONVERGED,87,vacío,False,,0,[],[],0,0.0,0.0,,True
Ω-EXP-001251,s0,full,100,nan,0.0,0.5,nan,CONVERGED,87,vacío,False,,0,[],[],0,0.0,0.0,,True
Ω-EXP-001252,s0,full,100,nan,0.0,0.5,nan,CONVERGED,87,vacío,False,,0,[],[],0,0.0,0.0,,True
Ω-EXP-001253,s0,full,100,nan,0.0,0.5,nan,CONVERGED,87,vacío,False,,0,[],[],0,0.0,0.0,,True
Ω-EXP-001254,s0,full,100,nan,0.0,0.5,nan,CONVERGED,87,vacío,False,,0,[],[],0,0.0,0.0,,True
Ω-EXP-001255,s0,no_triangles,100,nan,0.0,0.5,nan,CONVERGED,43,vacío,False,,0,[],[],0,,,,
Ω-EXP-001256,s0,no_triangles,100,nan,0.0,0.5,nan,CONVERGED,43,vacío,False,,0,[],[],0,,,,
Ω-EXP-001257,s0,no_triangles,100,nan,0.0,0.5,nan,CONVERGED,43,vacío,False,,0,[],[],0,,,,
Ω-EXP-001258,s0,no_triangles,100,nan,0.0,0.5,nan,CONVERGED,43,vacío,False,,0,[],[],0,,,,
Ω-EXP-001259,s0,no_triangles,100,nan,0.0,0.5,nan,CONVERGED,43,vacío,False,,0,[],[],0,,,,
Ω-EXP-001260,s0,no_triangles,100,nan,0.0,0.5,nan,CONVERGED,43,vacío,False,,0,[],[],0,,,,
Ω-EXP-001261,s0,no_triangles,100,nan,0.0,0.5,nan,CONVERGED,43,vacío,False,,0,[],[],0,,,,
Ω-EXP-001262,s0,no_triangles,100,nan,0.0,0.5,nan,CONVERGED,43,vacío,False,,0,[],[],0,,,,
Ω-EXP-001263,s0,no_triangles,100,nan,0.0,0.5,nan,CONVERGED,43,vacío,False,,0,[],[],0,,,,
Ω-EXP-001264,s0,no_triangles,100,nan,0.0,0.5,nan,CONVERGED,43,vacío,False,,0,[],[],0,,,,
Ω-EXP-001265,s0,no_density,100,nan,0.0,0.5,nan,CONVERGED,18,uniforme,False,,0,[],[],0,,,,
Ω-EXP-001266,s0,no_density,100,nan,0.0,0.5,nan,CONVERGED,18,uniforme,False,,0,[],[],0,,,,
Ω-EXP-001267,s0,no_density,100,nan,0.0,0.5,nan,CONVERGED,18,uniforme,False,,0,[],[],0,,,,
Ω-EXP-001268,s0,no_density,100,nan,0.0,0.5,nan,CONVERGED,18,uniforme,False,,0,[],[],0,,,,
Ω-EXP-001269,s0,no_density,100,nan,0.0,0.5,nan,CONVERGED,18,uniforme,False,,0,[],[],0,,,,
Ω-EXP-001270,s0,no_density,100,nan,0.0,0.5,nan,CONVERGED,18,uniforme,False,,0,[],[],0,,,,
Ω-EXP-001271,s0,no_density,100,nan,0.0,0.5,nan,CONVERGED,18,uniforme,False,,0,[],[],0,,,,
Ω-EXP-001272,s0,no_density,100,nan,0.0,0.5,nan,CONVERGED,18,uniforme,False,,0,[],[],0,,,,
Ω-EXP-001273,s0,no_density,100,nan,0.0,0.5,nan,CONVERGED,18,uniforme,False,,0,[],[],0,,,,
Ω-EXP-001274,s0,no_density,100,nan,0.0,0.5,nan,CONVERGED,18,uniforme,False,,0,[],[],0,,,,
Ω-EXP-001275,s0,no_degree,100,nan,0.0,0.5,nan,CONVERGED,87,vacío,False,,0,[],[],0,,,,
Ω-EXP-001276,s0,no_degree,100,nan,0.0,0.5,nan,CONVERGED,87,vacío,False,,0,[],[],0,,,,
Ω-EXP-001277,s0,no_degree,100,nan,0.0,0.5,nan,CONVERGED,87,vacío,False,,0,[],[],0,,,,
Ω-EXP-001278,s0,no_degree,100,nan,0.0,0.5,nan,CONVERGED,87,vacío,False,,0,[],[],0,,,,
Ω-EXP-001279,s0,no_degree,100,nan,0.0,0.5,nan,CONVERGED,87,vacío,False,,0,[],[],0,,,,
Ω-EXP-001280,s0,no_degree,100,nan,0.0,0.5,nan,CONVERGED,87,vacío,False,,0,[],[],0,,,,
Ω-EXP-001281,s0,no_degree,100,nan,0.0,0.5,nan,CONVERGED,87,vacío,False,,0,[],[],0,,,,
Ω-EXP-001282,s0,no_degree,100,nan,0.0,0.5,nan,CONVERGED,87,vacío,False,,0,[],[],0,,,,
Ω-EXP-001283,s0,no_degree,100,nan,0.0,0.5,nan,CONVERGED,87,vacío,False,,0,[],[],0,,,,
Ω-EXP-001284,s0,no_degree,100,nan,0.0,0.5,nan,CONVERGED,87,vacío,False,,0,[],[],0,,,,
Ω-EXP-001285,s0,triangles_only,100,nan,0.0,0.5,nan,CONVERGED,18,uniforme,False,,0,[],[],0,,,,
Ω-EXP-001286,s0,triangles_only,100,nan,0.0,0.5,nan,CONVERGED,18,uniforme,False,,0,[],[],0,,,,
Ω-EXP-001287,s0,triangles_only,100,nan,0.0,0.5,nan,CONVERGED,18,uniforme,False,,0,[],[],0,,,,
Ω-EXP-001288,s0,triangles_only,100,nan,0.0,0.5,nan,CONVERGED,18,uniforme,False,,0,[],[],0,,,,
Ω-EXP-001289,s0,triangles_only,100,nan,0.0,0.5,nan,CONVERGED,18,uniforme,False,,0,[],[],0,,,,
Ω-EXP-001290,s0,triangles_only,100,nan,0.0,0.5,nan,CONVERGED,18,uniforme,False,,0,[],[],0,,,,
Ω-EXP-001291,s0,triangles_only,100,nan,0.0,0.5,nan,CONVERGED,18,uniforme,False,,0,[],[],0,,,,
Ω-EXP-001292,s0,triangles_only,100,nan,0.0,0.5,nan,CONVERGED,18,uniforme,False,,0,[],[],0,,,,
Ω-EXP-001293,s0,triangles_only,100,nan,0.0,0.5,nan,CONVERGED,18,uniforme,False,,0,[],[],0,,,,
Ω-EXP-001294,s0,triangles_only,100,nan,0.0,0.5,nan,CONVERGED,18,uniforme,False,,0,[],[],0,,,,
Ω-EXP-001295,s0,full,200,nan,0.0,0.5,nan,CONVERGED,87,vacío,False,,0,[],[],0,0.0,0.0,,True
Ω-EXP-001296,s0,full,200,nan,0.0,0.5,nan,CONVERGED,87,vacío,False,,0,[],[],0,0.0,0.0,,True
Ω-EXP-001297,s0,full,200,nan,0.0,0.5,nan,CONVERGED,87,vacío,False,,0,[],[],0,0.0,0.0,,True
Ω-EXP-001298,s0,full,200,nan,0.0,0.5,nan,CONVERGED,87,vacío,False,,0,[],[],0,0.0,0.0,,True
Ω-EXP-001299,s0,full,200,nan,0.0,0.5,nan,CONVERGED,87,vacío,False,,0,[],[],0,0.0,0.0,,True
Ω-EXP-001300,s0,full,200,nan,0.0,0.5,nan,CONVERGED,87,vacío,False,,0,[],[],0,0.0,0.0,,True
Ω-EXP-001301,s0,full,200,nan,0.0,0.5,nan,CONVERGED,87,vacío,False,,0,[],[],0,0.0,0.0,,True
Ω-EXP-001302,s0,full,200,nan,0.0,0.5,nan,CONVERGED,87,vacío,False,,0,[],[],0,0.0,0.0,,True
Ω-EXP-001303,s0,full,200,nan,0.0,0.5,nan,CONVERGED,87,vacío,False,,0,[],[],0,0.0,0.0,,True
Ω-EXP-001304,s0,full,200,nan,0.0,0.5,nan,CONVERGED,87,vacío,False,,0,[],[],0,0.0,0.0,,True
Ω-EXP-001305,s0,no_triangles,200,nan,0.0,0.5,nan,CONVERGED,43,vacío,False,,0,[],[],0,,,,
Ω-EXP-001306,s0,no_triangles,200,nan,0.0,0.5,nan,CONVERGED,43,vacío,False,,0,[],[],0,,,,
Ω-EXP-001307,s0,no_triangles,200,nan,0.0,0.5,nan,CONVERGED,43,vacío,False,,0,[],[],0,,,,
Ω-EXP-001308,s0,no_triangles,200,nan,0.0,0.5,nan,CONVERGED,43,vacío,False,,0,[],[],0,,,,
Ω-EXP-001309,s0,no_triangles,200,nan,0.0,0.5,nan,CONVERGED,43,vacío,False,,0,[],[],0,,,,
Ω-EXP-001310,s0,no_triangles,200,nan,0.0,0.5,nan,CONVERGED,43,vacío,False,,0,[],[],0,,,,
Ω-EXP-001311,s0,no_triangles,200,nan,0.0,0.5,nan,CONVERGED,43,vacío,False,,0,[],[],0,,,,
Ω-EXP-001312,s0,no_triangles,200,nan,0.0,0.5,nan,CONVERGED,43,vacío,False,,0,[],[],0,,,,
Ω-EXP-001313,s0,no_triangles,200,nan,0.0,0.5,nan,CONVERGED,43,vacío,False,,0,[],[],0,,,,
Ω-EXP-001314,s0,no_triangles,200,nan,0.0,0.5,nan,CONVERGED,43,vacío,False,,0,[],[],0,,,,
Ω-EXP-001315,s0,full,100,nan,1.0,0.5,nan,CONVERGED,128,vacío,False,,0,[],[],0,0.0,0.0,,True
Ω-EXP-001316,s0,full,100,nan,1.0,0.5,nan,CONVERGED,128,vacío,False,,0,[],[],0,0.0,0.0,,True
Ω-EXP-001317,s0,full,100,nan,1.0,0.5,nan,CONVERGED,128,vacío,False,,0,[],[],0,0.0,0.0,,True
Ω-EXP-001318,s0,full,100,nan,1.0,0.5,nan,CONVERGED,128,vacío,False,,0,[],[],0,0.0,0.0,,True
Ω-EXP-001319,s0,full,100,nan,1.0,0.5,nan,CONVERGED,128,vacío,False,,0,[],[],0,0.0,0.0,,True
Ω-EXP-001320,s0,full,100,nan,1.0,0.5,nan,CONVERGED,128,vacío,False,,0,[],[],0,0.0,0.0,,True
Ω-EXP-001321,s0,full,100,nan,1.0,0.5,nan,CONVERGED,128,vacío,False,,0,[],[],0,0.0,0.0,,True
Ω-EXP-001322,s0,full,100,nan,1.0,0.5,nan,CONVERGED,128,vacío,False,,0,[],[],0,0.0,0.0,,True
Ω-EXP-001323,s0,full,100,nan,1.0,0.5,nan,CONVERGED,128,vacío,False,,0,[],[],0,0.0,0.0,,True
Ω-EXP-001324,s0,full,100,nan,1.0,0.5,nan,CONVERGED,128,vacío,False,,0,[],[],0,0.0,0.0,,True
Ω-EXP-001325,s0,no_triangles,100,nan,1.0,0.5,nan,CONVERGED,86,vacío,False,,0,[],[],0,,,,
Ω-EXP-001326,s0,no_triangles,100,nan,1.0,0.5,nan,CONVERGED,86,vacío,False,,0,[],[],0,,,,
Ω-EXP-001327,s0,no_triangles,100,nan,1.0,0.5,nan,CONVERGED,86,vacío,False,,0,[],[],0,,,,
Ω-EXP-001328,s0,no_triangles,100,nan,1.0,0.5,nan,CONVERGED,86,vacío,False,,0,[],[],0,,,,
Ω-EXP-001329,s0,no_triangles,100,nan,1.0,0.5,nan,CONVERGED,86,vacío,False,,0,[],[],0,,,,
Ω-EXP-001330,s0,no_triangles,100,nan,1.0,0.5,nan,CONVERGED,86,vacío,False,,0,[],[],0,,,,
Ω-EXP-001331,s0,no_triangles,100,nan,1.0,0.5,nan,CONVERGED,86,vacío,False,,0,[],[],0,,,,
Ω-EXP-001332,s0,no_triangles,100,nan,1.0,0.5,nan,CONVERGED,86,vacío,False,,0,[],[],0,,,,
Ω-EXP-001333,s0,no_triangles,100,nan,1.0,0.5,nan,CONVERGED,86,vacío,False,,0,[],[],0,,,,
Ω-EXP-001334,s0,no_triangles,100,nan,1.0,0.5,nan,CONVERGED,86,vacío,False,,0,[],[],0,,,,
Ω-EXP-001335,s0,no_density,100,nan,1.0,0.5,nan,CONVERGED,24,uniforme,False,,0,[],[],0,,,,
Ω-EXP-001336,s0,no_density,100,nan,1.0,0.5,nan,CONVERGED,25,uniforme,False,,0,[],[],0,,,,
Ω-EXP-001337,s0,no_density,100,nan,1.0,0.5,nan,CONVERGED,25,uniforme,False,,0,[],[],0,,,,
Ω-EXP-001338,s0,no_density,100,nan,1.0,0.5,nan,CONVERGED,25,uniforme,False,,0,[],[],0,,,,
Ω-EXP-001339,s0,no_density,100,nan,1.0,0.5,nan,CONVERGED,25,uniforme,False,,0,[],[],0,,,,
Ω-EXP-001340,s0,no_density,100,nan,1.0,0.5,nan,CONVERGED,25,uniforme,False,,0,[],[],0,,,,
Ω-EXP-001341,s0,no_density,100,nan,1.0,0.5,nan,CONVERGED,24,uniforme,False,,0,[],[],0,,,,
Ω-EXP-001342,s0,no_density,100,nan,1.0,0.5,nan,CONVERGED,25,uniforme,False,,0,[],[],0,,,,
Ω-EXP-001343,s0,no_density,100,nan,1.0,0.5,nan,CONVERGED,25,uniforme,False,,0,[],[],0,,,,
Ω-EXP-001344,s0,no_density,100,nan,1.0,0.5,nan,CONVERGED,25,uniforme,False,,0,[],[],0,,,,
Ω-EXP-001345,s0,no_degree,100,nan,1.0,0.5,nan,CONVERGED,87,vacío,False,,0,[],[],0,,,,
Ω-EXP-001346,s0,no_degree,100,nan,1.0,0.5,nan,CONVERGED,87,vacío,False,,0,[],[],0,,,,
Ω-EXP-001347,s0,no_degree,100,nan,1.0,0.5,nan,CONVERGED,87,vacío,False,,0,[],[],0,,,,
Ω-EXP-001348,s0,no_degree,100,nan,1.0,0.5,nan,CONVERGED,87,vacío,False,,0,[],[],0,,,,
Ω-EXP-001349,s0,no_degree,100,nan,1.0,0.5,nan,CONVERGED,87,vacío,False,,0,[],[],0,,,,
Ω-EXP-001350,s0,no_degree,100,nan,1.0,0.5,nan,CONVERGED,87,vacío,False,,0,[],[],0,,,,
Ω-EXP-001351,s0,no_degree,100,nan,1.0,0.5,nan,CONVERGED,87,vacío,False,,0,[],[],0,,,,
Ω-EXP-001352,s0,no_degree,100,nan,1.0,0.5,nan,CONVERGED,87,vacío,False,,0,[],[],0,,,,
Ω-EXP-001353,s0,no_degree,100,nan,1.0,0.5,nan,CONVERGED,87,vacío,False,,0,[],[],0,,,,
Ω-EXP-001354,s0,no_degree,100,nan,1.0,0.5,nan,CONVERGED,87,vacío,False,,0,[],[],0,,,,
Ω-EXP-001355,s0,triangles_only,100,nan,1.0,0.5,nan,CONVERGED,18,uniforme,False,,0,[],[],0,,,,
Ω-EXP-001356,s0,triangles_only,100,nan,1.0,0.5,nan,CONVERGED,18,uniforme,False,,0,[],[],0,,,,
Ω-EXP-001357,s0,triangles_only,100,nan,1.0,0.5,nan,CONVERGED,18,uniforme,False,,0,[],[],0,,,,
Ω-EXP-001358,s0,triangles_only,100,nan,1.0,0.5,nan,CONVERGED,18,uniforme,False,,0,[],[],0,,,,
Ω-EXP-001359,s0,triangles_only,100,nan,1.0,0.5,nan,CONVERGED,18,uniforme,False,,0,[],[],0,,,,
Ω-EXP-001360,s0,triangles_only,100,nan,1.0,0.5,nan,CONVERGED,18,uniforme,False,,0,[],[],0,,,,
Ω-EXP-001361,s0,triangles_only,100,nan,1.0,0.5,nan,CONVERGED,18,uniforme,False,,0,[],[],0,,,,
Ω-EXP-001362,s0,triangles_only,100,nan,1.0,0.5,nan,CONVERGED,18,uniforme,False,,0,[],[],0,,,,
Ω-EXP-001363,s0,triangles_only,100,nan,1.0,0.5,nan,CONVERGED,18,uniforme,False,,0,[],[],0,,,,
Ω-EXP-001364,s0,triangles_only,100,nan,1.0,0.5,nan,CONVERGED,18,uniforme,False,,0,[],[],0,,,,
Ω-EXP-001365,s0,full,200,nan,1.0,0.5,nan,CONVERGED,128,vacío,False,,0,[],[],0,0.0,0.0,,True
Ω-EXP-001366,s0,full,200,nan,1.0,0.5,nan,CONVERGED,128,vacío,False,,0,[],[],0,0.0,0.0,,True
Ω-EXP-001367,s0,full,200,nan,1.0,0.5,nan,CONVERGED,128,vacío,False,,0,[],[],0,0.0,0.0,,True
Ω-EXP-001368,s0,full,200,nan,1.0,0.5,nan,CONVERGED,128,vacío,False,,0,[],[],0,0.0,0.0,,True
Ω-EXP-001369,s0,full,200,nan,1.0,0.5,nan,CONVERGED,128,vacío,False,,0,[],[],0,0.0,0.0,,True
Ω-EXP-001370,s0,full,200,nan,1.0,0.5,nan,CONVERGED,128,vacío,False,,0,[],[],0,0.0,0.0,,True
Ω-EXP-001371,s0,full,200,nan,1.0,0.5,nan,CONVERGED,128,vacío,False,,0,[],[],0,0.0,0.0,,True
Ω-EXP-001372,s0,full,200,nan,1.0,0.5,nan,CONVERGED,128,vacío,False,,0,[],[],0,0.0,0.0,,True
Ω-EXP-001373,s0,full,200,nan,1.0,0.5,nan,CONVERGED,128,vacío,False,,0,[],[],0,0.0,0.0,,True
Ω-EXP-001374,s0,full,200,nan,1.0,0.5,nan,CONVERGED,128,vacío,False,,0,[],[],0,0.0,0.0,,True
Ω-EXP-001375,s0,no_triangles,200,nan,1.0,0.5,nan,CONVERGED,86,vacío,False,,0,[],[],0,,,,
Ω-EXP-001376,s0,no_triangles,200,nan,1.0,0.5,nan,CONVERGED,86,vacío,False,,0,[],[],0,,,,
Ω-EXP-001377,s0,no_triangles,200,nan,1.0,0.5,nan,CONVERGED,86,vacío,False,,0,[],[],0,,,,
Ω-EXP-001378,s0,no_triangles,200,nan,1.0,0.5,nan,CONVERGED,86,vacío,False,,0,[],[],0,,,,
Ω-EXP-001379,s0,no_triangles,200,nan,1.0,0.5,nan,CONVERGED,86,vacío,False,,0,[],[],0,,,,
Ω-EXP-001380,s0,no_triangles,200,nan,1.0,0.5,nan,CONVERGED,86,vacío,False,,0,[],[],0,,,,
Ω-EXP-001381,s0,no_triangles,200,nan,1.0,0.5,nan,CONVERGED,86,vacío,False,,0,[],[],0,,,,
Ω-EXP-001382,s0,no_triangles,200,nan,1.0,0.5,nan,CONVERGED,86,vacío,False,,0,[],[],0,,,,
Ω-EXP-001383,s0,no_triangles,200,nan,1.0,0.5,nan,CONVERGED,86,vacío,False,,0,[],[],0,,,,
Ω-EXP-001384,s0,no_triangles,200,nan,1.0,0.5,nan,CONVERGED,86,vacío,False,,0,[],[],0,,,,
Ω-EXP-001385,s0,full,100,nan,10.0,0.5,nan,CONVERGED,482,vacío,False,,0,[],[],0,0.0,0.0,,True
Ω-EXP-001386,s0,full,100,nan,10.0,0.5,nan,CONVERGED,483,vacío,False,,0,[],[],0,0.0,0.0,,True
Ω-EXP-001387,s0,full,100,nan,10.0,0.5,nan,CONVERGED,482,vacío,False,,0,[],[],0,0.0,0.0,,True
Ω-EXP-001388,s0,full,100,nan,10.0,0.5,nan,CONVERGED,482,vacío,False,,0,[],[],0,0.0,0.0,,True
Ω-EXP-001389,s0,full,100,nan,10.0,0.5,nan,CONVERGED,482,vacío,False,,0,[],[],0,0.0,0.0,,True
Ω-EXP-001390,s0,full,100,nan,10.0,0.5,nan,CONVERGED,483,vacío,False,,0,[],[],0,0.0,0.0,,True
Ω-EXP-001391,s0,full,100,nan,10.0,0.5,nan,CONVERGED,482,vacío,False,,0,[],[],0,0.0,0.0,,True
Ω-EXP-001392,s0,full,100,nan,10.0,0.5,nan,CONVERGED,482,vacío,False,,0,[],[],0,0.0,0.0,,True
Ω-EXP-001393,s0,full,100,nan,10.0,0.5,nan,CONVERGED,483,vacío,False,,0,[],[],0,0.0,0.0,,True
Ω-EXP-001394,s0,full,100,nan,10.0,0.5,nan,CONVERGED,482,vacío,False,,0,[],[],0,0.0,0.0,,True
Ω-EXP-001395,s0,no_triangles,100,nan,10.0,0.5,nan,CONVERGED,440,vacío,False,,0,[],[],0,,,,
Ω-EXP-001396,s0,no_triangles,100,nan,10.0,0.5,nan,CONVERGED,440,vacío,False,,0,[],[],0,,,,
Ω-EXP-001397,s0,no_triangles,100,nan,10.0,0.5,nan,CONVERGED,441,vacío,False,,0,[],[],0,,,,
Ω-EXP-001398,s0,no_triangles,100,nan,10.0,0.5,nan,CONVERGED,441,vacío,False,,0,[],[],0,,,,
Ω-EXP-001399,s0,no_triangles,100,nan,10.0,0.5,nan,CONVERGED,440,vacío,False,,0,[],[],0,,,,
Ω-EXP-001400,s0,no_triangles,100,nan,10.0,0.5,nan,CONVERGED,441,vacío,False,,0,[],[],0,,,,
Ω-EXP-001401,s0,no_triangles,100,nan,10.0,0.5,nan,CONVERGED,441,vacío,False,,0,[],[],0,,,,
Ω-EXP-001402,s0,no_triangles,100,nan,10.0,0.5,nan,CONVERGED,440,vacío,False,,0,[],[],0,,,,
Ω-EXP-001403,s0,no_triangles,100,nan,10.0,0.5,nan,CONVERGED,441,vacío,False,,0,[],[],0,,,,
Ω-EXP-001404,s0,no_triangles,100,nan,10.0,0.5,nan,CONVERGED,441,vacío,False,,0,[],[],0,,,,
Ω-EXP-001405,s0,no_density,100,nan,10.0,0.5,nan,CONVERGED,85,uniforme,False,,0,[],[],0,,,,
Ω-EXP-001406,s0,no_density,100,nan,10.0,0.5,nan,CONVERGED,84,uniforme,False,,0,[],[],0,,,,
Ω-EXP-001407,s0,no_density,100,nan,10.0,0.5,nan,CONVERGED,85,uniforme,False,,0,[],[],0,,,,
Ω-EXP-001408,s0,no_density,100,nan,10.0,0.5,nan,CONVERGED,84,uniforme,False,,0,[],[],0,,,,
Ω-EXP-001409,s0,no_density,100,nan,10.0,0.5,nan,CONVERGED,84,uniforme,False,,0,[],[],0,,,,
Ω-EXP-001410,s0,no_density,100,nan,10.0,0.5,nan,CONVERGED,84,uniforme,False,,0,[],[],0,,,,
Ω-EXP-001411,s0,no_density,100,nan,10.0,0.5,nan,CONVERGED,85,uniforme,False,,0,[],[],0,,,,
Ω-EXP-001412,s0,no_density,100,nan,10.0,0.5,nan,CONVERGED,84,uniforme,False,,0,[],[],0,,,,
Ω-EXP-001413,s0,no_density,100,nan,10.0,0.5,nan,CONVERGED,84,uniforme,False,,0,[],[],0,,,,
Ω-EXP-001414,s0,no_density,100,nan,10.0,0.5,nan,CONVERGED,84,uniforme,False,,0,[],[],0,,,,
Ω-EXP-001415,s0,no_degree,100,nan,10.0,0.5,nan,CONVERGED,87,vacío,False,,0,[],[],0,,,,
Ω-EXP-001416,s0,no_degree,100,nan,10.0,0.5,nan,CONVERGED,87,vacío,False,,0,[],[],0,,,,
Ω-EXP-001417,s0,no_degree,100,nan,10.0,0.5,nan,CONVERGED,87,vacío,False,,0,[],[],0,,,,
Ω-EXP-001418,s0,no_degree,100,nan,10.0,0.5,nan,CONVERGED,87,vacío,False,,0,[],[],0,,,,
Ω-EXP-001419,s0,no_degree,100,nan,10.0,0.5,nan,CONVERGED,87,vacío,False,,0,[],[],0,,,,
Ω-EXP-001420,s0,no_degree,100,nan,10.0,0.5,nan,CONVERGED,87,vacío,False,,0,[],[],0,,,,
Ω-EXP-001421,s0,no_degree,100,nan,10.0,0.5,nan,CONVERGED,87,vacío,False,,0,[],[],0,,,,
Ω-EXP-001422,s0,no_degree,100,nan,10.0,0.5,nan,CONVERGED,87,vacío,False,,0,[],[],0,,,,
Ω-EXP-001423,s0,no_degree,100,nan,10.0,0.5,nan,CONVERGED,87,vacío,False,,0,[],[],0,,,,
Ω-EXP-001424,s0,no_degree,100,nan,10.0,0.5,nan,CONVERGED,87,vacío,False,,0,[],[],0,,,,
Ω-EXP-001425,s0,triangles_only,100,nan,10.0,0.5,nan,CONVERGED,18,uniforme,False,,0,[],[],0,,,,
Ω-EXP-001426,s0,triangles_only,100,nan,10.0,0.5,nan,CONVERGED,18,uniforme,False,,0,[],[],0,,,,
Ω-EXP-001427,s0,triangles_only,100,nan,10.0,0.5,nan,CONVERGED,18,uniforme,False,,0,[],[],0,,,,
Ω-EXP-001428,s0,triangles_only,100,nan,10.0,0.5,nan,CONVERGED,18,uniforme,False,,0,[],[],0,,,,
Ω-EXP-001429,s0,triangles_only,100,nan,10.0,0.5,nan,CONVERGED,18,uniforme,False,,0,[],[],0,,,,
Ω-EXP-001430,s0,triangles_only,100,nan,10.0,0.5,nan,CONVERGED,18,uniforme,False,,0,[],[],0,,,,
Ω-EXP-001431,s0,triangles_only,100,nan,10.0,0.5,nan,CONVERGED,18,uniforme,False,,0,[],[],0,,,,
Ω-EXP-001432,s0,triangles_only,100,nan,10.0,0.5,nan,CONVERGED,18,uniforme,False,,0,[],[],0,,,,
Ω-EXP-001433,s0,triangles_only,100,nan,10.0,0.5,nan,CONVERGED,18,uniforme,False,,0,[],[],0,,,,
Ω-EXP-001434,s0,triangles_only,100,nan,10.0,0.5,nan,CONVERGED,18,uniforme,False,,0,[],[],0,,,,
Ω-EXP-001435,s0,full,200,nan,10.0,0.5,nan,CONVERGED,482,vacío,False,,0,[],[],0,0.0,0.0,,True
Ω-EXP-001436,s0,full,200,nan,10.0,0.5,nan,CONVERGED,482,vacío,False,,0,[],[],0,0.0,0.0,,True
Ω-EXP-001437,s0,full,200,nan,10.0,0.5,nan,CONVERGED,482,vacío,False,,0,[],[],0,0.0,0.0,,True
Ω-EXP-001438,s0,full,200,nan,10.0,0.5,nan,CONVERGED,482,vacío,False,,0,[],[],0,0.0,0.0,,True
Ω-EXP-001439,s0,full,200,nan,10.0,0.5,nan,CONVERGED,482,vacío,False,,0,[],[],0,0.0,0.0,,True
Ω-EXP-001440,s0,full,200,nan,10.0,0.5,nan,CONVERGED,482,vacío,False,,0,[],[],0,0.0,0.0,,True
Ω-EXP-001441,s0,full,200,nan,10.0,0.5,nan,CONVERGED,482,vacío,False,,0,[],[],0,0.0,0.0,,True
Ω-EXP-001442,s0,full,200,nan,10.0,0.5,nan,CONVERGED,482,vacío,False,,0,[],[],0,0.0,0.0,,True
Ω-EXP-001443,s0,full,200,nan,10.0,0.5,nan,CONVERGED,482,vacío,False,,0,[],[],0,0.0,0.0,,True
Ω-EXP-001444,s0,full,200,nan,10.0,0.5,nan,CONVERGED,482,vacío,False,,0,[],[],0,0.0,0.0,,True
Ω-EXP-001445,s0,no_triangles,200,nan,10.0,0.5,nan,CONVERGED,441,vacío,False,,0,[],[],0,,,,
Ω-EXP-001446,s0,no_triangles,200,nan,10.0,0.5,nan,CONVERGED,441,vacío,False,,0,[],[],0,,,,
Ω-EXP-001447,s0,no_triangles,200,nan,10.0,0.5,nan,CONVERGED,441,vacío,False,,0,[],[],0,,,,
Ω-EXP-001448,s0,no_triangles,200,nan,10.0,0.5,nan,CONVERGED,440,vacío,False,,0,[],[],0,,,,
Ω-EXP-001449,s0,no_triangles,200,nan,10.0,0.5,nan,CONVERGED,440,vacío,False,,0,[],[],0,,,,
Ω-EXP-001450,s0,no_triangles,200,nan,10.0,0.5,nan,CONVERGED,440,vacío,False,,0,[],[],0,,,,
Ω-EXP-001451,s0,no_triangles,200,nan,10.0,0.5,nan,CONVERGED,441,vacío,False,,0,[],[],0,,,,
Ω-EXP-001452,s0,no_triangles,200,nan,10.0,0.5,nan,CONVERGED,441,vacío,False,,0,[],[],0,,,,
Ω-EXP-001453,s0,no_triangles,200,nan,10.0,0.5,nan,CONVERGED,440,vacío,False,,0,[],[],0,,,,
Ω-EXP-001454,s0,no_triangles,200,nan,10.0,0.5,nan,CONVERGED,441,vacío,False,,0,[],[],0,,,,
Ω-EXP-001455,s0,full,100,nan,0.0,1.5,nan,CONVERGED,177,vacío,False,,0,[],[],0,0.0,0.0,,True
Ω-EXP-001456,s0,full,100,nan,0.0,1.5,nan,CONVERGED,177,vacío,False,,0,[],[],0,0.0,0.0,,True
Ω-EXP-001457,s0,full,100,nan,0.0,1.5,nan,CONVERGED,177,vacío,False,,0,[],[],0,0.0,0.0,,True
Ω-EXP-001458,s0,full,100,nan,0.0,1.5,nan,CONVERGED,176,vacío,False,,0,[],[],0,0.0,0.0,,True
Ω-EXP-001459,s0,full,100,nan,0.0,1.5,nan,CONVERGED,177,vacío,False,,0,[],[],0,0.0,0.0,,True
Ω-EXP-001460,s0,full,100,nan,0.0,1.5,nan,CONVERGED,177,vacío,False,,0,[],[],0,0.0,0.0,,True
Ω-EXP-001461,s0,full,100,nan,0.0,1.5,nan,CONVERGED,177,vacío,False,,0,[],[],0,0.0,0.0,,True
Ω-EXP-001462,s0,full,100,nan,0.0,1.5,nan,CONVERGED,177,vacío,False,,0,[],[],0,0.0,0.0,,True
Ω-EXP-001463,s0,full,100,nan,0.0,1.5,nan,CONVERGED,177,vacío,False,,0,[],[],0,0.0,0.0,,True
Ω-EXP-001464,s0,full,100,nan,0.0,1.5,nan,CONVERGED,176,vacío,False,,0,[],[],0,0.0,0.0,,True
Ω-EXP-001465,s0,no_triangles,100,nan,0.0,1.5,nan,CONVERGED,43,vacío,False,,0,[],[],0,,,,
Ω-EXP-001466,s0,no_triangles,100,nan,0.0,1.5,nan,CONVERGED,43,vacío,False,,0,[],[],0,,,,
Ω-EXP-001467,s0,no_triangles,100,nan,0.0,1.5,nan,CONVERGED,43,vacío,False,,0,[],[],0,,,,
Ω-EXP-001468,s0,no_triangles,100,nan,0.0,1.5,nan,CONVERGED,43,vacío,False,,0,[],[],0,,,,
Ω-EXP-001469,s0,no_triangles,100,nan,0.0,1.5,nan,CONVERGED,43,vacío,False,,0,[],[],0,,,,
Ω-EXP-001470,s0,no_triangles,100,nan,0.0,1.5,nan,CONVERGED,43,vacío,False,,0,[],[],0,,,,
Ω-EXP-001471,s0,no_triangles,100,nan,0.0,1.5,nan,CONVERGED,43,vacío,False,,0,[],[],0,,,,
Ω-EXP-001472,s0,no_triangles,100,nan,0.0,1.5,nan,CONVERGED,43,vacío,False,,0,[],[],0,,,,
Ω-EXP-001473,s0,no_triangles,100,nan,0.0,1.5,nan,CONVERGED,43,vacío,False,,0,[],[],0,,,,
Ω-EXP-001474,s0,no_triangles,100,nan,0.0,1.5,nan,CONVERGED,43,vacío,False,,0,[],[],0,,,,
Ω-EXP-001475,s0,no_density,100,nan,0.0,1.5,nan,CONVERGED,18,uniforme,False,,0,[],[],0,,,,
Ω-EXP-001476,s0,no_density,100,nan,0.0,1.5,nan,CONVERGED,18,uniforme,False,,0,[],[],0,,,,
Ω-EXP-001477,s0,no_density,100,nan,0.0,1.5,nan,CONVERGED,18,uniforme,False,,0,[],[],0,,,,
Ω-EXP-001478,s0,no_density,100,nan,0.0,1.5,nan,CONVERGED,18,uniforme,False,,0,[],[],0,,,,
Ω-EXP-001479,s0,no_density,100,nan,0.0,1.5,nan,CONVERGED,18,uniforme,False,,0,[],[],0,,,,
Ω-EXP-001480,s0,no_density,100,nan,0.0,1.5,nan,CONVERGED,18,uniforme,False,,0,[],[],0,,,,
Ω-EXP-001481,s0,no_density,100,nan,0.0,1.5,nan,CONVERGED,18,uniforme,False,,0,[],[],0,,,,
Ω-EXP-001482,s0,no_density,100,nan,0.0,1.5,nan,CONVERGED,18,uniforme,False,,0,[],[],0,,,,
Ω-EXP-001483,s0,no_density,100,nan,0.0,1.5,nan,CONVERGED,18,uniforme,False,,0,[],[],0,,,,
Ω-EXP-001484,s0,no_density,100,nan,0.0,1.5,nan,CONVERGED,18,uniforme,False,,0,[],[],0,,,,
Ω-EXP-001485,s0,no_degree,100,nan,0.0,1.5,nan,CONVERGED,177,vacío,False,,0,[],[],0,,,,
Ω-EXP-001486,s0,no_degree,100,nan,0.0,1.5,nan,CONVERGED,177,vacío,False,,0,[],[],0,,,,
Ω-EXP-001487,s0,no_degree,100,nan,0.0,1.5,nan,CONVERGED,176,vacío,False,,0,[],[],0,,,,
Ω-EXP-001488,s0,no_degree,100,nan,0.0,1.5,nan,CONVERGED,177,vacío,False,,0,[],[],0,,,,
Ω-EXP-001489,s0,no_degree,100,nan,0.0,1.5,nan,CONVERGED,177,vacío,False,,0,[],[],0,,,,
Ω-EXP-001490,s0,no_degree,100,nan,0.0,1.5,nan,CONVERGED,176,vacío,False,,0,[],[],0,,,,
Ω-EXP-001491,s0,no_degree,100,nan,0.0,1.5,nan,CONVERGED,176,vacío,False,,0,[],[],0,,,,
Ω-EXP-001492,s0,no_degree,100,nan,0.0,1.5,nan,CONVERGED,176,vacío,False,,0,[],[],0,,,,
Ω-EXP-001493,s0,no_degree,100,nan,0.0,1.5,nan,CONVERGED,176,vacío,False,,0,[],[],0,,,,
Ω-EXP-001494,s0,no_degree,100,nan,0.0,1.5,nan,CONVERGED,176,vacío,False,,0,[],[],0,,,,
Ω-EXP-001495,s0,triangles_only,100,nan,0.0,1.5,nan,CONVERGED,18,uniforme,False,,0,[],[],0,,,,
Ω-EXP-001496,s0,triangles_only,100,nan,0.0,1.5,nan,CONVERGED,18,uniforme,False,,0,[],[],0,,,,
Ω-EXP-001497,s0,triangles_only,100,nan,0.0,1.5,nan,CONVERGED,18,uniforme,False,,0,[],[],0,,,,
Ω-EXP-001498,s0,triangles_only,100,nan,0.0,1.5,nan,CONVERGED,18,uniforme,False,,0,[],[],0,,,,
Ω-EXP-001499,s0,triangles_only,100,nan,0.0,1.5,nan,CONVERGED,18,uniforme,False,,0,[],[],0,,,,
Ω-EXP-001500,s0,triangles_only,100,nan,0.0,1.5,nan,CONVERGED,18,uniforme,False,,0,[],[],0,,,,
Ω-EXP-001501,s0,triangles_only,100,nan,0.0,1.5,nan,CONVERGED,18,uniforme,False,,0,[],[],0,,,,
Ω-EXP-001502,s0,triangles_only,100,nan,0.0,1.5,nan,CONVERGED,18,uniforme,False,,0,[],[],0,,,,
Ω-EXP-001503,s0,triangles_only,100,nan,0.0,1.5,nan,CONVERGED,18,uniforme,False,,0,[],[],0,,,,
Ω-EXP-001504,s0,triangles_only,100,nan,0.0,1.5,nan,CONVERGED,18,uniforme,False,,0,[],[],0,,,,
Ω-EXP-001505,s0,full,200,nan,0.0,1.5,nan,CONVERGED,176,vacío,False,,0,[],[],0,0.0,0.0,,True
Ω-EXP-001506,s0,full,200,nan,0.0,1.5,nan,CONVERGED,176,vacío,False,,0,[],[],0,0.0,0.0,,True
Ω-EXP-001507,s0,full,200,nan,0.0,1.5,nan,CONVERGED,176,vacío,False,,0,[],[],0,0.0,0.0,,True
Ω-EXP-001508,s0,full,200,nan,0.0,1.5,nan,CONVERGED,176,vacío,False,,0,[],[],0,0.0,0.0,,True
Ω-EXP-001509,s0,full,200,nan,0.0,1.5,nan,CONVERGED,176,vacío,False,,0,[],[],0,0.0,0.0,,True
Ω-EXP-001510,s0,full,200,nan,0.0,1.5,nan,CONVERGED,176,vacío,False,,0,[],[],0,0.0,0.0,,True
Ω-EXP-001511,s0,full,200,nan,0.0,1.5,nan,CONVERGED,176,vacío,False,,0,[],[],0,0.0,0.0,,True
Ω-EXP-001512,s0,full,200,nan,0.0,1.5,nan,CONVERGED,176,vacío,False,,0,[],[],0,0.0,0.0,,True
Ω-EXP-001513,s0,full,200,nan,0.0,1.5,nan,CONVERGED,176,vacío,False,,0,[],[],0,0.0,0.0,,True
Ω-EXP-001514,s0,full,200,nan,0.0,1.5,nan,CONVERGED,176,vacío,False,,0,[],[],0,0.0,0.0,,True
Ω-EXP-001515,s0,no_triangles,200,nan,0.0,1.5,nan,CONVERGED,43,vacío,False,,0,[],[],0,,,,
Ω-EXP-001516,s0,no_triangles,200,nan,0.0,1.5,nan,CONVERGED,43,vacío,False,,0,[],[],0,,,,
Ω-EXP-001517,s0,no_triangles,200,nan,0.0,1.5,nan,CONVERGED,43,vacío,False,,0,[],[],0,,,,
Ω-EXP-001518,s0,no_triangles,200,nan,0.0,1.5,nan,CONVERGED,43,vacío,False,,0,[],[],0,,,,
Ω-EXP-001519,s0,no_triangles,200,nan,0.0,1.5,nan,CONVERGED,43,vacío,False,,0,[],[],0,,,,
Ω-EXP-001520,s0,no_triangles,200,nan,0.0,1.5,nan,CONVERGED,43,vacío,False,,0,[],[],0,,,,
Ω-EXP-001521,s0,no_triangles,200,nan,0.0,1.5,nan,CONVERGED,43,vacío,False,,0,[],[],0,,,,
Ω-EXP-001522,s0,no_triangles,200,nan,0.0,1.5,nan,CONVERGED,43,vacío,False,,0,[],[],0,,,,
Ω-EXP-001523,s0,no_triangles,200,nan,0.0,1.5,nan,CONVERGED,43,vacío,False,,0,[],[],0,,,,
Ω-EXP-001524,s0,no_triangles,200,nan,0.0,1.5,nan,CONVERGED,43,vacío,False,,0,[],[],0,,,,
Ω-EXP-001525,s0,full,100,nan,1.0,1.5,nan,CONVERGED,217,vacío,False,,0,[],[],0,0.0,0.0,,True
Ω-EXP-001526,s0,full,100,nan,1.0,1.5,nan,CONVERGED,218,vacío,False,,0,[],[],0,0.0,0.0,,True
Ω-EXP-001527,s0,full,100,nan,1.0,1.5,nan,CONVERGED,217,vacío,False,,0,[],[],0,0.0,0.0,,True
Ω-EXP-001528,s0,full,100,nan,1.0,1.5,nan,CONVERGED,217,vacío,False,,0,[],[],0,0.0,0.0,,True
Ω-EXP-001529,s0,full,100,nan,1.0,1.5,nan,CONVERGED,217,vacío,False,,0,[],[],0,0.0,0.0,,True
Ω-EXP-001530,s0,full,100,nan,1.0,1.5,nan,CONVERGED,216,vacío,False,,0,[],[],0,0.0,0.0,,True
Ω-EXP-001531,s0,full,100,nan,1.0,1.5,nan,CONVERGED,217,vacío,False,,0,[],[],0,0.0,0.0,,True
Ω-EXP-001532,s0,full,100,nan,1.0,1.5,nan,CONVERGED,217,vacío,False,,0,[],[],0,0.0,0.0,,True
Ω-EXP-001533,s0,full,100,nan,1.0,1.5,nan,CONVERGED,217,vacío,False,,0,[],[],0,0.0,0.0,,True
Ω-EXP-001534,s0,full,100,nan,1.0,1.5,nan,CONVERGED,217,vacío,False,,0,[],[],0,0.0,0.0,,True
Ω-EXP-001535,s0,no_triangles,100,nan,1.0,1.5,nan,CONVERGED,86,vacío,False,,0,[],[],0,,,,
Ω-EXP-001536,s0,no_triangles,100,nan,1.0,1.5,nan,CONVERGED,86,vacío,False,,0,[],[],0,,,,
Ω-EXP-001537,s0,no_triangles,100,nan,1.0,1.5,nan,CONVERGED,86,vacío,False,,0,[],[],0,,,,
Ω-EXP-001538,s0,no_triangles,100,nan,1.0,1.5,nan,CONVERGED,86,vacío,False,,0,[],[],0,,,,
Ω-EXP-001539,s0,no_triangles,100,nan,1.0,1.5,nan,CONVERGED,86,vacío,False,,0,[],[],0,,,,
Ω-EXP-001540,s0,no_triangles,100,nan,1.0,1.5,nan,CONVERGED,86,vacío,False,,0,[],[],0,,,,
Ω-EXP-001541,s0,no_triangles,100,nan,1.0,1.5,nan,CONVERGED,86,vacío,False,,0,[],[],0,,,,
Ω-EXP-001542,s0,no_triangles,100,nan,1.0,1.5,nan,CONVERGED,86,vacío,False,,0,[],[],0,,,,
Ω-EXP-001543,s0,no_triangles,100,nan,1.0,1.5,nan,CONVERGED,86,vacío,False,,0,[],[],0,,,,
Ω-EXP-001544,s0,no_triangles,100,nan,1.0,1.5,nan,CONVERGED,86,vacío,False,,0,[],[],0,,,,
Ω-EXP-001545,s0,no_density,100,nan,1.0,1.5,nan,CONVERGED,20,uniforme,False,,0,[],[],0,,,,
Ω-EXP-001546,s0,no_density,100,nan,1.0,1.5,nan,CONVERGED,20,uniforme,False,,0,[],[],0,,,,
Ω-EXP-001547,s0,no_density,100,nan,1.0,1.5,nan,CONVERGED,20,uniforme,False,,0,[],[],0,,,,
Ω-EXP-001548,s0,no_density,100,nan,1.0,1.5,nan,CONVERGED,20,uniforme,False,,0,[],[],0,,,,
Ω-EXP-001549,s0,no_density,100,nan,1.0,1.5,nan,CONVERGED,20,uniforme,False,,0,[],[],0,,,,
Ω-EXP-001550,s0,no_density,100,nan,1.0,1.5,nan,CONVERGED,20,uniforme,False,,0,[],[],0,,,,
Ω-EXP-001551,s0,no_density,100,nan,1.0,1.5,nan,CONVERGED,20,uniforme,False,,0,[],[],0,,,,
Ω-EXP-001552,s0,no_density,100,nan,1.0,1.5,nan,CONVERGED,20,uniforme,False,,0,[],[],0,,,,
Ω-EXP-001553,s0,no_density,100,nan,1.0,1.5,nan,CONVERGED,20,uniforme,False,,0,[],[],0,,,,
Ω-EXP-001554,s0,no_density,100,nan,1.0,1.5,nan,CONVERGED,20,uniforme,False,,0,[],[],0,,,,
Ω-EXP-001555,s0,no_degree,100,nan,1.0,1.5,nan,CONVERGED,176,vacío,False,,0,[],[],0,,,,
Ω-EXP-001556,s0,no_degree,100,nan,1.0,1.5,nan,CONVERGED,177,vacío,False,,0,[],[],0,,,,
Ω-EXP-001557,s0,no_degree,100,nan,1.0,1.5,nan,CONVERGED,176,vacío,False,,0,[],[],0,,,,
Ω-EXP-001558,s0,no_degree,100,nan,1.0,1.5,nan,CONVERGED,177,vacío,False,,0,[],[],0,,,,
Ω-EXP-001559,s0,no_degree,100,nan,1.0,1.5,nan,CONVERGED,177,vacío,False,,0,[],[],0,,,,
Ω-EXP-001560,s0,no_degree,100,nan,1.0,1.5,nan,CONVERGED,177,vacío,False,,0,[],[],0,,,,
Ω-EXP-001561,s0,no_degree,100,nan,1.0,1.5,nan,CONVERGED,176,vacío,False,,0,[],[],0,,,,
Ω-EXP-001562,s0,no_degree,100,nan,1.0,1.5,nan,CONVERGED,177,vacío,False,,0,[],[],0,,,,
Ω-EXP-001563,s0,no_degree,100,nan,1.0,1.5,nan,CONVERGED,176,vacío,False,,0,[],[],0,,,,
Ω-EXP-001564,s0,no_degree,100,nan,1.0,1.5,nan,CONVERGED,177,vacío,False,,0,[],[],0,,,,
Ω-EXP-001565,s0,triangles_only,100,nan,1.0,1.5,nan,CONVERGED,18,uniforme,False,,0,[],[],0,,,,
Ω-EXP-001566,s0,triangles_only,100,nan,1.0,1.5,nan,CONVERGED,18,uniforme,False,,0,[],[],0,,,,
Ω-EXP-001567,s0,triangles_only,100,nan,1.0,1.5,nan,CONVERGED,18,uniforme,False,,0,[],[],0,,,,
Ω-EXP-001568,s0,triangles_only,100,nan,1.0,1.5,nan,CONVERGED,18,uniforme,False,,0,[],[],0,,,,
Ω-EXP-001569,s0,triangles_only,100,nan,1.0,1.5,nan,CONVERGED,18,uniforme,False,,0,[],[],0,,,,
Ω-EXP-001570,s0,triangles_only,100,nan,1.0,1.5,nan,CONVERGED,18,uniforme,False,,0,[],[],0,,,,
Ω-EXP-001571,s0,triangles_only,100,nan,1.0,1.5,nan,CONVERGED,18,uniforme,False,,0,[],[],0,,,,
Ω-EXP-001572,s0,triangles_only,100,nan,1.0,1.5,nan,CONVERGED,19,uniforme,False,,0,[],[],0,,,,
Ω-EXP-001573,s0,triangles_only,100,nan,1.0,1.5,nan,CONVERGED,18,uniforme,False,,0,[],[],0,,,,
Ω-EXP-001574,s0,triangles_only,100,nan,1.0,1.5,nan,CONVERGED,18,uniforme,False,,0,[],[],0,,,,
Ω-EXP-001575,s0,full,200,nan,1.0,1.5,nan,CONVERGED,217,vacío,False,,0,[],[],0,0.0,0.0,,True
Ω-EXP-001576,s0,full,200,nan,1.0,1.5,nan,CONVERGED,217,vacío,False,,0,[],[],0,0.0,0.0,,True
Ω-EXP-001577,s0,full,200,nan,1.0,1.5,nan,CONVERGED,217,vacío,False,,0,[],[],0,0.0,0.0,,True
Ω-EXP-001578,s0,full,200,nan,1.0,1.5,nan,CONVERGED,217,vacío,False,,0,[],[],0,0.0,0.0,,True
Ω-EXP-001579,s0,full,200,nan,1.0,1.5,nan,CONVERGED,217,vacío,False,,0,[],[],0,0.0,0.0,,True
Ω-EXP-001580,s0,full,200,nan,1.0,1.5,nan,CONVERGED,217,vacío,False,,0,[],[],0,0.0,0.0,,True
Ω-EXP-001581,s0,full,200,nan,1.0,1.5,nan,CONVERGED,217,vacío,False,,0,[],[],0,0.0,0.0,,True
Ω-EXP-001582,s0,full,200,nan,1.0,1.5,nan,CONVERGED,217,vacío,False,,0,[],[],0,0.0,0.0,,True
Ω-EXP-001583,s0,full,200,nan,1.0,1.5,nan,CONVERGED,217,vacío,False,,0,[],[],0,0.0,0.0,,True
Ω-EXP-001584,s0,full,200,nan,1.0,1.5,nan,CONVERGED,217,vacío,False,,0,[],[],0,0.0,0.0,,True
Ω-EXP-001585,s0,no_triangles,200,nan,1.0,1.5,nan,CONVERGED,86,vacío,False,,0,[],[],0,,,,
Ω-EXP-001586,s0,no_triangles,200,nan,1.0,1.5,nan,CONVERGED,86,vacío,False,,0,[],[],0,,,,
Ω-EXP-001587,s0,no_triangles,200,nan,1.0,1.5,nan,CONVERGED,86,vacío,False,,0,[],[],0,,,,
Ω-EXP-001588,s0,no_triangles,200,nan,1.0,1.5,nan,CONVERGED,86,vacío,False,,0,[],[],0,,,,
Ω-EXP-001589,s0,no_triangles,200,nan,1.0,1.5,nan,CONVERGED,86,vacío,False,,0,[],[],0,,,,
Ω-EXP-001590,s0,no_triangles,200,nan,1.0,1.5,nan,CONVERGED,86,vacío,False,,0,[],[],0,,,,
Ω-EXP-001591,s0,no_triangles,200,nan,1.0,1.5,nan,CONVERGED,86,vacío,False,,0,[],[],0,,,,
Ω-EXP-001592,s0,no_triangles,200,nan,1.0,1.5,nan,CONVERGED,86,vacío,False,,0,[],[],0,,,,
Ω-EXP-001593,s0,no_triangles,200,nan,1.0,1.5,nan,CONVERGED,86,vacío,False,,0,[],[],0,,,,
Ω-EXP-001594,s0,no_triangles,200,nan,1.0,1.5,nan,CONVERGED,86,vacío,False,,0,[],[],0,,,,
Ω-EXP-001595,s0,full,100,nan,10.0,1.5,nan,CONVERGED,580,vacío,False,,0,[],[],0,0.0,0.0,,True
Ω-EXP-001596,s0,full,100,nan,10.0,1.5,nan,CONVERGED,577,vacío,False,,0,[],[],0,0.0,0.0,,True
Ω-EXP-001597,s0,full,100,nan,10.0,1.5,nan,CONVERGED,579,vacío,False,,0,[],[],0,0.0,0.0,,True
Ω-EXP-001598,s0,full,100,nan,10.0,1.5,nan,CONVERGED,579,vacío,False,,0,[],[],0,0.0,0.0,,True
Ω-EXP-001599,s0,full,100,nan,10.0,1.5,nan,CONVERGED,578,vacío,False,,0,[],[],0,0.0,0.0,,True
Ω-EXP-001600,s0,full,100,nan,10.0,1.5,nan,CONVERGED,579,vacío,False,,0,[],[],0,0.0,0.0,,True
Ω-EXP-001601,s0,full,100,nan,10.0,1.5,nan,CONVERGED,578,vacío,False,,0,[],[],0,0.0,0.0,,True
Ω-EXP-001602,s0,full,100,nan,10.0,1.5,nan,CONVERGED,578,vacío,False,,0,[],[],0,0.0,0.0,,True
Ω-EXP-001603,s0,full,100,nan,10.0,1.5,nan,CONVERGED,578,vacío,False,,0,[],[],0,0.0,0.0,,True
Ω-EXP-001604,s0,full,100,nan,10.0,1.5,nan,CONVERGED,579,vacío,False,,0,[],[],0,0.0,0.0,,True
Ω-EXP-001605,s0,no_triangles,100,nan,10.0,1.5,nan,CONVERGED,441,vacío,False,,0,[],[],0,,,,
Ω-EXP-001606,s0,no_triangles,100,nan,10.0,1.5,nan,CONVERGED,440,vacío,False,,0,[],[],0,,,,
Ω-EXP-001607,s0,no_triangles,100,nan,10.0,1.5,nan,CONVERGED,440,vacío,False,,0,[],[],0,,,,
Ω-EXP-001608,s0,no_triangles,100,nan,10.0,1.5,nan,CONVERGED,441,vacío,False,,0,[],[],0,,,,
Ω-EXP-001609,s0,no_triangles,100,nan,10.0,1.5,nan,CONVERGED,440,vacío,False,,0,[],[],0,,,,
Ω-EXP-001610,s0,no_triangles,100,nan,10.0,1.5,nan,CONVERGED,441,vacío,False,,0,[],[],0,,,,
Ω-EXP-001611,s0,no_triangles,100,nan,10.0,1.5,nan,CONVERGED,441,vacío,False,,0,[],[],0,,,,
Ω-EXP-001612,s0,no_triangles,100,nan,10.0,1.5,nan,CONVERGED,441,vacío,False,,0,[],[],0,,,,
Ω-EXP-001613,s0,no_triangles,100,nan,10.0,1.5,nan,CONVERGED,441,vacío,False,,0,[],[],0,,,,
Ω-EXP-001614,s0,no_triangles,100,nan,10.0,1.5,nan,CONVERGED,441,vacío,False,,0,[],[],0,,,,
Ω-EXP-001615,s0,no_density,100,nan,10.0,1.5,nan,CONVERGED,41,uniforme,False,,0,[],[],0,,,,
Ω-EXP-001616,s0,no_density,100,nan,10.0,1.5,nan,CONVERGED,40,uniforme,False,,0,[],[],0,,,,
Ω-EXP-001617,s0,no_density,100,nan,10.0,1.5,nan,CONVERGED,40,uniforme,False,,0,[],[],0,,,,
Ω-EXP-001618,s0,no_density,100,nan,10.0,1.5,nan,CONVERGED,41,uniforme,False,,0,[],[],0,,,,
Ω-EXP-001619,s0,no_density,100,nan,10.0,1.5,nan,CONVERGED,40,uniforme,False,,0,[],[],0,,,,
Ω-EXP-001620,s0,no_density,100,nan,10.0,1.5,nan,CONVERGED,40,uniforme,False,,0,[],[],0,,,,
Ω-EXP-001621,s0,no_density,100,nan,10.0,1.5,nan,CONVERGED,40,uniforme,False,,0,[],[],0,,,,
Ω-EXP-001622,s0,no_density,100,nan,10.0,1.5,nan,CONVERGED,41,uniforme,False,,0,[],[],0,,,,
Ω-EXP-001623,s0,no_density,100,nan,10.0,1.5,nan,CONVERGED,40,uniforme,False,,0,[],[],0,,,,
Ω-EXP-001624,s0,no_density,100,nan,10.0,1.5,nan,CONVERGED,40,uniforme,False,,0,[],[],0,,,,
Ω-EXP-001625,s0,no_degree,100,nan,10.0,1.5,nan,CONVERGED,176,vacío,False,,0,[],[],0,,,,
Ω-EXP-001626,s0,no_degree,100,nan,10.0,1.5,nan,CONVERGED,177,vacío,False,,0,[],[],0,,,,
Ω-EXP-001627,s0,no_degree,100,nan,10.0,1.5,nan,CONVERGED,177,vacío,False,,0,[],[],0,,,,
Ω-EXP-001628,s0,no_degree,100,nan,10.0,1.5,nan,CONVERGED,176,vacío,False,,0,[],[],0,,,,
Ω-EXP-001629,s0,no_degree,100,nan,10.0,1.5,nan,CONVERGED,177,vacío,False,,0,[],[],0,,,,
Ω-EXP-001630,s0,no_degree,100,nan,10.0,1.5,nan,CONVERGED,177,vacío,False,,0,[],[],0,,,,
Ω-EXP-001631,s0,no_degree,100,nan,10.0,1.5,nan,CONVERGED,176,vacío,False,,0,[],[],0,,,,
Ω-EXP-001632,s0,no_degree,100,nan,10.0,1.5,nan,CONVERGED,177,vacío,False,,0,[],[],0,,,,
Ω-EXP-001633,s0,no_degree,100,nan,10.0,1.5,nan,CONVERGED,177,vacío,False,,0,[],[],0,,,,
Ω-EXP-001634,s0,no_degree,100,nan,10.0,1.5,nan,CONVERGED,176,vacío,False,,0,[],[],0,,,,
Ω-EXP-001635,s0,triangles_only,100,nan,10.0,1.5,nan,CONVERGED,18,uniforme,False,,0,[],[],0,,,,
Ω-EXP-001636,s0,triangles_only,100,nan,10.0,1.5,nan,CONVERGED,18,uniforme,False,,0,[],[],0,,,,
Ω-EXP-001637,s0,triangles_only,100,nan,10.0,1.5,nan,CONVERGED,18,uniforme,False,,0,[],[],0,,,,
Ω-EXP-001638,s0,triangles_only,100,nan,10.0,1.5,nan,CONVERGED,18,uniforme,False,,0,[],[],0,,,,
Ω-EXP-001639,s0,triangles_only,100,nan,10.0,1.5,nan,CONVERGED,18,uniforme,False,,0,[],[],0,,,,
Ω-EXP-001640,s0,triangles_only,100,nan,10.0,1.5,nan,CONVERGED,18,uniforme,False,,0,[],[],0,,,,
Ω-EXP-001641,s0,triangles_only,100,nan,10.0,1.5,nan,CONVERGED,18,uniforme,False,,0,[],[],0,,,,
Ω-EXP-001642,s0,triangles_only,100,nan,10.0,1.5,nan,CONVERGED,18,uniforme,False,,0,[],[],0,,,,
Ω-EXP-001643,s0,triangles_only,100,nan,10.0,1.5,nan,CONVERGED,18,uniforme,False,,0,[],[],0,,,,
Ω-EXP-001644,s0,triangles_only,100,nan,10.0,1.5,nan,CONVERGED,18,uniforme,False,,0,[],[],0,,,,
Ω-EXP-001645,s0,full,200,nan,10.0,1.5,nan,CONVERGED,579,vacío,False,,0,[],[],0,0.0,0.0,,True
Ω-EXP-001646,s0,full,200,nan,10.0,1.5,nan,CONVERGED,579,vacío,False,,0,[],[],0,0.0,0.0,,True
Ω-EXP-001647,s0,full,200,nan,10.0,1.5,nan,CONVERGED,579,vacío,False,,0,[],[],0,0.0,0.0,,True
Ω-EXP-001648,s0,full,200,nan,10.0,1.5,nan,CONVERGED,579,vacío,False,,0,[],[],0,0.0,0.0,,True
Ω-EXP-001649,s0,full,200,nan,10.0,1.5,nan,CONVERGED,580,vacío,False,,0,[],[],0,0.0,0.0,,True
Ω-EXP-001650,s0,full,200,nan,10.0,1.5,nan,CONVERGED,578,vacío,False,,0,[],[],0,0.0,0.0,,True
Ω-EXP-001651,s0,full,200,nan,10.0,1.5,nan,CONVERGED,579,vacío,False,,0,[],[],0,0.0,0.0,,True
Ω-EXP-001652,s0,full,200,nan,10.0,1.5,nan,CONVERGED,579,vacío,False,,0,[],[],0,0.0,0.0,,True
Ω-EXP-001653,s0,full,200,nan,10.0,1.5,nan,CONVERGED,580,vacío,False,,0,[],[],0,0.0,0.0,,True
Ω-EXP-001654,s0,full,200,nan,10.0,1.5,nan,CONVERGED,579,vacío,False,,0,[],[],0,0.0,0.0,,True
Ω-EXP-001655,s0,no_triangles,200,nan,10.0,1.5,nan,CONVERGED,441,vacío,False,,0,[],[],0,,,,
Ω-EXP-001656,s0,no_triangles,200,nan,10.0,1.5,nan,CONVERGED,441,vacío,False,,0,[],[],0,,,,
Ω-EXP-001657,s0,no_triangles,200,nan,10.0,1.5,nan,CONVERGED,441,vacío,False,,0,[],[],0,,,,
Ω-EXP-001658,s0,no_triangles,200,nan,10.0,1.5,nan,CONVERGED,441,vacío,False,,0,[],[],0,,,,
Ω-EXP-001659,s0,no_triangles,200,nan,10.0,1.5,nan,CONVERGED,441,vacío,False,,0,[],[],0,,,,
Ω-EXP-001660,s0,no_triangles,200,nan,10.0,1.5,nan,CONVERGED,440,vacío,False,,0,[],[],0,,,,
Ω-EXP-001661,s0,no_triangles,200,nan,10.0,1.5,nan,CONVERGED,441,vacío,False,,0,[],[],0,,,,
Ω-EXP-001662,s0,no_triangles,200,nan,10.0,1.5,nan,CONVERGED,441,vacío,False,,0,[],[],0,,,,
Ω-EXP-001663,s0,no_triangles,200,nan,10.0,1.5,nan,CONVERGED,441,vacío,False,,0,[],[],0,,,,
Ω-EXP-001664,s0,no_triangles,200,nan,10.0,1.5,nan,CONVERGED,440,vacío,False,,0,[],[],0,,,,
Ω-EXP-001665,s0,full,100,nan,0.0,2.5,nan,CONVERGED,28,uniforme,False,,0,[],[],0,0.0,0.0,,True
Ω-EXP-001666,s0,full,100,nan,0.0,2.5,nan,CONVERGED,28,uniforme,False,,0,[],[],0,0.0,0.0,,True
Ω-EXP-001667,s0,full,100,nan,0.0,2.5,nan,CONVERGED,28,uniforme,False,,0,[],[],0,0.0,0.0,,True
Ω-EXP-001668,s0,full,100,nan,0.0,2.5,nan,CONVERGED,28,uniforme,False,,0,[],[],0,0.0,0.0,,True
Ω-EXP-001669,s0,full,100,nan,0.0,2.5,nan,CONVERGED,28,uniforme,False,,0,[],[],0,0.0,0.0,,True
Ω-EXP-001670,s0,full,100,nan,0.0,2.5,nan,CONVERGED,27,uniforme,False,,0,[],[],0,0.0,0.0,,True
Ω-EXP-001671,s0,full,100,nan,0.0,2.5,nan,CONVERGED,28,uniforme,False,,0,[],[],0,0.0,0.0,,True
Ω-EXP-001672,s0,full,100,nan,0.0,2.5,nan,CONVERGED,28,uniforme,False,,0,[],[],0,0.0,0.0,,True
Ω-EXP-001673,s0,full,100,nan,0.0,2.5,nan,CONVERGED,27,uniforme,False,,0,[],[],0,0.0,0.0,,True
Ω-EXP-001674,s0,full,100,nan,0.0,2.5,nan,CONVERGED,27,uniforme,False,,0,[],[],0,0.0,0.0,,True
Ω-EXP-001675,s0,no_triangles,100,nan,0.0,2.5,nan,CONVERGED,43,vacío,False,,0,[],[],0,,,,
Ω-EXP-001676,s0,no_triangles,100,nan,0.0,2.5,nan,CONVERGED,43,vacío,False,,0,[],[],0,,,,
Ω-EXP-001677,s0,no_triangles,100,nan,0.0,2.5,nan,CONVERGED,43,vacío,False,,0,[],[],0,,,,
Ω-EXP-001678,s0,no_triangles,100,nan,0.0,2.5,nan,CONVERGED,43,vacío,False,,0,[],[],0,,,,
Ω-EXP-001679,s0,no_triangles,100,nan,0.0,2.5,nan,CONVERGED,43,vacío,False,,0,[],[],0,,,,
Ω-EXP-001680,s0,no_triangles,100,nan,0.0,2.5,nan,CONVERGED,43,vacío,False,,0,[],[],0,,,,
Ω-EXP-001681,s0,no_triangles,100,nan,0.0,2.5,nan,CONVERGED,43,vacío,False,,0,[],[],0,,,,
Ω-EXP-001682,s0,no_triangles,100,nan,0.0,2.5,nan,CONVERGED,43,vacío,False,,0,[],[],0,,,,
Ω-EXP-001683,s0,no_triangles,100,nan,0.0,2.5,nan,CONVERGED,43,vacío,False,,0,[],[],0,,,,
Ω-EXP-001684,s0,no_triangles,100,nan,0.0,2.5,nan,CONVERGED,43,vacío,False,,0,[],[],0,,,,
Ω-EXP-001685,s0,no_density,100,nan,0.0,2.5,nan,CONVERGED,18,uniforme,False,,0,[],[],0,,,,
Ω-EXP-001686,s0,no_density,100,nan,0.0,2.5,nan,CONVERGED,18,uniforme,False,,0,[],[],0,,,,
Ω-EXP-001687,s0,no_density,100,nan,0.0,2.5,nan,CONVERGED,18,uniforme,False,,0,[],[],0,,,,
Ω-EXP-001688,s0,no_density,100,nan,0.0,2.5,nan,CONVERGED,18,uniforme,False,,0,[],[],0,,,,
Ω-EXP-001689,s0,no_density,100,nan,0.0,2.5,nan,CONVERGED,18,uniforme,False,,0,[],[],0,,,,
Ω-EXP-001690,s0,no_density,100,nan,0.0,2.5,nan,CONVERGED,18,uniforme,False,,0,[],[],0,,,,
Ω-EXP-001691,s0,no_density,100,nan,0.0,2.5,nan,CONVERGED,18,uniforme,False,,0,[],[],0,,,,
Ω-EXP-001692,s0,no_density,100,nan,0.0,2.5,nan,CONVERGED,18,uniforme,False,,0,[],[],0,,,,
Ω-EXP-001693,s0,no_density,100,nan,0.0,2.5,nan,CONVERGED,18,uniforme,False,,0,[],[],0,,,,
Ω-EXP-001694,s0,no_density,100,nan,0.0,2.5,nan,CONVERGED,18,uniforme,False,,0,[],[],0,,,,
Ω-EXP-001695,s0,no_degree,100,nan,0.0,2.5,nan,CONVERGED,27,uniforme,False,,0,[],[],0,,,,
Ω-EXP-001696,s0,no_degree,100,nan,0.0,2.5,nan,CONVERGED,28,uniforme,False,,0,[],[],0,,,,
Ω-EXP-001697,s0,no_degree,100,nan,0.0,2.5,nan,CONVERGED,28,uniforme,False,,0,[],[],0,,,,
Ω-EXP-001698,s0,no_degree,100,nan,0.0,2.5,nan,CONVERGED,28,uniforme,False,,0,[],[],0,,,,
Ω-EXP-001699,s0,no_degree,100,nan,0.0,2.5,nan,CONVERGED,27,uniforme,False,,0,[],[],0,,,,
Ω-EXP-001700,s0,no_degree,100,nan,0.0,2.5,nan,CONVERGED,27,uniforme,False,,0,[],[],0,,,,
Ω-EXP-001701,s0,no_degree,100,nan,0.0,2.5,nan,CONVERGED,27,uniforme,False,,0,[],[],0,,,,
Ω-EXP-001702,s0,no_degree,100,nan,0.0,2.5,nan,CONVERGED,28,uniforme,False,,0,[],[],0,,,,
Ω-EXP-001703,s0,no_degree,100,nan,0.0,2.5,nan,CONVERGED,27,uniforme,False,,0,[],[],0,,,,
Ω-EXP-001704,s0,no_degree,100,nan,0.0,2.5,nan,CONVERGED,27,uniforme,False,,0,[],[],0,,,,
Ω-EXP-001705,s0,triangles_only,100,nan,0.0,2.5,nan,CONVERGED,18,uniforme,False,,0,[],[],0,,,,
Ω-EXP-001706,s0,triangles_only,100,nan,0.0,2.5,nan,CONVERGED,18,uniforme,False,,0,[],[],0,,,,
Ω-EXP-001707,s0,triangles_only,100,nan,0.0,2.5,nan,CONVERGED,18,uniforme,False,,0,[],[],0,,,,
Ω-EXP-001708,s0,triangles_only,100,nan,0.0,2.5,nan,CONVERGED,18,uniforme,False,,0,[],[],0,,,,
Ω-EXP-001709,s0,triangles_only,100,nan,0.0,2.5,nan,CONVERGED,18,uniforme,False,,0,[],[],0,,,,
Ω-EXP-001710,s0,triangles_only,100,nan,0.0,2.5,nan,CONVERGED,18,uniforme,False,,0,[],[],0,,,,
Ω-EXP-001711,s0,triangles_only,100,nan,0.0,2.5,nan,CONVERGED,18,uniforme,False,,0,[],[],0,,,,
Ω-EXP-001712,s0,triangles_only,100,nan,0.0,2.5,nan,CONVERGED,18,uniforme,False,,0,[],[],0,,,,
Ω-EXP-001713,s0,triangles_only,100,nan,0.0,2.5,nan,CONVERGED,18,uniforme,False,,0,[],[],0,,,,
Ω-EXP-001714,s0,triangles_only,100,nan,0.0,2.5,nan,CONVERGED,18,uniforme,False,,0,[],[],0,,,,
Ω-EXP-001715,s0,full,200,nan,0.0,2.5,nan,CONVERGED,27,uniforme,False,,0,[],[],0,0.0,0.0,,True
Ω-EXP-001716,s0,full,200,nan,0.0,2.5,nan,CONVERGED,28,uniforme,False,,0,[],[],0,0.0,0.0,,True
Ω-EXP-001717,s0,full,200,nan,0.0,2.5,nan,CONVERGED,27,uniforme,False,,0,[],[],0,0.0,0.0,,True
Ω-EXP-001718,s0,full,200,nan,0.0,2.5,nan,CONVERGED,27,uniforme,False,,0,[],[],0,0.0,0.0,,True
Ω-EXP-001719,s0,full,200,nan,0.0,2.5,nan,CONVERGED,27,uniforme,False,,0,[],[],0,0.0,0.0,,True
Ω-EXP-001720,s0,full,200,nan,0.0,2.5,nan,CONVERGED,27,uniforme,False,,0,[],[],0,0.0,0.0,,True
Ω-EXP-001721,s0,full,200,nan,0.0,2.5,nan,CONVERGED,27,uniforme,False,,0,[],[],0,0.0,0.0,,True
Ω-EXP-001722,s0,full,200,nan,0.0,2.5,nan,CONVERGED,28,uniforme,False,,0,[],[],0,0.0,0.0,,True
Ω-EXP-001723,s0,full,200,nan,0.0,2.5,nan,CONVERGED,27,uniforme,False,,0,[],[],0,0.0,0.0,,True
Ω-EXP-001724,s0,full,200,nan,0.0,2.5,nan,CONVERGED,27,uniforme,False,,0,[],[],0,0.0,0.0,,True
Ω-EXP-001725,s0,no_triangles,200,nan,0.0,2.5,nan,CONVERGED,43,vacío,False,,0,[],[],0,,,,
Ω-EXP-001726,s0,no_triangles,200,nan,0.0,2.5,nan,CONVERGED,43,vacío,False,,0,[],[],0,,,,
Ω-EXP-001727,s0,no_triangles,200,nan,0.0,2.5,nan,CONVERGED,43,vacío,False,,0,[],[],0,,,,
Ω-EXP-001728,s0,no_triangles,200,nan,0.0,2.5,nan,CONVERGED,43,vacío,False,,0,[],[],0,,,,
Ω-EXP-001729,s0,no_triangles,200,nan,0.0,2.5,nan,CONVERGED,43,vacío,False,,0,[],[],0,,,,
Ω-EXP-001730,s0,no_triangles,200,nan,0.0,2.5,nan,CONVERGED,43,vacío,False,,0,[],[],0,,,,
Ω-EXP-001731,s0,no_triangles,200,nan,0.0,2.5,nan,CONVERGED,43,vacío,False,,0,[],[],0,,,,
Ω-EXP-001732,s0,no_triangles,200,nan,0.0,2.5,nan,CONVERGED,43,vacío,False,,0,[],[],0,,,,
Ω-EXP-001733,s0,no_triangles,200,nan,0.0,2.5,nan,CONVERGED,43,vacío,False,,0,[],[],0,,,,
Ω-EXP-001734,s0,no_triangles,200,nan,0.0,2.5,nan,CONVERGED,43,vacío,False,,0,[],[],0,,,,
Ω-EXP-001735,s0,full,100,nan,1.0,2.5,nan,CONVERGED,29,uniforme,False,,0,[],[],0,0.0,0.0,,True
Ω-EXP-001736,s0,full,100,nan,1.0,2.5,nan,CONVERGED,29,uniforme,False,,0,[],[],0,0.0,0.0,,True
Ω-EXP-001737,s0,full,100,nan,1.0,2.5,nan,CONVERGED,28,uniforme,False,,0,[],[],0,0.0,0.0,,True
Ω-EXP-001738,s0,full,100,nan,1.0,2.5,nan,CONVERGED,28,uniforme,False,,0,[],[],0,0.0,0.0,,True
Ω-EXP-001739,s0,full,100,nan,1.0,2.5,nan,CONVERGED,29,uniforme,False,,0,[],[],0,0.0,0.0,,True
Ω-EXP-001740,s0,full,100,nan,1.0,2.5,nan,CONVERGED,28,uniforme,False,,0,[],[],0,0.0,0.0,,True
Ω-EXP-001741,s0,full,100,nan,1.0,2.5,nan,CONVERGED,29,uniforme,False,,0,[],[],0,0.0,0.0,,True
Ω-EXP-001742,s0,full,100,nan,1.0,2.5,nan,CONVERGED,28,uniforme,False,,0,[],[],0,0.0,0.0,,True
Ω-EXP-001743,s0,full,100,nan,1.0,2.5,nan,CONVERGED,29,uniforme,False,,0,[],[],0,0.0,0.0,,True
Ω-EXP-001744,s0,full,100,nan,1.0,2.5,nan,CONVERGED,29,uniforme,False,,0,[],[],0,0.0,0.0,,True
Ω-EXP-001745,s0,no_triangles,100,nan,1.0,2.5,nan,CONVERGED,86,vacío,False,,0,[],[],0,,,,
Ω-EXP-001746,s0,no_triangles,100,nan,1.0,2.5,nan,CONVERGED,86,vacío,False,,0,[],[],0,,,,
Ω-EXP-001747,s0,no_triangles,100,nan,1.0,2.5,nan,CONVERGED,86,vacío,False,,0,[],[],0,,,,
Ω-EXP-001748,s0,no_triangles,100,nan,1.0,2.5,nan,CONVERGED,86,vacío,False,,0,[],[],0,,,,
Ω-EXP-001749,s0,no_triangles,100,nan,1.0,2.5,nan,CONVERGED,86,vacío,False,,0,[],[],0,,,,
Ω-EXP-001750,s0,no_triangles,100,nan,1.0,2.5,nan,CONVERGED,86,vacío,False,,0,[],[],0,,,,
Ω-EXP-001751,s0,no_triangles,100,nan,1.0,2.5,nan,CONVERGED,86,vacío,False,,0,[],[],0,,,,
Ω-EXP-001752,s0,no_triangles,100,nan,1.0,2.5,nan,CONVERGED,86,vacío,False,,0,[],[],0,,,,
Ω-EXP-001753,s0,no_triangles,100,nan,1.0,2.5,nan,CONVERGED,86,vacío,False,,0,[],[],0,,,,
Ω-EXP-001754,s0,no_triangles,100,nan,1.0,2.5,nan,CONVERGED,86,vacío,False,,0,[],[],0,,,,
Ω-EXP-001755,s0,no_density,100,nan,1.0,2.5,nan,CONVERGED,19,uniforme,False,,0,[],[],0,,,,
Ω-EXP-001756,s0,no_density,100,nan,1.0,2.5,nan,CONVERGED,19,uniforme,False,,0,[],[],0,,,,
Ω-EXP-001757,s0,no_density,100,nan,1.0,2.5,nan,CONVERGED,19,uniforme,False,,0,[],[],0,,,,
Ω-EXP-001758,s0,no_density,100,nan,1.0,2.5,nan,CONVERGED,19,uniforme,False,,0,[],[],0,,,,
Ω-EXP-001759,s0,no_density,100,nan,1.0,2.5,nan,CONVERGED,19,uniforme,False,,0,[],[],0,,,,
Ω-EXP-001760,s0,no_density,100,nan,1.0,2.5,nan,CONVERGED,19,uniforme,False,,0,[],[],0,,,,
Ω-EXP-001761,s0,no_density,100,nan,1.0,2.5,nan,CONVERGED,19,uniforme,False,,0,[],[],0,,,,
Ω-EXP-001762,s0,no_density,100,nan,1.0,2.5,nan,CONVERGED,19,uniforme,False,,0,[],[],0,,,,
Ω-EXP-001763,s0,no_density,100,nan,1.0,2.5,nan,CONVERGED,19,uniforme,False,,0,[],[],0,,,,
Ω-EXP-001764,s0,no_density,100,nan,1.0,2.5,nan,CONVERGED,19,uniforme,False,,0,[],[],0,,,,
Ω-EXP-001765,s0,no_degree,100,nan,1.0,2.5,nan,CONVERGED,28,uniforme,False,,0,[],[],0,,,,
Ω-EXP-001766,s0,no_degree,100,nan,1.0,2.5,nan,CONVERGED,28,uniforme,False,,0,[],[],0,,,,
Ω-EXP-001767,s0,no_degree,100,nan,1.0,2.5,nan,CONVERGED,28,uniforme,False,,0,[],[],0,,,,
Ω-EXP-001768,s0,no_degree,100,nan,1.0,2.5,nan,CONVERGED,28,uniforme,False,,0,[],[],0,,,,
Ω-EXP-001769,s0,no_degree,100,nan,1.0,2.5,nan,CONVERGED,28,uniforme,False,,0,[],[],0,,,,
Ω-EXP-001770,s0,no_degree,100,nan,1.0,2.5,nan,CONVERGED,28,uniforme,False,,0,[],[],0,,,,
Ω-EXP-001771,s0,no_degree,100,nan,1.0,2.5,nan,CONVERGED,28,uniforme,False,,0,[],[],0,,,,
Ω-EXP-001772,s0,no_degree,100,nan,1.0,2.5,nan,CONVERGED,28,uniforme,False,,0,[],[],0,,,,
Ω-EXP-001773,s0,no_degree,100,nan,1.0,2.5,nan,CONVERGED,28,uniforme,False,,0,[],[],0,,,,
Ω-EXP-001774,s0,no_degree,100,nan,1.0,2.5,nan,CONVERGED,27,uniforme,False,,0,[],[],0,,,,
Ω-EXP-001775,s0,triangles_only,100,nan,1.0,2.5,nan,CONVERGED,18,uniforme,False,,0,[],[],0,,,,
Ω-EXP-001776,s0,triangles_only,100,nan,1.0,2.5,nan,CONVERGED,18,uniforme,False,,0,[],[],0,,,,
Ω-EXP-001777,s0,triangles_only,100,nan,1.0,2.5,nan,CONVERGED,18,uniforme,False,,0,[],[],0,,,,
Ω-EXP-001778,s0,triangles_only,100,nan,1.0,2.5,nan,CONVERGED,18,uniforme,False,,0,[],[],0,,,,
Ω-EXP-001779,s0,triangles_only,100,nan,1.0,2.5,nan,CONVERGED,18,uniforme,False,,0,[],[],0,,,,
Ω-EXP-001780,s0,triangles_only,100,nan,1.0,2.5,nan,CONVERGED,18,uniforme,False,,0,[],[],0,,,,
Ω-EXP-001781,s0,triangles_only,100,nan,1.0,2.5,nan,CONVERGED,18,uniforme,False,,0,[],[],0,,,,
Ω-EXP-001782,s0,triangles_only,100,nan,1.0,2.5,nan,CONVERGED,18,uniforme,False,,0,[],[],0,,,,
Ω-EXP-001783,s0,triangles_only,100,nan,1.0,2.5,nan,CONVERGED,18,uniforme,False,,0,[],[],0,,,,
Ω-EXP-001784,s0,triangles_only,100,nan,1.0,2.5,nan,CONVERGED,18,uniforme,False,,0,[],[],0,,,,
Ω-EXP-001785,s0,full,200,nan,1.0,2.5,nan,CONVERGED,29,uniforme,False,,0,[],[],0,0.0,0.0,,True
Ω-EXP-001786,s0,full,200,nan,1.0,2.5,nan,CONVERGED,28,uniforme,False,,0,[],[],0,0.0,0.0,,True
Ω-EXP-001787,s0,full,200,nan,1.0,2.5,nan,CONVERGED,29,uniforme,False,,0,[],[],0,0.0,0.0,,True
Ω-EXP-001788,s0,full,200,nan,1.0,2.5,nan,CONVERGED,29,uniforme,False,,0,[],[],0,0.0,0.0,,True
Ω-EXP-001789,s0,full,200,nan,1.0,2.5,nan,CONVERGED,29,uniforme,False,,0,[],[],0,0.0,0.0,,True
Ω-EXP-001790,s0,full,200,nan,1.0,2.5,nan,CONVERGED,29,uniforme,False,,0,[],[],0,0.0,0.0,,True
Ω-EXP-001791,s0,full,200,nan,1.0,2.5,nan,CONVERGED,29,uniforme,False,,0,[],[],0,0.0,0.0,,True
Ω-EXP-001792,s0,full,200,nan,1.0,2.5,nan,CONVERGED,29,uniforme,False,,0,[],[],0,0.0,0.0,,True
Ω-EXP-001793,s0,full,200,nan,1.0,2.5,nan,CONVERGED,28,uniforme,False,,0,[],[],0,0.0,0.0,,True
Ω-EXP-001794,s0,full,200,nan,1.0,2.5,nan,CONVERGED,29,uniforme,False,,0,[],[],0,0.0,0.0,,True
Ω-EXP-001795,s0,no_triangles,200,nan,1.0,2.5,nan,CONVERGED,86,vacío,False,,0,[],[],0,,,,
Ω-EXP-001796,s0,no_triangles,200,nan,1.0,2.5,nan,CONVERGED,86,vacío,False,,0,[],[],0,,,,
Ω-EXP-001797,s0,no_triangles,200,nan,1.0,2.5,nan,CONVERGED,86,vacío,False,,0,[],[],0,,,,
Ω-EXP-001798,s0,no_triangles,200,nan,1.0,2.5,nan,CONVERGED,86,vacío,False,,0,[],[],0,,,,
Ω-EXP-001799,s0,no_triangles,200,nan,1.0,2.5,nan,CONVERGED,86,vacío,False,,0,[],[],0,,,,
Ω-EXP-001800,s0,no_triangles,200,nan,1.0,2.5,nan,CONVERGED,86,vacío,False,,0,[],[],0,,,,
Ω-EXP-001801,s0,no_triangles,200,nan,1.0,2.5,nan,CONVERGED,86,vacío,False,,0,[],[],0,,,,
Ω-EXP-001802,s0,no_triangles,200,nan,1.0,2.5,nan,CONVERGED,86,vacío,False,,0,[],[],0,,,,
Ω-EXP-001803,s0,no_triangles,200,nan,1.0,2.5,nan,CONVERGED,86,vacío,False,,0,[],[],0,,,,
Ω-EXP-001804,s0,no_triangles,200,nan,1.0,2.5,nan,CONVERGED,86,vacío,False,,0,[],[],0,,,,
Ω-EXP-001805,s0,full,100,nan,10.0,2.5,nan,CONVERGED,53,uniforme,False,,0,[],[],0,0.0,0.0,,True
Ω-EXP-001806,s0,full,100,nan,10.0,2.5,nan,CONVERGED,51,uniforme,False,,0,[],[],0,0.0,0.0,,True
Ω-EXP-001807,s0,full,100,nan,10.0,2.5,nan,CONVERGED,51,uniforme,False,,0,[],[],0,0.0,0.0,,True
Ω-EXP-001808,s0,full,100,nan,10.0,2.5,nan,CONVERGED,50,uniforme,False,,0,[],[],0,0.0,0.0,,True
Ω-EXP-001809,s0,full,100,nan,10.0,2.5,nan,CONVERGED,52,uniforme,False,,0,[],[],0,0.0,0.0,,True
Ω-EXP-001810,s0,full,100,nan,10.0,2.5,nan,CONVERGED,53,uniforme,False,,0,[],[],0,0.0,0.0,,True
Ω-EXP-001811,s0,full,100,nan,10.0,2.5,nan,CONVERGED,52,uniforme,False,,0,[],[],0,0.0,0.0,,True
Ω-EXP-001812,s0,full,100,nan,10.0,2.5,nan,CONVERGED,51,uniforme,False,,0,[],[],0,0.0,0.0,,True
Ω-EXP-001813,s0,full,100,nan,10.0,2.5,nan,CONVERGED,52,uniforme,False,,0,[],[],0,0.0,0.0,,True
Ω-EXP-001814,s0,full,100,nan,10.0,2.5,nan,CONVERGED,51,uniforme,False,,0,[],[],0,0.0,0.0,,True
Ω-EXP-001815,s0,no_triangles,100,nan,10.0,2.5,nan,CONVERGED,440,vacío,False,,0,[],[],0,,,,
Ω-EXP-001816,s0,no_triangles,100,nan,10.0,2.5,nan,CONVERGED,441,vacío,False,,0,[],[],0,,,,
Ω-EXP-001817,s0,no_triangles,100,nan,10.0,2.5,nan,CONVERGED,441,vacío,False,,0,[],[],0,,,,
Ω-EXP-001818,s0,no_triangles,100,nan,10.0,2.5,nan,CONVERGED,441,vacío,False,,0,[],[],0,,,,
Ω-EXP-001819,s0,no_triangles,100,nan,10.0,2.5,nan,CONVERGED,441,vacío,False,,0,[],[],0,,,,
Ω-EXP-001820,s0,no_triangles,100,nan,10.0,2.5,nan,CONVERGED,440,vacío,False,,0,[],[],0,,,,
Ω-EXP-001821,s0,no_triangles,100,nan,10.0,2.5,nan,CONVERGED,440,vacío,False,,0,[],[],0,,,,
Ω-EXP-001822,s0,no_triangles,100,nan,10.0,2.5,nan,CONVERGED,441,vacío,False,,0,[],[],0,,,,
Ω-EXP-001823,s0,no_triangles,100,nan,10.0,2.5,nan,CONVERGED,441,vacío,False,,0,[],[],0,,,,
Ω-EXP-001824,s0,no_triangles,100,nan,10.0,2.5,nan,CONVERGED,441,vacío,False,,0,[],[],0,,,,
Ω-EXP-001825,s0,no_density,100,nan,10.0,2.5,nan,CONVERGED,32,uniforme,False,,0,[],[],0,,,,
Ω-EXP-001826,s0,no_density,100,nan,10.0,2.5,nan,CONVERGED,31,uniforme,False,,0,[],[],0,,,,
Ω-EXP-001827,s0,no_density,100,nan,10.0,2.5,nan,CONVERGED,31,uniforme,False,,0,[],[],0,,,,
Ω-EXP-001828,s0,no_density,100,nan,10.0,2.5,nan,CONVERGED,31,uniforme,False,,0,[],[],0,,,,
Ω-EXP-001829,s0,no_density,100,nan,10.0,2.5,nan,CONVERGED,31,uniforme,False,,0,[],[],0,,,,
Ω-EXP-001830,s0,no_density,100,nan,10.0,2.5,nan,CONVERGED,31,uniforme,False,,0,[],[],0,,,,
Ω-EXP-001831,s0,no_density,100,nan,10.0,2.5,nan,CONVERGED,31,uniforme,False,,0,[],[],0,,,,
Ω-EXP-001832,s0,no_density,100,nan,10.0,2.5,nan,CONVERGED,31,uniforme,False,,0,[],[],0,,,,
Ω-EXP-001833,s0,no_density,100,nan,10.0,2.5,nan,CONVERGED,32,uniforme,False,,0,[],[],0,,,,
Ω-EXP-001834,s0,no_density,100,nan,10.0,2.5,nan,CONVERGED,32,uniforme,False,,0,[],[],0,,,,
Ω-EXP-001835,s0,no_degree,100,nan,10.0,2.5,nan,CONVERGED,28,uniforme,False,,0,[],[],0,,,,
Ω-EXP-001836,s0,no_degree,100,nan,10.0,2.5,nan,CONVERGED,28,uniforme,False,,0,[],[],0,,,,
Ω-EXP-001837,s0,no_degree,100,nan,10.0,2.5,nan,CONVERGED,28,uniforme,False,,0,[],[],0,,,,
Ω-EXP-001838,s0,no_degree,100,nan,10.0,2.5,nan,CONVERGED,27,uniforme,False,,0,[],[],0,,,,
Ω-EXP-001839,s0,no_degree,100,nan,10.0,2.5,nan,CONVERGED,28,uniforme,False,,0,[],[],0,,,,
Ω-EXP-001840,s0,no_degree,100,nan,10.0,2.5,nan,CONVERGED,28,uniforme,False,,0,[],[],0,,,,
Ω-EXP-001841,s0,no_degree,100,nan,10.0,2.5,nan,CONVERGED,28,uniforme,False,,0,[],[],0,,,,
Ω-EXP-001842,s0,no_degree,100,nan,10.0,2.5,nan,CONVERGED,27,uniforme,False,,0,[],[],0,,,,
Ω-EXP-001843,s0,no_degree,100,nan,10.0,2.5,nan,CONVERGED,27,uniforme,False,,0,[],[],0,,,,
Ω-EXP-001844,s0,no_degree,100,nan,10.0,2.5,nan,CONVERGED,28,uniforme,False,,0,[],[],0,,,,
Ω-EXP-001845,s0,triangles_only,100,nan,10.0,2.5,nan,CONVERGED,18,uniforme,False,,0,[],[],0,,,,
Ω-EXP-001846,s0,triangles_only,100,nan,10.0,2.5,nan,CONVERGED,18,uniforme,False,,0,[],[],0,,,,
Ω-EXP-001847,s0,triangles_only,100,nan,10.0,2.5,nan,CONVERGED,19,uniforme,False,,0,[],[],0,,,,
Ω-EXP-001848,s0,triangles_only,100,nan,10.0,2.5,nan,CONVERGED,18,uniforme,False,,0,[],[],0,,,,
Ω-EXP-001849,s0,triangles_only,100,nan,10.0,2.5,nan,CONVERGED,18,uniforme,False,,0,[],[],0,,,,
Ω-EXP-001850,s0,triangles_only,100,nan,10.0,2.5,nan,CONVERGED,18,uniforme,False,,0,[],[],0,,,,
Ω-EXP-001851,s0,triangles_only,100,nan,10.0,2.5,nan,CONVERGED,18,uniforme,False,,0,[],[],0,,,,
Ω-EXP-001852,s0,triangles_only,100,nan,10.0,2.5,nan,CONVERGED,18,uniforme,False,,0,[],[],0,,,,
Ω-EXP-001853,s0,triangles_only,100,nan,10.0,2.5,nan,CONVERGED,18,uniforme,False,,0,[],[],0,,,,
Ω-EXP-001854,s0,triangles_only,100,nan,10.0,2.5,nan,CONVERGED,18,uniforme,False,,0,[],[],0,,,,
Ω-EXP-001855,s0,full,200,nan,10.0,2.5,nan,CONVERGED,51,uniforme,False,,0,[],[],0,0.0,0.0,,True
Ω-EXP-001856,s0,full,200,nan,10.0,2.5,nan,CONVERGED,51,uniforme,False,,0,[],[],0,0.0,0.0,,True
Ω-EXP-001857,s0,full,200,nan,10.0,2.5,nan,CONVERGED,51,uniforme,False,,0,[],[],0,0.0,0.0,,True
Ω-EXP-001858,s0,full,200,nan,10.0,2.5,nan,CONVERGED,51,uniforme,False,,0,[],[],0,0.0,0.0,,True
Ω-EXP-001859,s0,full,200,nan,10.0,2.5,nan,CONVERGED,51,uniforme,False,,0,[],[],0,0.0,0.0,,True
Ω-EXP-001860,s0,full,200,nan,10.0,2.5,nan,CONVERGED,51,uniforme,False,,0,[],[],0,0.0,0.0,,True
Ω-EXP-001861,s0,full,200,nan,10.0,2.5,nan,CONVERGED,51,uniforme,False,,0,[],[],0,0.0,0.0,,True
Ω-EXP-001862,s0,full,200,nan,10.0,2.5,nan,CONVERGED,51,uniforme,False,,0,[],[],0,0.0,0.0,,True
Ω-EXP-001863,s0,full,200,nan,10.0,2.5,nan,CONVERGED,51,uniforme,False,,0,[],[],0,0.0,0.0,,True
Ω-EXP-001864,s0,full,200,nan,10.0,2.5,nan,CONVERGED,51,uniforme,False,,0,[],[],0,0.0,0.0,,True
Ω-EXP-001865,s0,no_triangles,200,nan,10.0,2.5,nan,CONVERGED,441,vacío,False,,0,[],[],0,,,,
Ω-EXP-001866,s0,no_triangles,200,nan,10.0,2.5,nan,CONVERGED,441,vacío,False,,0,[],[],0,,,,
Ω-EXP-001867,s0,no_triangles,200,nan,10.0,2.5,nan,CONVERGED,441,vacío,False,,0,[],[],0,,,,
Ω-EXP-001868,s0,no_triangles,200,nan,10.0,2.5,nan,CONVERGED,441,vacío,False,,0,[],[],0,,,,
Ω-EXP-001869,s0,no_triangles,200,nan,10.0,2.5,nan,CONVERGED,441,vacío,False,,0,[],[],0,,,,
Ω-EXP-001870,s0,no_triangles,200,nan,10.0,2.5,nan,CONVERGED,441,vacío,False,,0,[],[],0,,,,
Ω-EXP-001871,s0,no_triangles,200,nan,10.0,2.5,nan,CONVERGED,441,vacío,False,,0,[],[],0,,,,
Ω-EXP-001872,s0,no_triangles,200,nan,10.0,2.5,nan,CONVERGED,440,vacío,False,,0,[],[],0,,,,
Ω-EXP-001873,s0,no_triangles,200,nan,10.0,2.5,nan,CONVERGED,440,vacío,False,,0,[],[],0,,,,
Ω-EXP-001874,s0,no_triangles,200,nan,10.0,2.5,nan,CONVERGED,441,vacío,False,,0,[],[],0,,,,
Ω-EXP-001875,s0,full,100,nan,0.0,4.0,nan,CONVERGED,22,uniforme,False,,0,[],[],0,0.0,0.0,,True
Ω-EXP-001876,s0,full,100,nan,0.0,4.0,nan,CONVERGED,22,uniforme,False,,0,[],[],0,0.0,0.0,,True
Ω-EXP-001877,s0,full,100,nan,0.0,4.0,nan,CONVERGED,22,uniforme,False,,0,[],[],0,0.0,0.0,,True
Ω-EXP-001878,s0,full,100,nan,0.0,4.0,nan,CONVERGED,22,uniforme,False,,0,[],[],0,0.0,0.0,,True
Ω-EXP-001879,s0,full,100,nan,0.0,4.0,nan,CONVERGED,22,uniforme,False,,0,[],[],0,0.0,0.0,,True
Ω-EXP-001880,s0,full,100,nan,0.0,4.0,nan,CONVERGED,22,uniforme,False,,0,[],[],0,0.0,0.0,,True
Ω-EXP-001881,s0,full,100,nan,0.0,4.0,nan,CONVERGED,22,uniforme,False,,0,[],[],0,0.0,0.0,,True
Ω-EXP-001882,s0,full,100,nan,0.0,4.0,nan,CONVERGED,22,uniforme,False,,0,[],[],0,0.0,0.0,,True
Ω-EXP-001883,s0,full,100,nan,0.0,4.0,nan,CONVERGED,21,uniforme,False,,0,[],[],0,0.0,0.0,,True
Ω-EXP-001884,s0,full,100,nan,0.0,4.0,nan,CONVERGED,22,uniforme,False,,0,[],[],0,0.0,0.0,,True
Ω-EXP-001885,s0,no_triangles,100,nan,0.0,4.0,nan,CONVERGED,43,vacío,False,,0,[],[],0,,,,
Ω-EXP-001886,s0,no_triangles,100,nan,0.0,4.0,nan,CONVERGED,43,vacío,False,,0,[],[],0,,,,
Ω-EXP-001887,s0,no_triangles,100,nan,0.0,4.0,nan,CONVERGED,43,vacío,False,,0,[],[],0,,,,
Ω-EXP-001888,s0,no_triangles,100,nan,0.0,4.0,nan,CONVERGED,43,vacío,False,,0,[],[],0,,,,
Ω-EXP-001889,s0,no_triangles,100,nan,0.0,4.0,nan,CONVERGED,43,vacío,False,,0,[],[],0,,,,
Ω-EXP-001890,s0,no_triangles,100,nan,0.0,4.0,nan,CONVERGED,43,vacío,False,,0,[],[],0,,,,
Ω-EXP-001891,s0,no_triangles,100,nan,0.0,4.0,nan,CONVERGED,43,vacío,False,,0,[],[],0,,,,
Ω-EXP-001892,s0,no_triangles,100,nan,0.0,4.0,nan,CONVERGED,43,vacío,False,,0,[],[],0,,,,
Ω-EXP-001893,s0,no_triangles,100,nan,0.0,4.0,nan,CONVERGED,43,vacío,False,,0,[],[],0,,,,
Ω-EXP-001894,s0,no_triangles,100,nan,0.0,4.0,nan,CONVERGED,43,vacío,False,,0,[],[],0,,,,
Ω-EXP-001895,s0,no_density,100,nan,0.0,4.0,nan,CONVERGED,18,uniforme,False,,0,[],[],0,,,,
Ω-EXP-001896,s0,no_density,100,nan,0.0,4.0,nan,CONVERGED,18,uniforme,False,,0,[],[],0,,,,
Ω-EXP-001897,s0,no_density,100,nan,0.0,4.0,nan,CONVERGED,18,uniforme,False,,0,[],[],0,,,,
Ω-EXP-001898,s0,no_density,100,nan,0.0,4.0,nan,CONVERGED,18,uniforme,False,,0,[],[],0,,,,
Ω-EXP-001899,s0,no_density,100,nan,0.0,4.0,nan,CONVERGED,18,uniforme,False,,0,[],[],0,,,,
Ω-EXP-001900,s0,no_density,100,nan,0.0,4.0,nan,CONVERGED,18,uniforme,False,,0,[],[],0,,,,
Ω-EXP-001901,s0,no_density,100,nan,0.0,4.0,nan,CONVERGED,18,uniforme,False,,0,[],[],0,,,,
Ω-EXP-001902,s0,no_density,100,nan,0.0,4.0,nan,CONVERGED,18,uniforme,False,,0,[],[],0,,,,
Ω-EXP-001903,s0,no_density,100,nan,0.0,4.0,nan,CONVERGED,18,uniforme,False,,0,[],[],0,,,,
Ω-EXP-001904,s0,no_density,100,nan,0.0,4.0,nan,CONVERGED,18,uniforme,False,,0,[],[],0,,,,
Ω-EXP-001905,s0,no_degree,100,nan,0.0,4.0,nan,CONVERGED,22,uniforme,False,,0,[],[],0,,,,
Ω-EXP-001906,s0,no_degree,100,nan,0.0,4.0,nan,CONVERGED,22,uniforme,False,,0,[],[],0,,,,
Ω-EXP-001907,s0,no_degree,100,nan,0.0,4.0,nan,CONVERGED,22,uniforme,False,,0,[],[],0,,,,
Ω-EXP-001908,s0,no_degree,100,nan,0.0,4.0,nan,CONVERGED,22,uniforme,False,,0,[],[],0,,,,
Ω-EXP-001909,s0,no_degree,100,nan,0.0,4.0,nan,CONVERGED,22,uniforme,False,,0,[],[],0,,,,
Ω-EXP-001910,s0,no_degree,100,nan,0.0,4.0,nan,CONVERGED,22,uniforme,False,,0,[],[],0,,,,
Ω-EXP-001911,s0,no_degree,100,nan,0.0,4.0,nan,CONVERGED,21,uniforme,False,,0,[],[],0,,,,
Ω-EXP-001912,s0,no_degree,100,nan,0.0,4.0,nan,CONVERGED,22,uniforme,False,,0,[],[],0,,,,
Ω-EXP-001913,s0,no_degree,100,nan,0.0,4.0,nan,CONVERGED,22,uniforme,False,,0,[],[],0,,,,
Ω-EXP-001914,s0,no_degree,100,nan,0.0,4.0,nan,CONVERGED,22,uniforme,False,,0,[],[],0,,,,
Ω-EXP-001915,s0,triangles_only,100,nan,0.0,4.0,nan,CONVERGED,18,uniforme,False,,0,[],[],0,,,,
Ω-EXP-001916,s0,triangles_only,100,nan,0.0,4.0,nan,CONVERGED,18,uniforme,False,,0,[],[],0,,,,
Ω-EXP-001917,s0,triangles_only,100,nan,0.0,4.0,nan,CONVERGED,18,uniforme,False,,0,[],[],0,,,,
Ω-EXP-001918,s0,triangles_only,100,nan,0.0,4.0,nan,CONVERGED,19,uniforme,False,,0,[],[],0,,,,
Ω-EXP-001919,s0,triangles_only,100,nan,0.0,4.0,nan,CONVERGED,18,uniforme,False,,0,[],[],0,,,,
Ω-EXP-001920,s0,triangles_only,100,nan,0.0,4.0,nan,CONVERGED,18,uniforme,False,,0,[],[],0,,,,
Ω-EXP-001921,s0,triangles_only,100,nan,0.0,4.0,nan,CONVERGED,18,uniforme,False,,0,[],[],0,,,,
Ω-EXP-001922,s0,triangles_only,100,nan,0.0,4.0,nan,CONVERGED,18,uniforme,False,,0,[],[],0,,,,
Ω-EXP-001923,s0,triangles_only,100,nan,0.0,4.0,nan,CONVERGED,18,uniforme,False,,0,[],[],0,,,,
Ω-EXP-001924,s0,triangles_only,100,nan,0.0,4.0,nan,CONVERGED,18,uniforme,False,,0,[],[],0,,,,
Ω-EXP-001925,s0,full,200,nan,0.0,4.0,nan,CONVERGED,22,uniforme,False,,0,[],[],0,0.0,0.0,,True
Ω-EXP-001926,s0,full,200,nan,0.0,4.0,nan,CONVERGED,21,uniforme,False,,0,[],[],0,0.0,0.0,,True
Ω-EXP-001927,s0,full,200,nan,0.0,4.0,nan,CONVERGED,22,uniforme,False,,0,[],[],0,0.0,0.0,,True
Ω-EXP-001928,s0,full,200,nan,0.0,4.0,nan,CONVERGED,22,uniforme,False,,0,[],[],0,0.0,0.0,,True
Ω-EXP-001929,s0,full,200,nan,0.0,4.0,nan,CONVERGED,21,uniforme,False,,0,[],[],0,0.0,0.0,,True
Ω-EXP-001930,s0,full,200,nan,0.0,4.0,nan,CONVERGED,22,uniforme,False,,0,[],[],0,0.0,0.0,,True
Ω-EXP-001931,s0,full,200,nan,0.0,4.0,nan,CONVERGED,21,uniforme,False,,0,[],[],0,0.0,0.0,,True
Ω-EXP-001932,s0,full,200,nan,0.0,4.0,nan,CONVERGED,22,uniforme,False,,0,[],[],0,0.0,0.0,,True
Ω-EXP-001933,s0,full,200,nan,0.0,4.0,nan,CONVERGED,21,uniforme,False,,0,[],[],0,0.0,0.0,,True
Ω-EXP-001934,s0,full,200,nan,0.0,4.0,nan,CONVERGED,21,uniforme,False,,0,[],[],0,0.0,0.0,,True
Ω-EXP-001935,s0,no_triangles,200,nan,0.0,4.0,nan,CONVERGED,43,vacío,False,,0,[],[],0,,,,
Ω-EXP-001936,s0,no_triangles,200,nan,0.0,4.0,nan,CONVERGED,43,vacío,False,,0,[],[],0,,,,
Ω-EXP-001937,s0,no_triangles,200,nan,0.0,4.0,nan,CONVERGED,43,vacío,False,,0,[],[],0,,,,
Ω-EXP-001938,s0,no_triangles,200,nan,0.0,4.0,nan,CONVERGED,43,vacío,False,,0,[],[],0,,,,
Ω-EXP-001939,s0,no_triangles,200,nan,0.0,4.0,nan,CONVERGED,43,vacío,False,,0,[],[],0,,,,
Ω-EXP-001940,s0,no_triangles,200,nan,0.0,4.0,nan,CONVERGED,43,vacío,False,,0,[],[],0,,,,
Ω-EXP-001941,s0,no_triangles,200,nan,0.0,4.0,nan,CONVERGED,43,vacío,False,,0,[],[],0,,,,
Ω-EXP-001942,s0,no_triangles,200,nan,0.0,4.0,nan,CONVERGED,43,vacío,False,,0,[],[],0,,,,
Ω-EXP-001943,s0,no_triangles,200,nan,0.0,4.0,nan,CONVERGED,43,vacío,False,,0,[],[],0,,,,
Ω-EXP-001944,s0,no_triangles,200,nan,0.0,4.0,nan,CONVERGED,43,vacío,False,,0,[],[],0,,,,
Ω-EXP-001945,s0,full,100,nan,1.0,4.0,nan,CONVERGED,22,uniforme,False,,0,[],[],0,0.0,0.0,,True
Ω-EXP-001946,s0,full,100,nan,1.0,4.0,nan,CONVERGED,22,uniforme,False,,0,[],[],0,0.0,0.0,,True
Ω-EXP-001947,s0,full,100,nan,1.0,4.0,nan,CONVERGED,22,uniforme,False,,0,[],[],0,0.0,0.0,,True
Ω-EXP-001948,s0,full,100,nan,1.0,4.0,nan,CONVERGED,22,uniforme,False,,0,[],[],0,0.0,0.0,,True
Ω-EXP-001949,s0,full,100,nan,1.0,4.0,nan,CONVERGED,22,uniforme,False,,0,[],[],0,0.0,0.0,,True
Ω-EXP-001950,s0,full,100,nan,1.0,4.0,nan,CONVERGED,22,uniforme,False,,0,[],[],0,0.0,0.0,,True
Ω-EXP-001951,s0,full,100,nan,1.0,4.0,nan,CONVERGED,22,uniforme,False,,0,[],[],0,0.0,0.0,,True
Ω-EXP-001952,s0,full,100,nan,1.0,4.0,nan,CONVERGED,22,uniforme,False,,0,[],[],0,0.0,0.0,,True
Ω-EXP-001953,s0,full,100,nan,1.0,4.0,nan,CONVERGED,22,uniforme,False,,0,[],[],0,0.0,0.0,,True
Ω-EXP-001954,s0,full,100,nan,1.0,4.0,nan,CONVERGED,22,uniforme,False,,0,[],[],0,0.0,0.0,,True
Ω-EXP-001955,s0,no_triangles,100,nan,1.0,4.0,nan,CONVERGED,86,vacío,False,,0,[],[],0,,,,
Ω-EXP-001956,s0,no_triangles,100,nan,1.0,4.0,nan,CONVERGED,86,vacío,False,,0,[],[],0,,,,
Ω-EXP-001957,s0,no_triangles,100,nan,1.0,4.0,nan,CONVERGED,86,vacío,False,,0,[],[],0,,,,
Ω-EXP-001958,s0,no_triangles,100,nan,1.0,4.0,nan,CONVERGED,86,vacío,False,,0,[],[],0,,,,
Ω-EXP-001959,s0,no_triangles,100,nan,1.0,4.0,nan,CONVERGED,86,vacío,False,,0,[],[],0,,,,
Ω-EXP-001960,s0,no_triangles,100,nan,1.0,4.0,nan,CONVERGED,86,vacío,False,,0,[],[],0,,,,
Ω-EXP-001961,s0,no_triangles,100,nan,1.0,4.0,nan,CONVERGED,86,vacío,False,,0,[],[],0,,,,
Ω-EXP-001962,s0,no_triangles,100,nan,1.0,4.0,nan,CONVERGED,86,vacío,False,,0,[],[],0,,,,
Ω-EXP-001963,s0,no_triangles,100,nan,1.0,4.0,nan,CONVERGED,86,vacío,False,,0,[],[],0,,,,
Ω-EXP-001964,s0,no_triangles,100,nan,1.0,4.0,nan,CONVERGED,86,vacío,False,,0,[],[],0,,,,
Ω-EXP-001965,s0,no_density,100,nan,1.0,4.0,nan,CONVERGED,19,uniforme,False,,0,[],[],0,,,,
Ω-EXP-001966,s0,no_density,100,nan,1.0,4.0,nan,CONVERGED,19,uniforme,False,,0,[],[],0,,,,
Ω-EXP-001967,s0,no_density,100,nan,1.0,4.0,nan,CONVERGED,19,uniforme,False,,0,[],[],0,,,,
Ω-EXP-001968,s0,no_density,100,nan,1.0,4.0,nan,CONVERGED,19,uniforme,False,,0,[],[],0,,,,
Ω-EXP-001969,s0,no_density,100,nan,1.0,4.0,nan,CONVERGED,19,uniforme,False,,0,[],[],0,,,,
Ω-EXP-001970,s0,no_density,100,nan,1.0,4.0,nan,CONVERGED,19,uniforme,False,,0,[],[],0,,,,
Ω-EXP-001971,s0,no_density,100,nan,1.0,4.0,nan,CONVERGED,19,uniforme,False,,0,[],[],0,,,,
Ω-EXP-001972,s0,no_density,100,nan,1.0,4.0,nan,CONVERGED,19,uniforme,False,,0,[],[],0,,,,
Ω-EXP-001973,s0,no_density,100,nan,1.0,4.0,nan,CONVERGED,19,uniforme,False,,0,[],[],0,,,,
Ω-EXP-001974,s0,no_density,100,nan,1.0,4.0,nan,CONVERGED,19,uniforme,False,,0,[],[],0,,,,
Ω-EXP-001975,s0,no_degree,100,nan,1.0,4.0,nan,CONVERGED,22,uniforme,False,,0,[],[],0,,,,
Ω-EXP-001976,s0,no_degree,100,nan,1.0,4.0,nan,CONVERGED,22,uniforme,False,,0,[],[],0,,,,
Ω-EXP-001977,s0,no_degree,100,nan,1.0,4.0,nan,CONVERGED,22,uniforme,False,,0,[],[],0,,,,
Ω-EXP-001978,s0,no_degree,100,nan,1.0,4.0,nan,CONVERGED,22,uniforme,False,,0,[],[],0,,,,
Ω-EXP-001979,s0,no_degree,100,nan,1.0,4.0,nan,CONVERGED,22,uniforme,False,,0,[],[],0,,,,
Ω-EXP-001980,s0,no_degree,100,nan,1.0,4.0,nan,CONVERGED,22,uniforme,False,,0,[],[],0,,,,
Ω-EXP-001981,s0,no_degree,100,nan,1.0,4.0,nan,CONVERGED,21,uniforme,False,,0,[],[],0,,,,
Ω-EXP-001982,s0,no_degree,100,nan,1.0,4.0,nan,CONVERGED,21,uniforme,False,,0,[],[],0,,,,
Ω-EXP-001983,s0,no_degree,100,nan,1.0,4.0,nan,CONVERGED,22,uniforme,False,,0,[],[],0,,,,
Ω-EXP-001984,s0,no_degree,100,nan,1.0,4.0,nan,CONVERGED,22,uniforme,False,,0,[],[],0,,,,
Ω-EXP-001985,s0,triangles_only,100,nan,1.0,4.0,nan,CONVERGED,18,uniforme,False,,0,[],[],0,,,,
Ω-EXP-001986,s0,triangles_only,100,nan,1.0,4.0,nan,CONVERGED,18,uniforme,False,,0,[],[],0,,,,
Ω-EXP-001987,s0,triangles_only,100,nan,1.0,4.0,nan,CONVERGED,18,uniforme,False,,0,[],[],0,,,,
Ω-EXP-001988,s0,triangles_only,100,nan,1.0,4.0,nan,CONVERGED,18,uniforme,False,,0,[],[],0,,,,
Ω-EXP-001989,s0,triangles_only,100,nan,1.0,4.0,nan,CONVERGED,18,uniforme,False,,0,[],[],0,,,,
Ω-EXP-001990,s0,triangles_only,100,nan,1.0,4.0,nan,CONVERGED,18,uniforme,False,,0,[],[],0,,,,
Ω-EXP-001991,s0,triangles_only,100,nan,1.0,4.0,nan,CONVERGED,18,uniforme,False,,0,[],[],0,,,,
Ω-EXP-001992,s0,triangles_only,100,nan,1.0,4.0,nan,CONVERGED,18,uniforme,False,,0,[],[],0,,,,
Ω-EXP-001993,s0,triangles_only,100,nan,1.0,4.0,nan,CONVERGED,18,uniforme,False,,0,[],[],0,,,,
Ω-EXP-001994,s0,triangles_only,100,nan,1.0,4.0,nan,CONVERGED,18,uniforme,False,,0,[],[],0,,,,
Ω-EXP-001995,s0,full,200,nan,1.0,4.0,nan,CONVERGED,22,uniforme,False,,0,[],[],0,0.0,0.0,,True
Ω-EXP-001996,s0,full,200,nan,1.0,4.0,nan,CONVERGED,22,uniforme,False,,0,[],[],0,0.0,0.0,,True
Ω-EXP-001997,s0,full,200,nan,1.0,4.0,nan,CONVERGED,22,uniforme,False,,0,[],[],0,0.0,0.0,,True
Ω-EXP-001998,s0,full,200,nan,1.0,4.0,nan,CONVERGED,22,uniforme,False,,0,[],[],0,0.0,0.0,,True
Ω-EXP-001999,s0,full,200,nan,1.0,4.0,nan,CONVERGED,22,uniforme,False,,0,[],[],0,0.0,0.0,,True
Ω-EXP-002000,s0,full,200,nan,1.0,4.0,nan,CONVERGED,22,uniforme,False,,0,[],[],0,0.0,0.0,,True
Ω-EXP-002001,s0,full,200,nan,1.0,4.0,nan,CONVERGED,22,uniforme,False,,0,[],[],0,0.0,0.0,,True
Ω-EXP-002002,s0,full,200,nan,1.0,4.0,nan,CONVERGED,22,uniforme,False,,0,[],[],0,0.0,0.0,,True
Ω-EXP-002003,s0,full,200,nan,1.0,4.0,nan,CONVERGED,22,uniforme,False,,0,[],[],0,0.0,0.0,,True
Ω-EXP-002004,s0,full,200,nan,1.0,4.0,nan,CONVERGED,22,uniforme,False,,0,[],[],0,0.0,0.0,,True
Ω-EXP-002005,s0,no_triangles,200,nan,1.0,4.0,nan,CONVERGED,86,vacío,False,,0,[],[],0,,,,
Ω-EXP-002006,s0,no_triangles,200,nan,1.0,4.0,nan,CONVERGED,86,vacío,False,,0,[],[],0,,,,
Ω-EXP-002007,s0,no_triangles,200,nan,1.0,4.0,nan,CONVERGED,86,vacío,False,,0,[],[],0,,,,
Ω-EXP-002008,s0,no_triangles,200,nan,1.0,4.0,nan,CONVERGED,86,vacío,False,,0,[],[],0,,,,
Ω-EXP-002009,s0,no_triangles,200,nan,1.0,4.0,nan,CONVERGED,86,vacío,False,,0,[],[],0,,,,
Ω-EXP-002010,s0,no_triangles,200,nan,1.0,4.0,nan,CONVERGED,86,vacío,False,,0,[],[],0,,,,
Ω-EXP-002011,s0,no_triangles,200,nan,1.0,4.0,nan,CONVERGED,86,vacío,False,,0,[],[],0,,,,
Ω-EXP-002012,s0,no_triangles,200,nan,1.0,4.0,nan,CONVERGED,86,vacío,False,,0,[],[],0,,,,
Ω-EXP-002013,s0,no_triangles,200,nan,1.0,4.0,nan,CONVERGED,86,vacío,False,,0,[],[],0,,,,
Ω-EXP-002014,s0,no_triangles,200,nan,1.0,4.0,nan,CONVERGED,86,vacío,False,,0,[],[],0,,,,
Ω-EXP-002015,s0,full,100,nan,10.0,4.0,nan,CONVERGED,32,uniforme,False,,0,[],[],0,0.0,0.0,,True
Ω-EXP-002016,s0,full,100,nan,10.0,4.0,nan,CONVERGED,32,uniforme,False,,0,[],[],0,0.0,0.0,,True
Ω-EXP-002017,s0,full,100,nan,10.0,4.0,nan,CONVERGED,32,uniforme,False,,0,[],[],0,0.0,0.0,,True
Ω-EXP-002018,s0,full,100,nan,10.0,4.0,nan,CONVERGED,32,uniforme,False,,0,[],[],0,0.0,0.0,,True
Ω-EXP-002019,s0,full,100,nan,10.0,4.0,nan,CONVERGED,32,uniforme,False,,0,[],[],0,0.0,0.0,,True
Ω-EXP-002020,s0,full,100,nan,10.0,4.0,nan,CONVERGED,32,uniforme,False,,0,[],[],0,0.0,0.0,,True
Ω-EXP-002021,s0,full,100,nan,10.0,4.0,nan,CONVERGED,32,uniforme,False,,0,[],[],0,0.0,0.0,,True
Ω-EXP-002022,s0,full,100,nan,10.0,4.0,nan,CONVERGED,32,uniforme,False,,0,[],[],0,0.0,0.0,,True
Ω-EXP-002023,s0,full,100,nan,10.0,4.0,nan,CONVERGED,32,uniforme,False,,0,[],[],0,0.0,0.0,,True
Ω-EXP-002024,s0,full,100,nan,10.0,4.0,nan,CONVERGED,32,uniforme,False,,0,[],[],0,0.0,0.0,,True
Ω-EXP-002025,s0,no_triangles,100,nan,10.0,4.0,nan,CONVERGED,441,vacío,False,,0,[],[],0,,,,
Ω-EXP-002026,s0,no_triangles,100,nan,10.0,4.0,nan,CONVERGED,441,vacío,False,,0,[],[],0,,,,
Ω-EXP-002027,s0,no_triangles,100,nan,10.0,4.0,nan,CONVERGED,441,vacío,False,,0,[],[],0,,,,
Ω-EXP-002028,s0,no_triangles,100,nan,10.0,4.0,nan,CONVERGED,441,vacío,False,,0,[],[],0,,,,
Ω-EXP-002029,s0,no_triangles,100,nan,10.0,4.0,nan,CONVERGED,441,vacío,False,,0,[],[],0,,,,
Ω-EXP-002030,s0,no_triangles,100,nan,10.0,4.0,nan,CONVERGED,441,vacío,False,,0,[],[],0,,,,
Ω-EXP-002031,s0,no_triangles,100,nan,10.0,4.0,nan,CONVERGED,440,vacío,False,,0,[],[],0,,,,
Ω-EXP-002032,s0,no_triangles,100,nan,10.0,4.0,nan,CONVERGED,441,vacío,False,,0,[],[],0,,,,
Ω-EXP-002033,s0,no_triangles,100,nan,10.0,4.0,nan,CONVERGED,441,vacío,False,,0,[],[],0,,,,
Ω-EXP-002034,s0,no_triangles,100,nan,10.0,4.0,nan,CONVERGED,440,vacío,False,,0,[],[],0,,,,
Ω-EXP-002035,s0,no_density,100,nan,10.0,4.0,nan,CONVERGED,26,uniforme,False,,0,[],[],0,,,,
Ω-EXP-002036,s0,no_density,100,nan,10.0,4.0,nan,CONVERGED,26,uniforme,False,,0,[],[],0,,,,
Ω-EXP-002037,s0,no_density,100,nan,10.0,4.0,nan,CONVERGED,27,uniforme,False,,0,[],[],0,,,,
Ω-EXP-002038,s0,no_density,100,nan,10.0,4.0,nan,CONVERGED,27,uniforme,False,,0,[],[],0,,,,
Ω-EXP-002039,s0,no_density,100,nan,10.0,4.0,nan,CONVERGED,26,uniforme,False,,0,[],[],0,,,,
Ω-EXP-002040,s0,no_density,100,nan,10.0,4.0,nan,CONVERGED,26,uniforme,False,,0,[],[],0,,,,
Ω-EXP-002041,s0,no_density,100,nan,10.0,4.0,nan,CONVERGED,27,uniforme,False,,0,[],[],0,,,,
Ω-EXP-002042,s0,no_density,100,nan,10.0,4.0,nan,CONVERGED,26,uniforme,False,,0,[],[],0,,,,
Ω-EXP-002043,s0,no_density,100,nan,10.0,4.0,nan,CONVERGED,26,uniforme,False,,0,[],[],0,,,,
Ω-EXP-002044,s0,no_density,100,nan,10.0,4.0,nan,CONVERGED,26,uniforme,False,,0,[],[],0,,,,
Ω-EXP-002045,s0,no_degree,100,nan,10.0,4.0,nan,CONVERGED,22,uniforme,False,,0,[],[],0,,,,
Ω-EXP-002046,s0,no_degree,100,nan,10.0,4.0,nan,CONVERGED,22,uniforme,False,,0,[],[],0,,,,
Ω-EXP-002047,s0,no_degree,100,nan,10.0,4.0,nan,CONVERGED,21,uniforme,False,,0,[],[],0,,,,
Ω-EXP-002048,s0,no_degree,100,nan,10.0,4.0,nan,CONVERGED,21,uniforme,False,,0,[],[],0,,,,
Ω-EXP-002049,s0,no_degree,100,nan,10.0,4.0,nan,CONVERGED,22,uniforme,False,,0,[],[],0,,,,
Ω-EXP-002050,s0,no_degree,100,nan,10.0,4.0,nan,CONVERGED,21,uniforme,False,,0,[],[],0,,,,
Ω-EXP-002051,s0,no_degree,100,nan,10.0,4.0,nan,CONVERGED,22,uniforme,False,,0,[],[],0,,,,
Ω-EXP-002052,s0,no_degree,100,nan,10.0,4.0,nan,CONVERGED,22,uniforme,False,,0,[],[],0,,,,
Ω-EXP-002053,s0,no_degree,100,nan,10.0,4.0,nan,CONVERGED,21,uniforme,False,,0,[],[],0,,,,
Ω-EXP-002054,s0,no_degree,100,nan,10.0,4.0,nan,CONVERGED,22,uniforme,False,,0,[],[],0,,,,
Ω-EXP-002055,s0,triangles_only,100,nan,10.0,4.0,nan,CONVERGED,18,uniforme,False,,0,[],[],0,,,,
Ω-EXP-002056,s0,triangles_only,100,nan,10.0,4.0,nan,CONVERGED,18,uniforme,False,,0,[],[],0,,,,
Ω-EXP-002057,s0,triangles_only,100,nan,10.0,4.0,nan,CONVERGED,18,uniforme,False,,0,[],[],0,,,,
Ω-EXP-002058,s0,triangles_only,100,nan,10.0,4.0,nan,CONVERGED,18,uniforme,False,,0,[],[],0,,,,
Ω-EXP-002059,s0,triangles_only,100,nan,10.0,4.0,nan,CONVERGED,18,uniforme,False,,0,[],[],0,,,,
Ω-EXP-002060,s0,triangles_only,100,nan,10.0,4.0,nan,CONVERGED,18,uniforme,False,,0,[],[],0,,,,
Ω-EXP-002061,s0,triangles_only,100,nan,10.0,4.0,nan,CONVERGED,18,uniforme,False,,0,[],[],0,,,,
Ω-EXP-002062,s0,triangles_only,100,nan,10.0,4.0,nan,CONVERGED,18,uniforme,False,,0,[],[],0,,,,
Ω-EXP-002063,s0,triangles_only,100,nan,10.0,4.0,nan,CONVERGED,18,uniforme,False,,0,[],[],0,,,,
Ω-EXP-002064,s0,triangles_only,100,nan,10.0,4.0,nan,CONVERGED,18,uniforme,False,,0,[],[],0,,,,
Ω-EXP-002065,s0,full,200,nan,10.0,4.0,nan,CONVERGED,32,uniforme,False,,0,[],[],0,0.0,0.0,,True
Ω-EXP-002066,s0,full,200,nan,10.0,4.0,nan,CONVERGED,32,uniforme,False,,0,[],[],0,0.0,0.0,,True
Ω-EXP-002067,s0,full,200,nan,10.0,4.0,nan,CONVERGED,32,uniforme,False,,0,[],[],0,0.0,0.0,,True
Ω-EXP-002068,s0,full,200,nan,10.0,4.0,nan,CONVERGED,32,uniforme,False,,0,[],[],0,0.0,0.0,,True
Ω-EXP-002069,s0,full,200,nan,10.0,4.0,nan,CONVERGED,32,uniforme,False,,0,[],[],0,0.0,0.0,,True
Ω-EXP-002070,s0,full,200,nan,10.0,4.0,nan,CONVERGED,32,uniforme,False,,0,[],[],0,0.0,0.0,,True
Ω-EXP-002071,s0,full,200,nan,10.0,4.0,nan,CONVERGED,32,uniforme,False,,0,[],[],0,0.0,0.0,,True
Ω-EXP-002072,s0,full,200,nan,10.0,4.0,nan,CONVERGED,32,uniforme,False,,0,[],[],0,0.0,0.0,,True
Ω-EXP-002073,s0,full,200,nan,10.0,4.0,nan,CONVERGED,32,uniforme,False,,0,[],[],0,0.0,0.0,,True
Ω-EXP-002074,s0,full,200,nan,10.0,4.0,nan,CONVERGED,32,uniforme,False,,0,[],[],0,0.0,0.0,,True
Ω-EXP-002075,s0,no_triangles,200,nan,10.0,4.0,nan,CONVERGED,440,vacío,False,,0,[],[],0,,,,
Ω-EXP-002076,s0,no_triangles,200,nan,10.0,4.0,nan,CONVERGED,440,vacío,False,,0,[],[],0,,,,
Ω-EXP-002077,s0,no_triangles,200,nan,10.0,4.0,nan,CONVERGED,440,vacío,False,,0,[],[],0,,,,
Ω-EXP-002078,s0,no_triangles,200,nan,10.0,4.0,nan,CONVERGED,441,vacío,False,,0,[],[],0,,,,
Ω-EXP-002079,s0,no_triangles,200,nan,10.0,4.0,nan,CONVERGED,440,vacío,False,,0,[],[],0,,,,
Ω-EXP-002080,s0,no_triangles,200,nan,10.0,4.0,nan,CONVERGED,441,vacío,False,,0,[],[],0,,,,
Ω-EXP-002081,s0,no_triangles,200,nan,10.0,4.0,nan,CONVERGED,440,vacío,False,,0,[],[],0,,,,
Ω-EXP-002082,s0,no_triangles,200,nan,10.0,4.0,nan,CONVERGED,441,vacío,False,,0,[],[],0,,,,
Ω-EXP-002083,s0,no_triangles,200,nan,10.0,4.0,nan,CONVERGED,440,vacío,False,,0,[],[],0,,,,
Ω-EXP-002084,s0,no_triangles,200,nan,10.0,4.0,nan,CONVERGED,440,vacío,False,,0,[],[],0,,,,
Ω-EXP-002085,omega_b,,100,0.05,0.0,10.208333333,0.5,CONVERGED,1331,uniforme,True,True,0,[],[],0,7.603648481679937e-09,7.603648481679937e-09,-0.04895833333333328,True
Ω-EXP-002086,omega_b,,100,0.05,0.0,10.208333333,0.5,CONVERGED,1315,uniforme,True,True,0,[],[],0,7.53529211250381e-09,7.53529211250381e-09,-0.04895833333333327,True
Ω-EXP-002087,omega_b,,100,0.05,0.0,10.208333333,0.5,CONVERGED,1352,uniforme,True,True,0,[],[],0,7.554756577266009e-09,7.554756577266009e-09,-0.0489583333333333,True
Ω-EXP-002088,omega_b,,100,0.05,0.0,10.208333333,0.5,CONVERGED,1339,uniforme,True,True,0,[],[],0,7.59327420385425e-09,7.59327420385425e-09,-0.04895833333333331,True
Ω-EXP-002089,omega_b,,100,0.05,0.0,10.208333333,0.5,CONVERGED,1354,uniforme,True,True,0,[],[],0,7.563425448442462e-09,7.563425448442462e-09,-0.0489583333333333,True
Ω-EXP-002090,omega_b,,100,0.05,0.0,10.208333333,0.5,CONVERGED,1325,uniforme,True,True,0,[],[],0,7.58270312511966e-09,7.58270312511966e-09,-0.04895833333333328,True
Ω-EXP-002091,omega_b,,100,0.05,0.0,10.208333333,0.5,CONVERGED,1356,uniforme,True,True,0,[],[],0,7.571945660755919e-09,7.571945660755919e-09,-0.04895833333333332,True
Ω-EXP-002092,omega_b,,100,0.05,0.0,10.208333333,0.5,CONVERGED,1317,uniforme,True,True,0,[],[],0,7.608767088607138e-09,7.608767088607138e-09,-0.04895833333333328,True
Ω-EXP-002093,omega_b,,100,0.05,0.0,10.208333333,0.5,CONVERGED,1326,uniforme,True,True,0,[],[],0,7.607745142190758e-09,7.607745142190758e-09,-0.04895833333333328,True
Ω-EXP-002094,omega_b,,100,0.05,0.0,10.208333333,0.5,CONVERGED,1335,uniforme,True,True,0,[],[],0,7.582938228722913e-09,7.582938228722913e-09,-0.0489583333333333,True
Ω-EXP-002095,omega_b,,100,0.05,0.0,30.625,1.5,CONVERGED,2156,clique_única,False,,1,[23],[1.0],0,2.0429051649355087e-09,2.216871308746704e-08,8.34375,True
Ω-EXP-002096,omega_b,,100,0.05,0.0,30.625,1.5,CONVERGED,2083,clique_única,False,,1,[23],[1.0],0,2.053761643652071e-09,2.2286522849412904e-08,8.343749999999998,True
Ω-EXP-002097,omega_b,,100,0.05,0.0,30.625,1.5,CONVERGED,2080,clique_única,False,,1,[23],[1.0],0,2.0449014367915215e-09,2.2190375759123526e-08,8.343749999999998,True
Ω-EXP-002098,omega_b,,100,0.05,0.0,30.625,1.5,CONVERGED,2168,clique_única,False,,1,[23],[1.0],0,2.0453345769049674e-09,2.219507599932058e-08,8.343749999999995,True
Ω-EXP-002099,omega_b,,100,0.05,0.0,30.625,1.5,CONVERGED,2181,clique_única,False,,1,[23],[1.0],0,2.0596008424516407e-09,2.234988727423115e-08,8.343749999999998,True
Ω-EXP-002100,omega_b,,100,0.05,0.0,30.625,1.5,CONVERGED,2125,clique_única,False,,1,[23],[1.0],0,2.0456338125555905e-09,2.2198323179623003e-08,8.343749999999993,True
Ω-EXP-002101,omega_b,,100,0.05,0.0,30.625,1.5,CONVERGED,2160,clique_única,False,,1,[23],[1.0],0,2.0483714642456918e-09,2.2228030971405133e-08,8.343749999999998,True
Ω-EXP-002102,omega_b,,100,0.05,0.0,30.625,1.5,CONVERGED,2113,clique_única,False,,1,[23],[1.0],0,2.052602840348227e-09,2.227394801934679e-08,8.343750000000005,True
Ω-EXP-002103,omega_b,,100,0.05,0.0,30.625,1.5,CONVERGED,2219,clique_única,False,,1,[23],[1.0],0,2.044590578925534e-09,2.2187002457485505e-08,8.343750000000002,True
Ω-EXP-002104,omega_b,,100,0.05,0.0,30.625,1.5,CONVERGED,2142,clique_única,False,,1,[23],[1.0],0,2.0505702273788663e-09,2.2251890996471957e-08,8.343750000000004,True
Ω-EXP-002105,omega_b,,100,0.05,0.0,61.25,3.0,CONVERGED,2998,clique_única,False,,1,[23],[1.0],0,1.950899558748882e-09,4.624241611850266e-08,18.187500000000004,True
Ω-EXP-002106,omega_b,,100,0.05,0.0,61.25,3.0,CONVERGED,2942,clique_única,False,,1,[23],[1.0],0,1.948675432335893e-09,4.618969740022294e-08,18.187500000000004,True
Ω-EXP-002107,omega_b,,100,0.05,0.0,61.25,3.0,CONVERGED,2971,clique_única,False,,1,[23],[1.0],0,1.9509523177027728e-09,4.62436666737176e-08,18.187499999999996,True
Ω-EXP-002108,omega_b,,100,0.05,0.0,61.25,3.0,CONVERGED,2929,clique_única,False,,1,[23],[1.0],0,1.946990139656355e-09,4.614975068761851e-08,18.187499999999996,True
Ω-EXP-002109,omega_b,,100,0.05,0.0,61.25,3.0,CONVERGED,3003,clique_única,False,,1,[23],[1.0],0,1.9386783356538886e-09,4.5952734950560625e-08,18.18750000000001,True
Ω-EXP-002110,omega_b,,100,0.05,0.0,61.25,3.0,CONVERGED,2920,clique_única,False,,1,[23],[1.0],0,1.9420474224737527e-09,4.60325928486327e-08,18.187499999999996,True
Ω-EXP-002111,omega_b,,100,0.05,0.0,61.25,3.0,CONVERGED,3010,clique_única,False,,1,[23],[1.0],0,1.9417229245336185e-09,4.60249012235181e-08,18.187499999999996,True
Ω-EXP-002112,omega_b,,100,0.05,0.0,61.25,3.0,CONVERGED,2948,clique_única,False,,1,[23],[1.0],0,1.9441378515029396e-09,4.6082142546310934e-08,18.18749999999999,True
Ω-EXP-002113,omega_b,,100,0.05,0.0,61.25,3.0,CONVERGED,3014,clique_única,False,,1,[23],[1.0],0,1.939596823528736e-09,4.5974505979984315e-08,18.187499999999996,True
Ω-EXP-002114,omega_b,,100,0.05,0.0,61.25,3.0,CONVERGED,3047,clique_única,False,,1,[23],[1.0],0,1.944336298444636e-09,4.6086846339221665e-08,18.18749999999998,True
Ω-EXP-002115,omega_b,,100,0.05,1.0,20.416666667,0.5,CONVERGED,1469,uniforme,True,True,0,[],[],0,1.5139978470132126e-08,1.5139978470132126e-08,0.002083333333333283,True
Ω-EXP-002116,omega_b,,100,0.05,1.0,20.416666667,0.5,CONVERGED,1468,uniforme,True,True,0,[],[],0,1.5078922125256328e-08,1.5078922125256328e-08,0.002083333333333517,True
Ω-EXP-002117,omega_b,,100,0.05,1.0,20.416666667,0.5,CONVERGED,1464,uniforme,True,True,0,[],[],0,1.517616737140015e-08,1.517616737140015e-08,0.0020833333333335905,True
Ω-EXP-002118,omega_b,,100,0.05,1.0,20.416666667,0.5,CONVERGED,1466,uniforme,True,True,0,[],[],0,1.502601062195255e-08,1.502601062195255e-08,0.0020833333333335215,True
Ω-EXP-002119,omega_b,,100,0.05,1.0,20.416666667,0.5,CONVERGED,1468,uniforme,True,True,0,[],[],0,1.5042565051220924e-08,1.5042565051220924e-08,0.002083333333333194,True
Ω-EXP-002120,omega_b,,100,0.05,1.0,20.416666667,0.5,CONVERGED,1461,uniforme,True,True,0,[],[],0,1.5023123767134855e-08,1.5023123767134855e-08,0.0020833333333328476,True
Ω-EXP-002121,omega_b,,100,0.05,1.0,20.416666667,0.5,CONVERGED,1467,uniforme,True,True,0,[],[],0,1.504409436999324e-08,1.504409436999324e-08,0.002083333333333066,True
Ω-EXP-002122,omega_b,,100,0.05,1.0,20.416666667,0.5,CONVERGED,1469,uniforme,True,True,0,[],[],0,1.5065375264140812e-08,1.5065375264140812e-08,0.0020833333333332626,True
Ω-EXP-002123,omega_b,,100,0.05,1.0,20.416666667,0.5,CONVERGED,1465,uniforme,True,True,0,[],[],0,1.518136118552893e-08,1.518136118552893e-08,0.002083333333333372,True
Ω-EXP-002124,omega_b,,100,0.05,1.0,20.416666667,0.5,CONVERGED,1468,uniforme,True,True,0,[],[],0,1.51742527597018e-08,1.51742527597018e-08,0.0020833333333332704,True
Ω-EXP-002125,omega_b,,100,0.05,1.0,61.25,1.5,CONVERGED,3087,clique_única,False,,1,[23],[1.0],0,2.019503027153368e-09,4.6483730642421506e-08,17.608928571428574,True
Ω-EXP-002126,omega_b,,100,0.05,1.0,61.25,1.5,CONVERGED,3050,clique_única,False,,1,[23],[1.0],0,2.0235864837343003e-09,4.657772123550785e-08,17.608928571428567,True
Ω-EXP-002127,omega_b,,100,0.05,1.0,61.25,1.5,CONVERGED,3082,clique_única,False,,1,[23],[1.0],0,2.017193657556005e-09,4.643057494035929e-08,17.608928571428574,True
Ω-EXP-002128,omega_b,,100,0.05,1.0,61.25,1.5,CONVERGED,3057,clique_única,False,,1,[23],[1.0],0,2.022966154986832e-09,4.656344287923275e-08,17.60892857142858,True
Ω-EXP-002129,omega_b,,100,0.05,1.0,61.25,1.5,CONVERGED,3013,clique_única,False,,1,[23],[1.0],0,2.0172129511039826e-09,4.643101902956914e-08,17.608928571428574,True
Ω-EXP-002130,omega_b,,100,0.05,1.0,61.25,1.5,CONVERGED,3042,clique_única,False,,1,[23],[1.0],0,2.017744837745714e-09,4.644326168090629e-08,17.608928571428567,True
Ω-EXP-002131,omega_b,,100,0.05,1.0,61.25,1.5,CONVERGED,3075,clique_única,False,,1,[23],[1.0],0,2.020939398252435e-09,4.651679219591642e-08,17.608928571428567,True
Ω-EXP-002132,omega_b,,100,0.05,1.0,61.25,1.5,CONVERGED,3146,clique_única,False,,1,[23],[1.0],0,2.0238860752496e-09,4.6584617052758404e-08,17.608928571428578,True
Ω-EXP-002133,omega_b,,100,0.05,1.0,61.25,1.5,CONVERGED,2969,clique_única,False,,1,[23],[1.0],0,2.0211527085709517e-09,4.6521702046220526e-08,17.60892857142857,True
Ω-EXP-002134,omega_b,,100,0.05,1.0,61.25,1.5,CONVERGED,2995,clique_única,False,,1,[23],[1.0],0,2.0159131785131656e-09,4.6401101627679964e-08,17.608928571428574,True
Ω-EXP-002135,omega_b,,100,0.05,1.0,122.5,3.0,CONVERGED,4071,clique_única,False,,1,[23],[1.0],0,1.9329036470618223e-09,9.417210122819597e-08,37.29642857142855,True
Ω-EXP-002136,omega_b,,100,0.05,1.0,122.5,3.0,CONVERGED,4016,clique_única,False,,1,[23],[1.0],0,1.9351077341573258e-09,9.42794855518514e-08,37.296428571428535,True
Ω-EXP-002137,omega_b,,100,0.05,1.0,122.5,3.0,CONVERGED,4032,clique_única,False,,1,[23],[1.0],0,1.9347536338166726e-09,9.426223357422714e-08,37.29642857142856,True
Ω-EXP-002138,omega_b,,100,0.05,1.0,122.5,3.0,CONVERGED,4133,clique_única,False,,1,[23],[1.0],0,1.930322854008145e-09,9.404636358567586e-08,37.296428571428535,True
Ω-EXP-002139,omega_b,,100,0.05,1.0,122.5,3.0,CONVERGED,4092,clique_única,False,,1,[23],[1.0],0,1.93446632772812e-09,9.424823588233266e-08,37.29642857142857,True
Ω-EXP-002140,omega_b,,100,0.05,1.0,122.5,3.0,CONVERGED,4058,clique_única,False,,1,[23],[1.0],0,1.936330315313501e-09,9.433905034939016e-08,37.29642857142854,True
Ω-EXP-002141,omega_b,,100,0.05,1.0,122.5,3.0,CONVERGED,3964,clique_única,False,,1,[23],[1.0],0,1.9288346959324767e-09,9.39738598049189e-08,37.296428571428585,True
Ω-EXP-002142,omega_b,,100,0.05,1.0,122.5,3.0,CONVERGED,4090,clique_única,False,,1,[23],[1.0],0,1.936981639291766e-09,9.437078318796921e-08,37.29642857142855,True
Ω-EXP-002143,omega_b,,100,0.05,1.0,122.5,3.0,CONVERGED,4027,clique_única,False,,1,[23],[1.0],0,1.929157587052703e-09,9.398959122108863e-08,37.29642857142855,True
Ω-EXP-002144,omega_b,,100,0.05,1.0,122.5,3.0,CONVERGED,4029,clique_única,False,,1,[23],[1.0],0,1.928594205861669e-09,9.396214295520622e-08,37.29642857142856,True
Ω-EXP-002145,omega_b,,100,0.05,10.0,112.291666667,0.5,CONVERGED,4418,clique_única,False,,1,[23],[1.0],0,2.344471737594108e-09,8.971180420758174e-08,28.8080357142857,True
Ω-EXP-002146,omega_b,,100,0.05,10.0,112.291666667,0.5,CONVERGED,8714,clique_única,True,True,1,[22],[1.0],0,2.4694302051920687e-09,9.206606965683761e-08,1.8419927142454608,True
Ω-EXP-002147,omega_b,,100,0.05,10.0,112.291666667,0.5,CONVERGED,4437,clique_única,False,,1,[23],[1.0],0,2.3390932628898862e-09,8.950599550416882e-08,28.80803571428571,True
Ω-EXP-002148,omega_b,,100,0.05,10.0,112.291666667,0.5,CONVERGED,4453,clique_única,False,,1,[23],[1.0],0,2.346781520131442e-09,8.980018861848293e-08,28.8080357142857,True
Ω-EXP-002149,omega_b,,100,0.05,10.0,112.291666667,0.5,CONVERGED,4564,clique_única,False,,1,[23],[1.0],0,2.3385615438431912e-09,8.948564911293033e-08,28.808035714285698,True
Ω-EXP-002150,omega_b,,100,0.05,10.0,112.291666667,0.5,CONVERGED,4318,clique_única,False,,1,[23],[1.0],0,2.346286938356575e-09,8.978126331271596e-08,28.8080357142857,True
Ω-EXP-002151,omega_b,,100,0.05,10.0,112.291666667,0.5,CONVERGED,5405,multi_clique,True,False,2,"[22, 6]","[1.0, 1.0]",0,2.4031088280697504e-09,8.959345532133511e-08,3.0074404761904785,True
Ω-EXP-002152,omega_b,,100,0.05,10.0,112.291666667,0.5,CONVERGED,4716,multi_clique,True,False,2,"[18, 14]","[1.0, 1.0]",0,3.0067658194785457e-09,8.944616958217466e-08,5.549957482993205,True
Ω-EXP-002153,omega_b,,100,0.05,10.0,112.291666667,0.5,CONVERGED,4567,clique_única,False,,1,[23],[1.0],0,2.3403485196426535e-09,8.95540281931062e-08,28.80803571428572,True
Ω-EXP-002154,omega_b,,100,0.05,10.0,112.291666667,0.5,CONVERGED,4511,clique_única,False,,1,[23],[1.0],0,2.342151185783972e-09,8.96230076818938e-08,28.8080357142857,True
Ω-EXP-002155,omega_b,,100,0.05,10.0,336.875,1.5,CONVERGED,5402,clique_única,False,,1,[23],[1.0],0,1.996903996131579e-09,2.646098380409967e-07,100.99553571428572,True
Ω-EXP-002156,omega_b,,100,0.05,10.0,336.875,1.5,CONVERGED,5368,clique_única,False,,1,[23],[1.0],0,1.996707095938007e-09,2.645837469117396e-07,100.99553571428574,True
Ω-EXP-002157,omega_b,,100,0.05,10.0,336.875,1.5,CONVERGED,5419,clique_única,False,,1,[23],[1.0],0,1.9941504093040174e-09,2.6424496013532917e-07,100.99553571428577,True
Ω-EXP-002158,omega_b,,100,0.05,10.0,336.875,1.5,CONVERGED,5442,clique_única,False,,1,[23],[1.0],0,1.9966333138161217e-09,2.645739698436955e-07,100.99553571428574,True
Ω-EXP-002159,omega_b,,100,0.05,10.0,336.875,1.5,CONVERGED,5456,clique_única,False,,1,[23],[1.0],0,1.9987057960800716e-09,2.648485946110668e-07,100.99553571428578,True
Ω-EXP-002160,omega_b,,100,0.05,10.0,336.875,1.5,CONVERGED,5423,clique_única,False,,1,[23],[1.0],0,1.9949711439781484e-09,2.643537158064646e-07,100.99553571428577,True
Ω-EXP-002161,omega_b,,100,0.05,10.0,336.875,1.5,CONVERGED,5399,clique_única,False,,1,[23],[1.0],0,1.994901222248897e-09,2.643444503291903e-07,100.9955357142858,True
Ω-EXP-002162,omega_b,,100,0.05,10.0,336.875,1.5,CONVERGED,5332,clique_única,False,,1,[23],[1.0],0,1.9954113800134336e-09,2.644120513650705e-07,100.99553571428574,True
Ω-EXP-002163,omega_b,,100,0.05,10.0,336.875,1.5,CONVERGED,5349,clique_única,False,,1,[23],[1.0],0,1.9987624194669105e-09,2.6485609794235643e-07,100.99553571428574,True
Ω-EXP-002164,omega_b,,100,0.05,10.0,336.875,1.5,CONVERGED,5546,clique_única,False,,1,[23],[1.0],0,1.9988500401650963e-09,2.6486770821065875e-07,100.99553571428578,True
Ω-EXP-002165,omega_b,,100,0.05,10.0,673.75,3.0,CONVERGED,6053,clique_única,False,,1,[23],[1.0],0,1.9231800894358965e-09,5.267152403121145e-07,209.2767857142855,True
Ω-EXP-002166,omega_b,,100,0.05,10.0,673.75,3.0,CONVERGED,6123,clique_única,False,,1,[23],[1.0],0,1.926574062781275e-09,5.276447723190358e-07,209.27678571428575,True
Ω-EXP-002167,omega_b,,100,0.05,10.0,673.75,3.0,CONVERGED,6144,clique_única,False,,1,[23],[1.0],0,1.9263710786365227e-09,5.2758917945539e-07,209.27678571428578,True
Ω-EXP-002168,omega_b,,100,0.05,10.0,673.75,3.0,CONVERGED,5859,clique_única,False,,1,[23],[1.0],0,1.9225043015714865e-09,5.265301581403037e-07,209.2767857142857,True
Ω-EXP-002169,omega_b,,100,0.05,10.0,673.75,3.0,CONVERGED,6050,clique_única,False,,1,[23],[1.0],0,1.926042732892109e-09,5.274992531667522e-07,209.27678571428567,True
Ω-EXP-002170,omega_b,,100,0.05,10.0,673.75,3.0,CONVERGED,6201,clique_única,False,,1,[23],[1.0],0,1.9234228209089e-09,5.267817186904722e-07,209.27678571428586,True
Ω-EXP-002171,omega_b,,100,0.05,10.0,673.75,3.0,CONVERGED,5962,clique_única,False,,1,[23],[1.0],0,1.923581802109698e-09,5.268252607493196e-07,209.27678571428552,True
Ω-EXP-002172,omega_b,,100,0.05,10.0,673.75,3.0,CONVERGED,5946,clique_única,False,,1,[23],[1.0],0,1.9236406437879815e-09,5.268413758585666e-07,209.2767857142857,True
Ω-EXP-002173,omega_b,,100,0.05,10.0,673.75,3.0,CONVERGED,5943,clique_única,False,,1,[23],[1.0],0,1.925996137142204e-09,5.274864918192179e-07,209.27678571428575,True
Ω-EXP-002174,omega_b,,100,0.05,10.0,673.75,3.0,CONVERGED,5957,clique_única,False,,1,[23],[1.0],0,1.9241607657674392e-09,5.269838254662318e-07,209.27678571428575,True
Ω-EXP-002175,omega_b,,100,0.1,0.0,5.104166667,0.5,CONVERGED,733,uniforme,True,True,0,[],[],0,3.531456529981547e-09,3.531456529981547e-09,-0.09791666666666667,True
Ω-EXP-002176,omega_b,,100,0.1,0.0,5.104166667,0.5,CONVERGED,747,uniforme,True,True,0,[],[],0,3.549253071999381e-09,3.549253071999381e-09,-0.09791666666666667,True
Ω-EXP-002177,omega_b,,100,0.1,0.0,5.104166667,0.5,CONVERGED,747,uniforme,True,True,0,[],[],0,3.5169000212054158e-09,3.5169000212054158e-09,-0.09791666666666667,True
Ω-EXP-002178,omega_b,,100,0.1,0.0,5.104166667,0.5,CONVERGED,740,uniforme,True,True,0,[],[],0,3.5004572435104464e-09,3.5004572435104464e-09,-0.09791666666666667,True
Ω-EXP-002179,omega_b,,100,0.1,0.0,5.104166667,0.5,CONVERGED,744,uniforme,True,True,0,[],[],0,3.5232011752484027e-09,3.5232011752484027e-09,-0.09791666666666668,True
Ω-EXP-002180,omega_b,,100,0.1,0.0,5.104166667,0.5,CONVERGED,755,uniforme,True,True,0,[],[],0,3.5620113802981024e-09,3.5620113802981024e-09,-0.09791666666666667,True
Ω-EXP-002181,omega_b,,100,0.1,0.0,5.104166667,0.5,CONVERGED,752,uniforme,True,True,0,[],[],0,3.558050312713057e-09,3.558050312713057e-09,-0.09791666666666664,True
Ω-EXP-002182,omega_b,,100,0.1,0.0,5.104166667,0.5,CONVERGED,748,uniforme,True,True,0,[],[],0,3.5465939351997378e-09,3.5465939351997378e-09,-0.09791666666666667,True
Ω-EXP-002183,omega_b,,100,0.1,0.0,5.104166667,0.5,CONVERGED,744,uniforme,True,True,0,[],[],0,3.526752098692576e-09,3.526752098692576e-09,-0.09791666666666667,True
Ω-EXP-002184,omega_b,,100,0.1,0.0,5.104166667,0.5,CONVERGED,748,uniforme,True,True,0,[],[],0,3.5490839711549427e-09,3.5490839711549427e-09,-0.09791666666666667,True
Ω-EXP-002185,omega_b,,100,0.1,0.0,15.3125,1.5,CONVERGED,1254,clique_única,False,,1,[32],[1.0],0,1.4057362999297976e-09,1.0339420875027372e-08,7.137096774193553,True
Ω-EXP-002186,omega_b,,100,0.1,0.0,15.3125,1.5,CONVERGED,1232,clique_única,False,,1,[32],[1.0],0,1.4046427356432466e-09,1.0331377531258568e-08,7.137096774193545,True
Ω-EXP-002187,omega_b,,100,0.1,0.0,15.3125,1.5,CONVERGED,1272,clique_única,False,,1,[32],[1.0],0,1.410029891651467e-09,1.037100094691823e-08,7.137096774193541,True
Ω-EXP-002188,omega_b,,100,0.1,0.0,15.3125,1.5,CONVERGED,1283,clique_única,False,,1,[32],[1.0],0,1.4247647513612397e-09,1.0479378254046878e-08,7.137096774193548,True
Ω-EXP-002189,omega_b,,100,0.1,0.0,15.3125,1.5,CONVERGED,1299,clique_única,False,,1,[32],[1.0],0,1.4159765093024428e-09,1.0414739293196362e-08,7.13709677419356,True
Ω-EXP-002190,omega_b,,100,0.1,0.0,15.3125,1.5,CONVERGED,1303,clique_única,False,,1,[32],[1.0],0,1.4145384288851156e-09,1.0404161976396153e-08,7.137096774193545,True
Ω-EXP-002191,omega_b,,100,0.1,0.0,15.3125,1.5,CONVERGED,1236,clique_única,False,,1,[32],[1.0],0,1.416567970941396e-09,1.0419089591096053e-08,7.13709677419354,True
Ω-EXP-002192,omega_b,,100,0.1,0.0,15.3125,1.5,CONVERGED,1269,clique_única,False,,1,[32],[1.0],0,1.4175110735080176e-09,1.0426026264553911e-08,7.13709677419355,True
Ω-EXP-002193,omega_b,,100,0.1,0.0,15.3125,1.5,CONVERGED,1304,clique_única,False,,1,[32],[1.0],0,1.409024479283488e-09,1.0363605973395806e-08,7.13709677419354,True
Ω-EXP-002194,omega_b,,100,0.1,0.0,15.3125,1.5,CONVERGED,1273,clique_única,False,,1,[32],[1.0],0,1.408909640578133e-09,1.0362761315718672e-08,7.137096774193546,True
Ω-EXP-002195,omega_b,,100,0.1,0.0,30.625,3.0,CONVERGED,1853,clique_única,False,,1,[32],[1.0],0,1.3266752620754321e-09,2.2169178492958963e-08,16.20967741935484,True
Ω-EXP-002196,omega_b,,100,0.1,0.0,30.625,3.0,CONVERGED,1851,clique_única,False,,1,[32],[1.0],0,1.3398410927739528e-09,2.2389183840232363e-08,16.209677419354854,True
Ω-EXP-002197,omega_b,,100,0.1,0.0,30.625,3.0,CONVERGED,1935,clique_única,False,,1,[32],[1.0],0,1.3287881391791394e-09,2.2204485361498882e-08,16.209677419354815,True
Ω-EXP-002198,omega_b,,100,0.1,0.0,30.625,3.0,CONVERGED,1867,clique_única,False,,1,[32],[1.0],0,1.331312408602948e-09,2.224666673100728e-08,16.20967741935482,True
Ω-EXP-002199,omega_b,,100,0.1,0.0,30.625,3.0,CONVERGED,1871,clique_única,False,,1,[32],[1.0],0,1.340169781490781e-09,2.239467633557979e-08,16.209677419354822,True
Ω-EXP-002200,omega_b,,100,0.1,0.0,30.625,3.0,CONVERGED,1855,clique_única,False,,1,[32],[1.0],0,1.3297952531399915e-09,2.222131456619536e-08,16.20967741935485,True
Ω-EXP-002201,omega_b,,100,0.1,0.0,30.625,3.0,CONVERGED,1892,clique_única,False,,1,[32],[1.0],0,1.3382531396049027e-09,2.2362648621765402e-08,16.20967741935482,True
Ω-EXP-002202,omega_b,,100,0.1,0.0,30.625,3.0,CONVERGED,1856,clique_única,False,,1,[32],[1.0],0,1.3400483835196894e-09,2.2392647736069193e-08,16.209677419354858,True
Ω-EXP-002203,omega_b,,100,0.1,0.0,30.625,3.0,CONVERGED,1825,clique_única,False,,1,[32],[1.0],0,1.334154311128905e-09,2.2294155854751807e-08,16.209677419354847,True
Ω-EXP-002204,omega_b,,100,0.1,0.0,30.625,3.0,CONVERGED,1848,clique_única,False,,1,[32],[1.0],0,1.327582663898083e-09,2.2184341474940084e-08,16.209677419354833,True
Ω-EXP-002205,omega_b,,100,0.1,1.0,10.208333333,0.5,CONVERGED,806,uniforme,True,True,0,[],[],0,7.0659416685769916e-09,7.0659416685769916e-09,0.004166666666666438,True
Ω-EXP-002206,omega_b,,100,0.1,1.0,10.208333333,0.5,CONVERGED,808,uniforme,True,True,0,[],[],0,7.0764187625957375e-09,7.0764187625957375e-09,0.004166666666666931,True
Ω-EXP-002207,omega_b,,100,0.1,1.0,10.208333333,0.5,CONVERGED,809,uniforme,True,True,0,[],[],0,7.044646615182726e-09,7.044646615182726e-09,0.004166666666666626,True
Ω-EXP-002208,omega_b,,100,0.1,1.0,10.208333333,0.5,CONVERGED,808,uniforme,True,True,0,[],[],0,7.021763700869321e-09,7.021763700869321e-09,0.0041666666666661575,True
Ω-EXP-002209,omega_b,,100,0.1,1.0,10.208333333,0.5,CONVERGED,808,uniforme,True,True,0,[],[],0,6.96967703255752e-09,6.96967703255752e-09,0.004166666666666723,True
Ω-EXP-002210,omega_b,,100,0.1,1.0,10.208333333,0.5,CONVERGED,807,uniforme,True,True,0,[],[],0,7.1056907666872116e-09,7.1056907666872116e-09,0.004166666666666722,True
Ω-EXP-002211,omega_b,,100,0.1,1.0,10.208333333,0.5,CONVERGED,808,uniforme,True,True,0,[],[],0,7.019560510981848e-09,7.019560510981848e-09,0.004166666666667105,True
Ω-EXP-002212,omega_b,,100,0.1,1.0,10.208333333,0.5,CONVERGED,805,uniforme,True,True,0,[],[],0,7.115471289433073e-09,7.115471289433073e-09,0.004166666666665762,True
Ω-EXP-002213,omega_b,,100,0.1,1.0,10.208333333,0.5,CONVERGED,808,uniforme,True,True,0,[],[],0,7.071816323506175e-09,7.071816323506175e-09,0.004166666666666659,True
Ω-EXP-002214,omega_b,,100,0.1,1.0,10.208333333,0.5,CONVERGED,809,uniforme,True,True,0,[],[],0,7.049254533396387e-09,7.049254533396387e-09,0.004166666666666886,True
Ω-EXP-002215,omega_b,,100,0.1,1.0,30.625,1.5,CONVERGED,1944,clique_única,False,,1,[32],[1.0],0,1.4246517680183539e-09,2.258132880683661e-08,15.369519420671496,True
Ω-EXP-002216,omega_b,,100,0.1,1.0,30.625,1.5,CONVERGED,1987,clique_única,False,,1,[32],[1.0],0,1.4332814956204797e-09,2.2718113612540947e-08,15.369519420671502,True
Ω-EXP-002217,omega_b,,100,0.1,1.0,30.625,1.5,CONVERGED,1934,clique_única,False,,1,[32],[1.0],0,1.4368449859315108e-09,2.2774596430963356e-08,15.369519420671486,True
Ω-EXP-002218,omega_b,,100,0.1,1.0,30.625,1.5,CONVERGED,1912,clique_única,False,,1,[32],[1.0],0,1.4346769913110665e-09,2.274023280790516e-08,15.369519420671494,True
Ω-EXP-002219,omega_b,,100,0.1,1.0,30.625,1.5,CONVERGED,1944,clique_única,False,,1,[32],[1.0],0,1.425589233771107e-09,2.2596188031798192e-08,15.369519420671475,True
Ω-EXP-002220,omega_b,,100,0.1,1.0,30.625,1.5,CONVERGED,1895,clique_única,False,,1,[32],[1.0],0,1.429107783950696e-09,2.2651958531128003e-08,15.369519420671486,True
Ω-EXP-002221,omega_b,,100,0.1,1.0,30.625,1.5,CONVERGED,1890,clique_única,False,,1,[32],[1.0],0,1.4360917633157627e-09,2.2762657536645747e-08,15.369519420671498,True
Ω-EXP-002222,omega_b,,100,0.1,1.0,30.625,1.5,CONVERGED,1934,clique_única,False,,1,[32],[1.0],0,1.4323265469577229e-09,2.2702977275912417e-08,15.369519420671491,True
Ω-EXP-002223,omega_b,,100,0.1,1.0,30.625,1.5,CONVERGED,1929,clique_única,False,,1,[32],[1.0],0,1.4242765576372274e-09,2.2575381564138297e-08,15.369519420671477,True
Ω-EXP-002224,omega_b,,100,0.1,1.0,30.625,1.5,CONVERGED,1889,clique_única,False,,1,[32],[1.0],0,1.4251712124703711e-09,2.258956222078723e-08,15.369519420671484,True
Ω-EXP-002225,omega_b,,100,0.1,1.0,61.25,3.0,CONVERGED,2747,clique_única,False,,1,[32],[1.0],0,1.3461362353665406e-09,4.652347485034625e-08,33.514680710994014,True
Ω-EXP-002226,omega_b,,100,0.1,1.0,61.25,3.0,CONVERGED,2749,clique_única,False,,1,[32],[1.0],0,1.3419263196419763e-09,4.637797701434465e-08,33.514680710994064,True
Ω-EXP-002227,omega_b,,100,0.1,1.0,61.25,3.0,CONVERGED,2837,clique_única,False,,1,[32],[1.0],0,1.3469115243892124e-09,4.655026941691176e-08,33.51468071099403,True
Ω-EXP-002228,omega_b,,100,0.1,1.0,61.25,3.0,CONVERGED,2768,clique_única,False,,1,[32],[1.0],0,1.3426460986556246e-09,4.640285311552361e-08,33.51468071099402,True
Ω-EXP-002229,omega_b,,100,0.1,1.0,61.25,3.0,CONVERGED,2794,clique_única,False,,1,[32],[1.0],0,1.347025216971261e-09,4.6554198718240514e-08,33.51468071099409,True
Ω-EXP-002230,omega_b,,100,0.1,1.0,61.25,3.0,CONVERGED,2763,clique_única,False,,1,[32],[1.0],0,1.342882941116652e-09,4.641103856783957e-08,33.514680710994035,True
Ω-EXP-002231,omega_b,,100,0.1,1.0,61.25,3.0,CONVERGED,2820,clique_única,False,,1,[32],[1.0],0,1.3405087600217137e-09,4.632898509271399e-08,33.514680710994064,True
Ω-EXP-002232,omega_b,,100,0.1,1.0,61.25,3.0,CONVERGED,2797,clique_única,False,,1,[32],[1.0],0,1.3452308064371871e-09,4.649218254826337e-08,33.51468071099406,True
Ω-EXP-002233,omega_b,,100,0.1,1.0,61.25,3.0,CONVERGED,2753,clique_única,False,,1,[32],[1.0],0,1.348331551105507e-09,4.659934660367071e-08,33.51468071099405,True
Ω-EXP-002234,omega_b,,100,0.1,1.0,61.25,3.0,CONVERGED,2705,clique_única,False,,1,[32],[1.0],0,1.3468373053772725e-09,4.6547704357635666e-08,33.51468071099405,True
Ω-EXP-002235,omega_b,,100,0.1,10.0,56.145833333,0.5,CONVERGED,5050,clique_única,True,True,1,[30],[1.0],0,2.1149293564064337e-09,4.7136308189976717e-08,3.3395132830339804,True
Ω-EXP-002236,omega_b,,100,0.1,10.0,56.145833333,0.5,CONVERGED,4726,clique_única,True,True,1,[31],[1.0],0,2.049966585157033e-09,4.720065494012715e-08,3.672870318482113,True
Ω-EXP-002237,omega_b,,100,0.1,10.0,56.145833333,0.5,CONVERGED,3235,clique_única,False,,1,[32],[1.0],0,1.9362571104972227e-09,4.589546875877204e-08,22.929065174456845,True
Ω-EXP-002238,omega_b,,100,0.1,10.0,56.145833333,0.5,CONVERGED,3173,clique_única,False,,1,[32],[1.0],0,1.9335042026085046e-09,4.583021606663351e-08,22.92906517445687,True
Ω-EXP-002239,omega_b,,100,0.1,10.0,56.145833333,0.5,CONVERGED,5306,clique_única,True,True,1,[29],[1.0],0,2.1833672011002296e-09,4.705100620228109e-08,3.0809060117075977,True
Ω-EXP-002240,omega_b,,100,0.1,10.0,56.145833333,0.5,CONVERGED,4987,clique_única,True,True,1,[30],[1.0],0,2.119108164640637e-09,4.722944302315568e-08,3.3395132830339804,True
Ω-EXP-002241,omega_b,,100,0.1,10.0,56.145833333,0.5,CONVERGED,4550,clique_única,True,True,1,[31],[1.0],0,2.0509926829985104e-09,4.7224280930180385e-08,3.672870318482113,True
Ω-EXP-002242,omega_b,,100,0.1,10.0,56.145833333,0.5,CONVERGED,3225,clique_única,False,,1,[32],[1.0],0,1.9330813819604185e-09,4.5820193861345615e-08,22.929065174456845,True
Ω-EXP-002243,omega_b,,100,0.1,10.0,56.145833333,0.5,CONVERGED,3124,clique_única,False,,1,[32],[1.0],0,1.9346705952519168e-09,4.585786328448194e-08,22.92906517445687,True
Ω-EXP-002244,omega_b,,100,0.1,10.0,56.145833333,0.5,CONVERGED,5693,clique_única,True,True,1,[28],[1.0],0,2.255270030189031e-09,4.693684862999703e-08,2.9359088456157774,True
Ω-EXP-002245,omega_b,,100,0.1,10.0,168.4375,1.5,CONVERGED,4379,clique_única,False,,1,[32],[1.0],0,1.444441443320012e-09,1.3333310278085264e-07,89.46132323897298,True
Ω-EXP-002246,omega_b,,100,0.1,10.0,168.4375,1.5,CONVERGED,4132,clique_única,False,,1,[32],[1.0],0,1.4448581881362627e-09,1.333715715645667e-07,89.46132323897291,True
Ω-EXP-002247,omega_b,,100,0.1,10.0,168.4375,1.5,CONVERGED,4306,clique_única,False,,1,[32],[1.0],0,1.441706967917873e-09,1.3308068957940122e-07,89.46132323897305,True
Ω-EXP-002248,omega_b,,100,0.1,10.0,168.4375,1.5,CONVERGED,4365,clique_única,False,,1,[32],[1.0],0,1.4460095868984498e-09,1.334778545469817e-07,89.46132323897308,True
Ω-EXP-002249,omega_b,,100,0.1,10.0,168.4375,1.5,CONVERGED,4286,clique_única,False,,1,[32],[1.0],0,1.4451254470279191e-09,1.3339624160835228e-07,89.46132323897308,True
Ω-EXP-002250,omega_b,,100,0.1,10.0,168.4375,1.5,CONVERGED,4176,clique_única,False,,1,[32],[1.0],0,1.445010445482366e-09,1.3338562609988003e-07,89.46132323897294,True
Ω-EXP-002251,omega_b,,100,0.1,10.0,168.4375,1.5,CONVERGED,4375,clique_única,False,,1,[32],[1.0],0,1.4424340778883116e-09,1.3314780744622112e-07,89.46132323897305,True
Ω-EXP-002252,omega_b,,100,0.1,10.0,168.4375,1.5,CONVERGED,4343,clique_única,False,,1,[32],[1.0],0,1.4453240436465899e-09,1.334145736109349e-07,89.46132323897292,True
Ω-EXP-002253,omega_b,,100,0.1,10.0,168.4375,1.5,CONVERGED,4323,clique_única,False,,1,[32],[1.0],0,1.4420302647700606e-09,1.3311053237430315e-07,89.46132323897281,True
Ω-EXP-002254,omega_b,,100,0.1,10.0,168.4375,1.5,CONVERGED,4258,clique_única,False,,1,[32],[1.0],0,1.4450152181000059e-09,1.333860666363762e-07,89.461323238973,True
Ω-EXP-002255,omega_b,,100,0.1,10.0,336.875,3.0,CONVERGED,5169,clique_única,False,,1,[32],[1.0],0,1.3529709884813741e-09,2.6411959197503165e-07,189.2597103357472,True
Ω-EXP-002256,omega_b,,100,0.1,10.0,336.875,3.0,CONVERGED,5044,clique_única,False,,1,[32],[1.0],0,1.3560140105782698e-09,2.6471363412383653e-07,189.2597103357475,True
Ω-EXP-002257,omega_b,,100,0.1,10.0,336.875,3.0,CONVERGED,5235,clique_única,False,,1,[32],[1.0],0,1.355162587652298e-09,2.645474239670875e-07,189.25971033574714,True
Ω-EXP-002258,omega_b,,100,0.1,10.0,336.875,3.0,CONVERGED,5091,clique_única,False,,1,[32],[1.0],0,1.3540105166011405e-09,2.6432252298036474e-07,189.25971033574731,True
Ω-EXP-002259,omega_b,,100,0.1,10.0,336.875,3.0,CONVERGED,5036,clique_única,False,,1,[32],[1.0],0,1.354460833122441e-09,2.64410431327633e-07,189.2597103357473,True
Ω-EXP-002260,omega_b,,100,0.1,10.0,336.875,3.0,CONVERGED,5042,clique_única,False,,1,[32],[1.0],0,1.3572034987729114e-09,2.6494583948988293e-07,189.25971033574712,True
Ω-EXP-002261,omega_b,,100,0.1,10.0,336.875,3.0,CONVERGED,5041,clique_única,False,,1,[32],[1.0],0,1.3533455970080775e-09,2.641927210333961e-07,189.2597103357472,True
Ω-EXP-002262,omega_b,,100,0.1,10.0,336.875,3.0,CONVERGED,5021,clique_única,False,,1,[32],[1.0],0,1.355546805284737e-09,2.6462242885827436e-07,189.2597103357471,True
Ω-EXP-002263,omega_b,,100,0.1,10.0,336.875,3.0,CONVERGED,5057,clique_única,False,,1,[32],[1.0],0,1.3552896894876274e-09,2.6457223611942027e-07,189.25971033574726,True
Ω-EXP-002264,omega_b,,100,0.1,10.0,336.875,3.0,CONVERGED,5105,clique_única,False,,1,[32],[1.0],0,1.3564740819409096e-09,2.648034467256366e-07,189.25971033574714,True
Ω-EXP-002265,omega_b,,100,0.2,0.0,2.552083333,0.5,CONVERGED,429,uniforme,True,True,0,[],[],0,1.5497821637122655e-09,1.5497821637122655e-09,-0.19583333333333333,True
Ω-EXP-002266,omega_b,,100,0.2,0.0,2.552083333,0.5,CONVERGED,431,uniforme,True,True,0,[],[],0,1.5463646474422887e-09,1.5463646474422887e-09,-0.19583333333333336,True
Ω-EXP-002267,omega_b,,100,0.2,0.0,2.552083333,0.5,CONVERGED,427,uniforme,True,True,0,[],[],0,1.5672502184926884e-09,1.5672502184926884e-09,-0.19583333333333333,True
Ω-EXP-002268,omega_b,,100,0.2,0.0,2.552083333,0.5,CONVERGED,430,uniforme,True,True,0,[],[],0,1.5414115261958017e-09,1.5414115261958017e-09,-0.19583333333333333,True
Ω-EXP-002269,omega_b,,100,0.2,0.0,2.552083333,0.5,CONVERGED,435,uniforme,True,True,0,[],[],0,1.5481872728262402e-09,1.5481872728262402e-09,-0.1958333333333333,True
Ω-EXP-002270,omega_b,,100,0.2,0.0,2.552083333,0.5,CONVERGED,435,uniforme,True,True,0,[],[],0,1.5851291390589495e-09,1.5851291390589495e-09,-0.1958333333333334,True
Ω-EXP-002271,omega_b,,100,0.2,0.0,2.552083333,0.5,CONVERGED,432,uniforme,True,True,0,[],[],0,1.5450426493757163e-09,1.5450426493757163e-09,-0.19583333333333333,True
Ω-EXP-002272,omega_b,,100,0.2,0.0,2.552083333,0.5,CONVERGED,432,uniforme,True,True,0,[],[],0,1.605432703444265e-09,1.605432703444265e-09,-0.19583333333333333,True
Ω-EXP-002273,omega_b,,100,0.2,0.0,2.552083333,0.5,CONVERGED,430,uniforme,True,True,0,[],[],0,1.5481503579106715e-09,1.5481503579106715e-09,-0.1958333333333334,True
Ω-EXP-002274,omega_b,,100,0.2,0.0,2.552083333,0.5,CONVERGED,433,uniforme,True,True,0,[],[],0,1.5600512826008384e-09,1.5600512826008384e-09,-0.19583333333333336,True
Ω-EXP-002275,omega_b,,100,0.2,0.0,7.65625,1.5,CONVERGED,200,clique_única,False,,1,[45],[1.0],0,0.0,0.0,2.3593749999999996,True
Ω-EXP-002276,omega_b,,100,0.2,0.0,7.65625,1.5,CONVERGED,222,clique_única,False,,1,[45],[1.0],0,0.0,0.0,2.3593749999999996,True
Ω-EXP-002277,omega_b,,100,0.2,0.0,7.65625,1.5,CONVERGED,202,clique_única,False,,1,[45],[1.0],0,0.0,0.0,2.3593749999999996,True
Ω-EXP-002278,omega_b,,100,0.2,0.0,7.65625,1.5,CONVERGED,217,clique_única,False,,1,[45],[1.0],0,0.0,0.0,2.3593749999999996,True
Ω-EXP-002279,omega_b,,100,0.2,0.0,7.65625,1.5,CONVERGED,215,clique_única,False,,1,[45],[1.0],0,0.0,0.0,2.3593749999999996,True
Ω-EXP-002280,omega_b,,100,0.2,0.0,7.65625,1.5,CONVERGED,196,clique_única,False,,1,[45],[1.0],0,0.0,0.0,2.3593749999999996,True
Ω-EXP-002281,omega_b,,100,0.2,0.0,7.65625,1.5,CONVERGED,228,clique_única,False,,1,[45],[1.0],0,0.0,0.0,2.3593749999999996,True
Ω-EXP-002282,omega_b,,100,0.2,0.0,7.65625,1.5,CONVERGED,205,clique_única,False,,1,[45],[1.0],0,0.0,0.0,2.3593749999999996,True
Ω-EXP-002283,omega_b,,100,0.2,0.0,7.65625,1.5,CONVERGED,240,clique_única,False,,1,[45],[1.0],0,0.0,0.0,2.3593749999999996,True
Ω-EXP-002284,omega_b,,100,0.2,0.0,7.65625,1.5,CONVERGED,250,clique_única,False,,1,[45],[1.0],0,0.0,0.0,2.3593749999999996,True
Ω-EXP-002285,omega_b,,100,0.2,0.0,15.3125,3.0,CONVERGED,124,clique_única,False,,1,[45],[1.0],0,0.0,0.0,5.718749999999999,True
Ω-EXP-002286,omega_b,,100,0.2,0.0,15.3125,3.0,CONVERGED,172,clique_única,False,,1,[45],[1.0],0,0.0,0.0,5.718749999999999,True
Ω-EXP-002287,omega_b,,100,0.2,0.0,15.3125,3.0,CONVERGED,133,clique_única,False,,1,[45],[1.0],0,0.0,0.0,5.718749999999999,True
Ω-EXP-002288,omega_b,,100,0.2,0.0,15.3125,3.0,CONVERGED,159,clique_única,False,,1,[45],[1.0],0,0.0,0.0,5.718749999999999,True
Ω-EXP-002289,omega_b,,100,0.2,0.0,15.3125,3.0,CONVERGED,153,clique_única,False,,1,[45],[1.0],0,0.0,0.0,5.718749999999999,True
Ω-EXP-002290,omega_b,,100,0.2,0.0,15.3125,3.0,CONVERGED,148,clique_única,False,,1,[45],[1.0],0,0.0,0.0,5.718749999999999,True
Ω-EXP-002291,omega_b,,100,0.2,0.0,15.3125,3.0,CONVERGED,152,clique_única,False,,1,[45],[1.0],0,0.0,0.0,5.718749999999999,True
Ω-EXP-002292,omega_b,,100,0.2,0.0,15.3125,3.0,CONVERGED,164,clique_única,False,,1,[45],[1.0],0,0.0,0.0,5.718749999999999,True
Ω-EXP-002293,omega_b,,100,0.2,0.0,15.3125,3.0,CONVERGED,175,clique_única,False,,1,[45],[1.0],0,0.0,0.0,5.718749999999999,True
Ω-EXP-002294,omega_b,,100,0.2,0.0,15.3125,3.0,CONVERGED,142,clique_única,False,,1,[45],[1.0],0,0.0,0.0,5.718749999999999,True
Ω-EXP-002295,omega_b,,100,0.2,1.0,5.104166667,0.5,CONVERGED,460,uniforme,True,True,0,[],[],0,3.1402694819493426e-09,3.1402694819493426e-09,0.008333333333333604,True
Ω-EXP-002296,omega_b,,100,0.2,1.0,5.104166667,0.5,CONVERGED,459,uniforme,True,True,0,[],[],0,3.0818003843302577e-09,3.0818003843302577e-09,0.008333333333332018,True
Ω-EXP-002297,omega_b,,100,0.2,1.0,5.104166667,0.5,CONVERGED,459,uniforme,True,True,0,[],[],0,3.1829173133962607e-09,3.1829173133962607e-09,0.008333333333333338,True
Ω-EXP-002298,omega_b,,100,0.2,1.0,5.104166667,0.5,CONVERGED,459,uniforme,True,True,0,[],[],0,3.1701960865465617e-09,3.1701960865465617e-09,0.00833333333333353,True
Ω-EXP-002299,omega_b,,100,0.2,1.0,5.104166667,0.5,CONVERGED,459,uniforme,True,True,0,[],[],0,3.176342563970813e-09,3.176342563970813e-09,0.008333333333334404,True
Ω-EXP-002300,omega_b,,100,0.2,1.0,5.104166667,0.5,CONVERGED,460,uniforme,True,True,0,[],[],0,3.0766375141988433e-09,3.0766375141988433e-09,0.00833333333333396,True
Ω-EXP-002301,omega_b,,100,0.2,1.0,5.104166667,0.5,CONVERGED,459,uniforme,True,True,0,[],[],0,3.170634444230047e-09,3.170634444230047e-09,0.008333333333334846,True
Ω-EXP-002302,omega_b,,100,0.2,1.0,5.104166667,0.5,CONVERGED,461,uniforme,True,True,0,[],[],0,3.0725541590170824e-09,3.0725541590170824e-09,0.008333333333334534,True
Ω-EXP-002303,omega_b,,100,0.2,1.0,5.104166667,0.5,CONVERGED,459,uniforme,True,True,0,[],[],0,3.0711087371099177e-09,3.0711087371099177e-09,0.008333333333333049,True
Ω-EXP-002304,omega_b,,100,0.2,1.0,5.104166667,0.5,CONVERGED,459,uniforme,True,True,0,[],[],0,3.1408846894870335e-09,3.1408846894870335e-09,0.008333333333333295,True
Ω-EXP-002305,omega_b,,100,0.2,1.0,15.3125,1.5,CONVERGED,221,clique_única,False,,1,[45],[1.0],0,0.0,0.0,5.628954081632652,True
Ω-EXP-002306,omega_b,,100,0.2,1.0,15.3125,1.5,CONVERGED,204,clique_única,False,,1,[45],[1.0],0,0.0,0.0,5.628954081632652,True
Ω-EXP-002307,omega_b,,100,0.2,1.0,15.3125,1.5,CONVERGED,199,clique_única,False,,1,[45],[1.0],0,0.0,0.0,5.628954081632652,True
Ω-EXP-002308,omega_b,,100,0.2,1.0,15.3125,1.5,CONVERGED,198,clique_única,False,,1,[45],[1.0],0,0.0,0.0,5.628954081632652,True
Ω-EXP-002309,omega_b,,100,0.2,1.0,15.3125,1.5,CONVERGED,184,clique_única,False,,1,[45],[1.0],0,0.0,0.0,5.628954081632652,True
Ω-EXP-002310,omega_b,,100,0.2,1.0,15.3125,1.5,CONVERGED,210,clique_única,False,,1,[45],[1.0],0,0.0,0.0,5.628954081632652,True
Ω-EXP-002311,omega_b,,100,0.2,1.0,15.3125,1.5,CONVERGED,238,clique_única,False,,1,[45],[1.0],0,0.0,0.0,5.628954081632652,True
Ω-EXP-002312,omega_b,,100,0.2,1.0,15.3125,1.5,CONVERGED,194,clique_única,False,,1,[45],[1.0],0,0.0,0.0,5.628954081632652,True
Ω-EXP-002313,omega_b,,100,0.2,1.0,15.3125,1.5,CONVERGED,177,clique_única,False,,1,[45],[1.0],0,0.0,0.0,5.628954081632652,True
Ω-EXP-002314,omega_b,,100,0.2,1.0,15.3125,1.5,CONVERGED,190,clique_única,False,,1,[45],[1.0],0,0.0,0.0,5.628954081632652,True
Ω-EXP-002315,omega_b,,100,0.2,1.0,30.625,3.0,CONVERGED,128,clique_única,False,,1,[45],[1.0],0,0.0,0.0,12.347704081632653,True
Ω-EXP-002316,omega_b,,100,0.2,1.0,30.625,3.0,CONVERGED,148,clique_única,False,,1,[45],[1.0],0,0.0,0.0,12.347704081632653,True
Ω-EXP-002317,omega_b,,100,0.2,1.0,30.625,3.0,CONVERGED,137,clique_única,False,,1,[45],[1.0],0,0.0,0.0,12.347704081632653,True
Ω-EXP-002318,omega_b,,100,0.2,1.0,30.625,3.0,CONVERGED,155,clique_única,False,,1,[45],[1.0],0,0.0,0.0,12.347704081632653,True
Ω-EXP-002319,omega_b,,100,0.2,1.0,30.625,3.0,CONVERGED,150,clique_única,False,,1,[45],[1.0],0,0.0,0.0,12.347704081632653,True
Ω-EXP-002320,omega_b,,100,0.2,1.0,30.625,3.0,CONVERGED,149,clique_única,False,,1,[45],[1.0],0,0.0,0.0,12.347704081632653,True
Ω-EXP-002321,omega_b,,100,0.2,1.0,30.625,3.0,CONVERGED,147,clique_única,False,,1,[45],[1.0],0,0.0,0.0,12.347704081632653,True
Ω-EXP-002322,omega_b,,100,0.2,1.0,30.625,3.0,CONVERGED,135,clique_única,False,,1,[45],[1.0],0,0.0,0.0,12.347704081632653,True
Ω-EXP-002323,omega_b,,100,0.2,1.0,30.625,3.0,CONVERGED,150,clique_única,False,,1,[45],[1.0],0,0.0,0.0,12.347704081632653,True
Ω-EXP-002324,omega_b,,100,0.2,1.0,30.625,3.0,CONVERGED,145,clique_única,False,,1,[45],[1.0],0,0.0,0.0,12.347704081632653,True
Ω-EXP-002325,omega_b,,100,0.2,10.0,28.072916667,0.5,CONVERGED,2262,uniforme,True,True,0,[],[],0,1.3316173095463595e-08,2.4579436486149575e-08,1.8458333333333259,True
Ω-EXP-002326,omega_b,,100,0.2,10.0,28.072916667,0.5,CONVERGED,2283,uniforme,True,True,0,[],[],0,1.3293085221719241e-08,2.453682013126013e-08,1.8458333333333325,True
Ω-EXP-002327,omega_b,,100,0.2,10.0,28.072916667,0.5,CONVERGED,2307,uniforme,True,True,0,[],[],0,1.3316687951094914e-08,2.4580386837058654e-08,1.8458333333333297,True
Ω-EXP-002328,omega_b,,100,0.2,10.0,28.072916667,0.5,CONVERGED,2275,uniforme,True,True,0,[],[],0,1.3372738102831036e-08,2.468384607823282e-08,1.8458333333333274,True
Ω-EXP-002329,omega_b,,100,0.2,10.0,28.072916667,0.5,CONVERGED,2289,uniforme,True,True,0,[],[],0,1.3363140501660198e-08,2.466613047147348e-08,1.845833333333334,True
Ω-EXP-002330,omega_b,,100,0.2,10.0,28.072916667,0.5,CONVERGED,2267,uniforme,True,True,0,[],[],0,1.3375146650168863e-08,2.4688291855312627e-08,1.8458333333333141,True
Ω-EXP-002331,omega_b,,100,0.2,10.0,28.072916667,0.5,CONVERGED,2289,uniforme,True,True,0,[],[],0,1.3365330614892977e-08,2.4670173015550745e-08,1.8458333333333208,True
Ω-EXP-002332,omega_b,,100,0.2,10.0,28.072916667,0.5,CONVERGED,2290,uniforme,True,True,0,[],[],0,1.3343399982617571e-08,2.4629692729760677e-08,1.845833333333329,True
Ω-EXP-002333,omega_b,,100,0.2,10.0,28.072916667,0.5,CONVERGED,2263,uniforme,True,True,0,[],[],0,1.3326172138808768e-08,2.459789305575555e-08,1.84583333333333,True
Ω-EXP-002334,omega_b,,100,0.2,10.0,28.072916667,0.5,CONVERGED,2334,uniforme,True,True,0,[],[],0,1.3330264347043458e-08,2.4605446569125888e-08,1.8458333333333377,True
Ω-EXP-002335,omega_b,,100,0.2,10.0,84.21875,1.5,CONVERGED,189,clique_única,False,,1,[45],[1.0],0,0.0,0.0,35.05516581632652,True
Ω-EXP-002336,omega_b,,100,0.2,10.0,84.21875,1.5,CONVERGED,188,clique_única,False,,1,[45],[1.0],0,0.0,0.0,35.05516581632652,True
Ω-EXP-002337,omega_b,,100,0.2,10.0,84.21875,1.5,CONVERGED,219,clique_única,False,,1,[45],[1.0],0,0.0,0.0,35.05516581632652,True
Ω-EXP-002338,omega_b,,100,0.2,10.0,84.21875,1.5,CONVERGED,198,clique_única,False,,1,[45],[1.0],0,0.0,0.0,35.05516581632652,True
Ω-EXP-002339,omega_b,,100,0.2,10.0,84.21875,1.5,CONVERGED,175,clique_única,False,,1,[45],[1.0],0,0.0,0.0,35.05516581632652,True
Ω-EXP-002340,omega_b,,100,0.2,10.0,84.21875,1.5,CONVERGED,207,clique_única,False,,1,[45],[1.0],0,0.0,0.0,35.05516581632652,True
Ω-EXP-002341,omega_b,,100,0.2,10.0,84.21875,1.5,CONVERGED,176,clique_única,False,,1,[45],[1.0],0,0.0,0.0,35.05516581632652,True
Ω-EXP-002342,omega_b,,100,0.2,10.0,84.21875,1.5,CONVERGED,206,clique_única,False,,1,[45],[1.0],0,0.0,0.0,35.05516581632652,True
Ω-EXP-002343,omega_b,,100,0.2,10.0,84.21875,1.5,CONVERGED,192,clique_única,False,,1,[45],[1.0],0,0.0,0.0,35.05516581632652,True
Ω-EXP-002344,omega_b,,100,0.2,10.0,84.21875,1.5,CONVERGED,203,clique_única,False,,1,[45],[1.0],0,0.0,0.0,35.05516581632652,True
Ω-EXP-002345,omega_b,,100,0.2,10.0,168.4375,3.0,CONVERGED,154,clique_única,False,,1,[45],[1.0],0,0.0,0.0,72.00829081632652,True
Ω-EXP-002346,omega_b,,100,0.2,10.0,168.4375,3.0,CONVERGED,159,clique_única,False,,1,[45],[1.0],0,0.0,0.0,72.00829081632652,True
Ω-EXP-002347,omega_b,,100,0.2,10.0,168.4375,3.0,CONVERGED,147,clique_única,False,,1,[45],[1.0],0,0.0,0.0,72.00829081632652,True
Ω-EXP-002348,omega_b,,100,0.2,10.0,168.4375,3.0,CONVERGED,221,clique_única,False,,1,[45],[1.0],0,0.0,0.0,72.00829081632652,True
Ω-EXP-002349,omega_b,,100,0.2,10.0,168.4375,3.0,CONVERGED,140,clique_única,False,,1,[45],[1.0],0,0.0,0.0,72.00829081632652,True
Ω-EXP-002350,omega_b,,100,0.2,10.0,168.4375,3.0,CONVERGED,157,clique_única,False,,1,[45],[1.0],0,0.0,0.0,72.00829081632652,True
Ω-EXP-002351,omega_b,,100,0.2,10.0,168.4375,3.0,CONVERGED,151,clique_única,False,,1,[45],[1.0],0,0.0,0.0,72.00829081632652,True
Ω-EXP-002352,omega_b,,100,0.2,10.0,168.4375,3.0,CONVERGED,178,clique_única,False,,1,[45],[1.0],0,0.0,0.0,72.00829081632652,True
Ω-EXP-002353,omega_b,,100,0.2,10.0,168.4375,3.0,CONVERGED,160,clique_única,False,,1,[45],[1.0],0,0.0,0.0,72.00829081632652,True
Ω-EXP-002354,omega_b,,100,0.2,10.0,168.4375,3.0,CONVERGED,174,clique_única,False,,1,[45],[1.0],0,0.0,0.0,72.00829081632652,True
