rho,alpha_hat,gamma_hat,eta_hat,seed,S_geo_min,geo_best,geo_best_detail,S_non_min,non_best,non_best_detail,delta_S,n_geo,n_non,delta_S_local,factor
0.027906976744186046,9.042845911949685,0.0,0.0,0,15.634696570550984,RGG3_weighted,"step,r_mult=3.0000,a=0.0288231",15.041333918385272,uniform,,2.5553947121693045e-05,31,7,0.003941258021953526,0.25
0.027906976744186046,9.042845911949685,0.0,0.1,0,15.64231547100558,RGG3_weighted,"step,r_mult=3.0000,a=0.0288231",15.042277211804802,uniform,,2.5841440964719114e-05,31,7,0.003971992817867242,0.25
0.027906976744186046,9.042845911949685,0.0,1.0,0,15.71088557509693,RGG3_weighted,"step,r_mult=3.0000,a=0.0288231",15.050766852580567,uniform,,2.8428885551953577e-05,31,7,0.004248605981090684,0.25
0.027906976744186046,18.08569182389937,1.0,0.0,0,12.59817721622841,RGG3_weighted,"step,r_mult=3.0000,a=0.0288231",-407.4761726326927,clique_colex,,0.01809105727170203,31,7,0.02177692632032234,0.25
0.027906976744186046,18.08569182389937,1.0,0.1,0,12.605796116683004,RGG3_weighted,"step,r_mult=3.0000,a=0.0288231",-405.65935020278613,clique_colex,,0.0180131415296929,31,7,0.021729457880383905,0.25
0.027906976744186046,18.08569182389937,1.0,1.0,0,12.674366220774354,RGG3_weighted,"step,r_mult=3.0000,a=0.0288231",-389.3079483336273,clique_colex,,0.01731189985161075,31,7,0.02130224192093796,0.25
0.027906976744186046,99.47130503144653,10.0,0.0,0,-14.730496972674763,RGG3_weighted,"step,r_mult=3.0000,a=0.0288231",-4359.609603685417,clique_colex,,0.18711796325205607,31,7,0.18747613328198645,0.25
0.027906976744186046,99.47130503144653,10.0,0.1,0,-14.722878072220167,RGG3_weighted,"step,r_mult=3.0000,a=0.0288231",-4357.792781255511,clique_colex,,0.187040047510047,31,7,0.18747442852089582,0.25
0.027906976744186046,99.47130503144653,10.0,1.0,0,-14.654307968128817,RGG3_weighted,"step,r_mult=3.0000,a=0.0288231",-4341.441379386351,clique_colex,,0.1863388058319648,31,7,0.18733236389972954,0.25
0.027906976744186046,913.3274371069182,100.0,0.0,0,-3992.2976226349138,RGG3_weighted,"linear,r_mult=0.9545,a=2.6502",-43880.94391421266,clique_colex,,1.717857290765622,31,7,1.717857290765622,0.25
0.027906976744186046,913.3274371069182,100.0,0.1,0,-3988.878222199732,RGG3_weighted,"linear,r_mult=0.9545,a=2.6502",-43879.12709178275,clique_colex,,1.7179263079062455,31,7,1.7179263079062455,0.25
0.027906976744186046,913.3274371069182,100.0,1.0,0,-3958.1036182830976,RGG3_weighted,"linear,r_mult=0.9545,a=2.6502",-43862.77568991359,clique_colex,,1.7185474621718562,31,7,1.7185474621718562,0.25
0.027906976744186046,18.08569182389937,0.0,0.0,0,12.592051267603178,RGG3_weighted,"step,r_mult=3.0000,a=0.0288231",-584.7004716981132,clique_colex,,0.025723192203519228,31,7,0.029367598247149233,0.5
0.027906976744186046,18.08569182389937,0.0,0.1,0,12.599670168057774,RGG3_weighted,"step,r_mult=3.0000,a=0.0288231",-582.8836492682067,clique_colex,,0.025645276461510096,31,7,0.029320129807210795,0.5
0.027906976744186046,18.08569182389937,0.0,1.0,0,12.668240272149124,RGG3_weighted,"step,r_mult=3.0000,a=0.0288231",-566.5322473990478,clique_colex,,0.024944034783427948,31,7,0.02889291384776485,0.5
0.027906976744186046,36.17138364779874,1.0,0.0,0,6.512886610332799,RGG3_weighted,"step,r_mult=3.0000,a=0.0288231",-1640.1766443308059,clique_colex,,0.07091686179763733,31,7,0.07406013478385398,0.5
0.027906976744186046,36.17138364779874,1.0,0.1,0,6.520505510787394,RGG3_weighted,"step,r_mult=3.0000,a=0.0288231",-1638.3598219008993,clique_colex,,0.0708389460556282,31,7,0.07401266634391555,0.5
0.027906976744186046,36.17138364779874,1.0,1.0,0,6.5890756148787455,RGG3_weighted,"step,r_mult=3.0000,a=0.0288231",-1622.0084200317403,clique_colex,,0.07013770437754605,31,7,0.0735854503844696,0.5
0.027906976744186046,198.94261006289307,10.0,0.0,0,-555.2525339952213,RGG3_weighted,"linear,r_mult=0.9545,a=2.6502",-11139.46219802504,clique_colex,,0.4558229829470206,31,7,0.4558229829470206,0.5
0.027906976744186046,198.94261006289307,10.0,0.1,0,-551.8331335600396,RGG3_weighted,"linear,r_mult=0.9545,a=2.6502",-11137.645375595133,clique_colex,,0.455892000087644,31,7,0.455892000087644,0.5
0.027906976744186046,198.94261006289307,10.0,1.0,0,-521.058529643405,RGG3_weighted,"linear,r_mult=0.9545,a=2.6502",-11121.293973725975,clique_colex,,0.4565131543532545,31,7,0.4565131543532545,0.5
0.027906976744186046,1826.6548742138364,100.0,0.0,0,-9144.621115241589,RGG3_weighted,"linear,r_mult=0.9545,a=2.6502",-106132.31773496738,clique_colex,,4.176903385862437,31,7,4.176903385862437,0.5
0.027906976744186046,1826.6548742138364,100.0,0.1,0,-9141.201714806408,RGG3_weighted,"linear,r_mult=0.9545,a=2.6502",-106130.50091253748,clique_colex,,4.176972403003061,31,7,4.176972403003061,0.5
0.027906976744186046,1826.6548742138364,100.0,1.0,0,-9110.427110889772,RGG3_weighted,"linear,r_mult=0.9545,a=2.6502",-106114.14951066831,clique_colex,,4.177593557268671,31,7,4.177593557268671,0.5
0.027906976744186046,36.17138364779874,0.0,0.0,0,6.506760661707569,RGG3_weighted,"step,r_mult=3.0000,a=0.0288231",-1817.4009433962265,clique_colex,,0.07854899672945452,31,7,0.08165080671068088,1.0
0.027906976744186046,36.17138364779874,0.0,0.1,0,6.514379562162163,RGG3_weighted,"step,r_mult=3.0000,a=0.0288231",-1815.58412096632,clique_colex,,0.0784710809874454,31,7,0.08160333827074244,1.0
0.027906976744186046,36.17138364779874,0.0,1.0,0,6.582949666253515,RGG3_weighted,"step,r_mult=3.0000,a=0.0288231",-1799.232719097161,clique_colex,,0.07776983930936325,31,7,0.08117612231129649,1.0
0.027906976744186046,72.34276729559748,1.0,0.0,0,-5.657694601458422,RGG3_weighted,"step,r_mult=3.0000,a=0.0288231",-4105.577587727033,clique_colex,,0.17656847084950794,31,7,0.1783285837567538,1.0
0.027906976744186046,72.34276729559748,1.0,0.1,0,-5.650075701003828,RGG3_weighted,"step,r_mult=3.0000,a=0.0288231",-4103.760765297126,clique_colex,,0.17649055510749884,31,7,0.17828756591614225,1.0
0.027906976744186046,72.34276729559748,1.0,1.0,0,-5.581505596912476,RGG3_weighted,"step,r_mult=3.0000,a=0.0288231",-4087.409363427967,clique_colex,,0.17578931342941664,31,7,0.17791840535063788,1.0
0.027906976744186046,397.88522012578613,10.0,0.0,0,-1677.540819513507,RGG3_weighted,"linear,r_mult=0.9545,a=2.6502",-24699.167386704285,clique_colex,,0.9914567858393961,31,7,0.9914567858393961,1.0
0.027906976744186046,397.88522012578613,10.0,0.1,0,-1674.1214190783253,RGG3_weighted,"linear,r_mult=0.9545,a=2.6502",-24697.350564274377,clique_colex,,0.9915258029800195,31,7,0.9915258029800195,1.0
0.027906976744186046,397.88522012578613,10.0,1.0,0,-1643.3468151616905,RGG3_weighted,"linear,r_mult=0.9545,a=2.6502",-24680.99916240522,clique_colex,,0.9921469572456301,31,7,0.9921469572456301,1.0
0.027906976744186046,3653.3097484276727,100.0,0.0,0,-19449.268100454934,RGG3_weighted,"linear,r_mult=0.9545,a=2.6502",-230635.0653764768,clique_colex,,9.094995576056066,31,7,9.094995576056066,1.0
0.027906976744186046,3653.3097484276727,100.0,0.1,0,-19445.848700019753,RGG3_weighted,"linear,r_mult=0.9545,a=2.6502",-230633.24855404688,clique_colex,,9.095064593196689,31,7,9.095064593196689,1.0
0.027906976744186046,3653.3097484276727,100.0,1.0,0,-19415.07409610312,RGG3_weighted,"linear,r_mult=0.9545,a=2.6502",-230616.89715217773,clique_colex,,9.0956857474623,31,7,9.0956857474623,1.0
0.027906976744186046,54.257075471698116,0.0,0.0,0,0.42147005581195884,RGG3_weighted,"step,r_mult=3.0000,a=0.0288231",-3050.1014150943392,clique_colex,,0.1313748012553898,31,7,0.13393401517421252,1.5
0.027906976744186046,54.257075471698116,0.0,0.1,0,0.4290889562665534,RGG3_weighted,"step,r_mult=3.0000,a=0.0288231",-3048.2845926644327,clique_colex,,0.13129688551338067,31,7,0.13388654673427408,1.5
0.027906976744186046,54.257075471698116,0.0,1.0,0,0.4976590603579047,RGG3_weighted,"step,r_mult=3.0000,a=0.0288231",-3031.9331907952737,clique_colex,,0.1305956438352985,31,7,0.13345933077482813,1.5
0.027906976744186046,108.51415094339623,1.0,0.0,0,-104.56512106151902,RGG3_weighted,"smooth,r_mult=0.9545,a=1.50389",-6570.978531123258,clique_colex,,0.27848464298284836,31,7,0.27848464298284836,1.5
0.027906976744186046,108.51415094339623,1.0,0.1,0,-101.26144913428658,RGG3_weighted,"smooth,r_mult=0.9545,a=1.50389",-6569.161708693352,clique_colex,,0.27854867612226814,31,7,0.27854867612226814,1.5
0.027906976744186046,108.51415094339623,1.0,1.0,0,-71.52840178919459,RGG3_weighted,"smooth,r_mult=0.9545,a=1.50389",-6552.810306824193,clique_colex,,0.2791249743770456,31,7,0.2791249743770456,1.5
0.027906976744186046,596.8278301886792,10.0,0.0,0,-2799.8291050317916,RGG3_weighted,"linear,r_mult=0.9545,a=2.6502",-38258.872575383524,clique_colex,,1.5270905887317714,31,7,1.5270905887317714,1.5
0.027906976744186046,596.8278301886792,10.0,0.1,0,-2796.40970459661,RGG3_weighted,"linear,r_mult=0.9545,a=2.6502",-38257.055752953616,clique_colex,,1.5271596058723946,31,7,1.5271596058723946,1.5
0.027906976744186046,596.8278301886792,10.0,1.0,0,-2765.6351006799755,RGG3_weighted,"linear,r_mult=0.9545,a=2.6502",-38240.70435108446,clique_colex,,1.5277807601380053,31,7,1.5277807601380053,1.5
0.027906976744186046,5479.964622641509,100.0,0.0,0,-29753.915085668283,RGG3_weighted,"linear,r_mult=0.9545,a=2.6502",-355137.8130179862,clique_colex,,14.013087766249695,31,7,14.013087766249695,1.5
0.027906976744186046,5479.964622641509,100.0,0.1,0,-29750.4956852331,RGG3_weighted,"linear,r_mult=0.9545,a=2.6502",-355135.9961955563,clique_colex,,14.013156783390318,31,7,14.013156783390318,1.5
0.027906976744186046,5479.964622641509,100.0,1.0,0,-29719.721081316467,RGG3_weighted,"linear,r_mult=0.9545,a=2.6502",-355119.6447936871,clique_colex,,14.013777937655927,31,7,14.013777937655927,1.5
0.027906976744186046,108.51415094339623,0.0,0.0,0,-111.00928606201728,RGG3_weighted,"linear,r_mult=0.9545,a=2.6502",-6748.2028301886785,clique_colex,,0.2858395152509329,31,7,0.2858395152509329,3.0
0.027906976744186046,108.51415094339623,0.0,0.1,0,-107.6797774631398,RGG3_weighted,"smooth,r_mult=0.9545,a=1.50389",-6746.386007758772,clique_colex,,0.2859046610807766,31,7,0.2859046610807766,3.0
0.027906976744186046,108.51415094339623,0.0,1.0,0,-77.94673011804781,RGG3_weighted,"smooth,r_mult=0.9545,a=1.50389",-6730.034605889613,clique_colex,,0.28648095933555406,31,7,0.28648095933555406,3.0
0.027906976744186046,217.02830188679246,1.0,0.0,0,-716.5777536144805,RGG3_weighted,"linear,r_mult=0.9545,a=2.6502",-13967.181361311936,clique_colex,,0.5706547634667294,31,7,0.5706547634667294,3.0
0.027906976744186046,217.02830188679246,1.0,0.1,0,-713.1583531792988,RGG3_weighted,"linear,r_mult=0.9545,a=2.6502",-13965.36453888203,clique_colex,,0.5707237806073527,31,7,0.5707237806073527,3.0
0.027906976744186046,217.02830188679246,1.0,1.0,0,-682.3837492626642,RGG3_weighted,"linear,r_mult=0.9545,a=2.6502",-13949.013137012871,clique_colex,,0.5713449348729632,31,7,0.5713449348729632,3.0
0.027906976744186046,1193.6556603773583,10.0,0.0,0,-6166.693961586647,RGG3_weighted,"linear,r_mult=0.9545,a=2.6502",-78937.98814142124,clique_colex,,3.1339919974088977,31,7,3.1339919974088977,3.0
0.027906976744186046,1193.6556603773583,10.0,0.1,0,-6163.274561151465,RGG3_weighted,"linear,r_mult=0.9545,a=2.6502",-78936.17131899134,clique_colex,,3.1340610145495207,31,7,3.1340610145495207,3.0
0.027906976744186046,1193.6556603773583,10.0,1.0,0,-6132.499957234831,RGG3_weighted,"linear,r_mult=0.9545,a=2.6502",-78919.81991712218,clique_colex,,3.1346821688151314,31,7,3.1346821688151314,3.0
0.027906976744186046,10959.929245283018,100.0,0.0,0,-60667.856041308325,RGG3_weighted,"linear,r_mult=0.9545,a=2.6502",-728646.0559425144,clique_colex,,28.767364336830582,31,7,28.767364336830582,3.0
0.027906976744186046,10959.929245283018,100.0,0.1,0,-60664.436640873144,RGG3_weighted,"linear,r_mult=0.9545,a=2.6502",-728644.2391200846,clique_colex,,28.76743335397121,31,7,28.76743335397121,3.0
0.027906976744186046,10959.929245283018,100.0,1.0,0,-60633.662036956506,RGG3_weighted,"linear,r_mult=0.9545,a=2.6502",-728627.8877182154,clique_colex,,28.768054508236816,31,7,28.768054508236816,3.0
0.027906976744186046,9.042845911949685,0.0,0.0,1,15.69055467583221,RGG3_weighted,"step,r_mult=3.0000,a=0.0289092",15.041333918385272,uniform,,2.7959550277645937e-05,31,7,0.0038008371468891003,0.25
0.027906976744186046,9.042845911949685,0.0,0.1,1,15.698803396006996,RGG3_weighted,"step,r_mult=3.0000,a=0.0289092",15.042277211804802,uniform,,2.8274168139629387e-05,31,7,0.0038305793280817594,0.25
0.027906976744186046,9.042845911949685,0.0,1.0,1,15.773041877580061,RGG3_weighted,"step,r_mult=3.0000,a=0.0289092",15.050766852580567,uniform,,3.110572889748035e-05,31,7,0.004098258958815688,0.25
0.027906976744186046,18.08569182389937,1.0,0.0,1,12.65434254739871,RGG3_weighted,"step,r_mult=3.0000,a=0.0289092",-407.4761726326927,clique_colex,,0.01809347610594709,31,7,0.021646112704938814,0.25
0.027906976744186046,18.08569182389937,1.0,0.1,1,12.662591267573495,RGG3_weighted,"step,r_mult=3.0000,a=0.0289092",-405.65935020278613,clique_colex,,0.018015587487956918,31,7,0.02159765165027932,0.25
0.027906976744186046,18.08569182389937,1.0,1.0,1,12.73682974914656,RGG3_weighted,"step,r_mult=3.0000,a=0.0289092",-389.3079483336273,clique_colex,,0.017314589926045384,31,7,0.021161502158343864,0.25
0.027906976744186046,99.47130503144653,10.0,0.0,1,-14.671566608502816,RGG3_weighted,"step,r_mult=3.0000,a=0.0289092",-4359.609603685417,clique_colex,,0.1871205011661031,31,7,0.18788941613025706,0.25
0.027906976744186046,99.47130503144653,10.0,0.1,1,-14.66331788832803,RGG3_weighted,"step,r_mult=3.0000,a=0.0289092",-4357.792781255511,clique_colex,,0.18704261254811297,31,7,0.18785112643399973,0.25
0.027906976744186046,99.47130503144653,10.0,1.0,1,-14.589079406754966,RGG3_weighted,"step,r_mult=3.0000,a=0.0289092",-4341.441379386351,clique_colex,,0.18634161498620141,31,7,0.18747045227512568,0.25
0.027906976744186046,913.3274371069182,100.0,0.0,1,-3538.1598004689836,RGG3_weighted,"linear,r_mult=0.9545,a=2.64742",-43880.94391421266,clique_colex,,1.7374153365092022,31,7,1.7374153365092022,0.25
0.027906976744186046,913.3274371069182,100.0,0.1,1,-3534.7758170848197,RGG3_weighted,"linear,r_mult=0.9545,a=2.64742",-43879.12709178275,clique_colex,,1.7374828283676973,31,7,1.7374828283676973,0.25
0.027906976744186046,913.3274371069182,100.0,1.0,1,-3504.319966627343,RGG3_weighted,"linear,r_mult=0.9545,a=2.64742",-43862.77568991359,clique_colex,,1.7380902550941537,31,7,1.7380902550941537,0.25
0.027906976744186046,18.08569182389937,0.0,0.0,1,12.64793959926648,RGG3_weighted,"step,r_mult=3.0000,a=0.0289092",-584.7004716981132,clique_colex,,0.025725599108414286,31,7,0.029241610339551867,0.5
0.027906976744186046,18.08569182389937,0.0,0.1,1,12.656188319441265,RGG3_weighted,"step,r_mult=3.0000,a=0.0289092",-582.8836492682067,clique_colex,,0.025647710490424115,31,7,0.02919314928489237,0.5
0.027906976744186046,18.08569182389937,0.0,1.0,1,12.73042680101433,RGG3_weighted,"step,r_mult=3.0000,a=0.0289092",-566.5322473990478,clique_colex,,0.024946712928512582,31,7,0.028756999792956917,0.5
0.027906976744186046,36.17138364779874,1.0,0.0,1,6.569112394267244,RGG3_weighted,"step,r_mult=3.0000,a=0.0289092",-1640.1766443308059,clique_colex,,0.07091928323536059,31,7,0.07395818710340457,0.5
0.027906976744186046,36.17138364779874,1.0,0.1,1,6.577361114442029,RGG3_weighted,"step,r_mult=3.0000,a=0.0289092",-1638.3598219008993,clique_colex,,0.07084139461737043,31,7,0.07390972604874509,0.5
0.027906976744186046,36.17138364779874,1.0,1.0,1,6.651599596015095,RGG3_weighted,"step,r_mult=3.0000,a=0.0289092",-1622.0084200317403,clique_colex,,0.0701403970554589,31,7,0.07347357655680962,0.5
0.027906976744186046,198.94261006289307,10.0,0.0,1,-432.0922999302552,RGG3_weighted,"linear,r_mult=0.9545,a=2.64742",-11139.46219802504,clique_colex,,0.46112704126161863,31,7,0.46112704126161863,0.5
0.027906976744186046,198.94261006289307,10.0,0.1,1,-428.7083165460911,RGG3_weighted,"linear,r_mult=0.9545,a=2.64742",-11137.645375595133,clique_colex,,0.46119453312011377,31,7,0.46119453312011377,0.5
0.027906976744186046,198.94261006289307,10.0,1.0,1,-398.2524660886146,RGG3_weighted,"linear,r_mult=0.9545,a=2.64742",-11121.293973725975,clique_colex,,0.46180195984657024,31,7,0.46180195984657024,0.5
0.027906976744186046,1826.6548742138364,100.0,0.0,1,-8006.922282748881,RGG3_weighted,"linear,r_mult=0.9545,a=2.64742",-106132.31773496738,clique_colex,,4.225899890276421,31,7,4.225899890276421,0.5
0.027906976744186046,1826.6548742138364,100.0,0.1,1,-8003.538299364717,RGG3_weighted,"linear,r_mult=0.9545,a=2.64742",-106130.50091253748,clique_colex,,4.225967382134916,31,7,4.225967382134916,0.5
0.027906976744186046,1826.6548742138364,100.0,1.0,1,-7973.08244890724,RGG3_weighted,"linear,r_mult=0.9545,a=2.64742",-106114.14951066831,clique_colex,,4.226574808861373,31,7,4.226574808861373,0.5
0.027906976744186046,36.17138364779874,0.0,0.0,1,6.562709446135015,RGG3_weighted,"step,r_mult=3.0000,a=0.0289092",-1817.4009433962265,clique_colex,,0.07855140623782779,31,7,0.08155368473801763,1.0
0.027906976744186046,36.17138364779874,0.0,0.1,1,6.5709581663098,RGG3_weighted,"step,r_mult=3.0000,a=0.0289092",-1815.58412096632,clique_colex,,0.07847351761983763,31,7,0.08150522368335814,1.0
0.027906976744186046,36.17138364779874,0.0,1.0,1,6.645196647882866,RGG3_weighted,"step,r_mult=3.0000,a=0.0289092",-1799.232719097161,clique_colex,,0.07777252005792609,31,7,0.08106907419142267,1.0
0.027906976744186046,72.34276729559748,1.0,0.0,1,-5.601347911995682,RGG3_weighted,"step,r_mult=3.0000,a=0.0289092",-4105.577587727033,clique_colex,,0.17657089749418764,31,7,0.1784182354095615,1.0
0.027906976744186046,72.34276729559748,1.0,0.1,1,-5.593099191820897,RGG3_weighted,"step,r_mult=3.0000,a=0.0289092",-4103.760765297126,clique_colex,,0.17649300887619745,31,7,0.17837593828079773,1.0
0.027906976744186046,72.34276729559748,1.0,1.0,1,-5.518860710247831,RGG3_weighted,"step,r_mult=3.0000,a=0.0289092",-4087.409363427967,clique_colex,,0.17579201131428593,31,7,0.17799526412192365,1.0
0.027906976744186046,397.88522012578613,10.0,0.0,1,-1405.4861079516188,RGG3_weighted,"linear,r_mult=0.9545,a=2.64742",-24699.167386704285,clique_colex,,1.0031731816861613,31,7,1.0031731816861613,1.0
0.027906976744186046,397.88522012578613,10.0,0.1,1,-1402.1021245674547,RGG3_weighted,"linear,r_mult=0.9545,a=2.64742",-24697.350564274377,clique_colex,,1.0032406735446564,31,7,1.0032406735446564,1.0
0.027906976744186046,397.88522012578613,10.0,1.0,1,-1371.646274109978,RGG3_weighted,"linear,r_mult=0.9545,a=2.64742",-24680.99916240522,clique_colex,,1.0038481002711128,31,7,1.0038481002711128,1.0
0.027906976744186046,3653.3097484276727,100.0,0.0,1,-16944.447247308675,RGG3_weighted,"linear,r_mult=0.9545,a=2.64742",-230635.0653764768,clique_colex,,9.202868997810858,31,7,9.202868997810858,1.0
0.027906976744186046,3653.3097484276727,100.0,0.1,1,-16941.063263924512,RGG3_weighted,"linear,r_mult=0.9545,a=2.64742",-230633.24855404688,clique_colex,,9.202936489669353,31,7,9.202936489669353,1.0
0.027906976744186046,3653.3097484276727,100.0,1.0,1,-16910.607413467034,RGG3_weighted,"linear,r_mult=0.9545,a=2.64742",-230616.89715217773,clique_colex,,9.203543916395809,31,7,9.203543916395809,1.0
0.027906976744186046,54.257075471698116,0.0,0.0,1,0.47747929300355096,RGG3_weighted,"step,r_mult=3.0000,a=0.0289092",-3050.1014150943392,clique_colex,,0.13137721336724129,31,7,0.13386575913648338,1.5
0.027906976744186046,54.257075471698116,0.0,0.1,1,0.4857280131783361,RGG3_weighted,"step,r_mult=3.0000,a=0.0289092",-3048.2845926644327,clique_colex,,0.13129932474925113,31,7,0.13381729808182388,1.5
0.027906976744186046,54.257075471698116,0.0,1.0,1,0.559966494751402,RGG3_weighted,"step,r_mult=3.0000,a=0.0289092",-3031.9331907952737,clique_colex,,0.13059832718733957,31,7,0.13338114858988842,1.5
0.027906976744186046,108.51415094339623,1.0,0.0,1,-36.90956315259385,RGG3_weighted,"linear,r_mult=1.1818,a=1.17497",-6570.978531123258,clique_colex,,0.281398319034051,31,7,0.281398319034051,1.5
0.027906976744186046,108.51415094339623,1.0,0.1,1,-35.14392998294008,RGG3_weighted,"linear,r_mult=1.1818,a=1.17497",-6569.161708693352,clique_colex,,0.2813961145008791,31,7,0.2813961145008791,1.5
0.027906976744186046,108.51415094339623,1.0,1.0,1,-19.253231456056206,RGG3_weighted,"linear,r_mult=1.1818,a=1.17497",-6552.810306824193,clique_colex,,0.2813762737023315,31,7,0.2813762737023315,1.5
0.027906976744186046,596.8278301886792,10.0,0.0,1,-2378.879915972983,RGG3_weighted,"linear,r_mult=0.9545,a=2.64742",-38258.872575383524,clique_colex,,1.5452193221107038,31,7,1.5452193221107038,1.5
0.027906976744186046,596.8278301886792,10.0,0.1,1,-2375.495932588819,RGG3_weighted,"linear,r_mult=0.9545,a=2.64742",-38257.055752953616,clique_colex,,1.5452868139691989,31,7,1.5452868139691989,1.5
0.027906976744186046,596.8278301886792,10.0,1.0,1,-2345.0400821313424,RGG3_weighted,"linear,r_mult=0.9545,a=2.64742",-38240.70435108446,clique_colex,,1.5458942406956553,31,7,1.5458942406956553,1.5
0.027906976744186046,5479.964622641509,100.0,0.0,1,-25881.97221186847,RGG3_weighted,"linear,r_mult=0.9545,a=2.64742",-355137.8130179862,clique_colex,,14.179838105345295,31,7,14.179838105345295,1.5
0.027906976744186046,5479.964622641509,100.0,0.1,1,-25878.588228484306,RGG3_weighted,"linear,r_mult=0.9545,a=2.64742",-355135.9961955563,clique_colex,,14.179905597203788,31,7,14.179905597203788,1.5
0.027906976744186046,5479.964622641509,100.0,1.0,1,-25848.13237802683,RGG3_weighted,"linear,r_mult=0.9545,a=2.64742",-355119.6447936871,clique_colex,,14.180513023930244,31,7,14.180513023930244,1.5
0.027906976744186046,108.51415094339623,0.0,0.0,1,-39.434015699954784,RGG3_weighted,"linear,r_mult=1.1818,a=1.17497",-6748.2028301886785,clique_colex,,0.28892199890132314,31,7,0.28892199890132314,3.0
0.027906976744186046,108.51415094339623,0.0,0.1,1,-37.66838253030102,RGG3_weighted,"linear,r_mult=1.1818,a=1.17497",-6746.386007758772,clique_colex,,0.28891979436815124,31,7,0.28891979436815124,3.0
0.027906976744186046,108.51415094339623,0.0,1.0,1,-21.777684003417143,RGG3_weighted,"linear,r_mult=1.1818,a=1.17497",-6730.034605889613,clique_colex,,0.2888999535696036,31,7,0.2888999535696036,3.0
0.027906976744186046,217.02830188679246,1.0,0.0,1,-559.5127634859961,RGG3_weighted,"linear,r_mult=0.9545,a=2.64742",-13967.181361311936,clique_colex,,0.5774189749279044,31,7,0.5774189749279044,3.0
0.027906976744186046,217.02830188679246,1.0,0.1,1,-556.128780101832,RGG3_weighted,"linear,r_mult=0.9545,a=2.64742",-13965.36453888203,clique_colex,,0.5774864667863996,31,7,0.5774864667863996,3.0
0.027906976744186046,217.02830188679246,1.0,1.0,1,-525.6729296443555,RGG3_weighted,"linear,r_mult=0.9545,a=2.64742",-13949.013137012871,clique_colex,,0.578093893512856,31,7,0.578093893512856,3.0
0.027906976744186046,1193.6556603773583,10.0,0.0,1,-5299.061340037073,RGG3_weighted,"linear,r_mult=0.9545,a=2.64742",-78937.98814142124,clique_colex,,3.171357743384331,31,7,3.171357743384331,3.0
0.027906976744186046,1193.6556603773583,10.0,0.1,1,-5295.677356652909,RGG3_weighted,"linear,r_mult=0.9545,a=2.64742",-78936.17131899134,clique_colex,,3.1714252352428263,31,7,3.1714252352428263,3.0
0.027906976744186046,1193.6556603773583,10.0,1.0,1,-5265.221506195432,RGG3_weighted,"linear,r_mult=0.9545,a=2.64742",-78919.81991712218,clique_colex,,3.1720326619692827,31,7,3.1720326619692827,3.0
0.027906976744186046,10959.929245283018,100.0,0.0,1,-52694.54710554785,RGG3_weighted,"linear,r_mult=0.9545,a=2.64742",-728646.0559425144,clique_colex,,29.110745427948604,31,7,29.110745427948604,3.0
0.027906976744186046,10959.929245283018,100.0,0.1,1,-52691.163122163685,RGG3_weighted,"linear,r_mult=0.9545,a=2.64742",-728644.2391200846,clique_colex,,29.1108129198071,31,7,29.1108129198071,3.0
0.027906976744186046,10959.929245283018,100.0,1.0,1,-52660.70727170621,RGG3_weighted,"linear,r_mult=0.9545,a=2.64742",-728627.8877182154,clique_colex,,29.111420346533556,31,7,29.111420346533556,3.0
0.027906976744186046,9.042845911949685,0.0,0.0,2,15.648927412547899,RGG3_weighted,"step,r_mult=3.0000,a=0.0288449",15.041333918385272,uniform,,2.616681714739995e-05,31,7,0.003910082202816929,0.25
0.027906976744186046,9.042845911949685,0.0,0.1,2,15.656709729071055,RGG3_weighted,"step,r_mult=3.0000,a=0.0288449",15.042277211804802,uniform,,2.6461348719476902e-05,31,7,0.00394055482681474,0.25
0.027906976744186046,9.042845911949685,0.0,1.0,2,15.72675057777947,RGG3_weighted,"step,r_mult=3.0000,a=0.0288449",15.050766852580567,uniform,,2.911213286816978e-05,31,7,0.004214808442795038,0.25
0.027906976744186046,18.08569182389937,1.0,0.0,2,12.612234413730759,RGG3_weighted,"step,r_mult=3.0000,a=0.0288449",-407.4761726326927,clique_colex,,0.018091662663497994,31,7,0.021745347888523184,0.25
0.027906976744186046,18.08569182389937,1.0,0.1,2,12.620016730253916,RGG3_weighted,"step,r_mult=3.0000,a=0.0288449",-405.65935020278613,clique_colex,,0.018013753959217917,31,7,0.02169761727666884,0.25
0.027906976744186046,18.08569182389937,1.0,1.0,2,12.69005757896233,RGG3_weighted,"step,r_mult=3.0000,a=0.0288449",-389.3079483336273,clique_colex,,0.017312575620697226,31,7,0.021268041769979755,0.25
0.027906976744186046,99.47130503144653,10.0,0.0,2,-14.718002575623496,RGG3_weighted,"step,r_mult=3.0000,a=0.0288449",-4359.609603685417,clique_colex,,0.1871185013397844,31,7,0.18776330285734852,0.25
0.027906976744186046,99.47130503144653,10.0,0.1,2,-14.710220259100339,RGG3_weighted,"step,r_mult=3.0000,a=0.0288449",-4357.792781255511,clique_colex,,0.18704059263550432,31,7,0.18772705797231007,0.25
0.027906976744186046,99.47130503144653,10.0,1.0,2,-14.640179410391925,RGG3_weighted,"step,r_mult=3.0000,a=0.0288449",-4341.441379386351,clique_colex,,0.1863394142969836,31,7,0.1874008540069636,0.25
0.027906976744186046,913.3274371069182,100.0,0.0,2,-3831.0100474401374,RGG3_weighted,"linear,r_mult=0.9545,a=2.62095",-43880.94391421266,clique_colex,,1.724803353435509,31,7,1.724803353435509,0.25
0.027906976744186046,913.3274371069182,100.0,0.1,2,-3827.604775463145,RGG3_weighted,"linear,r_mult=0.9545,a=2.62095",-43879.12709178275,clique_colex,,1.7248717621154008,31,7,1.7248717621154008,0.25
0.027906976744186046,913.3274371069182,100.0,1.0,2,-3796.9573276702117,RGG3_weighted,"linear,r_mult=0.9545,a=2.62095",-43862.77568991359,clique_colex,,1.7254874402344262,31,7,1.7254874402344262,0.25
0.027906976744186046,18.08569182389937,0.0,0.0,2,12.606379196339955,RGG3_weighted,"step,r_mult=3.0000,a=0.0288449",-584.7004716981132,clique_colex,,0.025723809254713747,31,7,0.029342169046205,0.5
0.027906976744186046,18.08569182389937,0.0,0.1,2,12.614161512863111,RGG3_weighted,"step,r_mult=3.0000,a=0.0288449",-582.8836492682067,clique_colex,,0.02564590055043367,31,7,0.02929443843435065,0.5
0.027906976744186046,18.08569182389937,0.0,1.0,2,12.684202361571526,RGG3_weighted,"step,r_mult=3.0000,a=0.0288449",-566.5322473990478,clique_colex,,0.02494472221191298,31,7,0.02886486292766157,0.5
0.027906976744186046,36.17138364779874,1.0,0.0,2,6.52713798131487,RGG3_weighted,"step,r_mult=3.0000,a=0.0288449",-1640.1766443308059,clique_colex,,0.07091747555177091,31,7,0.07404004958843954,0.5
0.027906976744186046,36.17138364779874,1.0,0.1,2,6.534920297838027,RGG3_weighted,"step,r_mult=3.0000,a=0.0288449",-1638.3598219008993,clique_colex,,0.07083956684749083,31,7,0.0739923189765852,0.5
0.027906976744186046,36.17138364779874,1.0,1.0,2,6.604961146546441,RGG3_weighted,"step,r_mult=3.0000,a=0.0288449",-1622.0084200317403,clique_colex,,0.07013838850897014,31,7,0.07356274346989611,0.5
0.027906976744186046,198.94261006289307,10.0,0.0,2,-508.15940102654577,RGG3_weighted,"linear,r_mult=0.9545,a=2.62095",-11139.46219802504,clique_colex,,0.4578511109818473,31,7,0.4578511109818473,0.5
0.027906976744186046,198.94261006289307,10.0,0.1,2,-504.75412904955317,RGG3_weighted,"linear,r_mult=0.9545,a=2.62095",-11137.645375595133,clique_colex,,0.457919519661739,31,7,0.457919519661739,0.5
0.027906976744186046,198.94261006289307,10.0,1.0,2,-474.10668125661994,RGG3_weighted,"linear,r_mult=0.9545,a=2.62095",-11121.293973725975,clique_colex,,0.4585351977807646,31,7,0.4585351977807646,0.5
0.027906976744186046,1826.6548742138364,100.0,0.0,2,-8752.272075105435,RGG3_weighted,"linear,r_mult=0.9545,a=2.62095",-106132.31773496738,clique_colex,,4.193800416014726,31,7,4.193800416014726,0.5
0.027906976744186046,1826.6548742138364,100.0,0.1,2,-8748.866803128441,RGG3_weighted,"linear,r_mult=0.9545,a=2.62095",-106130.50091253748,clique_colex,,4.193868824694618,31,7,4.193868824694618,0.5
0.027906976744186046,1826.6548742138364,100.0,1.0,2,-8718.219355335508,RGG3_weighted,"linear,r_mult=0.9545,a=2.62095",-106114.14951066831,clique_colex,,4.194484502813644,31,7,4.194484502813644,0.5
0.027906976744186046,36.17138364779874,0.0,0.0,2,6.521282763924065,RGG3_weighted,"step,r_mult=3.0000,a=0.0288449",-1817.4009433962265,clique_colex,,0.07854962214298668,31,7,0.08163687074612137,1.0
0.027906976744186046,36.17138364779874,0.0,0.1,2,6.5290650804472214,RGG3_weighted,"step,r_mult=3.0000,a=0.0288449",-1815.58412096632,clique_colex,,0.0784717134387066,31,7,0.08158914013426702,1.0
0.027906976744186046,36.17138364779874,0.0,1.0,2,6.599105929155636,RGG3_weighted,"step,r_mult=3.0000,a=0.0288449",-1799.232719097161,clique_colex,,0.0777705351001859,31,7,0.08115956462757794,1.0
0.027906976744186046,72.34276729559748,1.0,0.0,2,-5.643054883516908,RGG3_weighted,"step,r_mult=3.0000,a=0.0288449",-4105.577587727033,clique_colex,,0.17656910132831677,31,7,0.17831823678102274,1.0
0.027906976744186046,72.34276729559748,1.0,0.1,2,-5.635272566993751,RGG3_weighted,"step,r_mult=3.0000,a=0.0288449",-4103.760765297126,clique_colex,,0.1764911926240367,31,7,0.17827699740984057,1.0
0.027906976744186046,72.34276729559748,1.0,1.0,2,-5.565231718285337,RGG3_weighted,"step,r_mult=3.0000,a=0.0288449",-4087.409363427967,clique_colex,,0.17579001428551602,31,7,0.17790584306920093,1.0
0.027906976744186046,397.88522012578613,10.0,0.0,2,-1580.1174664585908,RGG3_weighted,"linear,r_mult=0.9545,a=2.62095",-24699.167386704285,clique_colex,,0.9956524513456371,31,7,0.9956524513456371,1.0
0.027906976744186046,397.88522012578613,10.0,0.1,2,-1576.7121944815983,RGG3_weighted,"linear,r_mult=0.9545,a=2.62095",-24697.350564274377,clique_colex,,0.9957208600255287,31,7,0.9957208600255287,1.0
0.027906976744186046,397.88522012578613,10.0,1.0,2,-1546.064746688665,RGG3_weighted,"linear,r_mult=0.9545,a=2.62095",-24680.99916240522,clique_colex,,0.9963365381445545,31,7,0.9963365381445545,1.0
0.027906976744186046,3653.3097484276727,100.0,0.0,2,-18594.79613043603,RGG3_weighted,"linear,r_mult=0.9545,a=2.62095",-230635.0653764768,clique_colex,,9.131794541173159,31,7,9.131794541173159,1.0
0.027906976744186046,3653.3097484276727,100.0,0.1,2,-18591.390858459035,RGG3_weighted,"linear,r_mult=0.9545,a=2.62095",-230633.24855404688,clique_colex,,9.131862949853051,31,7,9.131862949853051,1.0
0.027906976744186046,3653.3097484276727,100.0,1.0,2,-18560.743410666102,RGG3_weighted,"linear,r_mult=0.9545,a=2.62095",-230616.89715217773,clique_colex,,9.132478627972077,31,7,9.132478627972077,1.0
0.027906976744186046,54.257075471698116,0.0,0.0,2,0.4361863315081784,RGG3_weighted,"step,r_mult=3.0000,a=0.0288449",-3050.1014150943392,clique_colex,,0.13137543503125956,31,7,0.13393157244603773,1.5
0.027906976744186046,54.257075471698116,0.0,0.1,2,0.44396864803133557,RGG3_weighted,"step,r_mult=3.0000,a=0.0288449",-3048.2845926644327,clique_colex,,0.1312975263269795,31,7,0.1338838418341834,1.5
0.027906976744186046,54.257075471698116,0.0,1.0,2,0.5140094967397496,RGG3_weighted,"step,r_mult=3.0000,a=0.0288449",-3031.9331907952737,clique_colex,,0.1305963479884588,31,7,0.1334542663274943,1.5
0.027906976744186046,108.51415094339623,1.0,0.0,2,-77.05065216957519,RGG3_weighted,"smooth,r_mult=0.9545,a=1.49446",-6570.978531123258,clique_colex,,0.27966958996355223,31,7,0.27966958996355223,1.5
0.027906976744186046,108.51415094339623,1.0,0.1,2,-73.75073426077418,RGG3_weighted,"smooth,r_mult=0.9545,a=1.49446",-6569.161708693352,clique_colex,,0.2797334614312049,31,7,0.2797334614312049,1.5
0.027906976744186046,108.51415094339623,1.0,1.0,2,-44.35702648053828,RGG3_weighted,"linear,r_mult=1.1818,a=1.18591",-6552.810306824193,clique_colex,,0.28029514557896873,31,7,0.28029514557896873,1.5
0.027906976744186046,596.8278301886792,10.0,0.0,2,-2652.075531890636,RGG3_weighted,"linear,r_mult=0.9545,a=2.62095",-38258.872575383524,clique_colex,,1.5334537917094266,31,7,1.5334537917094266,1.5
0.027906976744186046,596.8278301886792,10.0,0.1,2,-2648.6702599136433,RGG3_weighted,"linear,r_mult=0.9545,a=2.62095",-38257.055752953616,clique_colex,,1.5335222003893185,31,7,1.5335222003893185,1.5
0.027906976744186046,596.8278301886792,10.0,1.0,2,-2618.02281212071,RGG3_weighted,"linear,r_mult=0.9545,a=2.62095",-38240.70435108446,clique_colex,,1.534137878508344,31,7,1.534137878508344,1.5
0.027906976744186046,5479.964622641509,100.0,0.0,2,-28437.320185766624,RGG3_weighted,"linear,r_mult=0.9545,a=2.62095",-355137.8130179862,clique_colex,,14.069788666331592,31,7,14.069788666331592,1.5
0.027906976744186046,5479.964622641509,100.0,0.1,2,-28433.91491378963,RGG3_weighted,"linear,r_mult=0.9545,a=2.62095",-355135.9961955563,clique_colex,,14.069857075011484,31,7,14.069857075011484,1.5
0.027906976744186046,5479.964622641509,100.0,1.0,2,-28403.267465996698,RGG3_weighted,"linear,r_mult=0.9545,a=2.62095",-355119.6447936871,clique_colex,,14.07047275313051,31,7,14.07047275313051,1.5
0.027906976744186046,108.51415094339623,0.0,0.0,2,-82.85921865666364,RGG3_weighted,"smooth,r_mult=0.9545,a=1.49446",-6748.2028301886785,clique_colex,,0.28705183512196447,31,7,0.28705183512196447,3.0
0.027906976744186046,108.51415094339623,0.0,0.1,2,-79.55930074786264,RGG3_weighted,"smooth,r_mult=0.9545,a=1.49446",-6746.386007758772,clique_colex,,0.2871157065896171,31,7,0.2871157065896171,3.0
0.027906976744186046,108.51415094339623,0.0,1.0,2,-49.86003956865357,RGG3_weighted,"smooth,r_mult=0.9545,a=1.49446",-6730.034605889613,clique_colex,,0.28769054979849096,31,7,0.28769054979849096,3.0
0.027906976744186046,217.02830188679246,1.0,0.0,2,-658.2554658296069,RGG3_weighted,"linear,r_mult=0.9545,a=2.62095",-13967.181361311936,clique_colex,,0.5731664899001865,31,7,0.5731664899001865,3.0
0.027906976744186046,217.02830188679246,1.0,0.1,2,-654.8501938526143,RGG3_weighted,"linear,r_mult=0.9545,a=2.62095",-13965.36453888203,clique_colex,,0.5732348985800781,31,7,0.5732348985800781,3.0
0.027906976744186046,217.02830188679246,1.0,1.0,2,-624.2027460596811,RGG3_weighted,"linear,r_mult=0.9545,a=2.62095",-13949.013137012871,clique_colex,,0.5738505766991038,31,7,0.5738505766991038,3.0
0.027906976744186046,1193.6556603773583,10.0,0.0,2,-5867.949728186771,RGG3_weighted,"linear,r_mult=0.9545,a=2.62095",-78937.98814142124,clique_colex,,3.146857812800796,31,7,3.146857812800796,3.0
0.027906976744186046,1193.6556603773583,10.0,0.1,2,-5864.544456209778,RGG3_weighted,"linear,r_mult=0.9545,a=2.62095",-78936.17131899134,clique_colex,,3.1469262214806872,31,7,3.1469262214806872,3.0
0.027906976744186046,1193.6556603773583,10.0,1.0,2,-5833.897008416845,RGG3_weighted,"linear,r_mult=0.9545,a=2.62095",-78919.81991712218,clique_colex,,3.1475418995997133,31,7,3.1475418995997133,3.0
0.027906976744186046,10959.929245283018,100.0,0.0,2,-57964.89235175841,RGG3_weighted,"linear,r_mult=0.9545,a=2.62095",-728646.0559425144,clique_colex,,28.88377104180689,31,7,28.88377104180689,3.0
0.027906976744186046,10959.929245283018,100.0,0.1,2,-57961.48707978142,RGG3_weighted,"linear,r_mult=0.9545,a=2.62095",-728644.2391200846,clique_colex,,28.883839450486782,31,7,28.883839450486782,3.0
0.027906976744186046,10959.929245283018,100.0,1.0,2,-57930.839631988485,RGG3_weighted,"linear,r_mult=0.9545,a=2.62095",-728627.8877182154,clique_colex,,28.88445512860581,31,7,28.88445512860581,3.0
0.027906976744186046,9.042845911949685,0.0,0.0,3,15.665666472886244,RGG3_weighted,"step,r_mult=3.0000,a=0.0288706",15.041333918385272,uniform,,2.688770691218657e-05,31,7,0.003973362934973806,0.25
0.027906976744186046,9.042845911949685,0.0,0.1,3,15.673639993126148,RGG3_weighted,"step,r_mult=3.0000,a=0.0288706",15.042277211804802,uniform,,2.719047292512259e-05,31,7,0.004004524961830496,0.25
0.027906976744186046,9.042845911949685,0.0,1.0,3,15.745401675285294,RGG3_weighted,"step,r_mult=3.0000,a=0.0288706",15.050766852580567,uniform,,2.9915367041547215e-05,31,7,0.004284983203540706,0.25
0.027906976744186046,18.08569182389937,1.0,0.0,3,12.628854694191514,RGG3_weighted,"step,r_mult=3.0000,a=0.0288706",-407.4761726326927,clique_colex,,0.018092378437850307,31,7,0.021805390473258197,0.25
0.027906976744186046,18.08569182389937,1.0,0.1,3,12.636828214431418,RGG3_weighted,"step,r_mult=3.0000,a=0.0288706",-405.65935020278613,clique_colex,,0.018014477968011092,31,7,0.021758349264262736,0.25
0.027906976744186046,18.08569182389937,1.0,1.0,3,12.708589896590563,RGG3_weighted,"step,r_mult=3.0000,a=0.0288706",-389.3079483336273,clique_colex,,0.017313373739458134,31,7,0.02133497838330356,0.25
0.027906976744186046,99.47130503144653,10.0,0.0,3,-14.702451314061069,RGG3_weighted,"step,r_mult=3.0000,a=0.0288706",-4359.609603685417,clique_colex,,0.18711917107542445,31,7,0.18776297125543204,0.25
0.027906976744186046,99.47130503144653,10.0,0.1,3,-14.694477793821164,RGG3_weighted,"step,r_mult=3.0000,a=0.0288706",-4357.792781255511,clique_colex,,0.18704127060558523,31,7,0.1877267747584737,0.25
0.027906976744186046,99.47130503144653,10.0,1.0,3,-14.622716111662019,RGG3_weighted,"step,r_mult=3.0000,a=0.0288706",-4341.441379386351,clique_colex,,0.18634016637703227,31,7,0.18739668876824508,0.25
0.027906976744186046,913.3274371069182,100.0,0.0,3,-3791.769513252785,RGG3_weighted,"linear,r_mult=0.9545,a=2.67339",-43880.94391421266,clique_colex,,1.7264932989216137,31,7,1.7264932989216137,0.25
0.027906976744186046,913.3274371069182,100.0,0.1,3,-3788.471595197456,RGG3_weighted,"linear,r_mult=0.9545,a=2.67339",-43879.12709178275,clique_colex,,1.7265570842629325,31,7,1.7265570842629325,0.25
0.027906976744186046,913.3274371069182,100.0,1.0,3,-3758.7903326994942,RGG3_weighted,"linear,r_mult=0.9545,a=2.67339",-43862.77568991359,clique_colex,,1.7271311523348019,31,7,1.7271311523348019,0.25
0.027906976744186046,18.08569182389937,0.0,0.0,3,12.623201958915725,RGG3_weighted,"step,r_mult=3.0000,a=0.0288706",-584.7004716981132,clique_colex,,0.025724533749226054,31,7,0.02940966727351004,0.5
0.027906976744186046,18.08569182389937,0.0,0.1,3,12.63117547915563,RGG3_weighted,"step,r_mult=3.0000,a=0.0288706",-582.8836492682067,clique_colex,,0.02564663327938684,31,7,0.029362626064514577,0.5
0.027906976744186046,18.08569182389937,0.0,1.0,3,12.702937161314775,RGG3_weighted,"step,r_mult=3.0000,a=0.0288706",-566.5322473990478,clique_colex,,0.02494552905083388,31,7,0.028939255183555404,0.5
0.027906976744186046,36.17138364779874,1.0,0.0,3,6.543925666250476,RGG3_weighted,"step,r_mult=3.0000,a=0.0288706",-1640.1766443308059,clique_colex,,0.07091819853561827,31,7,0.0741085271634709,0.5
0.027906976744186046,36.17138364779874,1.0,0.1,3,6.551899186490381,RGG3_weighted,"step,r_mult=3.0000,a=0.0288706",-1638.3598219008993,clique_colex,,0.07084029806577906,31,7,0.07406148595447544,0.5
0.027906976744186046,36.17138364779874,1.0,1.0,3,6.623660868649525,RGG3_weighted,"step,r_mult=3.0000,a=0.0288706",-1622.0084200317403,clique_colex,,0.0701391938372261,31,7,0.07363811507351625,0.5
0.027906976744186046,198.94261006289307,10.0,0.0,3,-473.00119423351566,RGG3_weighted,"linear,r_mult=0.9545,a=2.67339",-11139.46219802504,clique_colex,,0.4593652456413232,31,7,0.4593652456413232,0.5
0.027906976744186046,198.94261006289307,10.0,0.1,3,-469.70327617818657,RGG3_weighted,"linear,r_mult=0.9545,a=2.67339",-11137.645375595133,clique_colex,,0.459429030982642,31,7,0.459429030982642,0.5
0.027906976744186046,198.94261006289307,10.0,1.0,3,-440.02201368022463,RGG3_weighted,"linear,r_mult=0.9545,a=2.67339",-11121.293973725975,clique_colex,,0.4600030990545112,31,7,0.4600030990545112,0.5
0.027906976744186046,1826.6548742138364,100.0,0.0,3,-8473.297128258328,RGG3_weighted,"linear,r_mult=0.9545,a=2.67339",-106132.31773496738,clique_colex,,4.2058148409435425,31,7,4.2058148409435425,0.5
0.027906976744186046,1826.6548742138364,100.0,0.1,3,-8469.999210203,RGG3_weighted,"linear,r_mult=0.9545,a=2.67339",-106130.50091253748,clique_colex,,4.2058786262848615,31,7,4.2058786262848615,0.5
0.027906976744186046,1826.6548742138364,100.0,1.0,3,-8440.317947705036,RGG3_weighted,"linear,r_mult=0.9545,a=2.67339",-106114.14951066831,clique_colex,,4.206452694356731,31,7,4.206452694356731,0.5
0.027906976744186046,36.17138364779874,0.0,0.0,3,6.5382729309746885,RGG3_weighted,"step,r_mult=3.0000,a=0.0288706",-1817.4009433962265,clique_colex,,0.07855035384699402,31,7,0.08171280396372275,1.0
0.027906976744186046,36.17138364779874,0.0,0.1,3,6.546246451214594,RGG3_weighted,"step,r_mult=3.0000,a=0.0288706",-1815.58412096632,clique_colex,,0.0784724533771548,31,7,0.08166576275472728,1.0
0.027906976744186046,36.17138364779874,0.0,1.0,3,6.6180081333737375,RGG3_weighted,"step,r_mult=3.0000,a=0.0288706",-1799.232719097161,clique_colex,,0.07777134914860184,31,7,0.08124239187376811,1.0
0.027906976744186046,72.34276729559748,1.0,0.0,3,-5.625932389631598,RGG3_weighted,"step,r_mult=3.0000,a=0.0288706",-4105.577587727033,clique_colex,,0.1765698387311542,31,7,0.17855701139474126,1.0
0.027906976744186046,72.34276729559748,1.0,0.1,3,-5.617958869391693,RGG3_weighted,"step,r_mult=3.0000,a=0.0288706",-4103.760765297126,clique_colex,,0.17649193826131504,31,7,0.17851607483624674,1.0
0.027906976744186046,72.34276729559748,1.0,1.0,3,-5.546197187232549,RGG3_weighted,"step,r_mult=3.0000,a=0.0288706",-4087.409363427967,clique_colex,,0.17579083403276205,31,7,0.17814764580979575,1.0
0.027906976744186046,397.88522012578613,10.0,0.0,3,-1492.7398826505646,RGG3_weighted,"linear,r_mult=0.9545,a=2.67339",-24699.167386704285,clique_colex,,0.9994154825173868,31,7,0.9994154825173868,1.0
0.027906976744186046,397.88522012578613,10.0,0.1,3,-1489.4419645952355,RGG3_weighted,"linear,r_mult=0.9545,a=2.67339",-24697.350564274377,clique_colex,,0.9994792678587054,31,7,0.9994792678587054,1.0
0.027906976744186046,397.88522012578613,10.0,1.0,3,-1459.7607020972737,RGG3_weighted,"linear,r_mult=0.9545,a=2.67339",-24680.99916240522,clique_colex,,1.0000533359305748,31,7,1.0000533359305748,1.0
0.027906976744186046,3653.3097484276727,100.0,0.0,3,-17836.352358269418,RGG3_weighted,"linear,r_mult=0.9545,a=2.67339",-230635.0653764768,clique_colex,,9.164457924987397,31,7,9.164457924987397,1.0
0.027906976744186046,3653.3097484276727,100.0,0.1,3,-17833.054440214088,RGG3_weighted,"linear,r_mult=0.9545,a=2.67339",-230633.24855404688,clique_colex,,9.164521710328716,31,7,9.164521710328716,1.0
0.027906976744186046,3653.3097484276727,100.0,1.0,3,-17803.373177716127,RGG3_weighted,"linear,r_mult=0.9545,a=2.67339",-230616.89715217773,clique_colex,,9.165095778400586,31,7,9.165095778400586,1.0
0.027906976744186046,54.257075471698116,0.0,0.0,3,0.4533439030336517,RGG3_weighted,"step,r_mult=3.0000,a=0.0288706",-3050.1014150943392,clique_colex,,0.13137617394476198,31,7,0.13401594065393543,1.5
0.027906976744186046,54.257075471698116,0.0,0.1,3,0.4613174232735566,RGG3_weighted,"step,r_mult=3.0000,a=0.0288706",-3048.2845926644327,clique_colex,,0.13129827347492276,31,7,0.13396889944493998,1.5
0.027906976744186046,54.257075471698116,0.0,1.0,3,0.5330791054327009,RGG3_weighted,"step,r_mult=3.0000,a=0.0288706",-3031.9331907952737,clique_colex,,0.13059716924636977,31,7,0.1335455285639808,1.5
0.027906976744186046,108.51415094339623,1.0,0.0,3,-46.04081249122544,RGG3_weighted,"smooth,r_mult=0.9545,a=1.51892",-6570.978531123258,clique_colex,,0.2810050697085285,31,7,0.2810050697085285,1.5
0.027906976744186046,108.51415094339623,1.0,0.1,3,-42.8456086074194,RGG3_weighted,"smooth,r_mult=0.9545,a=1.51892",-6569.161708693352,clique_colex,,0.2810644315282486,31,7,0.2810644315282486,1.5
0.027906976744186046,108.51415094339623,1.0,1.0,3,-26.62804518008427,RGG3_weighted,"linear,r_mult=1.1818,a=1.20057",-6552.810306824193,clique_colex,,0.28105866759879883,31,7,0.28105866759879883,1.5
0.027906976744186046,596.8278301886792,10.0,0.0,3,-2512.4785710676138,RGG3_weighted,"linear,r_mult=0.9545,a=2.67339",-38258.872575383524,clique_colex,,1.53946571939345,31,7,1.53946571939345,1.5
0.027906976744186046,596.8278301886792,10.0,0.1,3,-2509.1806530122844,RGG3_weighted,"linear,r_mult=0.9545,a=2.67339",-38257.055752953616,clique_colex,,1.5395295047347688,31,7,1.5395295047347688,1.5
0.027906976744186046,596.8278301886792,10.0,1.0,3,-2479.499390514323,RGG3_weighted,"linear,r_mult=0.9545,a=2.67339",-38240.70435108446,clique_colex,,1.5401035728066381,31,7,1.5401035728066381,1.5
0.027906976744186046,5479.964622641509,100.0,0.0,3,-27199.407588280505,RGG3_weighted,"linear,r_mult=0.9545,a=2.67339",-355137.8130179862,clique_colex,,14.123101009031252,31,7,14.123101009031252,1.5
0.027906976744186046,5479.964622641509,100.0,0.1,3,-27196.109670225174,RGG3_weighted,"linear,r_mult=0.9545,a=2.67339",-355135.9961955563,clique_colex,,14.123164794372572,31,7,14.123164794372572,1.5
0.027906976744186046,5479.964622641509,100.0,1.0,3,-27166.428407727213,RGG3_weighted,"linear,r_mult=0.9545,a=2.67339",-355119.6447936871,clique_colex,,14.123738862444439,31,7,14.123738862444439,1.5
0.027906976744186046,108.51415094339623,0.0,0.0,3,-49.7564879012495,RGG3_weighted,"smooth,r_mult=0.9545,a=1.51892",-6748.2028301886785,clique_colex,,0.28847744798826136,31,7,0.28847744798826136,3.0
0.027906976744186046,108.51415094339623,0.0,0.1,3,-46.56128401744346,RGG3_weighted,"smooth,r_mult=0.9545,a=1.51892",-6746.386007758772,clique_colex,,0.2885368098079814,31,7,0.2885368098079814,3.0
0.027906976744186046,108.51415094339623,0.0,1.0,3,-28.66102859535811,RGG3_weighted,"linear,r_mult=1.1818,a=1.20057",-6730.034605889613,clique_colex,,0.2886035132340334,31,7,0.2886035132340334,3.0
0.027906976744186046,217.02830188679246,1.0,0.0,3,-600.0067721192607,RGG3_weighted,"linear,r_mult=0.9545,a=2.67339",-13967.181361311936,clique_colex,,0.5756750469075226,31,7,0.5756750469075226,3.0
0.027906976744186046,217.02830188679246,1.0,0.1,3,-596.7088540639317,RGG3_weighted,"linear,r_mult=0.9545,a=2.67339",-13965.36453888203,clique_colex,,0.5757388322488414,31,7,0.5757388322488414,3.0
0.027906976744186046,217.02830188679246,1.0,1.0,3,-567.0275915659697,RGG3_weighted,"linear,r_mult=0.9545,a=2.67339",-13949.013137012871,clique_colex,,0.5763129003207107,31,7,0.5763129003207107,3.0
0.027906976744186046,1193.6556603773583,10.0,0.0,3,-5571.69463631876,RGG3_weighted,"linear,r_mult=0.9545,a=2.67339",-78937.98814142124,clique_colex,,3.1596164300216403,31,7,3.1596164300216403,3.0
0.027906976744186046,1193.6556603773583,10.0,0.1,3,-5568.396718263431,RGG3_weighted,"linear,r_mult=0.9545,a=2.67339",-78936.17131899134,clique_colex,,3.159680215362959,31,7,3.159680215362959,3.0
0.027906976744186046,1193.6556603773583,10.0,1.0,3,-5538.7154557654685,RGG3_weighted,"linear,r_mult=0.9545,a=2.67339",-78919.81991712218,clique_colex,,3.160254283434828,31,7,3.160254283434828,3.0
0.027906976744186046,10959.929245283018,100.0,0.0,3,-55288.573278313765,RGG3_weighted,"linear,r_mult=0.9545,a=2.67339",-728646.0559425144,clique_colex,,28.999030261162822,31,7,28.999030261162822,3.0
0.027906976744186046,10959.929245283018,100.0,0.1,3,-55285.275360258434,RGG3_weighted,"linear,r_mult=0.9545,a=2.67339",-728644.2391200846,clique_colex,,28.99909404650414,31,7,28.99909404650414,3.0
0.027906976744186046,10959.929245283018,100.0,1.0,3,-55255.59409776048,RGG3_weighted,"linear,r_mult=0.9545,a=2.67339",-728627.8877182154,clique_colex,,28.999668114576007,31,7,28.999668114576007,3.0
0.027906976744186046,9.042845911949685,0.0,0.0,4,15.648357703641919,RGG3_weighted,"step,r_mult=3.0000,a=0.0288436",15.041333918385272,uniform,,2.6142281880131227e-05,31,7,0.003932450283384435,0.25
0.027906976744186046,9.042845911949685,0.0,0.1,4,15.65614225528643,RGG3_weighted,"step,r_mult=3.0000,a=0.0288436",15.042277211804802,uniform,,2.6436909710664416e-05,31,7,0.003963435009650548,0.25
0.027906976744186046,9.042845911949685,0.0,1.0,4,15.726203220087022,RGG3_weighted,"step,r_mult=3.0000,a=0.0288436",15.050766852580567,uniform,,2.9088560185463178e-05,31,7,0.004242297546045562,0.25
0.027906976744186046,18.08569182389937,1.0,0.0,4,12.610915464833404,RGG3_weighted,"step,r_mult=3.0000,a=0.0288436",-407.4761726326927,clique_colex,,0.0180916058612199,31,7,0.02176866929308298,0.25
0.027906976744186046,18.08569182389937,1.0,0.1,4,12.618700016477915,RGG3_weighted,"step,r_mult=3.0000,a=0.0288436",-405.65935020278613,clique_colex,,0.01801369725319828,31,7,0.021721450783496937,0.25
0.027906976744186046,18.08569182389937,1.0,1.0,4,12.688760981278508,RGG3_weighted,"step,r_mult=3.0000,a=0.0288436",-389.3079483336273,clique_colex,,0.017312519781003694,31,7,0.02129648419722257,0.25
0.027906976744186046,99.47130503144653,10.0,0.0,4,-14.726064684443237,RGG3_weighted,"step,r_mult=3.0000,a=0.0288436",-4359.609603685417,clique_colex,,0.18711815413440885,31,7,0.1878749395557512,0.25
0.027906976744186046,99.47130503144653,10.0,0.1,4,-14.718280132798727,RGG3_weighted,"step,r_mult=3.0000,a=0.0288436",-4357.792781255511,clique_colex,,0.18704024552638723,31,7,0.18783919217737585,0.25
0.027906976744186046,99.47130503144653,10.0,1.0,4,-14.648219167998134,RGG3_weighted,"step,r_mult=3.0000,a=0.0288436",-4341.441379386351,clique_colex,,0.18633906805419265,31,7,0.18750298998677206,0.25
0.027906976744186046,913.3274371069182,100.0,0.0,4,-3567.8814343007543,RGG3_weighted,"linear,r_mult=0.9545,a=2.77636",-43880.94391421266,clique_colex,,1.7361353350521922,31,7,1.7361353350521922,0.25
0.027906976744186046,913.3274371069182,100.0,0.1,4,-3564.473749403999,RGG3_weighted,"linear,r_mult=0.9545,a=2.77636",-43879.12709178275,clique_colex,,1.7362038476476636,31,7,1.7362038476476636,0.25
0.027906976744186046,913.3274371069182,100.0,1.0,4,-3533.8045853332005,RGG3_weighted,"linear,r_mult=0.9545,a=2.77636",-43862.77568991359,clique_colex,,1.7368204610069076,31,7,1.7368204610069076,0.25
0.027906976744186046,18.08569182389937,0.0,0.0,4,12.60607176800671,RGG3_weighted,"step,r_mult=3.0000,a=0.0288436",-584.7004716981132,clique_colex,,0.02572379601490611,31,7,0.029376022298849128,0.5
0.027906976744186046,18.08569182389937,0.0,0.1,4,12.613856319651221,RGG3_weighted,"step,r_mult=3.0000,a=0.0288436",-582.8836492682067,clique_colex,,0.02564588740688449,31,7,0.029328803789263086,0.5
0.027906976744186046,18.08569182389937,0.0,1.0,4,12.683917284451814,RGG3_weighted,"step,r_mult=3.0000,a=0.0288436",-566.5322473990478,clique_colex,,0.024944709934689908,31,7,0.028903837202988718,0.5
0.027906976744186046,36.17138364779874,1.0,0.0,4,6.526343593562986,RGG3_weighted,"step,r_mult=3.0000,a=0.0288436",-1640.1766443308059,clique_colex,,0.0709174413404121,31,7,0.0740863413371526,0.5
0.027906976744186046,36.17138364779874,1.0,0.1,4,6.534128145207497,RGG3_weighted,"step,r_mult=3.0000,a=0.0288436",-1638.3598219008993,clique_colex,,0.07083953273239046,31,7,0.07403912282756656,0.5
0.027906976744186046,36.17138364779874,1.0,1.0,4,6.6041891100080905,RGG3_weighted,"step,r_mult=3.0000,a=0.0288436",-1622.0084200317403,clique_colex,,0.07013835526019588,31,7,0.07361415624129218,0.5
0.027906976744186046,198.94261006289307,10.0,0.0,4,-434.6441864380147,RGG3_weighted,"linear,r_mult=0.9545,a=2.77636",-11139.46219802504,clique_colex,,0.4610171408952207,31,7,0.4610171408952207,0.5
0.027906976744186046,198.94261006289307,10.0,0.1,4,-431.2365015412593,RGG3_weighted,"linear,r_mult=0.9545,a=2.77636",-11137.645375595133,clique_colex,,0.46108565349069225,31,7,0.46108565349069225,0.5
0.027906976744186046,198.94261006289307,10.0,1.0,4,-400.56733747046087,RGG3_weighted,"linear,r_mult=0.9545,a=2.77636",-11121.293973725975,clique_colex,,0.46170226684993604,31,7,0.46170226684993604,0.5
0.027906976744186046,1826.6548742138364,100.0,0.0,4,-8056.598067953524,RGG3_weighted,"linear,r_mult=0.9545,a=2.77636",-106132.31773496738,clique_colex,,4.223760536908435,31,7,4.223760536908435,0.5
0.027906976744186046,1826.6548742138364,100.0,0.1,4,-8053.190383056769,RGG3_weighted,"linear,r_mult=0.9545,a=2.77636",-106130.50091253748,clique_colex,,4.223829049503906,31,7,4.223829049503906,0.5
0.027906976744186046,1826.6548742138364,100.0,1.0,4,-8022.52121898597,RGG3_weighted,"linear,r_mult=0.9545,a=2.77636",-106114.14951066831,clique_colex,,4.2244456628631495,31,7,4.2244456628631495,0.5
0.027906976744186046,36.17138364779874,0.0,0.0,4,6.521499896736293,RGG3_weighted,"step,r_mult=3.0000,a=0.0288436",-1817.4009433962265,clique_colex,,0.07854963149409831,31,7,0.08169369434291875,1.0
0.027906976744186046,36.17138364779874,0.0,0.1,4,6.529284448380803,RGG3_weighted,"step,r_mult=3.0000,a=0.0288436",-1815.58412096632,clique_colex,,0.07847172288607669,31,7,0.0816464758333327,1.0
0.027906976744186046,36.17138364779874,0.0,1.0,4,6.599345413181397,RGG3_weighted,"step,r_mult=3.0000,a=0.0288436",-1799.232719097161,clique_colex,,0.0777705454138821,31,7,0.08122150924705833,1.0
0.027906976744186046,72.34276729559748,1.0,0.0,4,-5.642800148977848,RGG3_weighted,"step,r_mult=3.0000,a=0.0288436",-4105.577587727033,clique_colex,,0.17656911229879652,31,7,0.17858197492317976,1.0
0.027906976744186046,72.34276729559748,1.0,0.1,4,-5.635015597333338,RGG3_weighted,"step,r_mult=3.0000,a=0.0288436",-4103.760765297126,clique_colex,,0.1764912036907749,31,7,0.17854143802520667,1.0
0.027906976744186046,72.34276729559748,1.0,1.0,4,-5.564954632532744,RGG3_weighted,"step,r_mult=3.0000,a=0.0288436",-4087.409363427967,clique_colex,,0.1757900262185803,31,7,0.17817660594344814,1.0
0.027906976744186046,397.88522012578613,10.0,0.0,4,-1412.3844432732717,RGG3_weighted,"linear,r_mult=0.9545,a=2.77636",-24699.167386704285,clique_colex,,1.0028760957549963,31,7,1.0028760957549963,1.0
0.027906976744186046,397.88522012578613,10.0,0.1,4,-1408.9767583765163,RGG3_weighted,"linear,r_mult=0.9545,a=2.77636",-24697.350564274377,clique_colex,,1.0029446083504676,31,7,1.0029446083504676,1.0
0.027906976744186046,397.88522012578613,10.0,1.0,4,-1378.3075943057179,RGG3_weighted,"linear,r_mult=0.9545,a=2.77636",-24680.99916240522,clique_colex,,1.0035612217097114,31,7,1.0035612217097114,1.0
0.027906976744186046,3653.3097484276727,100.0,0.0,4,-17034.031335259067,RGG3_weighted,"linear,r_mult=0.9545,a=2.77636",-230635.0653764768,clique_colex,,9.19901094062092,31,7,9.19901094062092,1.0
0.027906976744186046,3653.3097484276727,100.0,0.1,4,-17030.62365036231,RGG3_weighted,"linear,r_mult=0.9545,a=2.77636",-230633.24855404688,clique_colex,,9.19907945321639,31,7,9.19907945321639,1.0
0.027906976744186046,3653.3097484276727,100.0,1.0,4,-16999.954486291514,RGG3_weighted,"linear,r_mult=0.9545,a=2.77636",-230616.89715217773,clique_colex,,9.199696066575633,31,7,9.199696066575633,1.0
0.027906976744186046,54.257075471698116,0.0,0.0,4,0.4369280254658747,RGG3_weighted,"step,r_mult=3.0000,a=0.0288436",-3050.1014150943392,clique_colex,,0.1313754669732905,31,7,0.13401136638698832,1.5
0.027906976744186046,54.257075471698116,0.0,0.1,4,0.44471257711038514,RGG3_weighted,"step,r_mult=3.0000,a=0.0288436",-3048.2845926644327,clique_colex,,0.13129755836526885,31,7,0.1339641478774023,1.5
0.027906976744186046,54.257075471698116,0.0,1.0,4,0.5147735419109788,RGG3_weighted,"step,r_mult=3.0000,a=0.0288436",-3031.9331907952737,clique_colex,,0.13059638089307427,31,7,0.13353918129112793,1.5
0.027906976744186046,108.51415094339623,1.0,0.0,4,-39.17391659951553,RGG3_weighted,"linear,r_mult=1.1818,a=1.21392",-6570.978531123258,clique_colex,,0.2813008016590759,31,7,0.2813008016590759,1.5
0.027906976744186046,108.51415094339623,1.0,0.1,4,-37.36117429543515,RGG3_weighted,"linear,r_mult=1.1818,a=1.21392",-6569.161708693352,clique_colex,,0.2813006259430627,31,7,0.2813006259430627,1.5
0.027906976744186046,108.51415094339623,1.0,1.0,4,-21.046493558711703,RGG3_weighted,"linear,r_mult=1.1818,a=1.21392",-6552.810306824193,clique_colex,,0.28129904449894405,31,7,0.28129904449894405,1.5
0.027906976744186046,596.8278301886792,10.0,0.0,4,-2390.1247001085285,RGG3_weighted,"linear,r_mult=0.9545,a=2.77636",-38258.872575383524,clique_colex,,1.5447350506147717,31,7,1.5447350506147717,1.5
0.027906976744186046,596.8278301886792,10.0,0.1,4,-2386.7170152117733,RGG3_weighted,"linear,r_mult=0.9545,a=2.77636",-38257.055752953616,clique_colex,,1.5448035632102428,31,7,1.5448035632102428,1.5
0.027906976744186046,596.8278301886792,10.0,1.0,4,-2356.0478511409747,RGG3_weighted,"linear,r_mult=0.9545,a=2.77636",-38240.70435108446,clique_colex,,1.5454201765694868,31,7,1.5454201765694868,1.5
0.027906976744186046,5479.964622641509,100.0,0.0,4,-26011.464602564607,RGG3_weighted,"linear,r_mult=0.9545,a=2.77636",-355137.8130179862,clique_colex,,14.1742613443334,31,7,14.1742613443334,1.5
0.027906976744186046,5479.964622641509,100.0,0.1,4,-26008.05691766785,RGG3_weighted,"linear,r_mult=0.9545,a=2.77636",-355135.9961955563,clique_colex,,14.174329856928875,31,7,14.174329856928875,1.5
0.027906976744186046,5479.964622641509,100.0,1.0,4,-25977.387753597053,RGG3_weighted,"linear,r_mult=0.9545,a=2.77636",-355119.6447936871,clique_colex,,14.174946470288116,31,7,14.174946470288116,1.5
0.027906976744186046,108.51415094339623,0.0,0.0,4,-41.48155155204046,RGG3_weighted,"linear,r_mult=1.1818,a=1.21392",-6748.2028301886785,clique_colex,,0.28883381906273203,31,7,0.28883381906273203,3.0
0.027906976744186046,108.51415094339623,0.0,0.1,4,-39.66880924796008,RGG3_weighted,"linear,r_mult=1.1818,a=1.21392",-6746.386007758772,clique_colex,,0.2888336433467189,31,7,0.2888336433467189,3.0
0.027906976744186046,108.51415094339623,0.0,1.0,4,-23.35412851123663,RGG3_weighted,"linear,r_mult=1.1818,a=1.21392",-6730.034605889613,clique_colex,,0.2888320619026002,31,7,0.2888320619026002,3.0
0.027906976744186046,217.02830188679246,1.0,0.0,4,-561.3035772276064,RGG3_weighted,"linear,r_mult=0.9545,a=2.77636",-13967.181361311936,clique_colex,,0.5773418511664224,31,7,0.5773418511664224,3.0
0.027906976744186046,217.02830188679246,1.0,0.1,4,-557.895892330851,RGG3_weighted,"linear,r_mult=0.9545,a=2.77636",-13965.36453888203,clique_colex,,0.577410363761894,31,7,0.577410363761894,3.0
0.027906976744186046,217.02830188679246,1.0,1.0,4,-527.2267282600526,RGG3_weighted,"linear,r_mult=0.9545,a=2.77636",-13949.013137012871,clique_colex,,0.5780269771211377,31,7,0.5780269771211377,3.0
0.027906976744186046,1193.6556603773583,10.0,0.0,4,-5323.345470614299,RGG3_weighted,"linear,r_mult=0.9545,a=2.77636",-78937.98814142124,clique_colex,,3.1703119151940977,31,7,3.1703119151940977,3.0
0.027906976744186046,1193.6556603773583,10.0,0.1,4,-5319.937785717544,RGG3_weighted,"linear,r_mult=0.9545,a=2.77636",-78936.17131899134,clique_colex,,3.1703804277895693,31,7,3.1703804277895693,3.0
0.027906976744186046,1193.6556603773583,10.0,1.0,4,-5289.2686216467455,RGG3_weighted,"linear,r_mult=0.9545,a=2.77636",-78919.81991712218,clique_colex,,3.170997041148813,31,7,3.170997041148813,3.0
0.027906976744186046,10959.929245283018,100.0,0.0,4,-52943.764404481226,RGG3_weighted,"linear,r_mult=0.9545,a=2.77636",-728646.0559425144,clique_colex,,29.10001255547085,31,7,29.10001255547085,3.0
0.027906976744186046,10959.929245283018,100.0,0.1,4,-52940.35671958447,RGG3_weighted,"linear,r_mult=0.9545,a=2.77636",-728644.2391200846,clique_colex,,29.100081068066327,31,7,29.100081068066327,3.0
0.027906976744186046,10959.929245283018,100.0,1.0,4,-52909.68755551367,RGG3_weighted,"linear,r_mult=0.9545,a=2.77636",-728627.8877182154,clique_colex,,29.100697681425565,31,7,29.100697681425565,3.0
0.05581395348837209,4.521422955974843,0.0,0.0,0,62.53878628220394,RGG3_weighted,"step,r_mult=3.0000,a=0.0576461",60.16533567354109,uniform,,0.00010221578848677218,29,7,0.015765032087814105,0.25
0.05581395348837209,4.521422955974843,0.0,0.1,0,62.59973748584069,RGG3_weighted,"step,r_mult=3.0000,a=0.0576461",60.172882020897326,uniform,,0.00010451573923098042,29,7,0.016010910455123834,0.25
0.05581395348837209,4.521422955974843,0.0,1.0,0,63.148298318571506,RGG3_weighted,"step,r_mult=3.0000,a=0.0576461",60.24079914710346,uniform,,0.00012521529592885642,29,7,0.018223815760911366,0.25
0.05581395348837209,9.042845911949685,1.0,0.0,0,50.39270886491364,RGG3_weighted,"step,r_mult=3.0000,a=0.0576461",-19.301530447304955,clique_colex,,0.0030014745612497243,29,7,0.01774495075573098,0.25
0.05581395348837209,9.042845911949685,1.0,0.1,0,50.45366006855039,RGG3_weighted,"step,r_mult=3.0000,a=0.0576461",-15.701530447304956,clique_colex,,0.0028490607457302046,29,7,0.017836115356776976,0.25
0.05581395348837209,9.042845911949685,1.0,1.0,0,51.002220901281206,RGG3_weighted,"step,r_mult=3.0000,a=0.0576461",16.69846955269504,clique_colex,,0.0014773364060545289,29,7,0.01865659676619096,0.25
0.05581395348837209,49.73565251572327,10.0,0.0,0,-58.92198789069905,RGG3_weighted,"step,r_mult=3.0000,a=0.0576461",-3857.2658940956917,clique_colex,,0.16358070224827703,29,7,0.16591389983849475,0.25
0.05581395348837209,49.73565251572327,10.0,0.1,0,-58.861036687062295,RGG3_weighted,"step,r_mult=3.0000,a=0.0576461",-3853.665894095692,clique_colex,,0.16342828843275753,29,7,0.16608983001206135,0.25
0.05581395348837209,49.73565251572327,10.0,1.0,0,-58.31247585433148,RGG3_weighted,"step,r_mult=3.0000,a=0.0576461",-3821.2658940956917,clique_colex,,0.16205656409308183,29,7,0.16767320157416069,0.25
0.05581395348837209,456.6637185534591,100.0,0.0,0,-7780.975061319475,RGG3_weighted,"linear,r_mult=1.1818,a=2.86953",-42236.90953057955,clique_colex,,1.483890373353147,29,7,1.483890373353147,0.25
0.05581395348837209,456.6637185534591,100.0,0.1,0,-7768.876980563031,RGG3_weighted,"linear,r_mult=1.1818,a=2.86953",-42233.30953057955,clique_colex,,1.4842563544365428,29,7,1.4842563544365428,0.25
0.05581395348837209,456.6637185534591,100.0,1.0,0,-7659.994253755035,RGG3_weighted,"linear,r_mult=1.1818,a=2.86953",-42200.90953057955,clique_colex,,1.4875501841871022,29,7,1.4875501841871022,0.25
0.05581395348837209,9.042845911949685,0.0,0.0,0,50.368205070412714,RGG3_weighted,"step,r_mult=3.0000,a=0.0576461",-481.72209119496847,clique_colex,,0.022915172104452246,29,7,0.037492796278972285,0.5
0.05581395348837209,9.042845911949685,0.0,0.1,0,50.42915627404947,RGG3_weighted,"step,r_mult=3.0000,a=0.0576461",-478.12209119496845,clique_colex,,0.022762758288932726,29,7,0.03758396088001829,0.5
0.05581395348837209,9.042845911949685,0.0,1.0,0,50.97771710678028,RGG3_weighted,"step,r_mult=3.0000,a=0.0576461",-445.72209119496847,clique_colex,,0.02139103394925705,29,7,0.03840444228943226,0.5
0.05581395348837209,18.08569182389937,1.0,0.0,0,26.051546441331197,RGG3_weighted,"step,r_mult=3.0000,a=0.0576461",-1797.0236216422734,clique_colex,,0.07851314246699417,29,7,0.09108623441186083,0.5
0.05581395348837209,18.08569182389937,1.0,0.1,0,26.112497644967956,RGG3_weighted,"step,r_mult=3.0000,a=0.0576461",-1793.4236216422735,clique_colex,,0.07836072865147466,29,7,0.09117739901290683,0.5
0.05581395348837209,18.08569182389937,1.0,1.0,0,26.661058477698763,RGG3_weighted,"step,r_mult=3.0000,a=0.0576461",-1761.0236216422734,clique_colex,,0.07698900431179898,29,7,0.09199788042232081,0.5
0.05581395348837209,99.47130503144653,10.0,0.0,0,-1023.5750601281003,RGG3_weighted,"linear,r_mult=1.1818,a=2.86953",-13634.737395668019,clique_colex,,0.543116379652882,29,7,0.543116379652882,0.5
0.05581395348837209,99.47130503144653,10.0,0.1,0,-1011.4769793716564,RGG3_weighted,"linear,r_mult=1.1818,a=2.86953",-13631.137395668018,clique_colex,,0.5434823607362774,29,7,0.5434823607362774,0.5
0.05581395348837209,99.47130503144653,10.0,1.0,0,-902.5942525636609,RGG3_weighted,"linear,r_mult=1.1818,a=2.86953",-13598.737395668019,clique_colex,,0.5467761904868371,29,7,0.5467761904868371,0.5
0.05581395348837209,913.3274371069182,100.0,0.0,0,-18243.553135837297,RGG3_k12,own_mass=1334,-132011.87513592545,clique_colex,,4.899583204138163,29,7,4.899583204138163,0.5
0.05581395348837209,913.3274371069182,100.0,0.1,0,-18225.407341444774,RGG3_k12,own_mass=1334,-132008.27513592545,clique_colex,,4.9002096380051965,29,7,4.9002096380051965,0.5
0.05581395348837209,913.3274371069182,100.0,1.0,0,-18062.095191912063,RGG3_k12,own_mass=1334,-131975.87513592545,clique_colex,,4.905847542808501,29,7,4.905847542808501,0.5
0.05581395348837209,18.08569182389937,0.0,0.0,0,26.027042646830274,RGG3_weighted,"step,r_mult=3.0000,a=0.0576461",-2259.444182389937,clique_colex,,0.09842684001019668,29,7,0.11083407993510212,1.0
0.05581395348837209,18.08569182389937,0.0,0.1,0,26.087993850467033,RGG3_weighted,"step,r_mult=3.0000,a=0.0576461",-2255.844182389937,clique_colex,,0.09827442619467719,29,7,0.11092524453614813,1.0
0.05581395348837209,18.08569182389937,0.0,1.0,0,26.63655468319784,RGG3_weighted,"step,r_mult=3.0000,a=0.0576461",-2223.444182389937,clique_colex,,0.09690270185500151,29,7,0.11174572594556212,1.0
0.05581395348837209,36.17138364779874,1.0,0.0,0,-22.630778405833688,RGG3_weighted,"step,r_mult=3.0000,a=0.0576461",-5352.467804032211,clique_colex,,0.22953647827848309,29,7,0.23657692990746662,1.0
0.05581395348837209,36.17138364779874,1.0,0.1,0,-22.56982720219693,RGG3_weighted,"step,r_mult=3.0000,a=0.0576461",-5348.86780403221,clique_colex,,0.22938406446296353,29,7,0.23671969930312733,1.0
0.05581395348837209,36.17138364779874,1.0,1.0,0,-22.021266369466122,RGG3_weighted,"step,r_mult=3.0000,a=0.0576461",-5316.467804032211,clique_colex,,0.22801234012328786,29,7,0.23800462386407417,1.0
0.05581395348837209,198.94261006289307,10.0,0.0,0,-3191.023711659026,RGG3_weighted,"linear,r_mult=1.1818,a=2.86953",-33189.68039881267,clique_colex,,1.2919318125389168,29,7,1.2919318125389168,1.0
0.05581395348837209,198.94261006289307,10.0,0.1,0,-3178.9256309025823,RGG3_weighted,"linear,r_mult=1.1818,a=2.86953",-33186.08039881267,clique_colex,,1.2922977936223123,29,7,1.2922977936223123,1.0
0.05581395348837209,198.94261006289307,10.0,1.0,0,-3070.0429040945864,RGG3_weighted,"linear,r_mult=1.1818,a=2.86953",-33153.68039881267,clique_colex,,1.295591623372872,29,7,1.295591623372872,1.0
0.05581395348837209,1826.6548742138364,100.0,0.0,0,-39207.40533709515,RGG3_k12,own_mass=1334,-311561.8063466173,clique_colex,,11.729302369057802,29,7,11.729302369057802,1.0
0.05581395348837209,1826.6548742138364,100.0,0.1,0,-39189.25954270263,RGG3_k12,own_mass=1334,-311558.2063466173,clique_colex,,11.729928802924835,29,7,11.729928802924835,1.0
0.05581395348837209,1826.6548742138364,100.0,1.0,0,-39025.94739316992,RGG3_k12,own_mass=1334,-311525.8063466173,clique_colex,,11.735566707728138,29,7,11.735566707728138,1.0
0.05581395348837209,27.128537735849058,0.0,0.0,0,1.6858802232478354,RGG3_weighted,"step,r_mult=3.0000,a=0.0576461",-4037.166273584905,clique_colex,,0.17393850791594112,29,7,0.184175363591232,1.5
0.05581395348837209,27.128537735849058,0.0,0.1,0,1.7468314268845921,RGG3_weighted,"step,r_mult=3.0000,a=0.0576461",-4033.566273584905,clique_colex,,0.1737860941004216,29,7,0.18426652819227796,1.5
0.05581395348837209,27.128537735849058,0.0,1.0,0,2.295392259615402,RGG3_weighted,"step,r_mult=3.0000,a=0.0576461",-4001.166273584905,clique_colex,,0.17241436976074592,29,7,0.18508700960169194,1.5
0.05581395348837209,54.257075471698116,1.0,0.0,0,-148.64899798685533,RGG3_weighted,"linear,r_mult=1.4091,a=1.41689",-8907.911986422147,clique_colex,,0.37722924153468096,29,7,0.37722924153468096,1.5
0.05581395348837209,54.257075471698116,1.0,0.1,0,-140.96389935663908,RGG3_weighted,"linear,r_mult=1.4091,a=1.41689",-8904.311986422146,clique_colex,,0.3774051717082475,29,7,0.3774051717082475,1.5
0.05581395348837209,54.257075471698116,1.0,1.0,0,-71.79801168469271,RGG3_weighted,"linear,r_mult=1.4091,a=1.41689",-8871.911986422147,clique_colex,,0.37898854327034687,29,7,0.37898854327034687,1.5
0.05581395348837209,298.4139150943396,10.0,0.0,0,-5411.145565156055,RGG3_k12,own_mass=1334,-52744.62340195732,clique_colex,,2.0384788043411395,29,7,2.0384788043411395,1.5
0.05581395348837209,298.4139150943396,10.0,0.1,0,-5392.999770763532,RGG3_k12,own_mass=1334,-52741.02340195732,clique_colex,,2.0391052382081734,29,7,2.0391052382081734,1.5
0.05581395348837209,298.4139150943396,10.0,1.0,0,-5237.491555625512,RGG3_weighted,"linear,r_mult=1.1818,a=2.86953",-52708.62340195732,clique_colex,,2.044407056258906,29,7,2.044407056258906,1.5
0.05581395348837209,2739.9823113207544,100.0,0.0,0,-60171.25753835301,RGG3_k12,own_mass=1334,-491111.7375573091,clique_colex,,18.559021533977436,29,7,18.559021533977436,1.5
0.05581395348837209,2739.9823113207544,100.0,0.1,0,-60153.11174396049,RGG3_k12,own_mass=1334,-491108.1375573091,clique_colex,,18.559647967844473,29,7,18.559647967844473,1.5
0.05581395348837209,2739.9823113207544,100.0,1.0,0,-59989.79959442778,RGG3_k12,own_mass=1334,-491075.7375573091,clique_colex,,18.565285872647774,29,7,18.565285872647774,1.5
0.05581395348837209,54.257075471698116,0.0,0.0,0,-157.4811975437375,RGG3_weighted,"smooth,r_mult=1.1818,a=1.6167",-9370.33254716981,clique_colex,,0.3967636240149041,29,7,0.3967636240149041,3.0
0.05581395348837209,54.257075471698116,0.0,0.1,0,-148.79726198478755,RGG3_weighted,"linear,r_mult=1.4091,a=1.41689",-9366.73254716981,clique_colex,,0.3969825704214049,29,7,0.3969825704214049,3.0
0.05581395348837209,54.257075471698116,0.0,1.0,0,-79.63137431284119,RGG3_weighted,"linear,r_mult=1.4091,a=1.41689",-9334.33254716981,clique_colex,,0.39856594198350426,29,7,0.39856594198350426,3.0
0.05581395348837209,108.51415094339623,1.0,0.0,0,-1323.1869531978796,RGG3_weighted,"linear,r_mult=1.1818,a=2.86953",-19574.244533591955,clique_colex,,0.7860059250815707,29,7,0.7860059250815707,3.0
0.05581395348837209,108.51415094339623,1.0,0.1,0,-1311.0888724414356,RGG3_weighted,"linear,r_mult=1.1818,a=2.86953",-19570.644533591956,clique_colex,,0.7863719061649664,29,7,0.7863719061649664,3.0
0.05581395348837209,108.51415094339623,1.0,1.0,0,-1202.2061456334402,RGG3_weighted,"linear,r_mult=1.1818,a=2.86953",-19538.244533591955,clique_colex,,0.789665735915526,29,7,0.789665735915526,3.0
0.05581395348837209,596.8278301886792,10.0,0.0,0,-12260.721036854167,RGG3_k12,own_mass=1334,-111409.45241139128,clique_colex,,4.269971204760426,29,7,4.269971204760426,3.0
0.05581395348837209,596.8278301886792,10.0,0.1,0,-12242.575242461644,RGG3_k12,own_mass=1334,-111405.85241139127,clique_colex,,4.270597638627461,29,7,4.270597638627461,3.0
0.05581395348837209,596.8278301886792,10.0,1.0,0,-12079.263092928933,RGG3_k12,own_mass=1334,-111373.45241139128,clique_colex,,4.276235543430764,29,7,4.276235543430764,3.0
0.05581395348837209,5479.964622641509,100.0,0.0,0,-123062.81414212659,RGG3_k12,own_mass=1334,-1029761.5311893845,clique_colex,,39.04817902873634,29,7,39.04817902873634,3.0
0.05581395348837209,5479.964622641509,100.0,0.1,0,-123044.66834773407,RGG3_k12,own_mass=1334,-1029757.9311893845,clique_colex,,39.04880546260338,29,7,39.04880546260338,3.0
0.05581395348837209,5479.964622641509,100.0,1.0,0,-122881.35619820136,RGG3_k12,own_mass=1334,-1029725.5311893845,clique_colex,,39.054443367406684,29,7,39.054443367406684,3.0
0.05581395348837209,4.521422955974843,0.0,0.0,1,62.76221870332884,RGG3_weighted,"step,r_mult=3.0000,a=0.0578184",60.16533567354109,uniform,,0.00011183820111058375,29,7,0.015203348587556401,0.25
0.05581395348837209,4.521422955974843,0.0,0.1,1,62.82820846472712,RGG3_weighted,"step,r_mult=3.0000,a=0.0578184",60.172882020897326,uniform,,0.00011435514400645104,29,7,0.015441286037097674,0.25
0.05581395348837209,4.521422955974843,0.0,1.0,1,63.42211631731165,RGG3_weighted,"step,r_mult=3.0000,a=0.0578184",60.24079914710346,uniform,,0.00013700763006925878,29,7,0.0175827230829691,0.25
0.05581395348837209,9.042845911949685,1.0,0.0,1,50.61737018959484,RGG3_weighted,"step,r_mult=3.0000,a=0.0578184",-19.301530447304955,clique_colex,,0.003011149898229965,29,7,0.017221696294196873,0.25
0.05581395348837209,9.042845911949685,1.0,0.1,1,50.683359950993115,RGG3_weighted,"step,r_mult=3.0000,a=0.0578184",-15.701530447304956,clique_colex,,0.002858953074862105,29,7,0.017304919977474412,0.25
0.05581395348837209,9.042845911949685,1.0,1.0,1,51.277267803577644,RGG3_weighted,"step,r_mult=3.0000,a=0.0578184",16.69846955269504,clique_colex,,0.0014891816645513608,29,7,0.01805393312697229,0.25
0.05581395348837209,49.73565251572327,10.0,0.0,1,-58.686266434011266,RGG3_weighted,"step,r_mult=3.0000,a=0.0578184",-3857.2658940956917,clique_colex,,0.16359085390446512,29,7,0.16664195401474696,0.25
0.05581395348837209,49.73565251572327,10.0,0.1,1,-58.62027667261299,RGG3_weighted,"step,r_mult=3.0000,a=0.0578184",-3853.665894095692,clique_colex,,0.16343865708109728,29,7,0.16680824214516238,0.25
0.05581395348837209,49.73565251572327,10.0,1.0,1,-58.02636882002846,RGG3_weighted,"step,r_mult=3.0000,a=0.0578184",-3821.2658940956917,clique_colex,,0.16206888567078653,29,7,0.1680078943955391,0.25
0.05581395348837209,456.6637185534591,100.0,0.0,1,-7580.288105052018,RGG3_k12,own_mass=1357,-42236.90953057955,clique_colex,,1.4925332224602728,29,7,1.4925332224602728,0.25
0.05581395348837209,456.6637185534591,100.0,0.1,1,-7561.846983556691,RGG3_k12,own_mass=1357,-42233.30953057955,clique_colex,,1.4931723749794512,29,7,1.4931723749794512,0.25
0.05581395348837209,456.6637185534591,100.0,1.0,1,-7395.876890098747,RGG3_k12,own_mass=1357,-42200.90953057955,clique_colex,,1.4989247476520586,29,7,1.4989247476520586,0.25
0.05581395348837209,9.042845911949685,0.0,0.0,1,50.59175839706592,RGG3_weighted,"step,r_mult=3.0000,a=0.0578184",-481.72209119496847,clique_colex,,0.022924799724032486,29,7,0.03698884464858281,0.5
0.05581395348837209,9.042845911949685,0.0,0.1,1,50.657748158464194,RGG3_weighted,"step,r_mult=3.0000,a=0.0578184",-478.12209119496845,clique_colex,,0.022772602900664626,29,7,0.03707206833186035,0.5
0.05581395348837209,9.042845911949685,0.0,1.0,1,51.25165601104872,RGG3_weighted,"step,r_mult=3.0000,a=0.0578184",-445.72209119496847,clique_colex,,0.021402831490353887,29,7,0.03782108148135823,0.5
0.05581395348837209,18.08569182389937,1.0,0.0,1,26.276449577068977,RGG3_weighted,"step,r_mult=3.0000,a=0.0578184",-1797.0236216422734,clique_colex,,0.07852282821788727,29,7,0.09067844369006318,0.5
0.05581395348837209,18.08569182389937,1.0,0.1,1,26.34243933846726,RGG3_weighted,"step,r_mult=3.0000,a=0.0578184",-1793.4236216422735,clique_colex,,0.07837063139451941,29,7,0.09076166737334072,0.5
0.05581395348837209,18.08569182389937,1.0,1.0,1,26.936347191051784,RGG3_weighted,"step,r_mult=3.0000,a=0.0578184",-1761.0236216422734,clique_colex,,0.07700085998420866,29,7,0.0915106805228386,0.5
0.05581395348837209,99.47130503144653,10.0,0.0,1,-935.6232951288198,RGG3_weighted,"linear,r_mult=1.1818,a=2.81073",-13634.737395668019,clique_colex,,0.5469041386967786,29,7,0.5469041386967786,0.5
0.05581395348837209,99.47130503144653,10.0,0.1,1,-923.4593239931943,RGG3_weighted,"linear,r_mult=1.1818,a=2.81073",-13631.137395668018,clique_colex,,0.5472729574364695,29,7,0.5472729574364695,0.5
0.05581395348837209,99.47130503144653,10.0,1.0,1,-813.9835837725643,RGG3_weighted,"linear,r_mult=1.1818,a=2.81073",-13598.737395668019,clique_colex,,0.5505923260936888,29,7,0.5505923260936888,0.5
0.05581395348837209,913.3274371069182,100.0,0.0,1,-17964.052845618055,RGG3_k12,own_mass=1357,-132011.87513592545,clique_colex,,4.911620253673876,29,7,4.911620253673876,0.5
0.05581395348837209,913.3274371069182,100.0,0.1,1,-17945.611724122726,RGG3_k12,own_mass=1357,-132008.27513592545,clique_colex,,4.912259406193055,29,7,4.912259406193055,0.5
0.05581395348837209,913.3274371069182,100.0,1.0,1,-17779.641630664784,RGG3_k12,own_mass=1357,-131975.87513592545,clique_colex,,4.918011778865662,29,7,4.918011778865662,0.5
0.05581395348837209,18.08569182389937,0.0,0.0,1,26.25083778454006,RGG3_weighted,"step,r_mult=3.0000,a=0.0578184",-2259.444182389937,clique_colex,,0.0984364780436898,29,7,0.11044559204444912,1.0
0.05581395348837209,18.08569182389937,0.0,0.1,1,26.31682754593834,RGG3_weighted,"step,r_mult=3.0000,a=0.0578184",-2255.844182389937,clique_colex,,0.09828428122032194,29,7,0.11052881572772666,1.0
0.05581395348837209,18.08569182389937,0.0,1.0,1,26.910735398522867,RGG3_weighted,"step,r_mult=3.0000,a=0.0578184",-2223.444182389937,clique_colex,,0.09691450981001118,29,7,0.11127782887722454,1.0
0.05581395348837209,36.17138364779874,1.0,0.0,1,-22.40539164798273,RGG3_weighted,"step,r_mult=3.0000,a=0.0578184",-5352.467804032211,clique_colex,,0.2295461848572019,29,7,0.23693553651869734,1.0
0.05581395348837209,36.17138364779874,1.0,0.1,1,-22.339401886584447,RGG3_weighted,"step,r_mult=3.0000,a=0.0578184",-5348.86780403221,clique_colex,,0.229393988033834,29,7,0.23706807160914056,1.0
0.05581395348837209,36.17138364779874,1.0,1.0,1,-21.745494033999922,RGG3_weighted,"step,r_mult=3.0000,a=0.0578184",-5316.467804032211,clique_colex,,0.22802421662352326,29,7,0.2382608874231296,1.0
0.05581395348837209,198.94261006289307,10.0,0.0,1,-3076.872619467466,RGG3_k12,own_mass=1357,-33189.68039881267,clique_colex,,1.2968478802474248,29,7,1.2968478802474248,1.0
0.05581395348837209,198.94261006289307,10.0,0.1,1,-3058.431497972139,RGG3_k12,own_mass=1357,-33186.08039881267,clique_colex,,1.2974870327666035,29,7,1.2974870327666035,1.0
0.05581395348837209,198.94261006289307,10.0,1.0,1,-2892.461404514195,RGG3_k12,own_mass=1357,-33153.68039881267,clique_colex,,1.303239405439211,29,7,1.303239405439211,1.0
0.05581395348837209,1826.6548742138364,100.0,0.0,1,-38731.58232675013,RGG3_k12,own_mass=1357,-311561.8063466173,clique_colex,,11.749794316101083,29,7,11.749794316101083,1.0
0.05581395348837209,1826.6548742138364,100.0,0.1,1,-38713.141205254804,RGG3_k12,own_mass=1357,-311558.2063466173,clique_colex,,11.750433468620262,29,7,11.750433468620262,1.0
0.05581395348837209,1826.6548742138364,100.0,1.0,1,-38547.17111179686,RGG3_k12,own_mass=1357,-311525.8063466173,clique_colex,,11.756185841292869,29,7,11.756185841292869,1.0
0.05581395348837209,27.128537735849058,0.0,0.0,1,1.9099171720142039,RGG3_weighted,"step,r_mult=3.0000,a=0.0578184",-4037.166273584905,clique_colex,,0.17394815636334707,29,7,0.18390233944031542,1.5
0.05581395348837209,27.128537735849058,0.0,0.1,1,1.9759069334124846,RGG3_weighted,"step,r_mult=3.0000,a=0.0578184",-4033.566273584905,clique_colex,,0.1737959595399792,29,7,0.183985563123593,1.5
0.05581395348837209,27.128537735849058,0.0,1.0,1,2.569814785997012,RGG3_weighted,"step,r_mult=3.0000,a=0.0578184",-4001.166273584905,clique_colex,,0.17242618812966848,29,7,0.18473457627309084,1.5
0.05581395348837209,54.257075471698116,1.0,0.0,1,-107.41955422996963,RGG3_weighted,"linear,r_mult=1.4091,a=1.38145",-8907.911986422147,clique_colex,,0.37900484204100676,29,7,0.37900484204100676,1.5
0.05581395348837209,54.257075471698116,1.0,0.1,1,-99.95834384172345,RGG3_weighted,"linear,r_mult=1.4091,a=1.38145",-8904.311986422146,clique_colex,,0.3791711301714222,29,7,0.3791711301714222,1.5
0.05581395348837209,54.257075471698116,1.0,1.0,1,-70.42733525905163,RGG3_weighted,"step,r_mult=3.0000,a=0.0578184",-8871.911986422147,clique_colex,,0.37904757326283783,29,7,0.380667723345161,1.5
0.05581395348837209,298.4139150943396,10.0,0.0,1,-5338.682760976899,RGG3_k12,own_mass=1357,-52744.62340195732,clique_colex,,2.041599510808804,29,7,2.041599510808804,1.5
0.05581395348837209,298.4139150943396,10.0,0.1,1,-5320.241639481572,RGG3_k12,own_mass=1357,-52741.02340195732,clique_colex,,2.042238663327982,29,7,2.042238663327982,1.5
0.05581395348837209,298.4139150943396,10.0,1.0,1,-5154.271546023628,RGG3_k12,own_mass=1357,-52708.62340195732,clique_colex,,2.0479910360005893,29,7,2.0479910360005893,1.5
0.05581395348837209,2739.9823113207544,100.0,0.0,1,-59499.111807882204,RGG3_k12,own_mass=1357,-491111.7375573091,clique_colex,,18.58796837852829,29,7,18.58796837852829,1.5
0.05581395348837209,2739.9823113207544,100.0,0.1,1,-59480.670686386875,RGG3_k12,own_mass=1357,-491108.1375573091,clique_colex,,18.58860753104747,29,7,18.58860753104747,1.5
0.05581395348837209,2739.9823113207544,100.0,1.0,1,-59314.70059292893,RGG3_k12,own_mass=1357,-491075.7375573091,clique_colex,,18.594359903720076,29,7,18.594359903720076,1.5
0.05581395348837209,54.257075471698116,0.0,0.0,1,-113.19339653051316,RGG3_weighted,"linear,r_mult=1.4091,a=1.38145",-9370.33254716981,clique_colex,,0.39867093672003867,29,7,0.39867093672003867,3.0
0.05581395348837209,54.257075471698116,0.0,0.1,1,-105.73218614226697,RGG3_weighted,"linear,r_mult=1.4091,a=1.38145",-9366.73254716981,clique_colex,,0.3988372248504541,29,7,0.3988372248504541,3.0
0.05581395348837209,54.257075471698116,0.0,1.0,1,-70.45294705158055,RGG3_weighted,"step,r_mult=3.0000,a=0.0578184",-9334.33254716981,clique_colex,,0.39896122308864035,29,7,0.4003338180241928,3.0
0.05581395348837209,108.51415094339623,1.0,0.0,1,-1201.0741391301428,RGG3_weighted,"linear,r_mult=1.1818,a=2.81073",-19574.244533591955,clique_colex,,0.7912648748691564,29,7,0.7912648748691564,3.0
0.05581395348837209,108.51415094339623,1.0,0.1,1,-1188.9101679945172,RGG3_weighted,"linear,r_mult=1.1818,a=2.81073",-19570.644533591956,clique_colex,,0.7916336936088475,29,7,0.7916336936088475,3.0
0.05581395348837209,108.51415094339623,1.0,1.0,1,-1079.4344277738874,RGG3_weighted,"linear,r_mult=1.1818,a=2.81073",-19538.244533591955,clique_colex,,0.7949530622660668,29,7,0.7949530622660668,3.0
0.05581395348837209,596.8278301886792,10.0,0.0,1,-12124.1131855052,RGG3_k12,own_mass=1357,-111409.45241139128,clique_colex,,4.27585440249294,29,7,4.27585440249294,3.0
0.05581395348837209,596.8278301886792,10.0,0.1,1,-12105.672064009874,RGG3_k12,own_mass=1357,-111405.85241139127,clique_colex,,4.276493555012118,29,7,4.276493555012118,3.0
0.05581395348837209,596.8278301886792,10.0,1.0,1,-11939.70197055193,RGG3_k12,own_mass=1357,-111373.45241139128,clique_colex,,4.282245927684726,29,7,4.282245927684726,3.0
0.05581395348837209,5479.964622641509,100.0,0.0,1,-121801.70025127842,RGG3_k12,own_mass=1357,-1029761.5311893845,clique_colex,,39.10249056580991,29,7,39.10249056580991,3.0
0.05581395348837209,5479.964622641509,100.0,0.1,1,-121783.2591297831,RGG3_k12,own_mass=1357,-1029757.9311893845,clique_colex,,39.103129718329086,29,7,39.103129718329086,3.0
0.05581395348837209,5479.964622641509,100.0,1.0,1,-121617.28903632515,RGG3_k12,own_mass=1357,-1029725.5311893845,clique_colex,,39.108882091001696,29,7,39.108882091001696,3.0
0.05581395348837209,4.521422955974843,0.0,0.0,2,62.595709650191594,RGG3_weighted,"step,r_mult=3.0000,a=0.0576897",60.16533567354109,uniform,,0.0001046672685895998,29,7,0.015640328811267715,0.25
0.05581395348837209,4.521422955974843,0.0,0.1,2,62.65796818237685,RGG3_weighted,"step,r_mult=3.0000,a=0.0576897",60.172882020897326,uniform,,0.00010702352116621542,29,7,0.015884109803250203,0.25
0.05581395348837209,4.521422955974843,0.0,1.0,2,63.21829497204416,RGG3_weighted,"step,r_mult=3.0000,a=0.0576897",60.24079914710346,uniform,,0.00012822979435575811,29,7,0.018078138731092586,0.25
0.05581395348837209,9.042845911949685,1.0,0.0,2,50.448937654923036,RGG3_weighted,"step,r_mult=3.0000,a=0.0576897",-19.301530447304955,clique_colex,,0.003003896128433591,29,7,0.017618637028534348,0.25
0.05581395348837209,9.042845911949685,1.0,0.1,2,50.51119618710829,RGG3_weighted,"step,r_mult=3.0000,a=0.0576897",-15.701530447304956,clique_colex,,0.0028515386147464792,29,7,0.017707704254253106,0.25
0.05581395348837209,9.042845911949685,1.0,1.0,2,51.071522976775604,RGG3_weighted,"step,r_mult=3.0000,a=0.0576897",16.69846955269504,clique_colex,,0.0014803209915624706,29,7,0.01850930928572194,0.25
0.05581395348837209,49.73565251572327,10.0,0.0,2,-58.87201030249398,RGG3_weighted,"step,r_mult=3.0000,a=0.0576897",-3857.2658940956917,clique_colex,,0.16358285459919025,29,7,0.16616264756485066,0.25
0.05581395348837209,49.73565251572327,10.0,0.1,2,-58.80975177030873,RGG3_weighted,"step,r_mult=3.0000,a=0.0576897",-3853.665894095692,clique_colex,,0.16343049708550314,29,7,0.16633761276065562,0.25
0.05581395348837209,49.73565251572327,10.0,1.0,2,-58.249424980641415,RGG3_weighted,"step,r_mult=3.0000,a=0.0576897",-3821.2658940956917,clique_colex,,0.16205927946231913,29,7,0.16780370732093092,0.25
0.05581395348837209,456.6637185534591,100.0,0.0,2,-8078.757960824074,RGG3_k12,own_mass=1319,-42236.90953057955,clique_colex,,1.471065959076463,29,7,1.471065959076463,0.25
0.05581395348837209,456.6637185534591,100.0,0.1,2,-8060.924315964261,RGG3_k12,own_mass=1319,-42233.30953057955,clique_colex,,1.4716789498111669,29,7,1.4716789498111669,0.25
0.05581395348837209,456.6637185534591,100.0,1.0,2,-7900.421512225943,RGG3_k12,own_mass=1319,-42200.90953057955,clique_colex,,1.4771958664234974,29,7,1.4771958664234974,0.25
0.05581395348837209,9.042845911949685,0.0,0.0,2,50.42551678535982,RGG3_weighted,"step,r_mult=3.0000,a=0.0576897",-481.72209119496847,clique_colex,,0.022917640309230332,29,7,0.037391079475195335,0.5
0.05581395348837209,9.042845911949685,0.0,0.1,2,50.48777531754507,RGG3_weighted,"step,r_mult=3.0000,a=0.0576897",-478.12209119496845,clique_colex,,0.022765282795543216,29,7,0.03748014670091409,0.5
0.05581395348837209,9.042845911949685,0.0,1.0,2,51.04810210721239,RGG3_weighted,"step,r_mult=3.0000,a=0.0576897",-445.72209119496847,clique_colex,,0.02139406517235921,29,7,0.03828175173238293,0.5
0.05581395348837209,18.08569182389937,1.0,0.0,2,26.10855192525948,RGG3_weighted,"step,r_mult=3.0000,a=0.0576897",-1797.0236216422734,clique_colex,,0.07851559748352854,29,7,0.09100589363020307,0.5
0.05581395348837209,18.08569182389937,1.0,0.1,2,26.170810457444738,RGG3_weighted,"step,r_mult=3.0000,a=0.0576897",-1793.4236216422735,clique_colex,,0.07836323996984144,29,7,0.09109496085592184,0.5
0.05581395348837209,18.08569182389937,1.0,1.0,2,26.73113724711205,RGG3_weighted,"step,r_mult=3.0000,a=0.0576897",-1761.0236216422734,clique_colex,,0.07699202234665742,29,7,0.09189656588739067,0.5
0.05581395348837209,99.47130503144653,10.0,0.0,2,-1038.3069144697724,RGG3_weighted,"linear,r_mult=1.1818,a=2.93002",-13634.737395668019,clique_colex,,0.5424819328681415,29,7,0.5424819328681415,0.5
0.05581395348837209,99.47130503144653,10.0,0.1,2,-1026.0039645173624,RGG3_weighted,"linear,r_mult=1.1818,a=2.93002",-13631.137395668018,clique_colex,,0.5428567369143262,29,7,0.5428567369143262,0.5
0.05581395348837209,99.47130503144653,10.0,1.0,2,-915.2774149456725,RGG3_weighted,"linear,r_mult=1.1818,a=2.93002",-13598.737395668019,clique_colex,,0.546229973329989,29,7,0.546229973329989,0.5
0.05581395348837209,913.3274371069182,100.0,0.0,2,-19030.151435666838,RGG3_k12,own_mass=1319,-132011.87513592545,clique_colex,,4.865707308366004,29,7,4.865707308366004,0.5
0.05581395348837209,913.3274371069182,100.0,0.1,2,-19012.317790807025,RGG3_k12,own_mass=1319,-132008.27513592545,clique_colex,,4.866320299100708,29,7,4.866320299100708,0.5
0.05581395348837209,913.3274371069182,100.0,1.0,2,-18851.81498706871,RGG3_k12,own_mass=1319,-131975.87513592545,clique_colex,,4.871837215713038,29,7,4.871837215713038,0.5
0.05581395348837209,18.08569182389937,0.0,0.0,2,26.08513105569626,RGG3_weighted,"step,r_mult=3.0000,a=0.0576897",-2259.444182389937,clique_colex,,0.09842934166432529,29,7,0.11077833607686408,1.0
0.05581395348837209,18.08569182389937,0.0,0.1,2,26.147389587881516,RGG3_weighted,"step,r_mult=3.0000,a=0.0576897",-2255.844182389937,clique_colex,,0.09827698415063818,29,7,0.11086740330258282,1.0
0.05581395348837209,18.08569182389937,0.0,1.0,2,26.707716377548827,RGG3_weighted,"step,r_mult=3.0000,a=0.0576897",-2223.444182389937,clique_colex,,0.09690576652745417,29,7,0.11166900833405166,1.0
0.05581395348837209,36.17138364779874,1.0,0.0,2,-22.57221953406763,RGG3_weighted,"step,r_mult=3.0000,a=0.0576897",-5352.467804032211,clique_colex,,0.22953900019371848,29,7,0.23653554200454233,1.0
0.05581395348837209,36.17138364779874,1.0,0.1,2,-22.509961001882374,RGG3_weighted,"step,r_mult=3.0000,a=0.0576897",-5348.86780403221,clique_colex,,0.22938664268003134,29,7,0.23667653915563838,1.0
0.05581395348837209,36.17138364779874,1.0,1.0,2,-21.949634212215063,RGG3_weighted,"step,r_mult=3.0000,a=0.0576897",-5316.467804032211,clique_colex,,0.22801542505684735,29,7,0.2379455135155029,1.0
0.05581395348837209,198.94261006289307,10.0,0.0,2,-3317.2405366484454,RGG3_k12,own_mass=1319,-33189.68039881267,clique_colex,,1.286496118094928,29,7,1.286496118094928,1.0
0.05581395348837209,198.94261006289307,10.0,0.1,2,-3299.4068917886325,RGG3_k12,own_mass=1319,-33186.08039881267,clique_colex,,1.2871091088296314,29,7,1.2871091088296314,1.0
0.05581395348837209,198.94261006289307,10.0,1.0,2,-3138.9040880503144,RGG3_k12,own_mass=1319,-33153.68039881267,clique_colex,,1.292626025441962,29,7,1.292626025441962,1.0
0.05581395348837209,1826.6548742138364,100.0,0.0,2,-40932.93838535237,RGG3_k12,own_mass=1319,-311561.8063466173,clique_colex,,11.654990006945086,29,7,11.654990006945086,1.0
0.05581395348837209,1826.6548742138364,100.0,0.1,2,-40915.104740492556,RGG3_k12,own_mass=1319,-311558.2063466173,clique_colex,,11.655602997679793,29,7,11.655602997679793,1.0
0.05581395348837209,1826.6548742138364,100.0,1.0,2,-40754.60193675424,RGG3_k12,own_mass=1319,-311525.8063466173,clique_colex,,11.66111991429212,29,7,11.66111991429212,1.0
0.05581395348837209,27.128537735849058,0.0,0.0,2,1.7447453260327137,RGG3_weighted,"step,r_mult=3.0000,a=0.0576897",-4037.166273584905,clique_colex,,0.17394104301942023,29,7,0.1841655926785328,1.5
0.05581395348837209,27.128537735849058,0.0,0.1,2,1.8070038582179706,RGG3_weighted,"step,r_mult=3.0000,a=0.0576897",-4033.566273584905,clique_colex,,0.17378868550573312,29,7,0.18425465990425155,1.5
0.05581395348837209,27.128537735849058,0.0,1.0,2,2.3673306478852827,RGG3_weighted,"step,r_mult=3.0000,a=0.0576897",-4001.166273584905,clique_colex,,0.1724174678825491,29,7,0.1850562649357204,1.5
0.05581395348837209,54.257075471698116,1.0,0.0,2,-150.0938662665397,RGG3_weighted,"smooth,r_mult=1.1818,a=1.64214",-8907.911986422147,clique_colex,,0.37716701637190386,29,7,0.37716701637190386,1.5
0.05581395348837209,54.257075471698116,1.0,0.1,2,-138.09771194564135,RGG3_weighted,"smooth,r_mult=1.1818,a=1.64214",-8904.311986422146,clique_colex,,0.37752860785859194,29,7,0.37752860785859194,1.5
0.05581395348837209,54.257075471698116,1.0,1.0,2,-70.63040567154215,RGG3_weighted,"step,r_mult=3.0000,a=0.0576897",-8871.911986422147,clique_colex,,0.37903882776703723,29,7,0.3792769647006234,1.5
0.05581395348837209,298.4139150943396,10.0,0.0,2,-5702.692580673602,RGG3_k12,own_mass=1319,-52744.62340195732,clique_colex,,2.0259229466530453,29,7,2.0259229466530453,1.5
0.05581395348837209,298.4139150943396,10.0,0.1,2,-5684.858935813789,RGG3_k12,own_mass=1319,-52741.02340195732,clique_colex,,2.0265359373877487,29,7,2.0265359373877487,1.5
0.05581395348837209,298.4139150943396,10.0,1.0,2,-5524.356132075471,RGG3_k12,own_mass=1319,-52708.62340195732,clique_colex,,2.0320528540000797,29,7,2.0320528540000797,1.5
0.05581395348837209,2739.9823113207544,100.0,0.0,2,-62835.7253350379,RGG3_k12,own_mass=1319,-491111.7375573091,clique_colex,,18.444272705524167,29,7,18.444272705524167,1.5
0.05581395348837209,2739.9823113207544,100.0,0.1,2,-62817.89169017809,RGG3_k12,own_mass=1319,-491108.1375573091,clique_colex,,18.444885696258872,29,7,18.444885696258872,1.5
0.05581395348837209,2739.9823113207544,100.0,1.0,2,-62657.388886439774,RGG3_k12,own_mass=1319,-491075.7375573091,clique_colex,,18.4504026128712,29,7,18.4504026128712,1.5
0.05581395348837209,54.257075471698116,0.0,0.0,2,-162.11918852265387,RGG3_weighted,"smooth,r_mult=1.1818,a=1.64214",-9370.33254716981,clique_colex,,0.39656388280134175,29,7,0.39656388280134175,3.0
0.05581395348837209,54.257075471698116,0.0,0.1,2,-150.12303420175553,RGG3_weighted,"smooth,r_mult=1.1818,a=1.64214",-9366.73254716981,clique_colex,,0.3969254742880299,29,7,0.3969254742880299,3.0
0.05581395348837209,54.257075471698116,0.0,1.0,2,-72.89891449612524,RGG3_weighted,"linear,r_mult=1.4091,a=1.41474",-9334.33254716981,clique_colex,,0.39885588426673924,29,7,0.39885588426673924,3.0
0.05581395348837209,108.51415094339623,1.0,0.0,2,-1350.1635642483325,RGG3_weighted,"linear,r_mult=1.1818,a=2.93002",-19574.244533591955,clique_colex,,0.7848441416599321,29,7,0.7848441416599321,3.0
0.05581395348837209,108.51415094339623,1.0,0.1,2,-1337.8606142959225,RGG3_weighted,"linear,r_mult=1.1818,a=2.93002",-19570.644533591956,clique_colex,,0.7852189457061169,29,7,0.7852189457061169,3.0
0.05581395348837209,108.51415094339623,1.0,1.0,2,-1227.1340647242325,RGG3_weighted,"linear,r_mult=1.1818,a=2.93002",-19538.244533591955,clique_colex,,0.7885921821217796,29,7,0.7885921821217796,3.0
0.05581395348837209,596.8278301886792,10.0,0.0,2,-12859.048712749072,RGG3_k12,own_mass=1319,-111409.45241139128,clique_colex,,4.2442034323273985,29,7,4.2442034323273985,3.0
0.05581395348837209,596.8278301886792,10.0,0.1,2,-12841.21506788926,RGG3_k12,own_mass=1319,-111405.85241139127,clique_colex,,4.244816423062102,29,7,4.244816423062102,3.0
0.05581395348837209,596.8278301886792,10.0,1.0,2,-12680.712264150941,RGG3_k12,own_mass=1319,-111373.45241139128,clique_colex,,4.250333339674434,29,7,4.250333339674434,3.0
0.05581395348837209,5479.964622641509,100.0,0.0,2,-128544.0861840945,RGG3_k12,own_mass=1319,-1029761.5311893845,clique_colex,,38.812120801261415,29,7,38.812120801261415,3.0
0.05581395348837209,5479.964622641509,100.0,0.1,2,-128526.25253923469,RGG3_k12,own_mass=1319,-1029757.9311893845,clique_colex,,38.812733791996116,29,7,38.812733791996116,3.0
0.05581395348837209,5479.964622641509,100.0,1.0,2,-128365.74973549637,RGG3_k12,own_mass=1319,-1029725.5311893845,clique_colex,,38.818250708608446,29,7,38.818250708608446,3.0
0.05581395348837209,4.521422955974843,0.0,0.0,3,62.662665891544975,RGG3_weighted,"step,r_mult=3.0000,a=0.0577411",60.16533567354109,uniform,,0.00010755082764874628,29,7,0.015893451739895224,0.25
0.05581395348837209,4.521422955974843,0.0,0.1,3,62.72645405346422,RGG3_weighted,"step,r_mult=3.0000,a=0.0577411",60.172882020897326,uniform,,0.00010997295575223473,29,7,0.016142747954748744,0.25
0.05581395348837209,4.521422955974843,0.0,1.0,3,63.30054751073737,RGG3_weighted,"step,r_mult=3.0000,a=0.0577411",60.24079914710346,uniform,,0.00013177210868363083,29,7,0.018386413888430417,0.25
0.05581395348837209,9.042845911949685,1.0,0.0,3,50.515418776766055,RGG3_weighted,"step,r_mult=3.0000,a=0.0577411",-19.301530447304955,clique_colex,,0.0030067592258428513,29,7,0.017858807367474413,0.25
0.05581395348837209,9.042845911949685,1.0,0.1,3,50.579206938685296,RGG3_weighted,"step,r_mult=3.0000,a=0.0577411",-15.701530447304956,clique_colex,,0.002854467587682612,29,7,0.017953389816064202,0.25
0.05581395348837209,9.042845911949685,1.0,1.0,3,51.153300395958446,RGG3_weighted,"step,r_mult=3.0000,a=0.0577411",16.69846955269504,clique_colex,,0.0014838428442404568,29,7,0.018804631853372326,0.25
0.05581395348837209,49.73565251572327,10.0,0.0,3,-58.809805256244275,RGG3_weighted,"step,r_mult=3.0000,a=0.0577411",-3857.2658940956917,clique_colex,,0.16358553354175054,29,7,0.16614602772098547,0.25
0.05581395348837209,49.73565251572327,10.0,0.1,3,-58.74601709432503,RGG3_weighted,"step,r_mult=3.0000,a=0.0577411",-3853.665894095692,clique_colex,,0.1634332419035903,29,7,0.16632165174960561,0.25
0.05581395348837209,49.73565251572327,10.0,1.0,3,-58.17192363705188,RGG3_weighted,"step,r_mult=3.0000,a=0.0577411",-3821.2658940956917,clique_colex,,0.16206261716014814,29,7,0.16776726317878599,0.25
0.05581395348837209,456.6637185534591,100.0,0.0,3,-8188.449382457532,RGG3_k12,own_mass=1308,-42236.90953057955,clique_colex,,1.4663419529768311,29,7,1.4663419529768311,0.25
0.05581395348837209,456.6637185534591,100.0,0.1,3,-8171.148447878093,RGG3_k12,own_mass=1308,-42233.30953057955,clique_colex,,1.4669320018389949,29,7,1.4669320018389949,0.25
0.05581395348837209,456.6637185534591,100.0,1.0,3,-8015.44003666314,RGG3_k12,own_mass=1308,-42200.90953057955,clique_colex,,1.4722424415984674,29,7,1.4722424415984674,0.25
0.05581395348837209,9.042845911949685,0.0,0.0,3,50.4928078356629,RGG3_weighted,"step,r_mult=3.0000,a=0.0577411",-481.72209119496847,clique_colex,,0.02292053828727956,29,7,0.03766107238441552,0.5
0.05581395348837209,9.042845911949685,0.0,0.1,3,50.55659599758214,RGG3_weighted,"step,r_mult=3.0000,a=0.0577411",-478.12209119496845,clique_colex,,0.02276824664911932,29,7,0.03775565483300531,0.5
0.05581395348837209,9.042845911949685,0.0,1.0,3,51.13068945485529,RGG3_weighted,"step,r_mult=3.0000,a=0.0577411",-445.72209119496847,clique_colex,,0.021397621905677167,29,7,0.038606896870313434,0.5
0.05581395348837209,18.08569182389937,1.0,0.0,3,26.175702665001904,RGG3_weighted,"step,r_mult=3.0000,a=0.0577411",-1797.0236216422734,clique_colex,,0.07851848941891797,29,7,0.09127980393032849,0.5
0.05581395348837209,18.08569182389937,1.0,0.1,3,26.23949082692114,RGG3_weighted,"step,r_mult=3.0000,a=0.0577411",-1793.4236216422735,clique_colex,,0.07836619778075773,29,7,0.09137438637891829,0.5
0.05581395348837209,18.08569182389937,1.0,1.0,3,26.813584284194295,RGG3_weighted,"step,r_mult=3.0000,a=0.0577411",-1761.0236216422734,clique_colex,,0.07699557303731558,29,7,0.0922256284162264,0.5
0.05581395348837209,99.47130503144653,10.0,0.0,3,-980.6884388254758,RGG3_weighted,"linear,r_mult=1.1818,a=3.01031",-13634.737395668019,clique_colex,,0.5449633487012292,29,7,0.5449633487012292,0.5
0.05581395348837209,99.47130503144653,10.0,0.1,3,-968.5781891181696,RGG3_weighted,"linear,r_mult=1.1818,a=3.01031",-13631.137395668018,clique_colex,,0.5453298538565826,29,7,0.5453298538565826,0.5
0.05581395348837209,99.47130503144653,10.0,1.0,3,-859.5859417524135,RGG3_weighted,"linear,r_mult=1.1818,a=3.01031",-13598.737395668019,clique_colex,,0.5486284002547633,29,7,0.5486284002547633,0.5
0.05581395348837209,913.3274371069182,100.0,0.0,3,-18683.17913874684,RGG3_k12,own_mass=1308,-132011.87513592545,clique_colex,,4.88065012907746,29,7,4.88065012907746,0.5
0.05581395348837209,913.3274371069182,100.0,0.1,3,-18665.878204167402,RGG3_k12,own_mass=1308,-132008.27513592545,clique_colex,,4.881240177939623,29,7,4.881240177939623,0.5
0.05581395348837209,913.3274371069182,100.0,1.0,3,-18510.16979295245,RGG3_k12,own_mass=1308,-131975.87513592545,clique_colex,,4.886550617699096,29,7,4.886550617699096,0.5
0.05581395348837209,18.08569182389937,0.0,0.0,3,26.153091723898754,RGG3_weighted,"step,r_mult=3.0000,a=0.0577411",-2259.444182389937,clique_colex,,0.09843226848035468,29,7,0.1110820689472696,1.0
0.05581395348837209,18.08569182389937,0.0,0.1,3,26.216879885817992,RGG3_weighted,"step,r_mult=3.0000,a=0.0577411",-2255.844182389937,clique_colex,,0.09827997684219444,29,7,0.1111766513958594,1.0
0.05581395348837209,18.08569182389937,0.0,1.0,3,26.790973343091146,RGG3_weighted,"step,r_mult=3.0000,a=0.0577411",-2223.444182389937,clique_colex,,0.09690935209875229,29,7,0.11202789343316752,1.0
0.05581395348837209,36.17138364779874,1.0,0.0,3,-22.50372955852639,RGG3_weighted,"step,r_mult=3.0000,a=0.0577411",-5352.467804032211,clique_colex,,0.22954194980506823,29,7,0.23749064045941642,1.0
0.05581395348837209,36.17138364779874,1.0,0.1,3,-22.439941396607153,RGG3_weighted,"step,r_mult=3.0000,a=0.0577411",-5348.86780403221,clique_colex,,0.22938965816690796,29,7,0.23763406011201352,1.0
0.05581395348837209,36.17138364779874,1.0,1.0,3,-21.865847939334,RGG3_weighted,"step,r_mult=3.0000,a=0.0577411",-5316.467804032211,clique_colex,,0.22801903342346583,29,7,0.2389248369853874,1.0
0.05581395348837209,198.94261006289307,10.0,0.0,3,-3174.9334406042435,RGG3_k12,own_mass=1308,-33189.68039881267,clique_colex,,1.292624761335419,29,7,1.292624761335419,1.0
0.05581395348837209,198.94261006289307,10.0,0.1,3,-3157.632506024804,RGG3_k12,own_mass=1308,-33186.08039881267,clique_colex,,1.2932148101975824,29,7,1.2932148101975824,1.0
0.05581395348837209,198.94261006289307,10.0,1.0,3,-3001.924094809851,RGG3_k12,own_mass=1308,-33153.68039881267,clique_colex,,1.298525249957055,29,7,1.298525249957055,1.0
0.05581395348837209,1826.6548742138364,100.0,0.0,3,-39672.638651325455,RGG3_k12,own_mass=1308,-311561.8063466173,clique_colex,,11.709266481278718,29,7,11.709266481278718,1.0
0.05581395348837209,1826.6548742138364,100.0,0.1,3,-39655.33771674601,RGG3_k12,own_mass=1308,-311558.2063466173,clique_colex,,11.709856530140883,29,7,11.709856530140883,1.0
0.05581395348837209,1826.6548742138364,100.0,1.0,3,-39499.62930553106,RGG3_k12,own_mass=1308,-311525.8063466173,clique_colex,,11.715166969900356,29,7,11.715166969900356,1.0
0.05581395348837209,27.128537735849058,0.0,0.0,3,1.8133756121346067,RGG3_weighted,"step,r_mult=3.0000,a=0.0577411",-4037.166273584905,clique_colex,,0.17394399867342977,29,7,0.1845030655101237,1.5
0.05581395348837209,27.128537735849058,0.0,0.1,3,1.877163774053846,RGG3_weighted,"step,r_mult=3.0000,a=0.0577411",-4033.566273584905,clique_colex,,0.17379170703526955,29,7,0.1845976479587135,1.5
0.05581395348837209,27.128537735849058,0.0,1.0,3,2.4512572313270002,RGG3_weighted,"step,r_mult=3.0000,a=0.0577411",-4001.166273584905,clique_colex,,0.1724210822918274,29,7,0.1854488899960216,1.5
0.05581395348837209,54.257075471698116,1.0,0.0,3,-105.08813636903677,RGG3_weighted,"linear,r_mult=1.4091,a=1.43239",-8907.911986422147,clique_colex,,0.3791052476336395,29,7,0.3791052476336395,1.5
0.05581395348837209,54.257075471698116,1.0,0.1,3,-97.41014642447648,RGG3_weighted,"linear,r_mult=1.4091,a=1.43239",-8904.311986422146,clique_colex,,0.3792808716622597,29,7,0.3792808716622597,1.5
0.05581395348837209,54.257075471698116,1.0,1.0,3,-70.54528016286228,RGG3_weighted,"step,r_mult=3.0000,a=0.0577411",-8871.911986422147,clique_colex,,0.3790424938096161,29,7,0.3808614879198412,1.5
0.05581395348837209,298.4139150943396,10.0,0.0,3,-5460.914179597953,RGG3_k12,own_mass=1308,-52744.62340195732,clique_colex,,2.036335453159318,29,7,2.036335453159318,1.5
0.05581395348837209,298.4139150943396,10.0,0.1,3,-5443.613245018514,RGG3_k12,own_mass=1308,-52741.02340195732,clique_colex,,2.0369255020214814,29,7,2.0369255020214814,1.5
0.05581395348837209,298.4139150943396,10.0,1.0,3,-5287.904833803561,RGG3_k12,own_mass=1308,-52708.62340195732,clique_colex,,2.042235941780954,29,7,2.042235941780954,1.5
0.05581395348837209,2739.9823113207544,100.0,0.0,3,-60662.09816390407,RGG3_k12,own_mass=1308,-491111.7375573091,clique_colex,,18.537882833479976,29,7,18.537882833479976,1.5
0.05581395348837209,2739.9823113207544,100.0,0.1,3,-60644.79722932463,RGG3_k12,own_mass=1308,-491108.1375573091,clique_colex,,18.53847288234214,29,7,18.53847288234214,1.5
0.05581395348837209,2739.9823113207544,100.0,1.0,3,-60489.088818109674,RGG3_k12,own_mass=1308,-491075.7375573091,clique_colex,,18.543783322101614,29,7,18.543783322101614,1.5
0.05581395348837209,54.257075471698116,0.0,0.0,3,-109.063760730833,RGG3_weighted,"linear,r_mult=1.4091,a=1.43239",-9370.33254716981,clique_colex,,0.39884878494569237,29,7,0.39884878494569237,3.0
0.05581395348837209,54.257075471698116,0.0,0.1,3,-101.3857707862727,RGG3_weighted,"linear,r_mult=1.4091,a=1.43239",-9366.73254716981,clique_colex,,0.3990244089743125,29,7,0.3990244089743125,3.0
0.05581395348837209,54.257075471698116,0.0,1.0,3,-70.56789110396544,RGG3_weighted,"step,r_mult=3.0000,a=0.0577411",-9334.33254716981,clique_colex,,0.39895627287105273,29,7,0.40060502523189406,3.0
0.05581395348837209,108.51415094339623,1.0,0.0,3,-1232.2573196280066,RGG3_weighted,"linear,r_mult=1.1818,a=3.01031",-19574.244533591955,clique_colex,,0.7899219299726076,29,7,0.7899219299726076,3.0
0.05581395348837209,108.51415094339623,1.0,0.1,3,-1220.1470699207005,RGG3_weighted,"linear,r_mult=1.1818,a=3.01031",-19570.644533591956,clique_colex,,0.790288435127961,29,7,0.790288435127961,3.0
0.05581395348837209,108.51415094339623,1.0,1.0,3,-1111.1548225549443,RGG3_weighted,"linear,r_mult=1.1818,a=3.01031",-19538.244533591955,clique_colex,,0.7935869815261417,29,7,0.7935869815261417,3.0
0.05581395348837209,596.8278301886792,10.0,0.0,3,-12318.856396579084,RGG3_k12,own_mass=1308,-111409.45241139128,clique_colex,,4.267467528631016,29,7,4.267467528631016,3.0
0.05581395348837209,596.8278301886792,10.0,0.1,3,-12301.555461999644,RGG3_k12,own_mass=1308,-111405.85241139127,clique_colex,,4.268057577493179,29,7,4.268057577493179,3.0
0.05581395348837209,596.8278301886792,10.0,1.0,3,-12145.84705078469,RGG3_k12,own_mass=1308,-111373.45241139128,clique_colex,,4.273368017252652,29,7,4.273368017252652,3.0
0.05581395348837209,5479.964622641509,100.0,0.0,3,-123630.47670163991,RGG3_k12,own_mass=1308,-1029761.5311893845,clique_colex,,39.023731890083745,29,7,39.023731890083745,3.0
0.05581395348837209,5479.964622641509,100.0,0.1,3,-123613.17576706047,RGG3_k12,own_mass=1308,-1029757.9311893845,clique_colex,,39.02432193894591,29,7,39.02432193894591,3.0
0.05581395348837209,5479.964622641509,100.0,1.0,3,-123457.46735584553,RGG3_k12,own_mass=1308,-1029725.5311893845,clique_colex,,39.02963237870539,29,7,39.02963237870539,3.0
0.05581395348837209,4.521422955974843,0.0,0.0,4,62.593430814567675,RGG3_weighted,"step,r_mult=3.0000,a=0.0576872",60.16533567354109,uniform,,0.00010456912752052491,29,7,0.01572980113353774,0.25
0.05581395348837209,4.521422955974843,0.0,0.1,4,62.65570722772376,RGG3_weighted,"step,r_mult=3.0000,a=0.0576872",60.172882020897326,uniform,,0.00010692615016479042,29,7,0.015977678943666643,0.25
0.05581395348837209,4.521422955974843,0.0,1.0,4,63.21619494612851,RGG3_weighted,"step,r_mult=3.0000,a=0.0576872",60.24079914710346,uniform,,0.0001281393539631805,29,7,0.018208579234826747,0.25
0.05581395348837209,9.042845911949685,1.0,0.0,4,50.443661859333616,RGG3_weighted,"step,r_mult=3.0000,a=0.0576872",-19.301530447304955,clique_colex,,0.003003668919321213,29,7,0.017711922646773532,0.25
0.05581395348837209,9.042845911949685,1.0,0.1,4,50.5059382724897,RGG3_weighted,"step,r_mult=3.0000,a=0.0576872",-15.701530447304956,clique_colex,,0.0028513121757017513,29,7,0.017805086690638704,0.25
0.05581395348837209,9.042845911949685,1.0,1.0,4,51.06642599089445,RGG3_weighted,"step,r_mult=3.0000,a=0.0576872",16.69846955269504,clique_colex,,0.0014801014831265897,29,7,0.018643563085425262,0.25
0.05581395348837209,49.73565251572327,10.0,0.0,4,-58.90425873777295,RGG3_weighted,"step,r_mult=3.0000,a=0.0576872",-3857.2658940956917,clique_colex,,0.16358146577768815,29,7,0.16661770564581205,0.25
0.05581395348837209,49.73565251572327,10.0,0.1,4,-58.841982324616865,RGG3_weighted,"step,r_mult=3.0000,a=0.0576872",-3853.665894095692,clique_colex,,0.16342910903406868,29,7,0.16679555514254277,0.25
0.05581395348837209,49.73565251572327,10.0,1.0,4,-58.281494606212114,RGG3_weighted,"step,r_mult=3.0000,a=0.0576872",-3821.2658940956917,clique_colex,,0.1620578983414935,29,7,0.16820845447374946,0.25
0.05581395348837209,456.6637185534591,100.0,0.0,4,-7815.3674193998695,RGG3_k12,own_mass=1310,-42236.90953057955,clique_colex,,1.4824092209810371,29,7,1.4824092209810371,0.25
0.05581395348837209,456.6637185534591,100.0,0.1,4,-7797.548727811084,RGG3_k12,own_mass=1310,-42233.30953057955,clique_colex,,1.4830215677333536,29,7,1.4830215677333536,0.25
0.05581395348837209,456.6637185534591,100.0,1.0,4,-7637.180503512019,RGG3_k12,own_mass=1310,-42200.90953057955,clique_colex,,1.4885326885042003,29,7,1.4885326885042003,0.25
0.05581395348837209,9.042845911949685,0.0,0.0,4,50.42428707202684,RGG3_weighted,"step,r_mult=3.0000,a=0.0576872",-481.72209119496847,clique_colex,,0.022917587349999796,29,7,0.037526492485771855,0.5
0.05581395348837209,9.042845911949685,0.0,0.1,4,50.48656348518293,RGG3_weighted,"step,r_mult=3.0000,a=0.0576872",-478.12209119496845,clique_colex,,0.022765230606380336,29,7,0.03761965652963703,0.5
0.05581395348837209,9.042845911949685,0.0,1.0,4,51.04705120358768,RGG3_weighted,"step,r_mult=3.0000,a=0.0576872",-445.72209119496847,clique_colex,,0.021394019913805174,29,7,0.038458132924423585,0.5
0.05581395348837209,18.08569182389937,1.0,0.0,4,26.105374374251944,RGG3_weighted,"step,r_mult=3.0000,a=0.0576872",-1797.0236216422734,clique_colex,,0.07851546063809325,29,7,0.09119106062505525,0.5
0.05581395348837209,18.08569182389937,1.0,0.1,4,26.16765078740803,RGG3_weighted,"step,r_mult=3.0000,a=0.0576872",-1793.4236216422735,clique_colex,,0.07836310389447379,29,7,0.09128422466892042,0.5
0.05581395348837209,18.08569182389937,1.0,1.0,4,26.728138505812776,RGG3_weighted,"step,r_mult=3.0000,a=0.0576872",-1761.0236216422734,clique_colex,,0.07699189320189863,29,7,0.09212270106370699,0.5
0.05581395348837209,99.47130503144653,10.0,0.0,4,-925.6610728379218,RGG3_weighted,"linear,r_mult=1.1818,a=2.96424",-13634.737395668019,clique_colex,,0.5473331749711497,29,7,0.5473331749711497,0.5
0.05581395348837209,99.47130503144653,10.0,0.1,4,-913.2555341177838,RGG3_weighted,"linear,r_mult=1.1818,a=2.96424",-13631.137395668018,clique_colex,,0.547712397138253,29,7,0.547712397138253,0.5
0.05581395348837209,99.47130503144653,10.0,1.0,4,-802.1286447946565,RGG3_weighted,"smooth,r_mult=1.1818,a=1.66469",-13598.737395668019,clique_colex,,0.551102874714615,29,7,0.551102874714615,0.5
0.05581395348837209,913.3274371069182,100.0,0.0,4,-17977.202128519366,RGG3_k12,own_mass=1310,-132011.87513592545,clique_colex,,4.911053962420589,29,7,4.911053962420589,0.5
0.05581395348837209,913.3274371069182,100.0,0.1,4,-17959.38343693058,RGG3_k12,own_mass=1310,-132008.27513592545,clique_colex,,4.911666309172905,29,7,4.911666309172905,0.5
0.05581395348837209,913.3274371069182,100.0,1.0,4,-17799.015212631515,RGG3_k12,own_mass=1310,-131975.87513592545,clique_colex,,4.917177429943752,29,7,4.917177429943752,0.5
0.05581395348837209,18.08569182389937,0.0,0.0,4,26.08599958694517,RGG3_weighted,"step,r_mult=3.0000,a=0.0576872",-2259.444182389937,clique_colex,,0.09842937906877183,29,7,0.11100563046405358,1.0
0.05581395348837209,18.08569182389937,0.0,0.1,4,26.148276000101255,RGG3_weighted,"step,r_mult=3.0000,a=0.0576872",-2255.844182389937,clique_colex,,0.09827702232515238,29,7,0.11109879450791875,1.0
0.05581395348837209,18.08569182389937,0.0,1.0,4,26.708763718506003,RGG3_weighted,"step,r_mult=3.0000,a=0.0576872",-2223.444182389937,clique_colex,,0.09690581163257721,29,7,0.11193727090270532,1.0
0.05581395348837209,36.17138364779874,1.0,0.0,4,-22.571200595911392,RGG3_weighted,"step,r_mult=3.0000,a=0.0576872",-5352.467804032211,clique_colex,,0.22953904407563736,29,7,0.2375904945731705,1.0
0.05581395348837209,36.17138364779874,1.0,0.1,4,-22.508924182755308,RGG3_weighted,"step,r_mult=3.0000,a=0.0576872",-5348.86780403221,clique_colex,,0.22938668733201786,29,7,0.23773711150993865,1.0
0.05581395348837209,36.17138364779874,1.0,1.0,4,-21.94843646435056,RGG3_weighted,"step,r_mult=3.0000,a=0.0576872",-5316.467804032211,clique_colex,,0.22801547663944272,29,7,0.23905666394085237,1.0
0.05581395348837209,198.94261006289307,10.0,0.0,4,-3025.8911641097984,RGG3_k12,own_mass=1310,-33189.68039881267,clique_colex,,1.299043464026825,29,7,1.299043464026825,1.0
0.05581395348837209,198.94261006289307,10.0,0.1,4,-3008.0724725210134,RGG3_k12,own_mass=1310,-33186.08039881267,clique_colex,,1.2996558107791412,29,7,1.2996558107791412,1.0
0.05581395348837209,198.94261006289307,10.0,1.0,4,-2847.704248221948,RGG3_k12,own_mass=1310,-33153.68039881267,clique_colex,,1.305166931549988,29,7,1.305166931549988,1.0
0.05581395348837209,1826.6548742138364,100.0,0.0,4,-38300.87154675835,RGG3_k12,own_mass=1310,-311561.8063466173,clique_colex,,11.768343445299696,29,7,11.768343445299696,1.0
0.05581395348837209,1826.6548742138364,100.0,0.1,4,-38283.05285516957,RGG3_k12,own_mass=1310,-311558.2063466173,clique_colex,,11.768955792052013,29,7,11.768955792052013,1.0
0.05581395348837209,1826.6548742138364,100.0,1.0,4,-38122.684630870506,RGG3_k12,own_mass=1310,-311525.8063466173,clique_colex,,11.774466912822858,29,7,11.774466912822858,1.0
0.05581395348837209,27.128537735849058,0.0,0.0,4,1.747712101863499,RGG3_weighted,"step,r_mult=3.0000,a=0.0576872",-4037.166273584905,clique_colex,,0.17394117078754387,29,7,0.1844847684423353,1.5
0.05581395348837209,27.128537735849058,0.0,0.1,4,1.8099885150195822,RGG3_weighted,"step,r_mult=3.0000,a=0.0576872",-4033.566273584905,clique_colex,,0.1737888140439244,29,7,0.18457793248620044,1.5
0.05581395348837209,27.128537735849058,0.0,1.0,4,2.3704762334243314,RGG3_weighted,"step,r_mult=3.0000,a=0.0576872",-4001.166273584905,clique_colex,,0.17241760335134923,29,7,0.18541640888098704,1.5
0.05581395348837209,54.257075471698116,1.0,0.0,4,-98.57715279338424,RGG3_weighted,"linear,r_mult=1.4091,a=1.44146",-8907.911986422147,clique_colex,,0.3793856517497313,29,7,0.3793856517497313,1.5
0.05581395348837209,54.257075471698116,1.0,0.1,4,-90.84748747929665,RGG3_weighted,"linear,r_mult=1.4091,a=1.44146",-8904.311986422146,clique_colex,,0.37956350124646204,29,7,0.37956350124646204,1.5
0.05581395348837209,54.257075471698116,1.0,1.0,4,-70.62501143451391,RGG3_weighted,"step,r_mult=3.0000,a=0.0576872",-8871.911986422147,clique_colex,,0.3790390600769868,29,7,0.3811641467170387,1.5
0.05581395348837209,298.4139150943396,10.0,0.0,4,-5239.360110650678,RGG3_k12,own_mass=1310,-52744.62340195732,clique_colex,,2.0458769720631627,29,7,2.0458769720631627,1.5
0.05581395348837209,298.4139150943396,10.0,0.1,4,-5221.541419061892,RGG3_k12,own_mass=1310,-52741.02340195732,clique_colex,,2.046489318815479,29,7,2.046489318815479,1.5
0.05581395348837209,298.4139150943396,10.0,1.0,4,-5061.173194762827,RGG3_k12,own_mass=1310,-52708.62340195732,clique_colex,,2.052000439586326,29,7,2.052000439586326,1.5
0.05581395348837209,2739.9823113207544,100.0,0.0,4,-58624.540964997344,RGG3_k12,own_mass=1310,-491111.7375573091,clique_colex,,18.6256329281788,29,7,18.6256329281788,1.5
0.05581395348837209,2739.9823113207544,100.0,0.1,4,-58606.72227340856,RGG3_k12,own_mass=1310,-491108.1375573091,clique_colex,,18.62624527493112,29,7,18.62624527493112,1.5
0.05581395348837209,2739.9823113207544,100.0,1.0,4,-58446.3540491095,RGG3_k12,own_mass=1310,-491075.7375573091,clique_colex,,18.631756395701963,29,7,18.631756395701963,1.5
0.05581395348837209,54.257075471698116,0.0,0.0,4,-103.18454011093081,RGG3_weighted,"linear,r_mult=1.4091,a=1.44146",-9370.33254716981,clique_colex,,0.3991019813548182,29,7,0.3991019813548182,3.0
0.05581395348837209,54.257075471698116,0.0,0.1,4,-95.45487479684321,RGG3_weighted,"linear,r_mult=1.4091,a=1.44146",-9366.73254716981,clique_colex,,0.3992798308515489,29,7,0.3992798308515489,3.0
0.05581395348837209,54.257075471698116,0.0,1.0,4,-70.64438622182068,RGG3_weighted,"step,r_mult=3.0000,a=0.0576872",-9334.33254716981,clique_colex,,0.39895297850766537,29,7,0.40088047632212553,3.0
0.05581395348837209,108.51415094339623,1.0,0.0,4,-1177.4304773713804,RGG3_weighted,"linear,r_mult=1.1818,a=2.96424",-19574.244533591955,clique_colex,,0.792283120422936,29,7,0.792283120422936,3.0
0.05581395348837209,108.51415094339623,1.0,0.1,4,-1165.0249386512426,RGG3_weighted,"linear,r_mult=1.1818,a=2.96424",-19570.644533591956,clique_colex,,0.7926623425900393,29,7,0.7926623425900393,3.0
0.05581395348837209,108.51415094339623,1.0,1.0,4,-1053.3750901700005,RGG3_weighted,"linear,r_mult=1.1818,a=2.96424",-19538.244533591955,clique_colex,,0.7960753420939688,29,7,0.7960753420939688,3.0
0.05581395348837209,596.8278301886792,10.0,0.0,4,-11879.766950273319,RGG3_k12,own_mass=1310,-111409.45241139128,clique_colex,,4.286377496172177,29,7,4.286377496172177,3.0
0.05581395348837209,596.8278301886792,10.0,0.1,4,-11861.948258684533,RGG3_k12,own_mass=1310,-111405.85241139127,clique_colex,,4.286989842924493,29,7,4.286989842924493,3.0
0.05581395348837209,596.8278301886792,10.0,1.0,4,-11701.580034385468,RGG3_k12,own_mass=1310,-111373.45241139128,clique_colex,,4.292500963695341,29,7,4.292500963695341,3.0
0.05581395348837209,5479.964622641509,100.0,0.0,4,-119595.54921971432,RGG3_k12,own_mass=1310,-1029761.5311893845,clique_colex,,39.19750137681611,29,7,39.19750137681611,3.0
0.05581395348837209,5479.964622641509,100.0,0.1,4,-119577.73052812554,RGG3_k12,own_mass=1310,-1029757.9311893845,clique_colex,,39.19811372356843,29,7,39.19811372356843,3.0
0.05581395348837209,5479.964622641509,100.0,1.0,4,-119417.36230382646,RGG3_k12,own_mass=1310,-1029725.5311893845,clique_colex,,39.20362484433928,29,7,39.20362484433928,3.0
0.1,2.523584905660377,0.0,0.0,0,200.7538469371442,RGG3_weighted,"step,r_mult=3.0000,a=0.103283",193.13490566037748,uniform,,0.00032811977936118516,24,5,0.05060684779577827,0.25
0.1,2.523584905660377,0.0,0.1,0,201.10440013068788,RGG3_weighted,"step,r_mult=3.0000,a=0.103283",193.17830752953637,uniform,,0.0003413476572416671,24,5,0.05202098634827352,0.25
0.1,2.523584905660377,0.0,1.0,0,204.25937887258084,RGG3_weighted,"step,r_mult=3.0000,a=0.103283",193.56892435196622,uniform,,0.0004603985581660044,24,5,0.0647482333207308,0.25
0.1,5.047169811320754,1.0,0.0,0,161.76409495004378,RGG3_weighted,"step,r_mult=3.0000,a=0.103283",154.06981132075487,uniform,,0.000331364497385397,24,5,0.04765894693418375,0.25
0.1,5.047169811320754,1.0,0.1,0,162.11464814358746,RGG3_weighted,"step,r_mult=3.0000,a=0.103283",154.11321318991375,uniform,,0.00034459237526587893,24,5,0.049073085486679,0.25
0.1,5.047169811320754,1.0,1.0,0,165.26962688548042,RGG3_weighted,"step,r_mult=3.0000,a=0.103283",154.5038300123436,uniform,,0.0004636432761902163,24,5,0.061800332459136284,0.25
0.1,27.759433962264147,10.0,0.0,0,-189.14367293385982,RGG3_weighted,"step,r_mult=3.0000,a=0.103283",-1525.2293246341019,clique_union_K13,,0.05754029507752981,24,5,0.07167151843132015,0.25
0.1,27.759433962264147,10.0,0.1,0,-188.79311974031614,RGG3_weighted,"step,r_mult=3.0000,a=0.103283",-1519.0274554752234,clique_union_K13,,0.05728830041924665,24,5,0.073041491221963,0.25
0.1,27.759433962264147,10.0,1.0,0,-185.63814099842318,RGG3_weighted,"step,r_mult=3.0000,a=0.103283",-1463.2106330453169,clique_union_K13,,0.055020348494698265,24,5,0.08537124633774854,0.25
0.1,254.88207547169807,100.0,0.0,0,-14310.330095293617,RGG3_weighted,"linear,r_mult=1.4091,a=3.3137",-30996.944189737253,clique_union_K13,,0.7186310979519223,24,5,0.7186310979519223,0.25
0.1,254.88207547169807,100.0,0.1,0,-14271.60253485791,RGG3_weighted,"linear,r_mult=1.4091,a=3.3137",-30990.742320578374,clique_union_K13,,0.7200318598501492,24,5,0.7200318598501492,0.25
0.1,254.88207547169807,100.0,1.0,0,-13923.054490936547,RGG3_weighted,"linear,r_mult=1.4091,a=3.3137",-30934.925498148466,clique_union_K13,,0.7326387169341912,24,5,0.7326387169341912,0.25
0.1,5.047169811320754,0.0,0.0,0,161.68543606804343,RGG3_weighted,"step,r_mult=3.0000,a=0.103283",-86.58490566037699,clique_colex,,0.010692090513713197,24,5,0.05748727644893465,0.5
0.1,5.047169811320754,0.0,0.1,0,162.0359892615871,RGG3_weighted,"step,r_mult=3.0000,a=0.103283",-80.2708869687882,clique_colex,,0.01043526598752693,24,5,0.058631362597363144,0.5
0.1,5.047169811320754,0.0,1.0,0,165.19096800348007,RGG3_weighted,"step,r_mult=3.0000,a=0.103283",-23.444718744489144,clique_colex,,0.008123845251850526,24,5,0.0689281379332197,0.5
0.1,10.094339622641508,1.0,0.0,0,83.62727321184227,RGG3_weighted,"step,r_mult=3.0000,a=0.103283",-1498.52495150767,clique_colex,,0.0681374773781013,24,5,0.10849797565250839,0.5
0.1,10.094339622641508,1.0,0.1,0,83.97782640538593,RGG3_weighted,"step,r_mult=3.0000,a=0.103283",-1492.2109328160811,clique_colex,,0.06788065285191504,24,5,0.10964206180093689,0.5
0.1,10.094339622641508,1.0,1.0,0,87.1328051472789,RGG3_weighted,"step,r_mult=3.0000,a=0.103283",-1435.3847645917822,clique_colex,,0.06556923211623863,24,5,0.11993883713679343,0.5
0.1,55.518867924528294,10.0,0.0,0,-1812.0329714263,RGG3_weighted,"linear,r_mult=1.4091,a=3.3137",-14205.985364133305,clique_colex,,0.533761946283678,24,5,0.533761946283678,0.5
0.1,55.518867924528294,10.0,0.1,0,-1773.3054109905931,RGG3_weighted,"linear,r_mult=1.4091,a=3.3137",-14199.671345441717,clique_colex,,0.5351578783140019,24,5,0.5351578783140019,0.5
0.1,55.518867924528294,10.0,1.0,0,-1430.674832430908,RGG3_weighted,"smooth,r_mult=1.4091,a=1.83784",-14142.845177217418,clique_colex,,0.5474664231174208,24,5,0.5474664231174208,0.5
0.1,509.76415094339615,100.0,0.0,0,-32335.508283418392,RGG3_weighted,"linear,r_mult=1.4091,a=3.3137",-141280.58949038966,clique_colex,,4.691863962401863,24,5,4.691863962401863,0.5
0.1,509.76415094339615,100.0,0.1,0,-32296.780722982687,RGG3_weighted,"linear,r_mult=1.4091,a=3.3137",-141274.27547169806,clique_colex,,4.693259894432186,24,5,4.693259894432186,0.5
0.1,509.76415094339615,100.0,1.0,0,-31948.232679061322,RGG3_weighted,"linear,r_mult=1.4091,a=3.3137",-141217.44930347375,clique_colex,,4.7058232827051,24,5,4.7058232827051,0.5
0.1,10.094339622641508,0.0,0.0,0,83.54861432984191,RGG3_weighted,"step,r_mult=3.0000,a=0.103283",-2495.169811320754,clique_colex,,0.11105591841733832,24,5,0.1508840201901685,1.0
0.1,10.094339622641508,0.0,0.1,0,83.89916752338557,RGG3_weighted,"step,r_mult=3.0000,a=0.103283",-2488.855792629165,clique_colex,,0.11079909389115206,24,5,0.152028106338597,1.0
0.1,10.094339622641508,0.0,1.0,0,87.05414626527855,RGG3_weighted,"step,r_mult=3.0000,a=0.103283",-2432.0296244048664,clique_colex,,0.10848767315547567,24,5,0.16232488167445355,1.0
0.1,20.188679245283016,1.0,0.0,0,-72.64637026456077,RGG3_weighted,"step,r_mult=3.0000,a=0.103283",-6315.694762828424,clique_colex,,0.2688651331853516,24,5,0.2940857939611806,1.0
0.1,20.188679245283016,1.0,0.1,0,-72.29581707101711,RGG3_weighted,"step,r_mult=3.0000,a=0.103283",-6309.380744136835,clique_colex,,0.2686083086591653,24,5,0.2954509368839203,1.0
0.1,20.188679245283016,1.0,1.0,0,-69.14083832912414,RGG3_weighted,"step,r_mult=3.0000,a=0.103283",-6252.554575912536,clique_colex,,0.2662968879234889,24,5,0.30673232461926114,1.0
0.1,111.03773584905659,10.0,0.0,0,-5738.309408443577,RGG3_weighted,"linear,r_mult=1.4091,a=3.3137",-40700.41932639745,clique_colex,,1.5056894882839738,24,5,1.5056894882839738,1.0
0.1,111.03773584905659,10.0,0.1,0,-5699.58184800787,RGG3_weighted,"linear,r_mult=1.4091,a=3.3137",-40694.10530770586,clique_colex,,1.5070854203142978,24,5,1.5070854203142978,1.0
0.1,111.03773584905659,10.0,1.0,0,-5351.033804086508,RGG3_weighted,"linear,r_mult=1.4091,a=3.3137",-40637.279139481565,clique_colex,,1.5196488085872117,24,5,1.5196488085872117,1.0
0.1,1019.5283018867923,100.0,0.0,0,-68385.86465966795,RGG3_weighted,"linear,r_mult=1.4091,a=3.3137",-384547.66496208776,clique_colex,,13.615925938950035,24,5,13.615925938950035,1.0
0.1,1019.5283018867923,100.0,0.1,0,-68347.13709923223,RGG3_weighted,"linear,r_mult=1.4091,a=3.3137",-384541.35094339616,clique_colex,,13.617321870980359,24,5,13.617321870980359,1.0
0.1,1019.5283018867923,100.0,1.0,0,-67998.58905531088,RGG3_weighted,"linear,r_mult=1.4091,a=3.3137",-384484.5247751719,clique_colex,,13.629885259253273,24,5,13.629885259253273,1.0
0.1,15.141509433962263,0.0,0.0,0,5.411792591640335,RGG3_weighted,"step,r_mult=3.0000,a=0.103283",-4903.754716981132,clique_colex,,0.21141974632096353,24,5,0.2442807639314024,1.5
0.1,15.141509433962263,0.0,0.1,0,5.762345785183999,RGG3_weighted,"step,r_mult=3.0000,a=0.103283",-4897.440698289543,clique_colex,,0.21116292179477725,24,5,0.2454248500798309,1.5
0.1,15.141509433962263,0.0,1.0,0,8.917324527076975,RGG3_weighted,"step,r_mult=3.0000,a=0.103283",-4840.614530065244,clique_colex,,0.20885150105910083,24,5,0.25572162541568744,1.5
0.1,30.283018867924525,1.0,0.0,0,-261.9245491769658,RGG3_weighted,"linear,r_mult=1.6364,a=1.66618",-11132.86457414918,clique_colex,,0.4681714050375631,24,5,0.4710090175424814,1.5
0.1,30.283018867924525,1.0,0.1,0,-235.38688405095522,RGG3_weighted,"linear,r_mult=1.6364,a=1.66618",-11126.550555457592,clique_colex,,0.4690423631096743,24,5,0.4723741604652212,1.5
0.1,30.283018867924525,1.0,1.0,0,-225.4144818055273,RGG3_weighted,"step,r_mult=3.0000,a=0.103283",-11069.724387233293,clique_colex,,0.4670245437307393,24,5,0.48466044676987874,1.5
0.1,166.55660377358487,10.0,0.0,0,-9664.585845460855,RGG3_weighted,"linear,r_mult=1.4091,a=3.3137",-67194.85328866159,clique_colex,,2.4776170302842693,24,5,2.4776170302842693,1.5
0.1,166.55660377358487,10.0,0.1,0,-9625.858285025148,RGG3_weighted,"linear,r_mult=1.4091,a=3.3137",-67188.53926997,clique_colex,,2.4790129623145933,24,5,2.4790129623145933,1.5
0.1,166.55660377358487,10.0,1.0,0,-9277.310241103785,RGG3_weighted,"linear,r_mult=1.4091,a=3.3137",-67131.7131017457,clique_colex,,2.4915763505875073,24,5,2.4915763505875073,1.5
0.1,1529.2924528301885,100.0,0.0,0,-104436.2210359175,RGG3_weighted,"linear,r_mult=1.4091,a=3.3137",-627814.7404337858,clique_colex,,22.539987915498205,24,5,22.539987915498205,1.5
0.1,1529.2924528301885,100.0,0.1,0,-104397.49347548178,RGG3_weighted,"linear,r_mult=1.4091,a=3.3137",-627808.4264150943,clique_colex,,22.541383847528532,24,5,22.541383847528532,1.5
0.1,1529.2924528301885,100.0,1.0,0,-104048.94543156042,RGG3_weighted,"linear,r_mult=1.4091,a=3.3137",-627751.60024687,clique_colex,,22.553947235801445,24,5,22.553947235801445,1.5
0.1,30.283018867924525,0.0,0.0,0,-275.42088030356786,RGG3_weighted,"linear,r_mult=1.6364,a=1.66618",-12129.509433962265,clique_colex,,0.5105119962815976,24,5,0.5131759156097826,3.0
0.1,30.283018867924525,0.0,0.1,0,-248.88321517755728,RGG3_weighted,"linear,r_mult=1.6364,a=1.66618",-12123.195415270677,clique_colex,,0.5113829543537088,24,5,0.5145410585325223,3.0
0.1,30.283018867924525,0.0,1.0,0,-225.49314068752764,RGG3_weighted,"step,r_mult=3.0000,a=0.103283",-12066.369247046377,clique_colex,,0.5099429847699763,24,5,0.5268273448371799,3.0
0.1,60.56603773584905,1.0,0.0,0,-2329.0276556973445,RGG3_weighted,"linear,r_mult=1.4091,a=3.3137",-25584.374008111445,clique_colex,,1.0015222373994015,24,5,1.0015222373994015,3.0
0.1,60.56603773584905,1.0,0.1,0,-2290.3000952616376,RGG3_weighted,"linear,r_mult=1.4091,a=3.3137",-25578.059989419857,clique_colex,,1.0029181694297251,24,5,1.0029181694297251,3.0
0.1,60.56603773584905,1.0,1.0,0,-1942.9464925255593,RGG3_weighted,"smooth,r_mult=1.4091,a=1.83784",-25521.233821195558,clique_colex,,1.0154301175137812,24,5,1.0154301175137812,3.0
0.1,333.11320754716974,10.0,0.0,0,-21443.415156512685,RGG3_weighted,"linear,r_mult=1.4091,a=3.3137",-146678.155175454,clique_colex,,5.3933996562851565,24,5,5.3933996562851565,3.0
0.1,333.11320754716974,10.0,0.1,0,-21404.68759607698,RGG3_weighted,"linear,r_mult=1.4091,a=3.3137",-146671.8411567624,clique_colex,,5.394795588315479,24,5,5.394795588315479,3.0
0.1,333.11320754716974,10.0,1.0,0,-21056.139552155615,RGG3_weighted,"linear,r_mult=1.4091,a=3.3137",-146615.0149885381,clique_colex,,5.407358976588394,24,5,5.407358976588394,3.0
0.1,3058.584905660377,100.0,0.0,0,-212587.29016466613,RGG3_weighted,"linear,r_mult=1.4091,a=3.3137",-1357615.96684888,clique_colex,,49.312173845142716,24,5,49.312173845142716,3.0
0.1,3058.584905660377,100.0,0.1,0,-212548.56260423042,RGG3_weighted,"linear,r_mult=1.4091,a=3.3137",-1357609.6528301884,clique_colex,,49.31356977717304,24,5,49.31356977717304,3.0
0.1,3058.584905660377,100.0,1.0,0,-212200.01456030906,RGG3_weighted,"linear,r_mult=1.4091,a=3.3137",-1357552.8266619642,clique_colex,,49.32613316544596,24,5,49.32613316544596,3.0
0.1,2.523584905660377,0.0,0.0,1,201.4710805250957,RGG3_weighted,"step,r_mult=3.0000,a=0.103591",193.13490566037748,uniform,,0.0003590083921067271,24,5,0.0488038047541524,0.25
0.1,2.523584905660377,0.0,0.1,1,201.8506123508692,RGG3_weighted,"step,r_mult=3.0000,a=0.103591",193.17830752953637,uniform,,0.0003734842730978824,24,5,0.050172272115312534,0.25
0.1,2.523584905660377,0.0,1.0,1,205.2663987828308,RGG3_weighted,"step,r_mult=3.0000,a=0.103591",193.56892435196622,uniform,,0.0005037672020182855,24,5,0.062488478365753775,0.25
0.1,5.047169811320754,1.0,0.0,1,162.48527340375176,RGG3_weighted,"step,r_mult=3.0000,a=0.103591",154.06981132075487,uniform,,0.00036242300099039175,24,5,0.04597926377554387,0.25
0.1,5.047169811320754,1.0,0.1,1,162.86480522952527,RGG3_weighted,"step,r_mult=3.0000,a=0.103591",154.11321318991375,uniform,,0.00037689888198154706,24,5,0.047347731136704006,0.25
0.1,5.047169811320754,1.0,1.0,1,166.28059166148688,RGG3_weighted,"step,r_mult=3.0000,a=0.103591",154.5038300123436,uniform,,0.0005071818109019501,24,5,0.05966393738714524,0.25
0.1,27.759433962264147,10.0,0.0,1,-188.38699068834353,RGG3_weighted,"step,r_mult=3.0000,a=0.103591",-1525.2293246341019,clique_union_K13,,0.05757288259886987,24,5,0.0710225877851134,0.25
0.1,27.759433962264147,10.0,0.1,1,-188.00745886257002,RGG3_weighted,"step,r_mult=3.0000,a=0.103591",-1519.0274554752234,clique_union_K13,,0.05732213594369739,24,5,0.07233651489361635,0.25
0.1,27.759433962264147,10.0,1.0,1,-184.5916724306084,RGG3_weighted,"step,r_mult=3.0000,a=0.103591",-1463.2106330453169,clique_union_K13,,0.055065416047145065,24,5,0.0841618588701428,0.25
0.1,254.88207547169807,100.0,0.0,1,-14076.407083904,RGG3_weighted,"linear,r_mult=1.4091,a=3.09997",-30996.944189737253,clique_union_K13,,0.7287053017154717,24,5,0.7287053017154717,0.25
0.1,254.88207547169807,100.0,0.1,1,-14038.880844301828,RGG3_weighted,"linear,r_mult=1.4091,a=3.09997",-30990.742320578374,clique_union_K13,,0.7300543271436928,24,5,0.7300543271436928,0.25
0.1,254.88207547169807,100.0,1.0,1,-13701.144687882292,RGG3_weighted,"linear,r_mult=1.4091,a=3.09997",-30934.925498148466,clique_union_K13,,0.7421955559976818,24,5,0.7421955559976818,0.25
0.1,5.047169811320754,0.0,0.0,1,162.40305777113724,RGG3_weighted,"step,r_mult=3.0000,a=0.103591",-86.58490566037699,clique_colex,,0.010722995841150483,24,5,0.055869556718743434,0.5
0.1,5.047169811320754,0.0,0.1,1,162.78258959691075,RGG3_weighted,"step,r_mult=3.0000,a=0.103591",-80.2708869687882,clique_colex,,0.01046741931807489,24,5,0.056967971675836816,0.5
0.1,5.047169811320754,0.0,1.0,1,166.19837602887236,RGG3_weighted,"step,r_mult=3.0000,a=0.103591",-23.444718744489144,clique_colex,,0.008167230610394552,24,5,0.06685370628967732,0.5
0.1,10.094339622641508,1.0,0.0,1,84.34922789583484,RGG3_weighted,"step,r_mult=3.0000,a=0.103591",-1498.52495150767,clique_colex,,0.06816856931108979,24,5,0.1071889391167378,0.5
0.1,10.094339622641508,1.0,0.1,1,84.72875972160836,RGG3_weighted,"step,r_mult=3.0000,a=0.103591",-1492.2109328160811,clique_colex,,0.06791299278801419,24,5,0.1082873540738312,0.5
0.1,10.094339622641508,1.0,1.0,1,88.14454615356996,RGG3_weighted,"step,r_mult=3.0000,a=0.103591",-1435.3847645917822,clique_colex,,0.06561280408033386,24,5,0.11817308868767168,0.5
0.1,55.518867924528294,10.0,0.0,1,-1768.2391591666883,RGG3_weighted,"linear,r_mult=1.4091,a=3.09997",-14205.985364133305,clique_colex,,0.535647984710018,24,5,0.535647984710018,0.5
0.1,55.518867924528294,10.0,0.1,1,-1730.7129195645175,RGG3_weighted,"linear,r_mult=1.4091,a=3.09997",-14199.671345441717,clique_colex,,0.5369921802703359,24,5,0.5369921802703359,0.5
0.1,55.518867924528294,10.0,1.0,1,-1398.035628814334,RGG3_weighted,"smooth,r_mult=1.4091,a=1.73125",-14142.845177217418,clique_colex,,0.5488720735746375,24,5,0.5488720735746375,0.5
0.1,509.76415094339615,100.0,0.0,1,-31571.38571639466,RGG3_weighted,"linear,r_mult=1.4091,a=3.09997",-141280.58949038966,clique_colex,,4.724771911024763,24,5,4.724771911024763,0.5
0.1,509.76415094339615,100.0,0.1,1,-31533.859476792488,RGG3_weighted,"linear,r_mult=1.4091,a=3.09997",-141274.27547169806,clique_colex,,4.7261161065850805,24,5,4.7261161065850805,0.5
0.1,509.76415094339615,100.0,1.0,1,-31196.12332037295,RGG3_weighted,"linear,r_mult=1.4091,a=3.09997",-141217.44930347375,clique_colex,,4.738213866627942,24,5,4.738213866627942,0.5
0.1,10.094339622641508,0.0,0.0,1,84.26701226322032,RGG3_weighted,"step,r_mult=3.0000,a=0.103591",-2495.169811320754,clique_colex,,0.1110868571741591,24,5,0.14963694708284658,1.0
0.1,10.094339622641508,0.0,0.1,1,84.64654408899383,RGG3_weighted,"step,r_mult=3.0000,a=0.103591",-2488.855792629165,clique_colex,,0.1108312806510835,24,5,0.15073536203993998,1.0
0.1,10.094339622641508,0.0,1.0,1,88.06233052095544,RGG3_weighted,"step,r_mult=3.0000,a=0.103591",-2432.0296244048664,clique_colex,,0.10853109194340319,24,5,0.1606210966537805,1.0
0.1,20.188679245283016,1.0,0.0,1,-71.92286311999896,RGG3_weighted,"step,r_mult=3.0000,a=0.103591",-6315.694762828424,clique_colex,,0.268896291977107,24,5,0.2936950861176732,1.0
0.1,20.188679245283016,1.0,0.1,1,-71.54333129422545,RGG3_weighted,"step,r_mult=3.0000,a=0.103591",-6309.380744136835,clique_colex,,0.26864071545403145,24,5,0.29500418335827305,1.0
0.1,20.188679245283016,1.0,1.0,1,-68.12754486226385,RGG3_weighted,"step,r_mult=3.0000,a=0.103591",-6252.554575912536,clique_colex,,0.2663405267463511,24,5,0.305707869415878,1.0
0.1,111.03773584905659,10.0,0.0,1,-5579.026584065645,RGG3_weighted,"linear,r_mult=1.4091,a=3.09997",-40700.41932639745,clique_colex,,1.5125492137093803,24,5,1.5125492137093803,1.0
0.1,111.03773584905659,10.0,0.1,1,-5541.500344463474,RGG3_weighted,"linear,r_mult=1.4091,a=3.09997",-40694.10530770586,clique_colex,,1.513893409269698,24,5,1.513893409269698,1.0
0.1,111.03773584905659,10.0,1.0,1,-5203.764188043936,RGG3_weighted,"linear,r_mult=1.4091,a=3.09997",-40637.279139481565,clique_colex,,1.5259911693125594,24,5,1.5259911693125594,1.0
0.1,1019.5283018867923,100.0,0.0,1,-66561.342981376,RGG3_weighted,"linear,r_mult=1.4091,a=3.09997",-384547.66496208776,clique_colex,,13.694501377291635,24,5,13.694501377291635,1.0
0.1,1019.5283018867923,100.0,0.1,1,-66523.81674177383,RGG3_weighted,"linear,r_mult=1.4091,a=3.09997",-384541.35094339616,clique_colex,,13.695845572851953,24,5,13.695845572851953,1.0
0.1,1019.5283018867923,100.0,1.0,1,-66186.0805853543,RGG3_weighted,"linear,r_mult=1.4091,a=3.09997",-384484.5247751719,clique_colex,,13.707943332894814,24,5,13.707943332894814,1.0
0.1,15.141509433962263,0.0,0.0,1,6.130966755303405,RGG3_weighted,"step,r_mult=3.0000,a=0.103591",-4903.754716981132,clique_colex,,0.21145071850716776,24,5,0.2434043374469498,1.5
0.1,15.141509433962263,0.0,0.1,1,6.510498581076917,RGG3_weighted,"step,r_mult=3.0000,a=0.103591",-4897.440698289543,clique_colex,,0.21119514198409217,24,5,0.24450275240404318,1.5
0.1,15.141509433962263,0.0,1.0,1,9.926285013038529,RGG3_weighted,"step,r_mult=3.0000,a=0.103591",-4840.614530065244,clique_colex,,0.20889495327641186,24,5,0.2543884870178837,1.5
0.1,30.283018867924525,1.0,0.0,1,-235.48725053468803,RGG3_weighted,"linear,r_mult=1.6364,a=1.62218",-11132.86457414918,clique_colex,,0.4693099622572994,24,5,0.47156923258072775,1.5
0.1,30.283018867924525,1.0,0.1,1,-227.8154223100593,RGG3_weighted,"step,r_mult=3.0000,a=0.103591",-11126.550555457592,clique_colex,,0.4693684381200488,24,5,0.4728783298213276,1.5
0.1,30.283018867924525,1.0,1.0,1,-224.39963587809768,RGG3_weighted,"step,r_mult=3.0000,a=0.103591",-11069.724387233293,clique_colex,,0.46706824941236846,24,5,0.4846602049867261,1.5
0.1,166.55660377358487,10.0,0.0,1,-9389.814008964599,RGG3_weighted,"linear,r_mult=1.4091,a=3.09997",-67194.85328866159,clique_colex,,2.489450442708742,24,5,2.489450442708742,1.5
0.1,166.55660377358487,10.0,0.1,1,-9352.287769362427,RGG3_weighted,"linear,r_mult=1.4091,a=3.09997",-67188.53926997,clique_colex,,2.49079463826906,24,5,2.49079463826906,1.5
0.1,166.55660377358487,10.0,1.0,1,-9014.55161294289,RGG3_weighted,"linear,r_mult=1.4091,a=3.09997",-67131.7131017457,clique_colex,,2.5028923983119213,24,5,2.5028923983119213,1.5
0.1,1529.2924528301885,100.0,0.0,1,-101551.30024635734,RGG3_weighted,"linear,r_mult=1.4091,a=3.09997",-627814.7404337858,clique_colex,,22.664230843558506,24,5,22.664230843558506,1.5
0.1,1529.2924528301885,100.0,0.1,1,-101513.77400675516,RGG3_weighted,"linear,r_mult=1.4091,a=3.09997",-627808.4264150943,clique_colex,,22.665575039118824,24,5,22.665575039118824,1.5
0.1,1529.2924528301885,100.0,1.0,1,-101176.03785033563,RGG3_weighted,"linear,r_mult=1.4091,a=3.09997",-627751.60024687,clique_colex,,22.677672799161687,24,5,22.677672799161687,1.5
0.1,30.283018867924525,0.0,0.0,1,-247.07218536037794,RGG3_weighted,"linear,r_mult=1.6364,a=1.62218",-12129.509433962265,clique_colex,,0.5117328703101588,24,5,0.5138440656440304,3.0
0.1,30.283018867924525,0.0,0.1,1,-227.8976379426738,RGG3_weighted,"step,r_mult=3.0000,a=0.103591",-12123.195415270677,clique_colex,,0.5122867259831182,24,5,0.5151531628846303,3.0
0.1,30.283018867924525,0.0,1.0,1,-224.4818515107122,RGG3_weighted,"step,r_mult=3.0000,a=0.103591",-12066.369247046377,clique_colex,,0.5099865372754377,24,5,0.5269350380500287,3.0
0.1,60.56603773584905,1.0,0.0,1,-2252.2767078974884,RGG3_weighted,"linear,r_mult=1.4091,a=3.09997",-25584.374008111445,clique_colex,,1.0048276184416003,24,5,1.0048276184416003,3.0
0.1,60.56603773584905,1.0,0.1,1,-2214.7504682953177,RGG3_weighted,"linear,r_mult=1.4091,a=3.09997",-25578.059989419857,clique_colex,,1.006171814001918,24,5,1.006171814001918,3.0
0.1,60.56603773584905,1.0,1.0,1,-1877.0143118757799,RGG3_weighted,"linear,r_mult=1.4091,a=3.09997",-25521.233821195558,clique_colex,,1.0182695740447794,24,5,1.0182695740447794,3.0
0.1,333.11320754716974,10.0,0.0,1,-20822.176283661465,RGG3_weighted,"linear,r_mult=1.4091,a=3.09997",-146678.155175454,clique_colex,,5.420154129706828,24,5,5.420154129706828,3.0
0.1,333.11320754716974,10.0,0.1,1,-20784.650044059294,RGG3_weighted,"linear,r_mult=1.4091,a=3.09997",-146671.8411567624,clique_colex,,5.421498325267145,24,5,5.421498325267145,3.0
0.1,333.11320754716974,10.0,1.0,1,-20446.913887639756,RGG3_weighted,"linear,r_mult=1.4091,a=3.09997",-146615.0149885381,clique_colex,,5.433596085310007,24,5,5.433596085310007,3.0
0.1,3058.584905660377,100.0,0.0,1,-206521.17204130132,RGG3_weighted,"linear,r_mult=1.4091,a=3.09997",-1357615.96684888,clique_colex,,49.573419242359115,24,5,49.573419242359115,3.0
0.1,3058.584905660377,100.0,0.1,1,-206483.64580169917,RGG3_weighted,"linear,r_mult=1.4091,a=3.09997",-1357609.6528301884,clique_colex,,49.57476343791943,24,5,49.57476343791943,3.0
0.1,3058.584905660377,100.0,1.0,1,-206145.9096452796,RGG3_weighted,"linear,r_mult=1.4091,a=3.09997",-1357552.8266619642,clique_colex,,49.5868611979623,24,5,49.5868611979623,3.0
0.1,2.523584905660377,0.0,0.0,2,200.9365749013961,RGG3_weighted,"step,r_mult=3.0000,a=0.103361",193.13490566037748,uniform,,0.00033598920073292976,24,5,0.05020654161811459,0.25
0.1,2.523584905660377,0.0,0.1,2,201.29464703091386,RGG3_weighted,"step,r_mult=3.0000,a=0.103361",193.17830752953637,uniform,,0.0003495408915321919,24,5,0.051608617379800895,0.25
0.1,2.523584905660377,0.0,1.0,2,204.51729619657357,RGG3_weighted,"step,r_mult=3.0000,a=0.103361",193.56892435196622,uniform,,0.00047150610872555347,24,5,0.06422729923497773,0.25
0.1,5.047169811320754,1.0,0.0,2,161.9445932707508,RGG3_weighted,"step,r_mult=3.0000,a=0.103361",154.06981132075487,uniform,,0.0003391378962099886,24,5,0.04725347109809592,0.25
0.1,5.047169811320754,1.0,0.1,2,162.30266540026855,RGG3_weighted,"step,r_mult=3.0000,a=0.103361",154.11321318991375,uniform,,0.0003526895870092507,24,5,0.04865554685978223,0.25
0.1,5.047169811320754,1.0,1.0,2,165.52531456592826,RGG3_weighted,"step,r_mult=3.0000,a=0.103361",154.5038300123436,uniform,,0.00047465480420261224,24,5,0.06127422871495908,0.25
0.1,27.759433962264147,10.0,0.0,2,-188.9832414050571,RGG3_weighted,"step,r_mult=3.0000,a=0.103361",-1525.2293246341019,clique_union_K13,,0.05754720427343001,24,5,0.07130000230763626,0.25
0.1,27.759433962264147,10.0,0.1,2,-188.62516927553935,RGG3_weighted,"step,r_mult=3.0000,a=0.103361",-1519.0274554752234,clique_union_K13,,0.05729553342806564,24,5,0.07264984336888143,0.25
0.1,27.759433962264147,10.0,1.0,2,-185.40252010987965,RGG3_weighted,"step,r_mult=3.0000,a=0.103361",-1463.2106330453169,clique_union_K13,,0.05503049581978627,24,5,0.08479841292008793,0.25
0.1,254.88207547169807,100.0,0.0,2,-14269.171439416083,RGG3_weighted,"linear,r_mult=1.4091,a=3.30256",-30996.944189737253,clique_union_K13,,0.7204036498846327,24,5,0.7204036498846327,0.25
0.1,254.88207547169807,100.0,0.1,2,-14230.922629459665,RGG3_weighted,"linear,r_mult=1.4091,a=3.30256",-30990.742320578374,clique_union_K13,,0.7217837937604957,24,5,0.7217837937604957,0.25
0.1,254.88207547169807,100.0,1.0,2,-13886.683339851901,RGG3_weighted,"linear,r_mult=1.4091,a=3.30256",-30934.925498148466,clique_union_K13,,0.734205088643263,24,5,0.734205088643263,0.25
0.1,5.047169811320754,0.0,0.0,2,161.8694106530036,RGG3_weighted,"step,r_mult=3.0000,a=0.103361",-86.58490566037699,clique_colex,,0.010700013622453944,24,5,0.0571607584451437,0.5
0.1,5.047169811320754,0.0,0.1,2,162.22748278252135,RGG3_weighted,"step,r_mult=3.0000,a=0.103361",-80.2708869687882,clique_colex,,0.010443512909186457,24,5,0.058292781802763254,0.5
0.1,5.047169811320754,0.0,1.0,2,165.45013194818105,RGG3_weighted,"step,r_mult=3.0000,a=0.103361",-23.444718744489144,clique_colex,,0.008135006489779079,24,5,0.06848099202133935,0.5
0.1,10.094339622641508,1.0,0.0,2,83.81026477396576,RGG3_weighted,"step,r_mult=3.0000,a=0.103361",-1498.52495150767,clique_colex,,0.0681453581516639,24,5,0.10824007616416605,0.5
0.1,10.094339622641508,1.0,0.1,2,84.1683369034835,RGG3_weighted,"step,r_mult=3.0000,a=0.103361",-1492.2109328160811,clique_colex,,0.06788885743839641,24,5,0.10937209952178557,0.5
0.1,10.094339622641508,1.0,1.0,2,87.39098606914321,RGG3_weighted,"step,r_mult=3.0000,a=0.103361",-1435.3847645917822,clique_colex,,0.06558035101898904,24,5,0.11956030974036168,0.5
0.1,55.518867924528294,10.0,0.0,2,-1825.7868458091193,RGG3_weighted,"linear,r_mult=1.4091,a=3.30256",-14205.985364133305,clique_colex,,0.5331696174988882,24,5,0.5331696174988882,0.5
0.1,55.518867924528294,10.0,0.1,2,-1788.172832328043,RGG3_weighted,"smooth,r_mult=1.4091,a=1.83019",-14199.671345441717,clique_colex,,0.5345175931573504,24,5,0.5345175931573504,0.5
0.1,55.518867924528294,10.0,1.0,2,-1450.2662249191217,RGG3_weighted,"smooth,r_mult=1.4091,a=1.83019",-14142.845177217418,clique_colex,,0.5466226938974288,24,5,0.5466226938974288,0.5
0.1,509.76415094339615,100.0,0.0,2,-32342.598331050656,RGG3_weighted,"linear,r_mult=1.4091,a=3.30256",-141280.58949038966,clique_colex,,4.691558620126572,24,5,4.691558620126572,0.5
0.1,509.76415094339615,100.0,0.1,2,-32304.34952109424,RGG3_weighted,"linear,r_mult=1.4091,a=3.30256",-141274.27547169806,clique_colex,,4.6929339341345315,24,5,4.6929339341345315,0.5
0.1,509.76415094339615,100.0,1.0,2,-31960.110231486477,RGG3_weighted,"linear,r_mult=1.4091,a=3.30256",-141217.44930347375,clique_colex,,4.705311760206171,24,5,4.705311760206171,0.5
0.1,10.094339622641508,0.0,0.0,2,83.73508215621854,RGG3_weighted,"step,r_mult=3.0000,a=0.103361",-2495.169811320754,clique_colex,,0.11106394890081708,24,5,0.15070507853412302,1.0
0.1,10.094339622641508,0.0,0.1,2,84.09315428573629,RGG3_weighted,"step,r_mult=3.0000,a=0.103361",-2488.855792629165,clique_colex,,0.11080744818754958,24,5,0.15183710189174257,1.0
0.1,10.094339622641508,0.0,1.0,2,87.315803451396,RGG3_weighted,"step,r_mult=3.0000,a=0.103361",-2432.0296244048664,clique_colex,,0.10849894176814222,24,5,0.16202531211031868,1.0
0.1,20.188679245283016,1.0,0.0,2,-72.45839221960436,RGG3_weighted,"step,r_mult=3.0000,a=0.103361",-6315.694762828424,clique_colex,,0.2688732287083902,24,5,0.29336043194695055,1.0
0.1,20.188679245283016,1.0,0.1,2,-72.10032009008661,RGG3_weighted,"step,r_mult=3.0000,a=0.103361",-6309.380744136835,clique_colex,,0.26861672799512265,24,5,0.2947054431402926,1.0
0.1,20.188679245283016,1.0,1.0,2,-68.87767092442691,RGG3_weighted,"step,r_mult=3.0000,a=0.103361",-6252.554575912536,clique_colex,,0.2663082215757153,24,5,0.3066489499183203,1.0
0.1,111.03773584905659,10.0,0.0,2,-5762.572901412688,RGG3_weighted,"linear,r_mult=1.4091,a=3.30256",-40700.41932639745,clique_colex,,1.5046445488796194,24,5,1.5046445488796194,1.0
0.1,111.03773584905659,10.0,0.1,2,-5724.32409145627,RGG3_weighted,"linear,r_mult=1.4091,a=3.30256",-40694.10530770586,clique_colex,,1.5060198628875792,24,5,1.5060198628875792,1.0
0.1,111.03773584905659,10.0,1.0,2,-5380.084801848507,RGG3_weighted,"linear,r_mult=1.4091,a=3.30256",-40637.279139481565,clique_colex,,1.5183976889592188,24,5,1.5183976889592188,1.0
0.1,1019.5283018867923,100.0,0.0,2,-68489.45211431979,RGG3_weighted,"linear,r_mult=1.4091,a=3.30256",-384547.66496208776,clique_colex,,13.611464808258741,24,5,13.611464808258741,1.0
0.1,1019.5283018867923,100.0,0.1,2,-68451.20330436337,RGG3_weighted,"linear,r_mult=1.4091,a=3.30256",-384541.35094339616,clique_colex,,13.612840122266702,24,5,13.612840122266702,1.0
0.1,1019.5283018867923,100.0,1.0,2,-68106.9640147556,RGG3_weighted,"linear,r_mult=1.4091,a=3.30256",-384484.5247751719,clique_colex,,13.62521794833834,24,5,13.62521794833834,1.0
0.1,15.141509433962263,0.0,0.0,2,5.600753659433423,RGG3_weighted,"step,r_mult=3.0000,a=0.103361",-4903.754716981132,clique_colex,,0.21142788417918026,24,5,0.2442493986231024,1.5
0.1,15.141509433962263,0.0,0.1,2,5.9588257889511675,RGG3_weighted,"step,r_mult=3.0000,a=0.103361",-4897.440698289543,clique_colex,,0.21117138346591277,24,5,0.24538142198072194,1.5
0.1,15.141509433962263,0.0,1.0,2,9.181474954610875,RGG3_weighted,"step,r_mult=3.0000,a=0.103361",-4840.614530065244,clique_colex,,0.20886287704650539,24,5,0.25556963219929807,1.5
0.1,30.283018867924525,1.0,0.0,2,-261.27219670861314,RGG3_weighted,"linear,r_mult=1.6364,a=1.65552",-11132.86457414918,clique_colex,,0.46819949945911143,24,5,0.47018514796376726,1.5
0.1,30.283018867924525,1.0,0.1,2,-235.0095239056951,RGG3_weighted,"linear,r_mult=1.6364,a=1.65552",-11126.550555457592,clique_colex,,0.4690586146232514,24,5,0.47153015915710933,1.5
0.1,30.283018867924525,1.0,1.0,2,-225.14632791799716,RGG3_weighted,"step,r_mult=3.0000,a=0.103361",-11069.724387233293,clique_colex,,0.4670360921324417,24,5,0.4836352598971878,1.5
0.1,166.55660377358487,10.0,0.0,2,-9699.358957016257,RGG3_weighted,"linear,r_mult=1.4091,a=3.30256",-67194.85328866159,clique_colex,,2.47611948026035,24,5,2.47611948026035,1.5
0.1,166.55660377358487,10.0,0.1,2,-9661.110147059839,RGG3_weighted,"linear,r_mult=1.4091,a=3.30256",-67188.53926997,clique_colex,,2.4774947942683103,24,5,2.4774947942683103,1.5
0.1,166.55660377358487,10.0,1.0,2,-9316.870857452075,RGG3_weighted,"linear,r_mult=1.4091,a=3.30256",-67131.7131017457,clique_colex,,2.4898726203399497,24,5,2.4898726203399497,1.5
0.1,1529.2924528301885,100.0,0.0,2,-104636.30589758893,RGG3_weighted,"linear,r_mult=1.4091,a=3.30256",-627814.7404337858,clique_colex,,22.53137099639091,24,5,22.53137099639091,1.5
0.1,1529.2924528301885,100.0,0.1,2,-104598.05708763251,RGG3_weighted,"linear,r_mult=1.4091,a=3.30256",-627808.4264150943,clique_colex,,22.53274631039887,24,5,22.53274631039887,1.5
0.1,1529.2924528301885,100.0,1.0,2,-104253.81779802474,RGG3_weighted,"linear,r_mult=1.4091,a=3.30256",-627751.60024687,clique_colex,,22.54512413647051,24,5,22.54512413647051,1.5
0.1,30.283018867924525,0.0,0.0,2,-273.8812737975054,RGG3_weighted,"linear,r_mult=1.6364,a=1.65552",-12129.509433962265,clique_colex,,0.5105783014713505,24,5,0.5123045208573006,3.0
0.1,30.283018867924525,0.0,0.1,2,-247.61860099458735,RGG3_weighted,"linear,r_mult=1.6364,a=1.65552",-12123.195415270677,clique_colex,,0.5114374166354905,24,5,0.5136495320506428,3.0
0.1,30.283018867924525,0.0,1.0,2,-225.22151053574436,RGG3_weighted,"step,r_mult=3.0000,a=0.103361",-12066.369247046377,clique_colex,,0.5099546828815948,24,5,0.5257546327907212,3.0
0.1,60.56603773584905,1.0,0.0,2,-2353.0021114700307,RGG3_weighted,"linear,r_mult=1.4091,a=3.30256",-25584.374008111445,clique_colex,,1.0004897457640574,24,5,1.0004897457640574,3.0
0.1,60.56603773584905,1.0,0.1,2,-2314.7533015136128,RGG3_weighted,"linear,r_mult=1.4091,a=3.30256",-25578.059989419857,clique_colex,,1.0018650597720173,24,5,1.0018650597720173,3.0
0.1,60.56603773584905,1.0,1.0,2,-1973.6133686514065,RGG3_weighted,"smooth,r_mult=1.4091,a=1.83019",-25521.233821195558,clique_colex,,1.0141094079476378,24,5,1.0141094079476378,3.0
0.1,333.11320754716974,10.0,0.0,2,-21509.717123826966,RGG3_weighted,"linear,r_mult=1.4091,a=3.30256",-146678.155175454,clique_colex,,5.390544274402543,24,5,5.390544274402543,3.0
0.1,333.11320754716974,10.0,0.1,2,-21471.468313870548,RGG3_weighted,"linear,r_mult=1.4091,a=3.30256",-146671.8411567624,clique_colex,,5.391919588410502,24,5,5.391919588410502,3.0
0.1,333.11320754716974,10.0,1.0,2,-21127.229024262786,RGG3_weighted,"linear,r_mult=1.4091,a=3.30256",-146615.0149885381,clique_colex,,5.404297414482142,24,5,5.404297414482142,3.0
0.1,3058.584905660377,100.0,0.0,2,-213076.86724739635,RGG3_weighted,"linear,r_mult=1.4091,a=3.30256",-1357615.96684888,clique_colex,,49.29108956078741,24,5,49.29108956078741,3.0
0.1,3058.584905660377,100.0,0.1,2,-213038.61843743993,RGG3_weighted,"linear,r_mult=1.4091,a=3.30256",-1357609.6528301884,clique_colex,,49.29246487479537,24,5,49.29246487479537,3.0
0.1,3058.584905660377,100.0,1.0,2,-212694.37914783217,RGG3_weighted,"linear,r_mult=1.4091,a=3.30256",-1357552.8266619642,clique_colex,,49.30484270086702,24,5,49.30484270086702,3.0
0.1,2.523584905660377,0.0,0.0,3,201.15150908587972,RGG3_weighted,"step,r_mult=3.0000,a=0.103453",193.13490566037748,uniform,,0.00034524562555995864,24,5,0.05101908379699005,0.25
0.1,2.523584905660377,0.0,0.1,3,201.51837868872354,RGG3_weighted,"step,r_mult=3.0000,a=0.103453",193.17830752953637,uniform,,0.0003591761911794649,24,5,0.052452879670424564,0.25
0.1,2.523584905660377,0.0,1.0,3,204.82020511431796,RGG3_weighted,"step,r_mult=3.0000,a=0.103453",193.56892435196622,uniform,,0.00048455128175502757,24,5,0.0653570425313352,0.25
0.1,5.047169811320754,1.0,0.0,3,162.1580022886121,RGG3_weighted,"step,r_mult=3.0000,a=0.103453",154.06981132075487,uniform,,0.0003483286377199496,24,5,0.04802443456458931,0.25
0.1,5.047169811320754,1.0,0.1,3,162.52487189145592,RGG3_weighted,"step,r_mult=3.0000,a=0.103453",154.11321318991375,uniform,,0.00036225920333945587,24,5,0.049458230438023824,0.25
0.1,5.047169811320754,1.0,1.0,3,165.82669831705033,RGG3_weighted,"step,r_mult=3.0000,a=0.103453",154.5038300123436,uniform,,0.00048763429391501854,24,5,0.06236239329893447,0.25
0.1,27.759433962264147,10.0,0.0,3,-188.78355888679664,RGG3_weighted,"step,r_mult=3.0000,a=0.103453",-1525.2293246341019,clique_union_K13,,0.057555803865086366,24,5,0.07126524103901129,0.25
0.1,27.759433962264147,10.0,0.1,3,-188.41668928395282,RGG3_weighted,"step,r_mult=3.0000,a=0.103453",-1519.0274554752234,clique_union_K13,,0.057304511894542234,24,5,0.07263421448304777,0.25
0.1,27.759433962264147,10.0,1.0,3,-185.1148628583584,RGG3_weighted,"step,r_mult=3.0000,a=0.103453",-1463.2106330453169,clique_union_K13,,0.05504288415964506,24,5,0.08495497547937614,0.25
0.1,254.88207547169807,100.0,0.0,3,-14439.478890839875,RGG3_weighted,"linear,r_mult=1.4091,a=3.39578",-30996.944189737253,clique_union_K13,,0.7130691343194391,24,5,0.7130691343194391,0.25
0.1,254.88207547169807,100.0,0.1,3,-14400.811365491436,RGG3_weighted,"linear,r_mult=1.4091,a=3.39578",-30990.742320578374,clique_union_K13,,0.7144673107272582,24,5,0.7144673107272582,0.25
0.1,254.88207547169807,100.0,1.0,3,-14052.803637355484,RGG3_weighted,"linear,r_mult=1.4091,a=3.39578",-30934.925498148466,clique_union_K13,,0.7270508983976307,24,5,0.7270508983976307,0.25
0.1,5.047169811320754,0.0,0.0,3,162.08541959746674,RGG3_weighted,"step,r_mult=3.0000,a=0.103453",-86.58490566037699,clique_colex,,0.01070931633324047,24,5,0.05802745443324809,0.5
0.1,5.047169811320754,0.0,0.1,3,162.45228920031056,RGG3_weighted,"step,r_mult=3.0000,a=0.103453",-80.2708869687882,clique_colex,,0.010453194494793228,24,5,0.05919119790261586,0.5
0.1,5.047169811320754,0.0,1.0,3,165.75411562590497,RGG3_weighted,"step,r_mult=3.0000,a=0.103453",-23.444718744489144,clique_colex,,0.00814809794876805,24,5,0.06966488912692576,0.5
0.1,10.094339622641508,1.0,0.0,3,84.0258233117861,RGG3_weighted,"step,r_mult=3.0000,a=0.103453",-1498.52495150767,clique_colex,,0.06815464146509286,24,5,0.10911934724911727,0.5
0.1,10.094339622641508,1.0,0.1,3,84.39269291462992,RGG3_weighted,"step,r_mult=3.0000,a=0.103453",-1492.2109328160811,clique_colex,,0.0678985196266456,24,5,0.11028309071848502,0.5
0.1,10.094339622641508,1.0,1.0,3,87.69451934022433,RGG3_weighted,"step,r_mult=3.0000,a=0.103453",-1435.3847645917822,clique_colex,,0.06559342308062044,24,5,0.12075678194279495,0.5
0.1,55.518867924528294,10.0,0.0,3,-1753.5447520309494,RGG3_weighted,"smooth,r_mult=1.4091,a=1.87682",-14205.985364133305,clique_colex,,0.5362808187813245,24,5,0.5362808187813245,0.5
0.1,55.518867924528294,10.0,0.1,3,-1715.5553195015436,RGG3_weighted,"smooth,r_mult=1.4091,a=1.87682",-14199.671345441717,clique_colex,,0.537644962357458,24,5,0.537644962357458,0.5
0.1,55.518867924528294,10.0,1.0,3,-1373.6504267368923,RGG3_weighted,"smooth,r_mult=1.4091,a=1.87682",-14142.845177217418,clique_colex,,0.5499222545426583,24,5,0.5499222545426583,0.5
0.1,509.76415094339615,100.0,0.0,3,-31831.943123341858,RGG3_weighted,"linear,r_mult=1.4091,a=3.39578",-141280.58949038966,clique_colex,,4.7135506618022305,24,5,4.7135506618022305,0.5
0.1,509.76415094339615,100.0,0.1,3,-31793.27559799342,RGG3_weighted,"linear,r_mult=1.4091,a=3.39578",-141274.27547169806,clique_colex,,4.7149440083421466,24,5,4.7149440083421466,0.5
0.1,509.76415094339615,100.0,1.0,3,-31445.267869857467,RGG3_weighted,"linear,r_mult=1.4091,a=3.39578",-141217.44930347375,clique_colex,,4.72748412720139,24,5,4.72748412720139,0.5
0.1,10.094339622641508,0.0,0.0,3,83.95324062064074,RGG3_weighted,"step,r_mult=3.0000,a=0.103453",-2495.169811320754,clique_colex,,0.1110733441835226,24,5,0.15168008214068526,1.0
0.1,10.094339622641508,0.0,0.1,3,84.32011022348456,RGG3_weighted,"step,r_mult=3.0000,a=0.103453",-2488.855792629165,clique_colex,,0.11081722234507534,24,5,0.15284382561005305,1.0
0.1,10.094339622641508,0.0,1.0,3,87.62193664907898,RGG3_weighted,"step,r_mult=3.0000,a=0.103453",-2432.0296244048664,clique_colex,,0.10851212579905019,24,5,0.16331751683436296,1.0
0.1,20.188679245283016,1.0,0.0,3,-72.23853464186587,RGG3_weighted,"step,r_mult=3.0000,a=0.103453",-6315.694762828424,clique_colex,,0.2688826971656571,24,5,0.29579683122334954,1.0
0.1,20.188679245283016,1.0,0.1,3,-71.87166503902205,RGG3_weighted,"step,r_mult=3.0000,a=0.103453",-6309.380744136835,clique_colex,,0.26862657532720985,24,5,0.2971609747994829,1.0
0.1,20.188679245283016,1.0,1.0,3,-68.56983861342763,RGG3_weighted,"step,r_mult=3.0000,a=0.103453",-6252.554575912536,clique_colex,,0.26632147878118473,24,5,0.3080620373576693,1.0
0.1,111.03773584905659,10.0,0.0,3,-5541.171015841897,RGG3_weighted,"linear,r_mult=1.4091,a=3.39578",-40700.41932639745,clique_colex,,1.514179513805149,24,5,1.514179513805149,1.0
0.1,111.03773584905659,10.0,0.1,3,-5502.503490493458,RGG3_weighted,"linear,r_mult=1.4091,a=3.39578",-40694.10530770586,clique_colex,,1.5155728603450647,24,5,1.5155728603450647,1.0
0.1,111.03773584905659,10.0,1.0,3,-5154.4957623575065,RGG3_weighted,"linear,r_mult=1.4091,a=3.39578",-40637.279139481565,clique_colex,,1.5281129792043089,24,5,1.5281129792043089,1.0
0.1,1019.5283018867923,100.0,0.0,3,-66616.87158834584,RGG3_weighted,"linear,r_mult=1.4091,a=3.39578",-384547.66496208776,clique_colex,,13.692109964416103,24,5,13.692109964416103,1.0
0.1,1019.5283018867923,100.0,0.1,3,-66578.20406299739,RGG3_weighted,"linear,r_mult=1.4091,a=3.39578",-384541.35094339616,clique_colex,,13.693503310956018,24,5,13.693503310956018,1.0
0.1,1019.5283018867923,100.0,1.0,3,-66230.19633486144,RGG3_weighted,"linear,r_mult=1.4091,a=3.39578",-384484.5247751719,clique_colex,,13.706043429815264,24,5,13.706043429815264,1.0
0.1,15.141509433962263,0.0,0.0,3,5.821061643814716,RGG3_weighted,"step,r_mult=3.0000,a=0.103453",-4903.754716981132,clique_colex,,0.21143737203380478,24,5,0.2453327098481225,1.5
0.1,15.141509433962263,0.0,0.1,3,6.18793124665854,RGG3_weighted,"step,r_mult=3.0000,a=0.103453",-4897.440698289543,clique_colex,,0.21118125019535755,24,5,0.24649645331749026,1.5
0.1,15.141509433962263,0.0,1.0,3,9.489757672252956,RGG3_weighted,"step,r_mult=3.0000,a=0.103453",-4840.614530065244,clique_colex,,0.20887615364933237,24,5,0.25697014454180017,1.5
0.1,30.283018867924525,1.0,0.0,3,-228.50289259551792,RGG3_weighted,"step,r_mult=3.0000,a=0.103453",-11132.86457414918,clique_colex,,0.46961075286622145,24,5,0.4737644556350539,1.5
0.1,30.283018867924525,1.0,0.1,3,-228.1360229926741,RGG3_weighted,"step,r_mult=3.0000,a=0.103453",-11126.550555457592,clique_colex,,0.46935463102777425,24,5,0.4751285992111874,1.5
0.1,30.283018867924525,1.0,1.0,3,-224.8341965670797,RGG3_weighted,"step,r_mult=3.0000,a=0.103453",-11069.724387233293,clique_colex,,0.4670495344817491,24,5,0.4874058913963877,1.5
0.1,166.55660377358487,10.0,0.0,3,-9329.628571436388,RGG3_weighted,"linear,r_mult=1.4091,a=3.39578",-67194.85328866159,clique_colex,,2.492042408149233,24,5,2.492042408149233,1.5
0.1,166.55660377358487,10.0,0.1,3,-9290.961046087948,RGG3_weighted,"linear,r_mult=1.4091,a=3.39578",-67188.53926997,clique_colex,,2.4934357546891497,24,5,2.4934357546891497,1.5
0.1,166.55660377358487,10.0,1.0,3,-8942.953317951997,RGG3_weighted,"linear,r_mult=1.4091,a=3.39578",-67131.7131017457,clique_colex,,2.505975873548394,24,5,2.505975873548394,1.5
0.1,1529.2924528301885,100.0,0.0,3,-101401.80005334981,RGG3_weighted,"linear,r_mult=1.4091,a=3.39578",-627814.7404337858,clique_colex,,22.670669267029975,24,5,22.670669267029975,1.5
0.1,1529.2924528301885,100.0,0.1,3,-101363.13252800137,RGG3_weighted,"linear,r_mult=1.4091,a=3.39578",-627808.4264150943,clique_colex,,22.672062613569896,24,5,22.672062613569896,1.5
0.1,1529.2924528301885,100.0,1.0,3,-101015.12479986541,RGG3_weighted,"linear,r_mult=1.4091,a=3.39578",-627751.60024687,clique_colex,,22.684602732429138,24,5,22.684602732429138,1.5
0.1,30.283018867924525,0.0,0.0,3,-228.57547528666328,RGG3_weighted,"step,r_mult=3.0000,a=0.103453",-12129.509433962265,clique_colex,,0.5125294555846512,24,5,0.5162536442887196,3.0
0.1,30.283018867924525,0.0,0.1,3,-228.20860568381946,RGG3_weighted,"step,r_mult=3.0000,a=0.103453",-12123.195415270677,clique_colex,,0.512273333746204,24,5,0.517617787864853,3.0
0.1,30.283018867924525,0.0,1.0,3,-224.90677925822504,RGG3_weighted,"step,r_mult=3.0000,a=0.103453",-12066.369247046377,clique_colex,,0.5099682372001788,24,5,0.5298950800500534,3.0
0.1,60.56603773584905,1.0,0.0,3,-2188.8428172056806,RGG3_weighted,"linear,r_mult=1.4091,a=3.39578",-25584.374008111445,clique_colex,,1.007559482812479,24,5,1.007559482812479,3.0
0.1,60.56603773584905,1.0,0.1,3,-2150.1752918572415,RGG3_weighted,"linear,r_mult=1.4091,a=3.39578",-25578.059989419857,clique_colex,,1.008952829352395,24,5,1.008952829352395,3.0
0.1,60.56603773584905,1.0,1.0,3,-1806.4443064521038,RGG3_weighted,"smooth,r_mult=1.4091,a=1.87682",-25521.233821195558,clique_colex,,1.021308764631501,24,5,1.021308764631501,3.0
0.1,333.11320754716974,10.0,0.0,3,-20695.001238219862,RGG3_weighted,"linear,r_mult=1.4091,a=3.39578",-146678.155175454,clique_colex,,5.425631091181488,24,5,5.425631091181488,3.0
0.1,333.11320754716974,10.0,0.1,3,-20656.333712871423,RGG3_weighted,"linear,r_mult=1.4091,a=3.39578",-146671.8411567624,clique_colex,,5.427024437721403,24,5,5.427024437721403,3.0
0.1,333.11320754716974,10.0,1.0,3,-20308.32598473547,RGG3_weighted,"linear,r_mult=1.4091,a=3.39578",-146615.0149885381,clique_colex,,5.439564556580647,24,5,5.439564556580647,3.0
0.1,3058.584905660377,100.0,0.0,3,-205756.58544836176,RGG3_weighted,"linear,r_mult=1.4091,a=3.39578",-1357615.96684888,clique_colex,,49.606347174871594,24,5,49.606347174871594,3.0
0.1,3058.584905660377,100.0,0.1,3,-205717.91792301333,RGG3_weighted,"linear,r_mult=1.4091,a=3.39578",-1357609.6528301884,clique_colex,,49.60774052141149,24,5,49.60774052141149,3.0
0.1,3058.584905660377,100.0,1.0,3,-205369.91019487736,RGG3_weighted,"linear,r_mult=1.4091,a=3.39578",-1357552.8266619642,clique_colex,,49.62028064027075,24,5,49.62028064027075,3.0
0.1,2.523584905660377,0.0,0.0,4,200.92925968079123,RGG3_weighted,"step,r_mult=3.0000,a=0.103356",193.13490566037748,uniform,,0.00033567416108586345,24,5,0.050493753985957096,0.25
0.1,2.523584905660377,0.0,0.1,4,201.2874346504672,RGG3_weighted,"step,r_mult=3.0000,a=0.103356",193.17830752953637,uniform,,0.0003492302808325074,24,5,0.051919392082739386,0.25
0.1,2.523584905660377,0.0,1.0,4,204.51100937755095,RGG3_weighted,"step,r_mult=3.0000,a=0.103356",193.56892435196622,uniform,,0.000471235358552314,24,5,0.06475013495378007,0.25
0.1,5.047169811320754,1.0,0.0,4,161.9276576005349,RGG3_weighted,"step,r_mult=3.0000,a=0.103356",154.06981132075487,uniform,,0.00033840853918088,24,5,0.04755292441081164,0.25
0.1,5.047169811320754,1.0,0.1,4,162.28583257021086,RGG3_weighted,"step,r_mult=3.0000,a=0.103356",154.11321318991375,uniform,,0.000351964658927524,24,5,0.04897856250759394,0.25
0.1,5.047169811320754,1.0,1.0,4,165.50940729729462,RGG3_weighted,"step,r_mult=3.0000,a=0.103356",154.5038300123436,uniform,,0.00047396973664733057,24,5,0.061809305378634626,0.25
0.1,27.759433962264147,10.0,0.0,4,-189.08676112177193,RGG3_weighted,"step,r_mult=3.0000,a=0.103356",-1525.2293246341019,clique_union_K13,,0.057542746059962534,24,5,0.07221542050157827,0.25
0.1,27.759433962264147,10.0,0.1,4,-188.72858615209597,RGG3_weighted,"step,r_mult=3.0000,a=0.103356",-1519.0274554752234,clique_union_K13,,0.057291079643545545,24,5,0.0736018745177617,0.25
0.1,27.759433962264147,10.0,1.0,4,-185.5050114250122,RGG3_weighted,"step,r_mult=3.0000,a=0.103356",-1463.2106330453169,clique_union_K13,,0.05502608189579262,24,5,0.08607996066341259,0.25
0.1,254.88207547169807,100.0,0.0,4,-14217.324154100683,RGG3_weighted,"linear,r_mult=1.4091,a=3.36992",-30996.944189737253,clique_union_K13,,0.7226365217759074,24,5,0.7226365217759074,0.25
0.1,254.88207547169807,100.0,0.1,4,-14178.227600821843,RGG3_weighted,"linear,r_mult=1.4091,a=3.36992",-30990.742320578374,clique_union_K13,,0.7240531748387825,24,5,0.7240531748387825,0.25
0.1,254.88207547169807,100.0,1.0,4,-13826.358621312284,RGG3_weighted,"linear,r_mult=1.4091,a=3.36992",-30934.925498148466,clique_union_K13,,0.736803052404659,24,5,0.736803052404659,0.25
0.1,5.047169811320754,0.0,0.0,4,161.8654631878088,RGG3_weighted,"step,r_mult=3.0000,a=0.103356",-86.58490566037699,clique_colex,,0.010699843619646245,24,5,0.057595443612775625,0.5
0.1,5.047169811320754,0.0,0.1,4,162.22363815748477,RGG3_weighted,"step,r_mult=3.0000,a=0.103356",-80.2708869687882,clique_colex,,0.01044334733532614,24,5,0.05875102930549118,0.5
0.1,5.047169811320754,0.0,1.0,4,165.44721288456853,RGG3_weighted,"step,r_mult=3.0000,a=0.103356",-23.444718744489144,clique_colex,,0.008134880776445206,24,5,0.06915130053993111,0.5
0.1,10.094339622641508,1.0,0.0,4,83.80006461457012,RGG3_weighted,"step,r_mult=3.0000,a=0.103356",-1498.52495150767,clique_colex,,0.06814491886831353,24,5,0.10883447507646059,0.5
0.1,10.094339622641508,1.0,0.1,4,84.15823958424609,RGG3_weighted,"step,r_mult=3.0000,a=0.103356",-1492.2109328160811,clique_colex,,0.06788842258399343,24,5,0.10999006076917614,0.5
0.1,10.094339622641508,1.0,1.0,4,87.38181431132983,RGG3_weighted,"step,r_mult=3.0000,a=0.103356",-1435.3847645917822,clique_colex,,0.06557995602511249,24,5,0.12039033200361607,0.5
0.1,55.518867924528294,10.0,0.0,4,-1719.2310725493564,RGG3_weighted,"smooth,r_mult=1.4091,a=1.86467",-14205.985364133305,clique_colex,,0.5377585827555533,24,5,0.5377585827555533,0.5
0.1,55.518867924528294,10.0,0.1,4,-1680.8357411346985,RGG3_weighted,"smooth,r_mult=1.4091,a=1.86467",-14199.671345441717,clique_colex,,0.5391402069038337,24,5,0.5391402069038337,0.5
0.1,55.518867924528294,10.0,1.0,4,-1335.277758402778,RGG3_weighted,"smooth,r_mult=1.4091,a=1.86467",-14142.845177217418,clique_colex,,0.5515748242383566,24,5,0.5515748242383566,0.5
0.1,509.76415094339615,100.0,0.0,4,-31506.066094918504,RGG3_weighted,"linear,r_mult=1.4091,a=3.36992",-141280.58949038966,clique_colex,,4.727584986885063,24,5,4.727584986885063,0.5
0.1,509.76415094339615,100.0,0.1,4,-31466.969541639664,RGG3_weighted,"linear,r_mult=1.4091,a=3.36992",-141274.27547169806,clique_colex,,4.728996810080034,24,5,4.728996810080034,0.5
0.1,509.76415094339615,100.0,1.0,4,-31115.100562130105,RGG3_weighted,"linear,r_mult=1.4091,a=3.36992",-141217.44930347375,clique_colex,,4.7417032188347825,24,5,4.7417032188347825,0.5
0.1,10.094339622641508,0.0,0.0,4,83.73787020184403,RGG3_weighted,"step,r_mult=3.0000,a=0.103356",-2495.169811320754,clique_colex,,0.11106406897168812,24,5,0.1514347093013338,1.0
0.1,10.094339622641508,0.0,0.1,4,84.09604517152,RGG3_weighted,"step,r_mult=3.0000,a=0.103356",-2488.855792629165,clique_colex,,0.110807572687368,24,5,0.15259029499404933,1.0
0.1,10.094339622641508,0.0,1.0,4,87.31961989860375,RGG3_weighted,"step,r_mult=3.0000,a=0.103356",-2432.0296244048664,clique_colex,,0.1084991061284871,24,5,0.1629905662284893,1.0
0.1,20.188679245283016,1.0,0.0,4,-72.45512135735947,RGG3_weighted,"step,r_mult=3.0000,a=0.103356",-6315.694762828424,clique_colex,,0.26887336957239727,24,5,0.296148315044852,1.0
0.1,20.188679245283016,1.0,0.1,4,-72.0969463876835,RGG3_weighted,"step,r_mult=3.0000,a=0.103356",-6309.380744136835,clique_colex,,0.26861687328807715,24,5,0.2975299391931323,1.0
0.1,20.188679245283016,1.0,1.0,4,-68.87337166059976,RGG3_weighted,"step,r_mult=3.0000,a=0.103356",-6252.554575912536,clique_colex,,0.26630840672919626,24,5,0.3080688633807324,1.0
0.1,111.03773584905659,10.0,0.0,4,-5484.9730932693465,RGG3_weighted,"linear,r_mult=1.4091,a=3.36992",-40700.41932639745,clique_colex,,1.516599751642037,24,5,1.516599751642037,1.0
0.1,111.03773584905659,10.0,0.1,4,-5445.876539990507,RGG3_weighted,"linear,r_mult=1.4091,a=3.36992",-40694.10530770586,clique_colex,,1.518011574837009,24,5,1.518011574837009,1.0
0.1,111.03773584905659,10.0,1.0,4,-5094.007560480948,RGG3_weighted,"linear,r_mult=1.4091,a=3.36992",-40637.279139481565,clique_colex,,1.530717983591758,24,5,1.530717983591758,1.0
0.1,1019.5283018867923,100.0,0.0,4,-66083.54997655415,RGG3_weighted,"linear,r_mult=1.4091,a=3.36992",-384547.66496208776,clique_colex,,13.715078164751665,24,5,13.715078164751665,1.0
0.1,1019.5283018867923,100.0,0.1,4,-66044.4534232753,RGG3_weighted,"linear,r_mult=1.4091,a=3.36992",-384541.35094339616,clique_colex,,13.716489987946634,24,5,13.716489987946634,1.0
0.1,1019.5283018867923,100.0,1.0,4,-65692.58444376575,RGG3_weighted,"linear,r_mult=1.4091,a=3.36992",-384484.5247751719,clique_colex,,13.729196396701385,24,5,13.729196396701385,1.0
0.1,15.141509433962263,0.0,0.0,4,5.610277215879194,RGG3_weighted,"step,r_mult=3.0000,a=0.103356",-4903.754716981132,clique_colex,,0.21142829432373003,24,5,0.24527397498989204,1.5
0.1,15.141509433962263,0.0,0.1,4,5.968452185555165,RGG3_weighted,"step,r_mult=3.0000,a=0.103356",-4897.440698289543,clique_colex,,0.21117179803940994,24,5,0.24642956068260755,1.5
0.1,15.141509433962263,0.0,1.0,4,9.192026912638907,RGG3_weighted,"step,r_mult=3.0000,a=0.103356",-4840.614530065244,clique_colex,,0.20886333148052896,24,5,0.2568298319170475,1.5
0.1,30.283018867924525,1.0,0.0,4,-228.71030732928915,RGG3_weighted,"step,r_mult=3.0000,a=0.103356",-11132.86457414918,clique_colex,,0.46960182027648106,24,5,0.4743077883698881,1.5
0.1,30.283018867924525,1.0,0.1,4,-228.3521323596132,RGG3_weighted,"step,r_mult=3.0000,a=0.103356",-11126.550555457592,clique_colex,,0.46934532399216106,24,5,0.47568941251816843,1.5
0.1,30.283018867924525,1.0,1.0,4,-225.12855763252944,RGG3_weighted,"step,r_mult=3.0000,a=0.103356",-11069.724387233293,clique_colex,,0.46703685743328005,24,5,0.4881240298526913,1.5
0.1,166.55660377358487,10.0,0.0,4,-9250.837674437582,RGG3_weighted,"linear,r_mult=1.4091,a=3.36992",-67194.85328866159,clique_colex,,2.4954356423007753,24,5,2.4954356423007753,1.5
0.1,166.55660377358487,10.0,0.1,4,-9211.741121158742,RGG3_weighted,"linear,r_mult=1.4091,a=3.36992",-67188.53926997,clique_colex,,2.4968474654957475,24,5,2.4968474654957475,1.5
0.1,166.55660377358487,10.0,1.0,4,-8859.872141649183,RGG3_weighted,"linear,r_mult=1.4091,a=3.36992",-67131.7131017457,clique_colex,,2.509553874250496,24,5,2.509553874250496,1.5
0.1,1529.2924528301885,100.0,0.0,4,-100661.0338581898,RGG3_weighted,"linear,r_mult=1.4091,a=3.36992",-627814.7404337858,clique_colex,,22.70257134261826,24,5,22.70257134261826,1.5
0.1,1529.2924528301885,100.0,0.1,4,-100621.93730491096,RGG3_weighted,"linear,r_mult=1.4091,a=3.36992",-627808.4264150943,clique_colex,,22.703983165813234,24,5,22.703983165813234,1.5
0.1,1529.2924528301885,100.0,1.0,4,-100270.0683254014,RGG3_weighted,"linear,r_mult=1.4091,a=3.36992",-627751.60024687,clique_colex,,22.716689574567983,24,5,22.716689574567983,1.5
0.1,30.283018867924525,0.0,0.0,4,-228.77250174201524,RGG3_weighted,"step,r_mult=3.0000,a=0.103356",-12129.509433962265,clique_colex,,0.5125209703798558,24,5,0.516746442695102,3.0
0.1,30.283018867924525,0.0,0.1,4,-228.41432677233928,RGG3_weighted,"step,r_mult=3.0000,a=0.103356",-12123.195415270677,clique_colex,,0.5122644740955357,24,5,0.5181280668433823,3.0
0.1,30.283018867924525,0.0,1.0,4,-225.19075204525552,RGG3_weighted,"step,r_mult=3.0000,a=0.103356",-12066.369247046377,clique_colex,,0.5099560075366547,24,5,0.5305626841779051,3.0
0.1,60.56603773584905,1.0,0.0,4,-2163.9260094268584,RGG3_weighted,"linear,r_mult=1.4091,a=3.36992",-25584.374008111445,clique_colex,,1.008632558082885,24,5,1.008632558082885,3.0
0.1,60.56603773584905,1.0,0.1,4,-2124.8294561480184,RGG3_weighted,"linear,r_mult=1.4091,a=3.36992",-25578.059989419857,clique_colex,,1.010044381277857,24,5,1.010044381277857,3.0
0.1,60.56603773584905,1.0,1.0,4,-1776.4049361940577,RGG3_weighted,"smooth,r_mult=1.4091,a=1.86467",-25521.233821195558,clique_colex,,1.0226024498277995,24,5,1.0226024498277995,3.0
0.1,333.11320754716974,10.0,0.0,4,-20548.431417942295,RGG3_weighted,"linear,r_mult=1.4091,a=3.36992",-146678.155175454,clique_colex,,5.431943314276991,24,5,5.431943314276991,3.0
0.1,333.11320754716974,10.0,0.1,4,-20509.334864663455,RGG3_weighted,"linear,r_mult=1.4091,a=3.36992",-146671.8411567624,clique_colex,,5.433355137471962,24,5,5.433355137471962,3.0
0.1,333.11320754716974,10.0,1.0,4,-20157.465885153895,RGG3_weighted,"linear,r_mult=1.4091,a=3.36992",-146615.0149885381,clique_colex,,5.44606154622671,24,5,5.44606154622671,3.0
0.1,3058.584905660377,100.0,0.0,4,-204393.48550309672,RGG3_weighted,"linear,r_mult=1.4091,a=3.36992",-1357615.96684888,clique_colex,,49.66505087621807,24,5,49.66505087621807,3.0
0.1,3058.584905660377,100.0,0.1,4,-204354.38894981786,RGG3_weighted,"linear,r_mult=1.4091,a=3.36992",-1357609.6528301884,clique_colex,,49.66646269941303,24,5,49.66646269941303,3.0
0.1,3058.584905660377,100.0,1.0,4,-204002.51997030832,RGG3_weighted,"linear,r_mult=1.4091,a=3.36992",-1357552.8266619642,clique_colex,,49.679169108167784,24,5,49.679169108167784,3.0
