rho,alpha_hat,gamma_hat,eta_hat,seed,S_geo_min,geo_best,geo_best_detail,S_non_min,non_best,non_best_detail,delta_S,n_geo,n_non,delta_S_local
0.027906976744186046,0.5,0.0,0.0,0,18.50910693216649,RGG3_weighted,"step,r_mult=3.0000,a=0.0288231",17.915500270416448,uniform,,2.5564455717056022e-05,31,7,0.004197565862090261
0.027906976744186046,0.5,0.0,0.1,0,18.516725832621084,RGG3_weighted,"step,r_mult=3.0000,a=0.0288231",17.916443563835976,uniform,,2.585194956008217e-05,31,7,0.004228300658003976
0.027906976744186046,0.5,0.0,1.0,0,18.585295936712434,RGG3_weighted,"step,r_mult=3.0000,a=0.0288231",17.924933204611744,uniform,,2.8439394147316554e-05,31,7,0.004504913821227418
0.027906976744186046,0.5,1.0,0.0,0,18.515232880791718,RGG3_weighted,"step,r_mult=3.0000,a=0.0288231",17.915500270416448,uniform,,2.5828277793939267e-05,31,7,0.0042392926891574485
0.027906976744186046,0.5,1.0,0.1,0,18.522851781246313,RGG3_weighted,"step,r_mult=3.0000,a=0.0288231",17.916443563835976,uniform,,2.6115771636965414e-05,31,7,0.004270027485071165
0.027906976744186046,0.5,1.0,1.0,0,18.591421885337663,RGG3_weighted,"step,r_mult=3.0000,a=0.0288231",17.924933204611744,uniform,,2.8703216224199803e-05,31,7,0.004546640648294606
0.027906976744186046,0.5,10.0,0.0,0,18.570366418418796,RGG3_weighted,"step,r_mult=3.0000,a=0.0288231",17.915500270416448,uniform,,2.8202676485889247e-05,31,7,0.004614834132762139
0.027906976744186046,0.5,10.0,0.1,0,18.57798531887339,RGG3_weighted,"step,r_mult=3.0000,a=0.0288231",17.916443563835976,uniform,,2.8490170328915394e-05,31,7,0.004645568928675854
0.027906976744186046,0.5,10.0,1.0,0,18.64655542296474,RGG3_weighted,"step,r_mult=3.0000,a=0.0288231",17.924933204611744,uniform,,3.107761491614978e-05,31,7,0.004922182091899296
0.027906976744186046,0.5,100.0,0.0,0,19.121701794689553,RGG3_weighted,"step,r_mult=3.0000,a=0.0288231",17.915500270416448,uniform,,5.1946663405387814e-05,31,7,0.00837024856880904
0.027906976744186046,0.5,100.0,0.1,0,19.12932069514415,RGG3_weighted,"step,r_mult=3.0000,a=0.0288231",17.916443563835976,uniform,,5.223415724841396e-05,31,7,0.008400983364722756
0.027906976744186046,0.5,100.0,1.0,0,19.1978907992355,RGG3_weighted,"step,r_mult=3.0000,a=0.0288231",17.924933204611744,uniform,,5.482160183564834e-05,31,7,0.0086775965279462
0.027906976744186046,1.0,0.0,0.0,0,18.340871990834184,RGG3_weighted,"step,r_mult=3.0000,a=0.0288231",17.747279610600334,uniform,,2.556384066467919e-05,31,7,0.0041825645473774304
0.027906976744186046,1.0,0.0,0.1,0,18.34849089128878,RGG3_weighted,"step,r_mult=3.0000,a=0.0288231",17.748222904019862,uniform,,2.5851334507705332e-05,31,7,0.004213299343291147
0.027906976744186046,1.0,0.0,1.0,0,18.41706099538013,RGG3_weighted,"step,r_mult=3.0000,a=0.0288231",17.75671254479563,uniform,,2.843877909493972e-05,31,7,0.004489912506514588
0.027906976744186046,1.0,1.0,0.0,0,18.346997939459413,RGG3_weighted,"step,r_mult=3.0000,a=0.0288231",17.747279610600334,uniform,,2.5827662741562434e-05,31,7,0.004224291374444618
0.027906976744186046,1.0,1.0,0.1,0,18.35461683991401,RGG3_weighted,"step,r_mult=3.0000,a=0.0288231",17.748222904019862,uniform,,2.611515658458858e-05,31,7,0.004255026170358334
0.027906976744186046,1.0,1.0,1.0,0,18.42318694400536,RGG3_weighted,"step,r_mult=3.0000,a=0.0288231",17.75671254479563,uniform,,2.8702601171822966e-05,31,7,0.0045316393335817755
0.027906976744186046,1.0,10.0,0.0,0,18.402131477086492,RGG3_weighted,"step,r_mult=3.0000,a=0.0288231",17.747279610600334,uniform,,2.8202061433512413e-05,31,7,0.004599832818049309
0.027906976744186046,1.0,10.0,0.1,0,18.409750377541087,RGG3_weighted,"step,r_mult=3.0000,a=0.0288231",17.748222904019862,uniform,,2.8489555276538557e-05,31,7,0.004630567613963024
0.027906976744186046,1.0,10.0,1.0,0,18.478320481632437,RGG3_weighted,"step,r_mult=3.0000,a=0.0288231",17.75671254479563,uniform,,3.1076999863772945e-05,31,7,0.004907180777186466
0.027906976744186046,1.0,100.0,0.0,0,18.95346685335725,RGG3_weighted,"step,r_mult=3.0000,a=0.0288231",17.747279610600334,uniform,,5.194604835301098e-05,31,7,0.00835524725409621
0.027906976744186046,1.0,100.0,0.1,0,18.961085753811844,RGG3_weighted,"step,r_mult=3.0000,a=0.0288231",17.748222904019862,uniform,,5.2233542196037125e-05,31,7,0.008385982050009927
0.027906976744186046,1.0,100.0,1.0,0,19.029655857903194,RGG3_weighted,"step,r_mult=3.0000,a=0.0288231",17.75671254479563,uniform,,5.482098678327151e-05,31,7,0.008662595213233369
0.027906976744186046,1.5,0.0,0.0,0,18.172637049501883,RGG3_weighted,"step,r_mult=3.0000,a=0.0288231",17.579058950784216,uniform,,2.556322561230266e-05,31,7,0.004167563232664601
0.027906976744186046,1.5,0.0,0.1,0,18.18025594995648,RGG3_weighted,"step,r_mult=3.0000,a=0.0288231",17.580002244203744,uniform,,2.5850719455328803e-05,31,7,0.004198298028578317
0.027906976744186046,1.5,0.0,1.0,0,18.24882605404783,RGG3_weighted,"step,r_mult=3.0000,a=0.0288231",17.58849188497951,uniform,,2.8438164042563192e-05,31,7,0.004474911191801758
0.027906976744186046,1.5,1.0,0.0,0,18.178762998127112,RGG3_weighted,"step,r_mult=3.0000,a=0.0288231",17.579058950784216,uniform,,2.5827047689185905e-05,31,7,0.004209290059731789
0.027906976744186046,1.5,1.0,0.1,0,18.186381898581708,RGG3_weighted,"step,r_mult=3.0000,a=0.0288231",17.580002244203744,uniform,,2.6114541532212052e-05,31,7,0.004240024855645504
0.027906976744186046,1.5,1.0,1.0,0,18.254952002673058,RGG3_weighted,"step,r_mult=3.0000,a=0.0288231",17.58849188497951,uniform,,2.8701986119446437e-05,31,7,0.004516638018868946
0.027906976744186046,1.5,10.0,0.0,0,18.23389653575419,RGG3_weighted,"step,r_mult=3.0000,a=0.0288231",17.579058950784216,uniform,,2.8201446381135885e-05,31,7,0.0045848315033364785
0.027906976744186046,1.5,10.0,0.1,0,18.241515436208786,RGG3_weighted,"step,r_mult=3.0000,a=0.0288231",17.580002244203744,uniform,,2.848894022416203e-05,31,7,0.004615566299250195
0.027906976744186046,1.5,10.0,1.0,0,18.310085540300136,RGG3_weighted,"step,r_mult=3.0000,a=0.0288231",17.58849188497951,uniform,,3.107638481139642e-05,31,7,0.004892179462473637
0.027906976744186046,1.5,100.0,0.0,0,18.785231912024948,RGG3_weighted,"step,r_mult=3.0000,a=0.0288231",17.579058950784216,uniform,,5.194543330063445e-05,31,7,0.008340245939383381
0.027906976744186046,1.5,100.0,0.1,0,18.792850812479543,RGG3_weighted,"step,r_mult=3.0000,a=0.0288231",17.580002244203744,uniform,,5.2232927143660596e-05,31,7,0.008370980735297098
0.027906976744186046,1.5,100.0,1.0,0,18.861420916570893,RGG3_weighted,"step,r_mult=3.0000,a=0.0288231",17.58849188497951,uniform,,5.482037173089498e-05,31,7,0.00864759389852054
0.027906976744186046,2.0,0.0,0.0,0,18.004402108169582,RGG3_weighted,"step,r_mult=3.0000,a=0.0288231",17.4108382909681,uniform,,2.556261055992598e-05,31,7,0.004152561917951772
0.027906976744186046,2.0,0.0,0.1,0,18.012021008624178,RGG3_weighted,"step,r_mult=3.0000,a=0.0288231",17.41178158438763,uniform,,2.5850104402952122e-05,31,7,0.004183296713865487
0.027906976744186046,2.0,0.0,1.0,0,18.080591112715528,RGG3_weighted,"step,r_mult=3.0000,a=0.0288231",17.420271225163397,uniform,,2.843754899018651e-05,31,7,0.004459909877088929
0.027906976744186046,2.0,1.0,0.0,0,18.01052805679481,RGG3_weighted,"step,r_mult=3.0000,a=0.0288231",17.4108382909681,uniform,,2.5826432636809224e-05,31,7,0.004194288745018959
0.027906976744186046,2.0,1.0,0.1,0,18.018146957249407,RGG3_weighted,"step,r_mult=3.0000,a=0.0288231",17.41178158438763,uniform,,2.6113926479835368e-05,31,7,0.004225023540932675
0.027906976744186046,2.0,1.0,1.0,0,18.086717061340757,RGG3_weighted,"step,r_mult=3.0000,a=0.0288231",17.420271225163397,uniform,,2.8701371067069756e-05,31,7,0.004501636704156116
0.027906976744186046,2.0,10.0,0.0,0,18.06566159442189,RGG3_weighted,"step,r_mult=3.0000,a=0.0288231",17.4108382909681,uniform,,2.8200831328759204e-05,31,7,0.004569830188623649
0.027906976744186046,2.0,10.0,0.1,0,18.073280494876485,RGG3_weighted,"step,r_mult=3.0000,a=0.0288231",17.41178158438763,uniform,,2.8488325171785347e-05,31,7,0.004600564984537365
0.027906976744186046,2.0,10.0,1.0,0,18.141850598967835,RGG3_weighted,"step,r_mult=3.0000,a=0.0288231",17.420271225163397,uniform,,3.107576975901973e-05,31,7,0.004877178147760807
0.027906976744186046,2.0,100.0,0.0,0,18.616996970692647,RGG3_weighted,"step,r_mult=3.0000,a=0.0288231",17.4108382909681,uniform,,5.194481824825777e-05,31,7,0.008325244624670552
0.027906976744186046,2.0,100.0,0.1,0,18.624615871147242,RGG3_weighted,"step,r_mult=3.0000,a=0.0288231",17.41178158438763,uniform,,5.223231209128391e-05,31,7,0.008355979420584268
0.027906976744186046,2.0,100.0,1.0,0,18.693185975238592,RGG3_weighted,"step,r_mult=3.0000,a=0.0288231",17.420271225163397,uniform,,5.48197566785183e-05,31,7,0.00863259258380771
0.027906976744186046,3.0,0.0,0.0,0,17.667932225504977,RGG3_weighted,"step,r_mult=3.0000,a=0.0288231",17.07439697133587,uniform,,2.5561380455172617e-05,31,7,0.0041225592885261115
0.027906976744186046,3.0,0.0,0.1,0,17.675551125959572,RGG3_weighted,"step,r_mult=3.0000,a=0.0288231",17.075340264755397,uniform,,2.584887429819876e-05,31,7,0.004153294084439828
0.027906976744186046,3.0,0.0,1.0,0,17.744121230050922,RGG3_weighted,"step,r_mult=3.0000,a=0.0288231",17.083829905531164,uniform,,2.843631888543315e-05,31,7,0.0044299072476632695
0.027906976744186046,3.0,1.0,0.0,0,17.674058174130206,RGG3_weighted,"step,r_mult=3.0000,a=0.0288231",17.07439697133587,uniform,,2.5825202532055862e-05,31,7,0.004164286115593299
0.027906976744186046,3.0,1.0,0.1,0,17.6816770745848,RGG3_weighted,"step,r_mult=3.0000,a=0.0288231",17.075340264755397,uniform,,2.6112696375082005e-05,31,7,0.0041950209115070155
0.027906976744186046,3.0,1.0,1.0,0,17.75024717867615,RGG3_weighted,"step,r_mult=3.0000,a=0.0288231",17.083829905531164,uniform,,2.8700140962316394e-05,31,7,0.0044716340747304574
0.027906976744186046,3.0,10.0,0.0,0,17.729191711757284,RGG3_weighted,"step,r_mult=3.0000,a=0.0288231",17.07439697133587,uniform,,2.819960122400584e-05,31,7,0.00453982755919799
0.027906976744186046,3.0,10.0,0.1,0,17.73681061221188,RGG3_weighted,"step,r_mult=3.0000,a=0.0288231",17.075340264755397,uniform,,2.8487095067031985e-05,31,7,0.004570562355111706
0.027906976744186046,3.0,10.0,1.0,0,17.80538071630323,RGG3_weighted,"step,r_mult=3.0000,a=0.0288231",17.083829905531164,uniform,,3.107453965426637e-05,31,7,0.004847175518335148
0.027906976744186046,3.0,100.0,0.0,0,18.28052708802804,RGG3_weighted,"step,r_mult=3.0000,a=0.0288231",17.07439697133587,uniform,,5.1943588143504406e-05,31,7,0.008295241995244892
0.027906976744186046,3.0,100.0,0.1,0,18.288145988482636,RGG3_weighted,"step,r_mult=3.0000,a=0.0288231",17.075340264755397,uniform,,5.223108198653055e-05,31,7,0.008325976791158608
0.027906976744186046,3.0,100.0,1.0,0,18.356716092573986,RGG3_weighted,"step,r_mult=3.0000,a=0.0288231",17.083829905531164,uniform,,5.481852657376494e-05,31,7,0.00860258995438205
0.027906976744186046,0.5,0.0,0.0,1,18.564936482352664,RGG3_weighted,"step,r_mult=3.0000,a=0.0289092",17.915500270416448,uniform,,2.7968829110086814e-05,31,7,0.00404351005192644
0.027906976744186046,0.5,0.0,0.1,1,18.573185202527448,RGG3_weighted,"step,r_mult=3.0000,a=0.0289092",17.916443563835976,uniform,,2.8283446972070264e-05,31,7,0.004073252233119098
0.027906976744186046,0.5,0.0,1.0,1,18.647423684100517,RGG3_weighted,"step,r_mult=3.0000,a=0.0289092",17.924933204611744,uniform,,3.1115007729921307e-05,31,7,0.004340931863853027
0.027906976744186046,0.5,1.0,0.0,1,18.571339430484894,RGG3_weighted,"step,r_mult=3.0000,a=0.0289092",17.915500270416448,uniform,,2.824458053697011e-05,31,7,0.004080411171207468
0.027906976744186046,0.5,1.0,0.1,1,18.579588150659678,RGG3_weighted,"step,r_mult=3.0000,a=0.0289092",17.916443563835976,uniform,,2.8559198398953555e-05,31,7,0.004110153352400127
0.027906976744186046,0.5,1.0,1.0,1,18.653826632232747,RGG3_weighted,"step,r_mult=3.0000,a=0.0289092",17.924933204611744,uniform,,3.13907591568046e-05,31,7,0.004377832983134056
0.027906976744186046,0.5,10.0,0.0,1,18.628965963674958,RGG3_weighted,"step,r_mult=3.0000,a=0.0289092",17.915500270416448,uniform,,3.0726343378919445e-05,31,7,0.004412521244736731
0.027906976744186046,0.5,10.0,0.1,1,18.63721468384974,RGG3_weighted,"step,r_mult=3.0000,a=0.0289092",17.916443563835976,uniform,,3.1040961240902895e-05,31,7,0.00444226342592939
0.027906976744186046,0.5,10.0,1.0,1,18.71145316542281,RGG3_weighted,"step,r_mult=3.0000,a=0.0289092",17.924933204611744,uniform,,3.387252199875394e-05,31,7,0.004709943056663318
0.027906976744186046,0.5,100.0,0.0,1,19.205231295575583,RGG3_weighted,"step,r_mult=3.0000,a=0.0289092",17.915500270416448,uniform,,5.554397179841236e-05,31,7,0.007733621980029357
0.027906976744186046,0.5,100.0,0.1,1,19.213480015750367,RGG3_weighted,"step,r_mult=3.0000,a=0.0289092",17.916443563835976,uniform,,5.585858966039581e-05,31,7,0.007763364161222016
0.027906976744186046,0.5,100.0,1.0,1,19.287718497323436,RGG3_weighted,"step,r_mult=3.0000,a=0.0289092",17.924933204611744,uniform,,5.869015041824685e-05,31,7,0.008031043791955945
0.027906976744186046,1.0,0.0,0.0,1,18.396703212307386,RGG3_weighted,"step,r_mult=3.0000,a=0.0289092",17.747279610600334,uniform,,2.7968286033895466e-05,31,7,0.004029306769581274
0.027906976744186046,1.0,0.0,0.1,1,18.40495193248217,RGG3_weighted,"step,r_mult=3.0000,a=0.0289092",17.748222904019862,uniform,,2.8282903895878916e-05,31,7,0.004059048950773933
0.027906976744186046,1.0,0.0,1.0,1,18.47919041405524,RGG3_weighted,"step,r_mult=3.0000,a=0.0289092",17.75671254479563,uniform,,3.111446465372996e-05,31,7,0.004326728581507861
0.027906976744186046,1.0,1.0,0.0,1,18.403106160439616,RGG3_weighted,"step,r_mult=3.0000,a=0.0289092",17.747279610600334,uniform,,2.8244037460778758e-05,31,7,0.004066207888862303
0.027906976744186046,1.0,1.0,0.1,1,18.4113548806144,RGG3_weighted,"step,r_mult=3.0000,a=0.0289092",17.748222904019862,uniform,,2.8558655322762208e-05,31,7,0.004095950070054961
0.027906976744186046,1.0,1.0,1.0,1,18.48559336218747,RGG3_weighted,"step,r_mult=3.0000,a=0.0289092",17.75671254479563,uniform,,3.139021608061325e-05,31,7,0.0043636297007888895
0.027906976744186046,1.0,10.0,0.0,1,18.46073269362968,RGG3_weighted,"step,r_mult=3.0000,a=0.0289092",17.747279610600334,uniform,,3.0725800302728095e-05,31,7,0.004398317962391565
0.027906976744186046,1.0,10.0,0.1,1,18.468981413804464,RGG3_weighted,"step,r_mult=3.0000,a=0.0289092",17.748222904019862,uniform,,3.1040418164711544e-05,31,7,0.004428060143584224
0.027906976744186046,1.0,10.0,1.0,1,18.543219895377533,RGG3_weighted,"step,r_mult=3.0000,a=0.0289092",17.75671254479563,uniform,,3.387197892256259e-05,31,7,0.004695739774318152
0.027906976744186046,1.0,100.0,0.0,1,19.036998025530306,RGG3_weighted,"step,r_mult=3.0000,a=0.0289092",17.747279610600334,uniform,,5.5543428722221014e-05,31,7,0.00771941869768419
0.027906976744186046,1.0,100.0,0.1,1,19.04524674570509,RGG3_weighted,"step,r_mult=3.0000,a=0.0289092",17.748222904019862,uniform,,5.585804658420446e-05,31,7,0.0077491608788768495
0.027906976744186046,1.0,100.0,1.0,1,19.119485227278158,RGG3_weighted,"step,r_mult=3.0000,a=0.0289092",17.75671254479563,uniform,,5.8689607342055506e-05,31,7,0.008016840509610778
0.027906976744186046,1.5,0.0,0.0,1,18.22846994226211,RGG3_weighted,"step,r_mult=3.0000,a=0.0289092",17.579058950784216,uniform,,2.796774295770427e-05,31,7,0.004015103487236107
0.027906976744186046,1.5,0.0,0.1,1,18.236718662436893,RGG3_weighted,"step,r_mult=3.0000,a=0.0289092",17.580002244203744,uniform,,2.828236081968772e-05,31,7,0.004044845668428766
0.027906976744186046,1.5,0.0,1.0,1,18.31095714400996,RGG3_weighted,"step,r_mult=3.0000,a=0.0289092",17.58849188497951,uniform,,3.111392157753877e-05,31,7,0.004312525299162694
0.027906976744186046,1.5,1.0,0.0,1,18.23487289039434,RGG3_weighted,"step,r_mult=3.0000,a=0.0289092",17.579058950784216,uniform,,2.8243494384587563e-05,31,7,0.0040520046065171365
0.027906976744186046,1.5,1.0,0.1,1,18.243121610569123,RGG3_weighted,"step,r_mult=3.0000,a=0.0289092",17.580002244203744,uniform,,2.8558112246571013e-05,31,7,0.004081746787709796
0.027906976744186046,1.5,1.0,1.0,1,18.31736009214219,RGG3_weighted,"step,r_mult=3.0000,a=0.0289092",17.58849188497951,uniform,,3.1389673004422056e-05,31,7,0.004349426418443724
0.027906976744186046,1.5,10.0,0.0,1,18.292499423584403,RGG3_weighted,"step,r_mult=3.0000,a=0.0289092",17.579058950784216,uniform,,3.07252572265369e-05,31,7,0.004384114680046399
0.027906976744186046,1.5,10.0,0.1,1,18.300748143759186,RGG3_weighted,"step,r_mult=3.0000,a=0.0289092",17.580002244203744,uniform,,3.103987508852035e-05,31,7,0.004413856861239058
0.027906976744186046,1.5,10.0,1.0,1,18.374986625332255,RGG3_weighted,"step,r_mult=3.0000,a=0.0289092",17.58849188497951,uniform,,3.387143584637139e-05,31,7,0.004681536491972987
0.027906976744186046,1.5,100.0,0.0,1,18.868764755485028,RGG3_weighted,"step,r_mult=3.0000,a=0.0289092",17.579058950784216,uniform,,5.554288564602982e-05,31,7,0.007705215415339024
0.027906976744186046,1.5,100.0,0.1,1,18.877013475659812,RGG3_weighted,"step,r_mult=3.0000,a=0.0289092",17.580002244203744,uniform,,5.585750350801326e-05,31,7,0.007734957596531683
0.027906976744186046,1.5,100.0,1.0,1,18.95125195723288,RGG3_weighted,"step,r_mult=3.0000,a=0.0289092",17.58849188497951,uniform,,5.868906426586431e-05,31,7,0.008002637227265613
0.027906976744186046,2.0,0.0,0.0,1,18.06023667221683,RGG3_weighted,"step,r_mult=3.0000,a=0.0289092",17.4108382909681,uniform,,2.7967199881512924e-05,31,7,0.004000900204890941
0.027906976744186046,2.0,0.0,0.1,1,18.068485392391615,RGG3_weighted,"step,r_mult=3.0000,a=0.0289092",17.41178158438763,uniform,,2.828181774349637e-05,31,7,0.0040306423860836
0.027906976744186046,2.0,0.0,1.0,1,18.142723873964684,RGG3_weighted,"step,r_mult=3.0000,a=0.0289092",17.420271225163397,uniform,,3.1113378501347416e-05,31,7,0.004298322016817528
0.027906976744186046,2.0,1.0,0.0,1,18.06663962034906,RGG3_weighted,"step,r_mult=3.0000,a=0.0289092",17.4108382909681,uniform,,2.8242951308396215e-05,31,7,0.00403780132417197
0.027906976744186046,2.0,1.0,0.1,1,18.074888340523845,RGG3_weighted,"step,r_mult=3.0000,a=0.0289092",17.41178158438763,uniform,,2.8557569170379665e-05,31,7,0.004067543505364629
0.027906976744186046,2.0,1.0,1.0,1,18.149126822096914,RGG3_weighted,"step,r_mult=3.0000,a=0.0289092",17.420271225163397,uniform,,3.138912992823071e-05,31,7,0.004335223136098558
0.027906976744186046,2.0,10.0,0.0,1,18.124266153539125,RGG3_weighted,"step,r_mult=3.0000,a=0.0289092",17.4108382909681,uniform,,3.0724714150345555e-05,31,7,0.004369911397701233
0.027906976744186046,2.0,10.0,0.1,1,18.13251487371391,RGG3_weighted,"step,r_mult=3.0000,a=0.0289092",17.41178158438763,uniform,,3.1039332012329005e-05,31,7,0.004399653578893892
0.027906976744186046,2.0,10.0,1.0,1,18.206753355286978,RGG3_weighted,"step,r_mult=3.0000,a=0.0289092",17.420271225163397,uniform,,3.387089277018005e-05,31,7,0.00466733320962782
0.027906976744186046,2.0,100.0,0.0,1,18.70053148543975,RGG3_weighted,"step,r_mult=3.0000,a=0.0289092",17.4108382909681,uniform,,5.554234256983847e-05,31,7,0.007691012132993858
0.027906976744186046,2.0,100.0,0.1,1,18.708780205614534,RGG3_weighted,"step,r_mult=3.0000,a=0.0289092",17.41178158438763,uniform,,5.585696043182192e-05,31,7,0.007720754314186517
0.027906976744186046,2.0,100.0,1.0,1,18.783018687187603,RGG3_weighted,"step,r_mult=3.0000,a=0.0289092",17.420271225163397,uniform,,5.868852118967296e-05,31,7,0.007988433944920445
0.027906976744186046,3.0,0.0,0.0,1,17.723770132126276,RGG3_weighted,"step,r_mult=3.0000,a=0.0289092",17.07439697133587,uniform,,2.7966113729130378e-05,31,7,0.003972493640200609
0.027906976744186046,3.0,0.0,0.1,1,17.73201885230106,RGG3_weighted,"step,r_mult=3.0000,a=0.0289092",17.075340264755397,uniform,,2.8280731591113828e-05,31,7,0.0040022358213932675
0.027906976744186046,3.0,0.0,1.0,1,17.80625733387413,RGG3_weighted,"step,r_mult=3.0000,a=0.0289092",17.083829905531164,uniform,,3.111229234896487e-05,31,7,0.004269915452127197
0.027906976744186046,3.0,1.0,0.0,1,17.730173080258506,RGG3_weighted,"step,r_mult=3.0000,a=0.0289092",17.07439697133587,uniform,,2.8241865156013673e-05,31,7,0.004009394759481638
0.027906976744186046,3.0,1.0,0.1,1,17.73842180043329,RGG3_weighted,"step,r_mult=3.0000,a=0.0289092",17.075340264755397,uniform,,2.8556483017997123e-05,31,7,0.004039136940674297
0.027906976744186046,3.0,1.0,1.0,1,17.81266028200636,RGG3_weighted,"step,r_mult=3.0000,a=0.0289092",17.083829905531164,uniform,,3.1388043775848166e-05,31,7,0.004306816571408225
0.027906976744186046,3.0,10.0,0.0,1,17.78779961344857,RGG3_weighted,"step,r_mult=3.0000,a=0.0289092",17.07439697133587,uniform,,3.072362799796301e-05,31,7,0.0043415048330109
0.027906976744186046,3.0,10.0,0.1,1,17.796048333623354,RGG3_weighted,"step,r_mult=3.0000,a=0.0289092",17.075340264755397,uniform,,3.103824585994646e-05,31,7,0.004371247014203559
0.027906976744186046,3.0,10.0,1.0,1,17.870286815196422,RGG3_weighted,"step,r_mult=3.0000,a=0.0289092",17.083829905531164,uniform,,3.38698066177975e-05,31,7,0.004638926644937488
0.027906976744186046,3.0,100.0,0.0,1,18.364064945349195,RGG3_weighted,"step,r_mult=3.0000,a=0.0289092",17.07439697133587,uniform,,5.554125641745592e-05,31,7,0.007662605568303527
0.027906976744186046,3.0,100.0,0.1,1,18.37231366552398,RGG3_weighted,"step,r_mult=3.0000,a=0.0289092",17.075340264755397,uniform,,5.585587427943937e-05,31,7,0.007692347749496185
0.027906976744186046,3.0,100.0,1.0,1,18.446552147097048,RGG3_weighted,"step,r_mult=3.0000,a=0.0289092",17.083829905531164,uniform,,5.868743503729042e-05,31,7,0.007960027380230114
0.027906976744186046,0.5,0.0,0.0,2,18.52324605557538,RGG3_weighted,"step,r_mult=3.0000,a=0.0288449",17.915500270416448,uniform,,2.6173375760505297e-05,31,7,0.004160961168657876
0.027906976744186046,0.5,0.0,0.1,2,18.53102837209854,RGG3_weighted,"step,r_mult=3.0000,a=0.0288449",17.916443563835976,uniform,,2.64679073325824e-05,31,7,0.004191433792655687
0.027906976744186046,0.5,0.0,1.0,2,18.601069220806952,RGG3_weighted,"step,r_mult=3.0000,a=0.0288449",17.924933204611744,uniform,,2.9118691481275123e-05,31,7,0.004465687408635986
0.027906976744186046,0.5,1.0,0.0,2,18.529101272966187,RGG3_weighted,"step,r_mult=3.0000,a=0.0288449",17.915500270416448,uniform,,2.6425538438834587e-05,31,7,0.0041965387648701434
0.027906976744186046,0.5,1.0,0.1,2,18.536883589489346,RGG3_weighted,"step,r_mult=3.0000,a=0.0288449",17.916443563835976,uniform,,2.6720070010911695e-05,31,7,0.0042270113888679545
0.027906976744186046,0.5,1.0,1.0,2,18.60692443819776,RGG3_weighted,"step,r_mult=3.0000,a=0.0288449",17.924933204611744,uniform,,2.9370854159604417e-05,31,7,0.004501265004848252
0.027906976744186046,0.5,10.0,0.0,2,18.581798229483432,RGG3_weighted,"step,r_mult=3.0000,a=0.0288449",17.915500270416448,uniform,,2.869500254379777e-05,31,7,0.004516737130780546
0.027906976744186046,0.5,10.0,0.1,2,18.58958054600659,RGG3_weighted,"step,r_mult=3.0000,a=0.0288449",17.916443563835976,uniform,,2.8989534115874873e-05,31,7,0.004547209754778356
0.027906976744186046,0.5,10.0,1.0,2,18.659621394715003,RGG3_weighted,"step,r_mult=3.0000,a=0.0288449",17.924933204611744,uniform,,3.1640318264567595e-05,31,7,0.0048214633707586545
0.027906976744186046,0.5,100.0,0.0,2,19.10876779465588,RGG3_weighted,"step,r_mult=3.0000,a=0.0288449",17.915500270416448,uniform,,5.138964359342942e-05,31,7,0.007718720789884571
0.027906976744186046,0.5,100.0,0.1,2,19.116550111179038,RGG3_weighted,"step,r_mult=3.0000,a=0.0288449",17.916443563835976,uniform,,5.1684175165506525e-05,31,7,0.007749193413882382
0.027906976744186046,0.5,100.0,1.0,2,19.18659095988745,RGG3_weighted,"step,r_mult=3.0000,a=0.0288449",17.924933204611744,uniform,,5.4334959314199244e-05,31,7,0.008023447029862681
0.027906976744186046,1.0,0.0,0.0,2,18.35501648239492,RGG3_weighted,"step,r_mult=3.0000,a=0.0288449",17.747279610600334,uniform,,2.617299189468501e-05,31,7,0.00414627759784162
0.027906976744186046,1.0,0.0,0.1,2,18.362798798918078,RGG3_weighted,"step,r_mult=3.0000,a=0.0288449",17.748222904019862,uniform,,2.6467523466762113e-05,31,7,0.004176750221839431
0.027906976744186046,1.0,0.0,1.0,2,18.43283964762649,RGG3_weighted,"step,r_mult=3.0000,a=0.0288449",17.75671254479563,uniform,,2.9118307615454835e-05,31,7,0.00445100383781973
0.027906976744186046,1.0,1.0,0.0,2,18.360871699785726,RGG3_weighted,"step,r_mult=3.0000,a=0.0288449",17.747279610600334,uniform,,2.6425154573014302e-05,31,7,0.0041818551940538875
0.027906976744186046,1.0,1.0,0.1,2,18.368654016308884,RGG3_weighted,"step,r_mult=3.0000,a=0.0288449",17.748222904019862,uniform,,2.6719686145091407e-05,31,7,0.0042123278180516985
0.027906976744186046,1.0,1.0,1.0,2,18.438694865017297,RGG3_weighted,"step,r_mult=3.0000,a=0.0288449",17.75671254479563,uniform,,2.937047029378413e-05,31,7,0.004486581434031996
0.027906976744186046,1.0,10.0,0.0,2,18.41356865630297,RGG3_weighted,"step,r_mult=3.0000,a=0.0288449",17.747279610600334,uniform,,2.869461867797748e-05,31,7,0.00450205355996429
0.027906976744186046,1.0,10.0,0.1,2,18.42135097282613,RGG3_weighted,"step,r_mult=3.0000,a=0.0288449",17.748222904019862,uniform,,2.898915025005459e-05,31,7,0.0045325261839621
0.027906976744186046,1.0,10.0,1.0,2,18.491391821534542,RGG3_weighted,"step,r_mult=3.0000,a=0.0288449",17.75671254479563,uniform,,3.163993439874731e-05,31,7,0.0048067797999423985
0.027906976744186046,1.0,100.0,0.0,2,18.940538221475418,RGG3_weighted,"step,r_mult=3.0000,a=0.0288449",17.747279610600334,uniform,,5.138925972760913e-05,31,7,0.007704037219068315
0.027906976744186046,1.0,100.0,0.1,2,18.948320537998576,RGG3_weighted,"step,r_mult=3.0000,a=0.0288449",17.748222904019862,uniform,,5.168379129968624e-05,31,7,0.007734509843066126
0.027906976744186046,1.0,100.0,1.0,2,19.01836138670699,RGG3_weighted,"step,r_mult=3.0000,a=0.0288449",17.75671254479563,uniform,,5.4334575448378955e-05,31,7,0.008008763459046424
0.027906976744186046,1.5,0.0,0.0,2,18.186786909214458,RGG3_weighted,"step,r_mult=3.0000,a=0.0288449",17.579058950784216,uniform,,2.6172608028864876e-05,31,7,0.004131594027025364
0.027906976744186046,1.5,0.0,0.1,2,18.194569225737617,RGG3_weighted,"step,r_mult=3.0000,a=0.0288449",17.580002244203744,uniform,,2.646713960094198e-05,31,7,0.004162066651023176
0.027906976744186046,1.5,0.0,1.0,2,18.26461007444603,RGG3_weighted,"step,r_mult=3.0000,a=0.0288449",17.58849188497951,uniform,,2.9117923749634703e-05,31,7,0.004436320267003474
0.027906976744186046,1.5,1.0,0.0,2,18.192642126605264,RGG3_weighted,"step,r_mult=3.0000,a=0.0288449",17.579058950784216,uniform,,2.642477070719417e-05,31,7,0.0041671716232376315
0.027906976744186046,1.5,1.0,0.1,2,18.200424443128423,RGG3_weighted,"step,r_mult=3.0000,a=0.0288449",17.580002244203744,uniform,,2.6719302279271275e-05,31,7,0.0041976442472354426
0.027906976744186046,1.5,1.0,1.0,2,18.270465291836835,RGG3_weighted,"step,r_mult=3.0000,a=0.0288449",17.58849188497951,uniform,,2.9370086427963997e-05,31,7,0.00447189786321574
0.027906976744186046,1.5,10.0,0.0,2,18.24533908312251,RGG3_weighted,"step,r_mult=3.0000,a=0.0288449",17.579058950784216,uniform,,2.869423481215735e-05,31,7,0.004487369989148034
0.027906976744186046,1.5,10.0,0.1,2,18.253121399645668,RGG3_weighted,"step,r_mult=3.0000,a=0.0288449",17.580002244203744,uniform,,2.8988766384234453e-05,31,7,0.004517842613145845
0.027906976744186046,1.5,10.0,1.0,2,18.32316224835408,RGG3_weighted,"step,r_mult=3.0000,a=0.0288449",17.58849188497951,uniform,,3.1639550532927175e-05,31,7,0.0047920962291261434
0.027906976744186046,1.5,100.0,0.0,2,18.772308648294956,RGG3_weighted,"step,r_mult=3.0000,a=0.0288449",17.579058950784216,uniform,,5.1388875861788997e-05,31,7,0.007689353648252059
0.027906976744186046,1.5,100.0,0.1,2,18.780090964818115,RGG3_weighted,"step,r_mult=3.0000,a=0.0288449",17.580002244203744,uniform,,5.1683407433866105e-05,31,7,0.00771982627224987
0.027906976744186046,1.5,100.0,1.0,2,18.850131813526527,RGG3_weighted,"step,r_mult=3.0000,a=0.0288449",17.58849188497951,uniform,,5.433419158255882e-05,31,7,0.00799407988823017
0.027906976744186046,2.0,0.0,0.0,2,18.018557336034,RGG3_weighted,"step,r_mult=3.0000,a=0.0288449",17.4108382909681,uniform,,2.617222416304474e-05,31,7,0.004116910456209109
0.027906976744186046,2.0,0.0,0.1,2,18.02633965255716,RGG3_weighted,"step,r_mult=3.0000,a=0.0288449",17.41178158438763,uniform,,2.646675573512185e-05,31,7,0.00414738308020692
0.027906976744186046,2.0,0.0,1.0,2,18.09638050126557,RGG3_weighted,"step,r_mult=3.0000,a=0.0288449",17.420271225163397,uniform,,2.911753988381457e-05,31,7,0.004421636696187218
0.027906976744186046,2.0,1.0,0.0,2,18.024412553424806,RGG3_weighted,"step,r_mult=3.0000,a=0.0288449",17.4108382909681,uniform,,2.6424386841374034e-05,31,7,0.004152488052421376
0.027906976744186046,2.0,1.0,0.1,2,18.032194869947965,RGG3_weighted,"step,r_mult=3.0000,a=0.0288449",17.41178158438763,uniform,,2.671891841345114e-05,31,7,0.004182960676419187
0.027906976744186046,2.0,1.0,1.0,2,18.102235718656377,RGG3_weighted,"step,r_mult=3.0000,a=0.0288449",17.420271225163397,uniform,,2.9369702562143864e-05,31,7,0.004457214292399485
0.027906976744186046,2.0,10.0,0.0,2,18.07710950994205,RGG3_weighted,"step,r_mult=3.0000,a=0.0288449",17.4108382909681,uniform,,2.8693850946337216e-05,31,7,0.004472686418331778
0.027906976744186046,2.0,10.0,0.1,2,18.08489182646521,RGG3_weighted,"step,r_mult=3.0000,a=0.0288449",17.41178158438763,uniform,,2.898838251841432e-05,31,7,0.004503159042329589
0.027906976744186046,2.0,10.0,1.0,2,18.154932675173622,RGG3_weighted,"step,r_mult=3.0000,a=0.0288449",17.420271225163397,uniform,,3.163916666710704e-05,31,7,0.0047774126583098875
0.027906976744186046,2.0,100.0,0.0,2,18.604079075114498,RGG3_weighted,"step,r_mult=3.0000,a=0.0288449",17.4108382909681,uniform,,5.1388491995968864e-05,31,7,0.007674670077435804
0.027906976744186046,2.0,100.0,0.1,2,18.611861391637657,RGG3_weighted,"step,r_mult=3.0000,a=0.0288449",17.41178158438763,uniform,,5.1683023568045966e-05,31,7,0.007705142701433614
0.027906976744186046,2.0,100.0,1.0,2,18.68190224034607,RGG3_weighted,"step,r_mult=3.0000,a=0.0288449",17.420271225163397,uniform,,5.433380771673869e-05,31,7,0.007979396317413914
0.027906976744186046,3.0,0.0,0.0,2,17.682098189673077,RGG3_weighted,"step,r_mult=3.0000,a=0.0288449",17.07439697133587,uniform,,2.6171456431404324e-05,31,7,0.004087543314576597
0.027906976744186046,3.0,0.0,0.1,2,17.689880506196236,RGG3_weighted,"step,r_mult=3.0000,a=0.0288449",17.075340264755397,uniform,,2.6465988003481428e-05,31,7,0.004118015938574409
0.027906976744186046,3.0,0.0,1.0,2,17.759921354904648,RGG3_weighted,"step,r_mult=3.0000,a=0.0288449",17.083829905531164,uniform,,2.911677215217415e-05,31,7,0.004392269554554708
0.027906976744186046,3.0,1.0,0.0,2,17.687953407063883,RGG3_weighted,"step,r_mult=3.0000,a=0.0288449",17.07439697133587,uniform,,2.6423619109733614e-05,31,7,0.0041231209107888646
0.027906976744186046,3.0,1.0,0.1,2,17.695735723587042,RGG3_weighted,"step,r_mult=3.0000,a=0.0288449",17.075340264755397,uniform,,2.6718150681810722e-05,31,7,0.004153593534786676
0.027906976744186046,3.0,1.0,1.0,2,17.765776572295454,RGG3_weighted,"step,r_mult=3.0000,a=0.0288449",17.083829905531164,uniform,,2.9368934830503444e-05,31,7,0.004427847150766974
0.027906976744186046,3.0,10.0,0.0,2,17.74065036358113,RGG3_weighted,"step,r_mult=3.0000,a=0.0288449",17.07439697133587,uniform,,2.8693083214696796e-05,31,7,0.004443319276699267
0.027906976744186046,3.0,10.0,0.1,2,17.748432680104287,RGG3_weighted,"step,r_mult=3.0000,a=0.0288449",17.075340264755397,uniform,,2.89876147867739e-05,31,7,0.004473791900697078
0.027906976744186046,3.0,10.0,1.0,2,17.8184735288127,RGG3_weighted,"step,r_mult=3.0000,a=0.0288449",17.083829905531164,uniform,,3.163839893546662e-05,31,7,0.0047480455166773764
0.027906976744186046,3.0,100.0,0.0,2,18.267619928753575,RGG3_weighted,"step,r_mult=3.0000,a=0.0288449",17.07439697133587,uniform,,5.1387724264328444e-05,31,7,0.007645302935803293
0.027906976744186046,3.0,100.0,0.1,2,18.275402245276734,RGG3_weighted,"step,r_mult=3.0000,a=0.0288449",17.075340264755397,uniform,,5.1682255836405545e-05,31,7,0.007675775559801102
0.027906976744186046,3.0,100.0,1.0,2,18.345443093985146,RGG3_weighted,"step,r_mult=3.0000,a=0.0288449",17.083829905531164,uniform,,5.433303998509827e-05,31,7,0.007950029175781402
0.027906976744186046,0.5,0.0,0.0,3,18.539906041767846,RGG3_weighted,"step,r_mult=3.0000,a=0.0288706",17.915500270416448,uniform,,2.6890860092652808e-05,31,7,0.004220257600790621
0.027906976744186046,0.5,0.0,0.1,3,18.54787956200775,RGG3_weighted,"step,r_mult=3.0000,a=0.0288706",17.916443563835976,uniform,,2.7193626105588902e-05,31,7,0.004251419627647311
0.027906976744186046,0.5,0.0,1.0,3,18.619641244166896,RGG3_weighted,"step,r_mult=3.0000,a=0.0288706",17.924933204611744,uniform,,2.9918520222013454e-05,31,7,0.00453187786935752
0.027906976744186046,0.5,1.0,0.0,3,18.545558777043635,RGG3_weighted,"step,r_mult=3.0000,a=0.0288706",17.915500270416448,uniform,,2.713430261098994e-05,31,7,0.004248379554432858
0.027906976744186046,0.5,1.0,0.1,3,18.55353229728354,RGG3_weighted,"step,r_mult=3.0000,a=0.0288706",17.916443563835976,uniform,,2.7437068623926035e-05,31,7,0.004279541581289548
0.027906976744186046,0.5,1.0,1.0,3,18.625293979442684,RGG3_weighted,"step,r_mult=3.0000,a=0.0288706",17.924933204611744,uniform,,3.0161962740350587e-05,31,7,0.004559999822999757
0.027906976744186046,0.5,10.0,0.0,3,18.59643339452572,RGG3_weighted,"step,r_mult=3.0000,a=0.0288706",17.915500270416448,uniform,,2.932528527602384e-05,31,7,0.0045014771372129895
0.027906976744186046,0.5,10.0,0.1,3,18.604406914765626,RGG3_weighted,"step,r_mult=3.0000,a=0.0288706",17.916443563835976,uniform,,2.9628051288959934e-05,31,7,0.004532639164069679
0.027906976744186046,0.5,10.0,1.0,3,18.67616859692477,RGG3_weighted,"step,r_mult=3.0000,a=0.0288706",17.924933204611744,uniform,,3.235294540538448e-05,31,7,0.0048130974057798885
0.027906976744186046,0.5,100.0,0.0,3,19.105179569346607,RGG3_weighted,"step,r_mult=3.0000,a=0.0288706",17.915500270416448,uniform,,5.123511192636343e-05,31,7,0.007032452965014302
0.027906976744186046,0.5,100.0,0.1,3,19.11315308958651,RGG3_weighted,"step,r_mult=3.0000,a=0.0288706",17.916443563835976,uniform,,5.1537877939299525e-05,31,7,0.007063614991870993
0.027906976744186046,0.5,100.0,1.0,3,19.184914771745657,RGG3_weighted,"step,r_mult=3.0000,a=0.0288706",17.924933204611744,uniform,,5.426277205572407e-05,31,7,0.0073440732335812026
0.027906976744186046,1.0,0.0,0.0,3,18.37168109667893,RGG3_weighted,"step,r_mult=3.0000,a=0.0288706",17.747279610600334,uniform,,2.6890675541713895e-05,31,7,0.004205807225098402
0.027906976744186046,1.0,0.0,0.1,3,18.379654616918835,RGG3_weighted,"step,r_mult=3.0000,a=0.0288706",17.748222904019862,uniform,,2.7193441554649993e-05,31,7,0.004236969251955093
0.027906976744186046,1.0,0.0,1.0,3,18.45141629907798,RGG3_weighted,"step,r_mult=3.0000,a=0.0288706",17.75671254479563,uniform,,2.991833567107454e-05,31,7,0.004517427493665302
0.027906976744186046,1.0,1.0,0.0,3,18.37733383195472,RGG3_weighted,"step,r_mult=3.0000,a=0.0288706",17.747279610600334,uniform,,2.7134118060051032e-05,31,7,0.0042339291787406395
0.027906976744186046,1.0,1.0,0.1,3,18.385307352194623,RGG3_weighted,"step,r_mult=3.0000,a=0.0288706",17.748222904019862,uniform,,2.7436884072987126e-05,31,7,0.0042650912055973295
0.027906976744186046,1.0,1.0,1.0,3,18.45706903435377,RGG3_weighted,"step,r_mult=3.0000,a=0.0288706",17.75671254479563,uniform,,3.0161778189411678e-05,31,7,0.004545549447307539
0.027906976744186046,1.0,10.0,0.0,3,18.428208449436806,RGG3_weighted,"step,r_mult=3.0000,a=0.0288706",17.747279610600334,uniform,,2.9325100725084928e-05,31,7,0.004487026761520771
0.027906976744186046,1.0,10.0,0.1,3,18.43618196967671,RGG3_weighted,"step,r_mult=3.0000,a=0.0288706",17.748222904019862,uniform,,2.9627866738021025e-05,31,7,0.00451818878837746
0.027906976744186046,1.0,10.0,1.0,3,18.507943651835856,RGG3_weighted,"step,r_mult=3.0000,a=0.0288706",17.75671254479563,uniform,,3.235276085444557e-05,31,7,0.00479864703008767
0.027906976744186046,1.0,100.0,0.0,3,18.93695462425769,RGG3_weighted,"step,r_mult=3.0000,a=0.0288706",17.747279610600334,uniform,,5.123492737542452e-05,31,7,0.007018002589322083
0.027906976744186046,1.0,100.0,0.1,3,18.944928144497595,RGG3_weighted,"step,r_mult=3.0000,a=0.0288706",17.748222904019862,uniform,,5.153769338836061e-05,31,7,0.007049164616178775
0.027906976744186046,1.0,100.0,1.0,3,19.01668982665674,RGG3_weighted,"step,r_mult=3.0000,a=0.0288706",17.75671254479563,uniform,,5.426258750478516e-05,31,7,0.007329622857888984
0.027906976744186046,1.5,0.0,0.0,3,18.203456151590014,RGG3_weighted,"step,r_mult=3.0000,a=0.0288706",17.579058950784216,uniform,,2.689049099077514e-05,31,7,0.004191356849406184
0.027906976744186046,1.5,0.0,0.1,3,18.21142967182992,RGG3_weighted,"step,r_mult=3.0000,a=0.0288706",17.580002244203744,uniform,,2.7193257003711236e-05,31,7,0.004222518876262874
0.027906976744186046,1.5,0.0,1.0,3,18.283191353989064,RGG3_weighted,"step,r_mult=3.0000,a=0.0288706",17.58849188497951,uniform,,2.9918151120135784e-05,31,7,0.004502977117973084
0.027906976744186046,1.5,1.0,0.0,3,18.209108886865803,RGG3_weighted,"step,r_mult=3.0000,a=0.0288706",17.579058950784216,uniform,,2.7133933509112275e-05,31,7,0.004219478803048421
0.027906976744186046,1.5,1.0,0.1,3,18.217082407105707,RGG3_weighted,"step,r_mult=3.0000,a=0.0288706",17.580002244203744,uniform,,2.743669952204837e-05,31,7,0.004250640829905111
0.027906976744186046,1.5,1.0,1.0,3,18.288844089264852,RGG3_weighted,"step,r_mult=3.0000,a=0.0288706",17.58849188497951,uniform,,3.0161593638472917e-05,31,7,0.004531099071615321
0.027906976744186046,1.5,10.0,0.0,3,18.25998350434789,RGG3_weighted,"step,r_mult=3.0000,a=0.0288706",17.579058950784216,uniform,,2.932491617414617e-05,31,7,0.004472576385828552
0.027906976744186046,1.5,10.0,0.1,3,18.267957024587794,RGG3_weighted,"step,r_mult=3.0000,a=0.0288706",17.580002244203744,uniform,,2.9627682187082265e-05,31,7,0.004503738412685242
0.027906976744186046,1.5,10.0,1.0,3,18.33971870674694,RGG3_weighted,"step,r_mult=3.0000,a=0.0288706",17.58849188497951,uniform,,3.235257630350681e-05,31,7,0.004784196654395451
0.027906976744186046,1.5,100.0,0.0,3,18.768729679168775,RGG3_weighted,"step,r_mult=3.0000,a=0.0288706",17.579058950784216,uniform,,5.123474282448576e-05,31,7,0.007003552213629865
0.027906976744186046,1.5,100.0,0.1,3,18.77670319940868,RGG3_weighted,"step,r_mult=3.0000,a=0.0288706",17.580002244203744,uniform,,5.1537508837421855e-05,31,7,0.007034714240486556
0.027906976744186046,1.5,100.0,1.0,3,18.848464881567825,RGG3_weighted,"step,r_mult=3.0000,a=0.0288706",17.58849188497951,uniform,,5.426240295384641e-05,31,7,0.007315172482196766
0.027906976744186046,2.0,0.0,0.0,3,18.035231206501102,RGG3_weighted,"step,r_mult=3.0000,a=0.0288706",17.4108382909681,uniform,,2.689030643983638e-05,31,7,0.004176906473713965
0.027906976744186046,2.0,0.0,0.1,3,18.043204726741006,RGG3_weighted,"step,r_mult=3.0000,a=0.0288706",17.41178158438763,uniform,,2.719307245277248e-05,31,7,0.004208068500570655
0.027906976744186046,2.0,0.0,1.0,3,18.114966408900152,RGG3_weighted,"step,r_mult=3.0000,a=0.0288706",17.420271225163397,uniform,,2.9917966569197027e-05,31,7,0.004488526742280864
0.027906976744186046,2.0,1.0,0.0,3,18.04088394177689,RGG3_weighted,"step,r_mult=3.0000,a=0.0288706",17.4108382909681,uniform,,2.7133748958173518e-05,31,7,0.004205028427356202
0.027906976744186046,2.0,1.0,0.1,3,18.048857462016795,RGG3_weighted,"step,r_mult=3.0000,a=0.0288706",17.41178158438763,uniform,,2.7436514971109612e-05,31,7,0.004236190454212892
0.027906976744186046,2.0,1.0,1.0,3,18.12061914417594,RGG3_weighted,"step,r_mult=3.0000,a=0.0288706",17.420271225163397,uniform,,3.016140908753416e-05,31,7,0.004516648695923101
0.027906976744186046,2.0,10.0,0.0,3,18.091758559258977,RGG3_weighted,"step,r_mult=3.0000,a=0.0288706",17.4108382909681,uniform,,2.9324731623207414e-05,31,7,0.0044581260101363325
0.027906976744186046,2.0,10.0,0.1,3,18.09973207949888,RGG3_weighted,"step,r_mult=3.0000,a=0.0288706",17.41178158438763,uniform,,2.9627497636143508e-05,31,7,0.004489288036993023
0.027906976744186046,2.0,10.0,1.0,3,18.171493761658027,RGG3_weighted,"step,r_mult=3.0000,a=0.0288706",17.420271225163397,uniform,,3.235239175256806e-05,31,7,0.004769746278703232
0.027906976744186046,2.0,100.0,0.0,3,18.600504734079863,RGG3_weighted,"step,r_mult=3.0000,a=0.0288706",17.4108382909681,uniform,,5.1234558273547004e-05,31,7,0.006989101837937646
0.027906976744186046,2.0,100.0,0.1,3,18.608478254319767,RGG3_weighted,"step,r_mult=3.0000,a=0.0288706",17.41178158438763,uniform,,5.1537324286483095e-05,31,7,0.0070202638647943365
0.027906976744186046,2.0,100.0,1.0,3,18.680239936478912,RGG3_weighted,"step,r_mult=3.0000,a=0.0288706",17.420271225163397,uniform,,5.4262218402907647e-05,31,7,0.0073007221065045464
0.027906976744186046,3.0,0.0,0.0,3,17.69878131632327,RGG3_weighted,"step,r_mult=3.0000,a=0.0288706",17.07439697133587,uniform,,2.6889937337958715e-05,31,7,0.0041480057223295275
0.027906976744186046,3.0,0.0,0.1,3,17.706754836563174,RGG3_weighted,"step,r_mult=3.0000,a=0.0288706",17.075340264755397,uniform,,2.719270335089481e-05,31,7,0.0041791677491862175
0.027906976744186046,3.0,0.0,1.0,3,17.77851651872232,RGG3_weighted,"step,r_mult=3.0000,a=0.0288706",17.083829905531164,uniform,,2.991759746731936e-05,31,7,0.0044596259908964275
0.027906976744186046,3.0,1.0,0.0,3,17.70443405159906,RGG3_weighted,"step,r_mult=3.0000,a=0.0288706",17.07439697133587,uniform,,2.7133379856295848e-05,31,7,0.004176127675971765
0.027906976744186046,3.0,1.0,0.1,3,17.712407571838963,RGG3_weighted,"step,r_mult=3.0000,a=0.0288706",17.075340264755397,uniform,,2.7436145869231942e-05,31,7,0.004207289702828455
0.027906976744186046,3.0,1.0,1.0,3,17.784169253998108,RGG3_weighted,"step,r_mult=3.0000,a=0.0288706",17.083829905531164,uniform,,3.0161039985656494e-05,31,7,0.0044877479445386646
0.027906976744186046,3.0,10.0,0.0,3,17.755308669081145,RGG3_weighted,"step,r_mult=3.0000,a=0.0288706",17.07439697133587,uniform,,2.9324362521329747e-05,31,7,0.004429225258751896
0.027906976744186046,3.0,10.0,0.1,3,17.76328218932105,RGG3_weighted,"step,r_mult=3.0000,a=0.0288706",17.075340264755397,uniform,,2.962712853426584e-05,31,7,0.004460387285608586
0.027906976744186046,3.0,10.0,1.0,3,17.835043871480195,RGG3_weighted,"step,r_mult=3.0000,a=0.0288706",17.083829905531164,uniform,,3.235202265069039e-05,31,7,0.004740845527318796
0.027906976744186046,3.0,100.0,0.0,3,18.26405484390203,RGG3_weighted,"step,r_mult=3.0000,a=0.0288706",17.07439697133587,uniform,,5.1234189171669334e-05,31,7,0.00696020108655321
0.027906976744186046,3.0,100.0,0.1,3,18.272028364141935,RGG3_weighted,"step,r_mult=3.0000,a=0.0288706",17.075340264755397,uniform,,5.153695518460543e-05,31,7,0.0069913631134099
0.027906976744186046,3.0,100.0,1.0,3,18.34379004630108,RGG3_weighted,"step,r_mult=3.0000,a=0.0288706",17.083829905531164,uniform,,5.426184930102998e-05,31,7,0.007271821355120109
0.027906976744186046,0.5,0.0,0.0,4,18.522428568200056,RGG3_weighted,"step,r_mult=3.0000,a=0.0288436",17.915500270416448,uniform,,2.613816958585734e-05,31,7,0.0041724791190475416
0.027906976744186046,0.5,0.0,0.1,4,18.530213119844564,RGG3_weighted,"step,r_mult=3.0000,a=0.0288436",17.916443563835976,uniform,,2.6432797416390528e-05,31,7,0.004203463845313654
0.027906976744186046,0.5,0.0,1.0,4,18.60027408464516,RGG3_weighted,"step,r_mult=3.0000,a=0.0288436",17.924933204611744,uniform,,2.9084447891189365e-05,31,7,0.004482326381708667
0.027906976744186046,0.5,1.0,0.0,4,18.52727226502675,RGG3_weighted,"step,r_mult=3.0000,a=0.0288436",17.915500270416448,uniform,,2.6346769793725273e-05,31,7,0.004197524867175474
0.027906976744186046,0.5,1.0,0.1,4,18.535056816671258,RGG3_weighted,"step,r_mult=3.0000,a=0.0288436",17.916443563835976,uniform,,2.664139762425846e-05,31,7,0.004228509593441588
0.027906976744186046,0.5,1.0,1.0,4,18.605117781471854,RGG3_weighted,"step,r_mult=3.0000,a=0.0288436",17.924933204611744,uniform,,2.9293048099057298e-05,31,7,0.0045073721298366
0.027906976744186046,0.5,10.0,0.0,4,18.57086553646699,RGG3_weighted,"step,r_mult=3.0000,a=0.0288436",17.915500270416448,uniform,,2.8224171664536664e-05,31,7,0.004422936600326869
0.027906976744186046,0.5,10.0,0.1,4,18.578650088111498,RGG3_weighted,"step,r_mult=3.0000,a=0.0288436",17.916443563835976,uniform,,2.8518799495069852e-05,31,7,0.004453921326592981
0.027906976744186046,0.5,10.0,1.0,4,18.648711052912095,RGG3_weighted,"step,r_mult=3.0000,a=0.0288436",17.924933204611744,uniform,,3.117044996986869e-05,31,7,0.004732783862987994
0.027906976744186046,0.5,100.0,0.0,4,19.006798250869398,RGG3_weighted,"step,r_mult=3.0000,a=0.0288436",17.915500270416448,uniform,,4.699819037265073e-05,31,7,0.006677053931840816
0.027906976744186046,0.5,100.0,0.1,4,19.014582802513907,RGG3_weighted,"step,r_mult=3.0000,a=0.0288436",17.916443563835976,uniform,,4.729281820318392e-05,31,7,0.006708038658106929
0.027906976744186046,0.5,100.0,1.0,4,19.084643767314503,RGG3_weighted,"step,r_mult=3.0000,a=0.0288436",17.924933204611744,uniform,,4.994446867798275e-05,31,7,0.0069869011945019426
0.027906976744186046,1.0,0.0,0.0,4,18.354213497122988,RGG3_weighted,"step,r_mult=3.0000,a=0.0288436",17.747279610600334,uniform,,2.613841027229346e-05,31,7,0.004158430590130067
0.027906976744186046,1.0,0.0,0.1,4,18.361998048767497,RGG3_weighted,"step,r_mult=3.0000,a=0.0288436",17.748222904019862,uniform,,2.6433038102826645e-05,31,7,0.004189415316396179
0.027906976744186046,1.0,0.0,1.0,4,18.432059013568093,RGG3_weighted,"step,r_mult=3.0000,a=0.0288436",17.75671254479563,uniform,,2.9084688577625485e-05,31,7,0.004468277852791192
0.027906976744186046,1.0,1.0,0.0,4,18.35905719394968,RGG3_weighted,"step,r_mult=3.0000,a=0.0288436",17.747279610600334,uniform,,2.6347010480161393e-05,31,7,0.004183476338258
0.027906976744186046,1.0,1.0,0.1,4,18.36684174559419,RGG3_weighted,"step,r_mult=3.0000,a=0.0288436",17.748222904019862,uniform,,2.664163831069458e-05,31,7,0.004214461064524112
0.027906976744186046,1.0,1.0,1.0,4,18.436902710394786,RGG3_weighted,"step,r_mult=3.0000,a=0.0288436",17.75671254479563,uniform,,2.9293288785493415e-05,31,7,0.004493323600919126
0.027906976744186046,1.0,10.0,0.0,4,18.40265046538992,RGG3_weighted,"step,r_mult=3.0000,a=0.0288436",17.747279610600334,uniform,,2.8224412350972784e-05,31,7,0.004408888071409394
0.027906976744186046,1.0,10.0,0.1,4,18.41043501703443,RGG3_weighted,"step,r_mult=3.0000,a=0.0288436",17.748222904019862,uniform,,2.851904018150597e-05,31,7,0.0044398727976755065
0.027906976744186046,1.0,10.0,1.0,4,18.480495981835027,RGG3_weighted,"step,r_mult=3.0000,a=0.0288436",17.75671254479563,uniform,,3.1170690656304806e-05,31,7,0.0047187353340705195
0.027906976744186046,1.0,100.0,0.0,4,18.83858317979233,RGG3_weighted,"step,r_mult=3.0000,a=0.0288436",17.747279610600334,uniform,,4.699843105908685e-05,31,7,0.006663005402923342
0.027906976744186046,1.0,100.0,0.1,4,18.84636773143684,RGG3_weighted,"step,r_mult=3.0000,a=0.0288436",17.748222904019862,uniform,,4.729305888962003e-05,31,7,0.006693990129189455
0.027906976744186046,1.0,100.0,1.0,4,18.916428696237436,RGG3_weighted,"step,r_mult=3.0000,a=0.0288436",17.75671254479563,uniform,,4.994470936441887e-05,31,7,0.0069728526655844685
0.027906976744186046,1.5,0.0,0.0,4,18.18599842604592,RGG3_weighted,"step,r_mult=3.0000,a=0.0288436",17.579058950784216,uniform,,2.613865095872973e-05,31,7,0.0041443820612125926
0.027906976744186046,1.5,0.0,0.1,4,18.19378297769043,RGG3_weighted,"step,r_mult=3.0000,a=0.0288436",17.580002244203744,uniform,,2.6433278789262918e-05,31,7,0.004175366787478705
0.027906976744186046,1.5,0.0,1.0,4,18.263843942491025,RGG3_weighted,"step,r_mult=3.0000,a=0.0288436",17.58849188497951,uniform,,2.9084929264061755e-05,31,7,0.004454229323873718
0.027906976744186046,1.5,1.0,0.0,4,18.190842122872613,RGG3_weighted,"step,r_mult=3.0000,a=0.0288436",17.579058950784216,uniform,,2.6347251166597662e-05,31,7,0.004169427809340525
0.027906976744186046,1.5,1.0,0.1,4,18.198626674517122,RGG3_weighted,"step,r_mult=3.0000,a=0.0288436",17.580002244203744,uniform,,2.664187899713085e-05,31,7,0.004200412535606639
0.027906976744186046,1.5,1.0,1.0,4,18.26868763931772,RGG3_weighted,"step,r_mult=3.0000,a=0.0288436",17.58849188497951,uniform,,2.9293529471929688e-05,31,7,0.004479275072001651
0.027906976744186046,1.5,10.0,0.0,4,18.234435394312854,RGG3_weighted,"step,r_mult=3.0000,a=0.0288436",17.579058950784216,uniform,,2.8224653037409053e-05,31,7,0.00439483954249192
0.027906976744186046,1.5,10.0,0.1,4,18.242219945957363,RGG3_weighted,"step,r_mult=3.0000,a=0.0288436",17.580002244203744,uniform,,2.8519280867942242e-05,31,7,0.004425824268758032
0.027906976744186046,1.5,10.0,1.0,4,18.31228091075796,RGG3_weighted,"step,r_mult=3.0000,a=0.0288436",17.58849188497951,uniform,,3.1170931342741075e-05,31,7,0.004704686805153045
0.027906976744186046,1.5,100.0,0.0,4,18.670368108715262,RGG3_weighted,"step,r_mult=3.0000,a=0.0288436",17.579058950784216,uniform,,4.699867174552312e-05,31,7,0.006648956874005868
0.027906976744186046,1.5,100.0,0.1,4,18.67815266035977,RGG3_weighted,"step,r_mult=3.0000,a=0.0288436",17.580002244203744,uniform,,4.729329957605631e-05,31,7,0.00667994160027198
0.027906976744186046,1.5,100.0,1.0,4,18.748213625160368,RGG3_weighted,"step,r_mult=3.0000,a=0.0288436",17.58849188497951,uniform,,4.994495005085514e-05,31,7,0.0069588041366669936
0.027906976744186046,2.0,0.0,0.0,4,18.01778335496885,RGG3_weighted,"step,r_mult=3.0000,a=0.0288436",17.4108382909681,uniform,,2.6138891645165694e-05,31,7,0.004130333532295118
0.027906976744186046,2.0,0.0,0.1,4,18.025567906613357,RGG3_weighted,"step,r_mult=3.0000,a=0.0288436",17.41178158438763,uniform,,2.6433519475698883e-05,31,7,0.004161318258561231
0.027906976744186046,2.0,0.0,1.0,4,18.095628871413954,RGG3_weighted,"step,r_mult=3.0000,a=0.0288436",17.420271225163397,uniform,,2.908516995049772e-05,31,7,0.004440180794956244
0.027906976744186046,2.0,1.0,0.0,4,18.022627051795542,RGG3_weighted,"step,r_mult=3.0000,a=0.0288436",17.4108382909681,uniform,,2.6347491853033627e-05,31,7,0.004155379280423051
0.027906976744186046,2.0,1.0,0.1,4,18.03041160344005,RGG3_weighted,"step,r_mult=3.0000,a=0.0288436",17.41178158438763,uniform,,2.6642119683566816e-05,31,7,0.004186364006689164
0.027906976744186046,2.0,1.0,1.0,4,18.100472568240647,RGG3_weighted,"step,r_mult=3.0000,a=0.0288436",17.420271225163397,uniform,,2.9293770158365652e-05,31,7,0.004465226543084177
0.027906976744186046,2.0,10.0,0.0,4,18.066220323235783,RGG3_weighted,"step,r_mult=3.0000,a=0.0288436",17.4108382909681,uniform,,2.8224893723845018e-05,31,7,0.004380791013574445
0.027906976744186046,2.0,10.0,0.1,4,18.07400487488029,RGG3_weighted,"step,r_mult=3.0000,a=0.0288436",17.41178158438763,uniform,,2.8519521554378206e-05,31,7,0.004411775739840558
0.027906976744186046,2.0,10.0,1.0,4,18.144065839680888,RGG3_weighted,"step,r_mult=3.0000,a=0.0288436",17.420271225163397,uniform,,3.117117202917704e-05,31,7,0.004690638276235571
0.027906976744186046,2.0,100.0,0.0,4,18.50215303763819,RGG3_weighted,"step,r_mult=3.0000,a=0.0288436",17.4108382909681,uniform,,4.699891243195908e-05,31,7,0.006634908345088393
0.027906976744186046,2.0,100.0,0.1,4,18.5099375892827,RGG3_weighted,"step,r_mult=3.0000,a=0.0288436",17.41178158438763,uniform,,4.729354026249227e-05,31,7,0.006665893071354506
0.027906976744186046,2.0,100.0,1.0,4,18.579998554083296,RGG3_weighted,"step,r_mult=3.0000,a=0.0288436",17.420271225163397,uniform,,4.9945190737291105e-05,31,7,0.0069447556077495195
0.027906976744186046,3.0,0.0,0.0,4,17.68135321281471,RGG3_weighted,"step,r_mult=3.0000,a=0.0288436",17.07439697133587,uniform,,2.613937301803793e-05,31,7,0.0041022364744601695
0.027906976744186046,3.0,0.0,0.1,4,17.68913776445922,RGG3_weighted,"step,r_mult=3.0000,a=0.0288436",17.075340264755397,uniform,,2.6434000848571116e-05,31,7,0.004133221200726282
0.027906976744186046,3.0,0.0,1.0,4,17.759198729259815,RGG3_weighted,"step,r_mult=3.0000,a=0.0288436",17.083829905531164,uniform,,2.9085651323369957e-05,31,7,0.004412083737121296
0.027906976744186046,3.0,1.0,0.0,4,17.686196909641403,RGG3_weighted,"step,r_mult=3.0000,a=0.0288436",17.07439697133587,uniform,,2.6347973225905864e-05,31,7,0.004127282222588102
0.027906976744186046,3.0,1.0,0.1,4,17.69398146128591,RGG3_weighted,"step,r_mult=3.0000,a=0.0288436",17.075340264755397,uniform,,2.664260105643905e-05,31,7,0.0041582669488542156
0.027906976744186046,3.0,1.0,1.0,4,17.764042426086508,RGG3_weighted,"step,r_mult=3.0000,a=0.0288436",17.083829905531164,uniform,,2.9294251531237886e-05,31,7,0.0044371294852492285
0.027906976744186046,3.0,10.0,0.0,4,17.729790181081643,RGG3_weighted,"step,r_mult=3.0000,a=0.0288436",17.07439697133587,uniform,,2.8225375096717255e-05,31,7,0.004352693955739497
0.027906976744186046,3.0,10.0,0.1,4,17.737574732726152,RGG3_weighted,"step,r_mult=3.0000,a=0.0288436",17.075340264755397,uniform,,2.852000292725044e-05,31,7,0.004383678682005609
0.027906976744186046,3.0,10.0,1.0,4,17.80763569752675,RGG3_weighted,"step,r_mult=3.0000,a=0.0288436",17.083829905531164,uniform,,3.117165340204928e-05,31,7,0.004662541218400623
0.027906976744186046,3.0,100.0,0.0,4,18.165722895484052,RGG3_weighted,"step,r_mult=3.0000,a=0.0288436",17.07439697133587,uniform,,4.6999393804831316e-05,31,7,0.006606811287253445
0.027906976744186046,3.0,100.0,0.1,4,18.17350744712856,RGG3_weighted,"step,r_mult=3.0000,a=0.0288436",17.075340264755397,uniform,,4.7294021635364505e-05,31,7,0.006637796013519557
0.027906976744186046,3.0,100.0,1.0,4,18.243568411929157,RGG3_weighted,"step,r_mult=3.0000,a=0.0288436",17.083829905531164,uniform,,4.9945672110163345e-05,31,7,0.0069166585499145705
0.05581395348837209,0.5,0.0,0.0,0,73.36348796333674,RGG3_weighted,"step,r_mult=3.0000,a=0.0576461",70.98911844240133,uniform,,0.00010225536265871675,29,7,0.016730258189509722
0.05581395348837209,0.5,0.0,0.1,0,73.4244391669735,RGG3_weighted,"step,r_mult=3.0000,a=0.0576461",70.99666478975757,uniform,,0.0001045553134029253,29,7,0.016976136556819447
0.05581395348837209,0.5,0.0,1.0,0,73.9729999997043,RGG3_weighted,"step,r_mult=3.0000,a=0.0576461",71.0645819159637,uniform,,0.00012525487010080102,29,7,0.019189041862606983
0.05581395348837209,0.5,1.0,0.0,0,73.38799175783765,RGG3_weighted,"step,r_mult=3.0000,a=0.0576461",70.98911844240133,uniform,,0.00010331065096624973,29,7,0.016897165497778473
0.05581395348837209,0.5,1.0,0.1,0,73.44894296147442,RGG3_weighted,"step,r_mult=3.0000,a=0.0576461",70.99666478975757,uniform,,0.00010561060171045829,29,7,0.0171430438650882
0.05581395348837209,0.5,1.0,1.0,0,73.99750379420522,RGG3_weighted,"step,r_mult=3.0000,a=0.0576461",71.0645819159637,uniform,,0.000126310158408334,29,7,0.019355949170875734
0.05581395348837209,0.5,10.0,0.0,0,73.60852590834597,RGG3_weighted,"step,r_mult=3.0000,a=0.0576461",70.98911844240133,uniform,,0.00011280824573404965,29,7,0.018399331272197235
0.05581395348837209,0.5,10.0,0.1,0,73.66947711198273,RGG3_weighted,"step,r_mult=3.0000,a=0.0576461",70.99666478975757,uniform,,0.0001151081964782582,29,7,0.01864520963950696
0.05581395348837209,0.5,10.0,1.0,0,74.21803794471353,RGG3_weighted,"step,r_mult=3.0000,a=0.0576461",71.0645819159637,uniform,,0.00013580775317613392,29,7,0.020858114945294496
0.05581395348837209,0.5,100.0,0.0,0,75.813867413429,RGG3_weighted,"step,r_mult=3.0000,a=0.0576461",70.98911844240133,uniform,,0.00020778419341204392,29,7,0.03342098901638484
0.05581395348837209,0.5,100.0,0.1,0,75.87481861706576,RGG3_weighted,"step,r_mult=3.0000,a=0.0576461",70.99666478975757,uniform,,0.00021008414415625245,29,7,0.03366686738369457
0.05581395348837209,0.5,100.0,1.0,0,76.42337944979656,RGG3_weighted,"step,r_mult=3.0000,a=0.0576461",71.0645819159637,uniform,,0.00023078370085412818,29,7,0.03587977268948211
0.05581395348837209,1.0,0.0,0.0,0,72.01760843267833,RGG3_weighted,"step,r_mult=3.0000,a=0.0576461",69.6433531638724,uniform,,0.00010225044223970391,29,7,0.016610247671807087
0.05581395348837209,1.0,0.0,0.1,0,72.07855963631509,RGG3_weighted,"step,r_mult=3.0000,a=0.0576461",69.65089951122864,uniform,,0.00010455039298391247,29,7,0.016856126039116813
0.05581395348837209,1.0,0.0,1.0,0,72.62712046904589,RGG3_weighted,"step,r_mult=3.0000,a=0.0576461",69.71881663743477,uniform,,0.00012524994968178817,29,7,0.01906903134490435
0.05581395348837209,1.0,1.0,0.0,0,72.04211222717925,RGG3_weighted,"step,r_mult=3.0000,a=0.0576461",69.6433531638724,uniform,,0.0001033057305472369,29,7,0.016777154980075835
0.05581395348837209,1.0,1.0,0.1,0,72.10306343081601,RGG3_weighted,"step,r_mult=3.0000,a=0.0576461",69.65089951122864,uniform,,0.00010560568129144545,29,7,0.01702303334738556
0.05581395348837209,1.0,1.0,1.0,0,72.65162426354681,RGG3_weighted,"step,r_mult=3.0000,a=0.0576461",69.71881663743477,uniform,,0.00012630523798932115,29,7,0.019235938653173097
0.05581395348837209,1.0,10.0,0.0,0,72.26264637768756,RGG3_weighted,"step,r_mult=3.0000,a=0.0576461",69.6433531638724,uniform,,0.00011280332531503681,29,7,0.018279320754494597
0.05581395348837209,1.0,10.0,0.1,0,72.32359758132432,RGG3_weighted,"step,r_mult=3.0000,a=0.0576461",69.65089951122864,uniform,,0.00011510327605924535,29,7,0.018525199121804323
0.05581395348837209,1.0,10.0,1.0,0,72.87215841405512,RGG3_weighted,"step,r_mult=3.0000,a=0.0576461",69.71881663743477,uniform,,0.00013580283275712107,29,7,0.020738104427591858
0.05581395348837209,1.0,100.0,0.0,0,74.46798788277059,RGG3_weighted,"step,r_mult=3.0000,a=0.0576461",69.6433531638724,uniform,,0.00020777927299303107,29,7,0.03330097849868221
0.05581395348837209,1.0,100.0,0.1,0,74.52893908640735,RGG3_weighted,"step,r_mult=3.0000,a=0.0576461",69.65089951122864,uniform,,0.00021007922373723962,29,7,0.03354685686599193
0.05581395348837209,1.0,100.0,1.0,0,75.07749991913815,RGG3_weighted,"step,r_mult=3.0000,a=0.0576461",69.71881663743477,uniform,,0.00023077878043511533,29,7,0.035759762171779466
0.05581395348837209,1.5,0.0,0.0,0,70.67172890201991,RGG3_weighted,"step,r_mult=3.0000,a=0.0576461",68.29758788534348,uniform,,0.00010224552182069047,29,7,0.016490237154104446
0.05581395348837209,1.5,0.0,0.1,0,70.73268010565667,RGG3_weighted,"step,r_mult=3.0000,a=0.0576461",68.30513423269971,uniform,,0.000104545472564899,29,7,0.01673611552141417
0.05581395348837209,1.5,0.0,1.0,0,71.28124093838747,RGG3_weighted,"step,r_mult=3.0000,a=0.0576461",68.37305135890584,uniform,,0.00012524502926277472,29,7,0.018949020827201707
0.05581395348837209,1.5,1.0,0.0,0,70.69623269652082,RGG3_weighted,"step,r_mult=3.0000,a=0.0576461",68.29758788534348,uniform,,0.00010330081012822345,29,7,0.016657144462373197
0.05581395348837209,1.5,1.0,0.1,0,70.75718390015759,RGG3_weighted,"step,r_mult=3.0000,a=0.0576461",68.30513423269971,uniform,,0.000105600760872432,29,7,0.016903022829682927
0.05581395348837209,1.5,1.0,1.0,0,71.30574473288839,RGG3_weighted,"step,r_mult=3.0000,a=0.0576461",68.37305135890584,uniform,,0.0001263003175703077,29,7,0.019115928135470462
0.05581395348837209,1.5,10.0,0.0,0,70.91676684702914,RGG3_weighted,"step,r_mult=3.0000,a=0.0576461",68.29758788534348,uniform,,0.00011279840489602337,29,7,0.01815931023679196
0.05581395348837209,1.5,10.0,0.1,0,70.9777180506659,RGG3_weighted,"step,r_mult=3.0000,a=0.0576461",68.30513423269971,uniform,,0.0001150983556402319,29,7,0.018405188604101685
0.05581395348837209,1.5,10.0,1.0,0,71.5262788833967,RGG3_weighted,"step,r_mult=3.0000,a=0.0576461",68.37305135890584,uniform,,0.00013579791233810762,29,7,0.02061809390988922
0.05581395348837209,1.5,100.0,0.0,0,73.12210835211216,RGG3_weighted,"step,r_mult=3.0000,a=0.0576461",68.29758788534348,uniform,,0.00020777435257401762,29,7,0.03318096798097957
0.05581395348837209,1.5,100.0,0.1,0,73.18305955574893,RGG3_weighted,"step,r_mult=3.0000,a=0.0576461",68.30513423269971,uniform,,0.00021007430331822618,29,7,0.033426846348289296
0.05581395348837209,1.5,100.0,1.0,0,73.73162038847973,RGG3_weighted,"step,r_mult=3.0000,a=0.0576461",68.37305135890584,uniform,,0.00023077386001610188,29,7,0.035639751654076825
0.05581395348837209,2.0,0.0,0.0,0,69.3258493713615,RGG3_weighted,"step,r_mult=3.0000,a=0.0576461",66.95182260681453,uniform,,0.00010224060140167824,29,7,0.016370226636401815
0.05581395348837209,2.0,0.0,0.1,0,69.38680057499826,RGG3_weighted,"step,r_mult=3.0000,a=0.0576461",66.95936895417077,uniform,,0.00010454055214588678,29,7,0.01661610500371154
0.05581395348837209,2.0,0.0,1.0,0,69.93536140772906,RGG3_weighted,"step,r_mult=3.0000,a=0.0576461",67.0272860803769,uniform,,0.0001252401088437625,29,7,0.018829010309499072
0.05581395348837209,2.0,1.0,0.0,0,69.35035316586242,RGG3_weighted,"step,r_mult=3.0000,a=0.0576461",66.95182260681453,uniform,,0.00010329588970921122,29,7,0.016537133944670563
0.05581395348837209,2.0,1.0,0.1,0,69.41130436949918,RGG3_weighted,"step,r_mult=3.0000,a=0.0576461",66.95936895417077,uniform,,0.00010559584045341977,29,7,0.01678301231198029
0.05581395348837209,2.0,1.0,1.0,0,69.95986520222998,RGG3_weighted,"step,r_mult=3.0000,a=0.0576461",67.0272860803769,uniform,,0.00012629539715129548,29,7,0.018995917617767824
0.05581395348837209,2.0,10.0,0.0,0,69.57088731637073,RGG3_weighted,"step,r_mult=3.0000,a=0.0576461",66.95182260681453,uniform,,0.00011279348447701114,29,7,0.018039299719089325
0.05581395348837209,2.0,10.0,0.1,0,69.63183852000749,RGG3_weighted,"step,r_mult=3.0000,a=0.0576461",66.95936895417077,uniform,,0.00011509343522121968,29,7,0.01828517808639905
0.05581395348837209,2.0,10.0,1.0,0,70.18039935273829,RGG3_weighted,"step,r_mult=3.0000,a=0.0576461",67.0272860803769,uniform,,0.0001357929919190954,29,7,0.020498083392186586
0.05581395348837209,2.0,100.0,0.0,0,71.77622882145376,RGG3_weighted,"step,r_mult=3.0000,a=0.0576461",66.95182260681453,uniform,,0.0002077694321550054,29,7,0.03306095746327693
0.05581395348837209,2.0,100.0,0.1,0,71.83718002509052,RGG3_weighted,"step,r_mult=3.0000,a=0.0576461",66.95936895417077,uniform,,0.00021006938289921395,29,7,0.03330683583058666
0.05581395348837209,2.0,100.0,1.0,0,72.38574085782132,RGG3_weighted,"step,r_mult=3.0000,a=0.0576461",67.0272860803769,uniform,,0.00023076893959708965,29,7,0.03551974113637419
0.05581395348837209,3.0,0.0,0.0,0,66.63409031004466,RGG3_weighted,"step,r_mult=3.0000,a=0.0576461",64.26029204975667,uniform,,0.00010223076056365133,29,7,0.01613020560099654
0.05581395348837209,3.0,0.0,0.1,0,66.69504151368142,RGG3_weighted,"step,r_mult=3.0000,a=0.0576461",64.26783839711291,uniform,,0.00010453071130785988,29,7,0.016376083968306265
0.05581395348837209,3.0,0.0,1.0,0,67.24360234641222,RGG3_weighted,"step,r_mult=3.0000,a=0.0576461",64.33575552331904,uniform,,0.0001252302680057356,29,7,0.0185889892740938
0.05581395348837209,3.0,1.0,0.0,0,66.65859410454557,RGG3_weighted,"step,r_mult=3.0000,a=0.0576461",64.26029204975667,uniform,,0.00010328604887118432,29,7,0.01629711290926529
0.05581395348837209,3.0,1.0,0.1,0,66.71954530818233,RGG3_weighted,"step,r_mult=3.0000,a=0.0576461",64.26783839711291,uniform,,0.00010558599961539286,29,7,0.016542991276575016
0.05581395348837209,3.0,1.0,1.0,0,67.26810614091313,RGG3_weighted,"step,r_mult=3.0000,a=0.0576461",64.33575552331904,uniform,,0.00012628555631326858,29,7,0.018755896582362548
0.05581395348837209,3.0,10.0,0.0,0,66.87912825505389,RGG3_weighted,"step,r_mult=3.0000,a=0.0576461",64.26029204975667,uniform,,0.00011278364363898423,29,7,0.01779927868368405
0.05581395348837209,3.0,10.0,0.1,0,66.94007945869065,RGG3_weighted,"step,r_mult=3.0000,a=0.0576461",64.26783839711291,uniform,,0.00011508359438319278,29,7,0.018045157050993774
0.05581395348837209,3.0,10.0,1.0,0,67.48864029142145,RGG3_weighted,"step,r_mult=3.0000,a=0.0576461",64.33575552331904,uniform,,0.0001357831510810685,29,7,0.020258062356781313
0.05581395348837209,3.0,100.0,0.0,0,69.08446976013691,RGG3_weighted,"step,r_mult=3.0000,a=0.0576461",64.26029204975667,uniform,,0.0002077595913169785,29,7,0.032820936427871664
0.05581395348837209,3.0,100.0,0.1,0,69.14542096377367,RGG3_weighted,"step,r_mult=3.0000,a=0.0576461",64.26783839711291,uniform,,0.00021005954206118705,29,7,0.03306681479518139
0.05581395348837209,3.0,100.0,1.0,0,69.69398179650447,RGG3_weighted,"step,r_mult=3.0000,a=0.0576461",64.33575552331904,uniform,,0.00023075909875906275,29,7,0.03527972010096892
0.05581395348837209,0.5,0.0,0.0,1,73.58681284922955,RGG3_weighted,"step,r_mult=3.0000,a=0.0578184",70.98911844240133,uniform,,0.00011187314413558187,29,7,0.016117227078325094
0.05581395348837209,0.5,0.0,0.1,1,73.65280261062783,RGG3_weighted,"step,r_mult=3.0000,a=0.0578184",70.99666478975757,uniform,,0.00011439008703144945,29,7,0.016355164527866364
0.05581395348837209,0.5,0.0,1.0,1,74.24671046321235,RGG3_weighted,"step,r_mult=3.0000,a=0.0578184",71.0645819159637,uniform,,0.0001370425730942572,29,7,0.018496601573737795
0.05581395348837209,0.5,1.0,0.0,1,73.61242464175847,RGG3_weighted,"step,r_mult=3.0000,a=0.0578184",70.98911844240133,uniform,,0.00011297614984311503,29,7,0.01626483155544921
0.05581395348837209,0.5,1.0,0.1,1,73.67841440315675,RGG3_weighted,"step,r_mult=3.0000,a=0.0578184",70.99666478975757,uniform,,0.00011549309273898263,29,7,0.01650276900499048
0.05581395348837209,0.5,1.0,1.0,1,74.27232225574127,RGG3_weighted,"step,r_mult=3.0000,a=0.0578184",71.0645819159637,uniform,,0.00013814557880179038,29,7,0.01864420605086191
0.05581395348837209,0.5,10.0,0.0,1,73.84293077451872,RGG3_weighted,"step,r_mult=3.0000,a=0.0578184",70.98911844240133,uniform,,0.00012290320121091238,29,7,0.01759327184956626
0.05581395348837209,0.5,10.0,0.1,1,73.908920535917,RGG3_weighted,"step,r_mult=3.0000,a=0.0578184",70.99666478975757,uniform,,0.00012542014410677998,29,7,0.01783120929910753
0.05581395348837209,0.5,10.0,1.0,1,74.50282838850153,RGG3_weighted,"step,r_mult=3.0000,a=0.0578184",71.0645819159637,uniform,,0.00014807263016958772,29,7,0.01997264634497896
0.05581395348837209,0.5,100.0,0.0,1,76.14799210212122,RGG3_weighted,"step,r_mult=3.0000,a=0.0578184",70.98911844240133,uniform,,0.00022217371488888405,29,7,0.03087767479073676
0.05581395348837209,0.5,100.0,0.1,1,76.2139818635195,RGG3_weighted,"step,r_mult=3.0000,a=0.0578184",70.99666478975757,uniform,,0.00022469065778475163,29,7,0.031115612240278034
0.05581395348837209,0.5,100.0,1.0,1,76.80788971610403,RGG3_weighted,"step,r_mult=3.0000,a=0.0578184",71.0645819159637,uniform,,0.00024734314384755937,29,7,0.03325704928614946
0.05581395348837209,1.0,0.0,0.0,1,72.24094668886733,RGG3_weighted,"step,r_mult=3.0000,a=0.0578184",69.6433531638724,uniform,,0.0001118687995260517,29,7,0.016003600819563764
0.05581395348837209,1.0,0.0,0.1,1,72.30693645026561,RGG3_weighted,"step,r_mult=3.0000,a=0.0578184",69.65089951122864,uniform,,0.00011438574242191928,29,7,0.016241538269105033
0.05581395348837209,1.0,0.0,1.0,1,72.90084430285013,RGG3_weighted,"step,r_mult=3.0000,a=0.0578184",69.71881663743477,uniform,,0.00013703822848472704,29,7,0.01838297531497646
0.05581395348837209,1.0,1.0,0.0,1,72.26655848139625,RGG3_weighted,"step,r_mult=3.0000,a=0.0578184",69.6433531638724,uniform,,0.00011297180523358486,29,7,0.01615120529668788
0.05581395348837209,1.0,1.0,0.1,1,72.33254824279453,RGG3_weighted,"step,r_mult=3.0000,a=0.0578184",69.65089951122864,uniform,,0.00011548874812945246,29,7,0.01638914274622915
0.05581395348837209,1.0,1.0,1.0,1,72.92645609537905,RGG3_weighted,"step,r_mult=3.0000,a=0.0578184",69.71881663743477,uniform,,0.0001381412341922602,29,7,0.018530579792100578
0.05581395348837209,1.0,10.0,0.0,1,72.4970646141565,RGG3_weighted,"step,r_mult=3.0000,a=0.0578184",69.6433531638724,uniform,,0.00012289885660138222,29,7,0.01747964559080493
0.05581395348837209,1.0,10.0,0.1,1,72.56305437555478,RGG3_weighted,"step,r_mult=3.0000,a=0.0578184",69.65089951122864,uniform,,0.00012541579949724982,29,7,0.0177175830403462
0.05581395348837209,1.0,10.0,1.0,1,73.1569622281393,RGG3_weighted,"step,r_mult=3.0000,a=0.0578184",69.71881663743477,uniform,,0.00014806828556005757,29,7,0.01985902008621763
0.05581395348837209,1.0,100.0,0.0,1,74.802125941759,RGG3_weighted,"step,r_mult=3.0000,a=0.0578184",69.6433531638724,uniform,,0.00022216937027935387,29,7,0.03076404853197543
0.05581395348837209,1.0,100.0,0.1,1,74.86811570315729,RGG3_weighted,"step,r_mult=3.0000,a=0.0578184",69.65089951122864,uniform,,0.00022468631317522147,29,7,0.031001985981516704
0.05581395348837209,1.0,100.0,1.0,1,75.46202355574181,RGG3_weighted,"step,r_mult=3.0000,a=0.0578184",69.71881663743477,uniform,,0.0002473387992380292,29,7,0.03314342302738813
0.05581395348837209,1.5,0.0,0.0,1,70.8950805285051,RGG3_weighted,"step,r_mult=3.0000,a=0.0578184",68.29758788534348,uniform,,0.00011186445491652151,29,7,0.015889974560802437
0.05581395348837209,1.5,0.0,0.1,1,70.96107028990339,RGG3_weighted,"step,r_mult=3.0000,a=0.0578184",68.30513423269971,uniform,,0.00011438139781238911,29,7,0.016127912010343706
0.05581395348837209,1.5,0.0,1.0,1,71.55497814248791,RGG3_weighted,"step,r_mult=3.0000,a=0.0578184",68.37305135890584,uniform,,0.00013703388387519686,29,7,0.018269349056215134
0.05581395348837209,1.5,1.0,0.0,1,70.92069232103402,RGG3_weighted,"step,r_mult=3.0000,a=0.0578184",68.29758788534348,uniform,,0.00011296746062405469,29,7,0.01603757903792655
0.05581395348837209,1.5,1.0,0.1,1,70.98668208243231,RGG3_weighted,"step,r_mult=3.0000,a=0.0578184",68.30513423269971,uniform,,0.00011548440351992229,29,7,0.016275516487467823
0.05581395348837209,1.5,1.0,1.0,1,71.58058993501683,RGG3_weighted,"step,r_mult=3.0000,a=0.0578184",68.37305135890584,uniform,,0.00013813688958273004,29,7,0.01841695353333925
0.05581395348837209,1.5,10.0,0.0,1,71.15119845379428,RGG3_weighted,"step,r_mult=3.0000,a=0.0578184",68.29758788534348,uniform,,0.00012289451199185204,29,7,0.0173660193320436
0.05581395348837209,1.5,10.0,0.1,1,71.21718821519256,RGG3_weighted,"step,r_mult=3.0000,a=0.0578184",68.30513423269971,uniform,,0.00012541145488771964,29,7,0.017603956781584874
0.05581395348837209,1.5,10.0,1.0,1,71.81109606777709,RGG3_weighted,"step,r_mult=3.0000,a=0.0578184",68.37305135890584,uniform,,0.00014806394095052738,29,7,0.0197453938274563
0.05581395348837209,1.5,100.0,0.0,1,73.45625978139678,RGG3_weighted,"step,r_mult=3.0000,a=0.0578184",68.29758788534348,uniform,,0.0002221650256698237,29,7,0.030650422273214108
0.05581395348837209,1.5,100.0,0.1,1,73.52224954279507,RGG3_weighted,"step,r_mult=3.0000,a=0.0578184",68.30513423269971,uniform,,0.00022468196856569129,29,7,0.030888359722755377
0.05581395348837209,1.5,100.0,1.0,1,74.11615739537959,RGG3_weighted,"step,r_mult=3.0000,a=0.0578184",68.37305135890584,uniform,,0.00024733445462849906,29,7,0.0330297967686268
0.05581395348837209,2.0,0.0,0.0,1,69.54921436814288,RGG3_weighted,"step,r_mult=3.0000,a=0.0578184",66.95182260681453,uniform,,0.00011186011030699196,29,7,0.015776348302041106
0.05581395348837209,2.0,0.0,0.1,1,69.61520412954117,RGG3_weighted,"step,r_mult=3.0000,a=0.0578184",66.95936895417077,uniform,,0.00011437705320285955,29,7,0.016014285751582376
0.05581395348837209,2.0,0.0,1.0,1,70.20911198212569,RGG3_weighted,"step,r_mult=3.0000,a=0.0578184",67.0272860803769,uniform,,0.0001370295392656673,29,7,0.018155722797453804
0.05581395348837209,2.0,1.0,0.0,1,69.5748261606718,RGG3_weighted,"step,r_mult=3.0000,a=0.0578184",66.95182260681453,uniform,,0.00011296311601452513,29,7,0.015923952779165224
0.05581395348837209,2.0,1.0,0.1,1,69.64081592207009,RGG3_weighted,"step,r_mult=3.0000,a=0.0578184",66.95936895417077,uniform,,0.00011548005891039273,29,7,0.016161890228706493
0.05581395348837209,2.0,1.0,1.0,1,70.23472377465461,RGG3_weighted,"step,r_mult=3.0000,a=0.0578184",67.0272860803769,uniform,,0.00013813254497320048,29,7,0.01830332727457792
0.05581395348837209,2.0,10.0,0.0,1,69.80533229343206,RGG3_weighted,"step,r_mult=3.0000,a=0.0578184",66.95182260681453,uniform,,0.00012289016738232248,29,7,0.017252393073282274
0.05581395348837209,2.0,10.0,0.1,1,69.87132205483034,RGG3_weighted,"step,r_mult=3.0000,a=0.0578184",66.95936895417077,uniform,,0.00012540711027819008,29,7,0.017490330522823543
0.05581395348837209,2.0,10.0,1.0,1,70.46522990741487,RGG3_weighted,"step,r_mult=3.0000,a=0.0578184",67.0272860803769,uniform,,0.00014805959634099782,29,7,0.019631767568694974
0.05581395348837209,2.0,100.0,0.0,1,72.11039362103456,RGG3_weighted,"step,r_mult=3.0000,a=0.0578184",66.95182260681453,uniform,,0.00022216068106029413,29,7,0.030536796014452777
0.05581395348837209,2.0,100.0,0.1,1,72.17638338243285,RGG3_weighted,"step,r_mult=3.0000,a=0.0578184",66.95936895417077,uniform,,0.00022467762395616173,29,7,0.03077473346399405
0.05581395348837209,2.0,100.0,1.0,1,72.77029123501737,RGG3_weighted,"step,r_mult=3.0000,a=0.0578184",67.0272860803769,uniform,,0.0002473301100189695,29,7,0.03291617050986547
0.05581395348837209,3.0,0.0,0.0,1,66.85748204741844,RGG3_weighted,"step,r_mult=3.0000,a=0.0578184",64.26029204975667,uniform,,0.00011185142108793161,29,7,0.015549095784518449
0.05581395348837209,3.0,0.0,0.1,1,66.92347180881673,RGG3_weighted,"step,r_mult=3.0000,a=0.0578184",64.26783839711291,uniform,,0.00011436836398379921,29,7,0.015787033234059722
0.05581395348837209,3.0,0.0,1.0,1,67.51737966140125,RGG3_weighted,"step,r_mult=3.0000,a=0.0578184",64.33575552331904,uniform,,0.00013702085004660696,29,7,0.017928470279931146
0.05581395348837209,3.0,1.0,0.0,1,66.88309383994736,RGG3_weighted,"step,r_mult=3.0000,a=0.0578184",64.26029204975667,uniform,,0.00011295442679546479,29,7,0.015696700261642566
0.05581395348837209,3.0,1.0,0.1,1,66.94908360134565,RGG3_weighted,"step,r_mult=3.0000,a=0.0578184",64.26783839711291,uniform,,0.00011547136969133238,29,7,0.015934637711183836
0.05581395348837209,3.0,1.0,1.0,1,67.54299145393017,RGG3_weighted,"step,r_mult=3.0000,a=0.0578184",64.33575552331904,uniform,,0.00013812385575414014,29,7,0.018076074757055263
0.05581395348837209,3.0,10.0,0.0,1,67.11359997270762,RGG3_weighted,"step,r_mult=3.0000,a=0.0578184",64.26029204975667,uniform,,0.00012288147816326214,29,7,0.017025140555759617
0.05581395348837209,3.0,10.0,0.1,1,67.1795897341059,RGG3_weighted,"step,r_mult=3.0000,a=0.0578184",64.26783839711291,uniform,,0.00012539842105912974,29,7,0.017263078005300886
0.05581395348837209,3.0,10.0,1.0,1,67.77349758669043,RGG3_weighted,"step,r_mult=3.0000,a=0.0578184",64.33575552331904,uniform,,0.00014805090712193748,29,7,0.019404515051172317
0.05581395348837209,3.0,100.0,0.0,1,69.41866130031012,RGG3_weighted,"step,r_mult=3.0000,a=0.0578184",64.26029204975667,uniform,,0.00022215199184123379,29,7,0.03030954349693012
0.05581395348837209,3.0,100.0,0.1,1,69.4846510617084,RGG3_weighted,"step,r_mult=3.0000,a=0.0578184",64.26783839711291,uniform,,0.00022466893473710139,29,7,0.030547480946471393
0.05581395348837209,3.0,100.0,1.0,1,70.07855891429293,RGG3_weighted,"step,r_mult=3.0000,a=0.0578184",64.33575552331904,uniform,,0.00024732142079990913,29,7,0.032688917992342824
0.05581395348837209,0.5,0.0,0.0,2,73.42006592957968,RGG3_weighted,"step,r_mult=3.0000,a=0.0576897",70.98911844240133,uniform,,0.00010469196757874003,29,7,0.01658511039136648
0.05581395348837209,0.5,0.0,0.1,2,73.48232446176493,RGG3_weighted,"step,r_mult=3.0000,a=0.0576897",70.99666478975757,uniform,,0.00010704822015535565,29,7,0.01682889138334897
0.05581395348837209,0.5,0.0,1.0,2,74.04265125143225,RGG3_weighted,"step,r_mult=3.0000,a=0.0576897",71.0645819159637,uniform,,0.00012825449334489866,29,7,0.019022920311191353
0.05581395348837209,0.5,1.0,0.0,2,73.4434867991429,RGG3_weighted,"step,r_mult=3.0000,a=0.0576897",70.98911844240133,uniform,,0.00010570061829205721,29,7,0.01672742077621555
0.05581395348837209,0.5,1.0,0.1,2,73.50574533132816,RGG3_weighted,"step,r_mult=3.0000,a=0.0576897",70.99666478975757,uniform,,0.00010805687086867283,29,7,0.016971201768198035
0.05581395348837209,0.5,1.0,1.0,2,74.06607212099547,RGG3_weighted,"step,r_mult=3.0000,a=0.0576897",71.0645819159637,uniform,,0.00012926314405821584,29,7,0.01916523069604042
0.05581395348837209,0.5,10.0,0.0,2,73.65427462521188,RGG3_weighted,"step,r_mult=3.0000,a=0.0576897",70.98911844240133,uniform,,0.00011477847471190992,29,7,0.01800821423985716
0.05581395348837209,0.5,10.0,0.1,2,73.71653315739714,RGG3_weighted,"step,r_mult=3.0000,a=0.0576897",70.99666478975757,uniform,,0.00011713472728852554,29,7,0.018251995231839645
0.05581395348837209,0.5,10.0,1.0,2,74.27685994706445,RGG3_weighted,"step,r_mult=3.0000,a=0.0576897",71.0645819159637,uniform,,0.00013834100047806856,29,7,0.020446024159682035
0.05581395348837209,0.5,100.0,0.0,2,75.76215288590167,RGG3_weighted,"step,r_mult=3.0000,a=0.0576897",70.98911844240133,uniform,,0.00020555703891043652,29,7,0.03081614887627326
0.05581395348837209,0.5,100.0,0.1,2,75.82441141808692,RGG3_weighted,"step,r_mult=3.0000,a=0.0576897",70.99666478975757,uniform,,0.00020791329148705213,29,7,0.03105992986825575
0.05581395348837209,0.5,100.0,1.0,2,76.38473820775424,RGG3_weighted,"step,r_mult=3.0000,a=0.0576897",71.0645819159637,uniform,,0.00022911956467659513,29,7,0.03325395879609814
0.05581395348837209,1.0,0.0,0.0,2,72.074229344136,RGG3_weighted,"step,r_mult=3.0000,a=0.0576897",69.6433531638724,uniform,,0.00010468889665217896,29,7,0.016467641824836437
0.05581395348837209,1.0,0.0,0.1,2,72.13648787632125,RGG3_weighted,"step,r_mult=3.0000,a=0.0576897",69.65089951122864,uniform,,0.00010704514922879458,29,7,0.01671142281681892
0.05581395348837209,1.0,0.0,1.0,2,72.69681466598857,RGG3_weighted,"step,r_mult=3.0000,a=0.0576897",69.71881663743477,uniform,,0.00012825142241833758,29,7,0.01890545174466131
0.05581395348837209,1.0,1.0,0.0,2,72.09765021369923,RGG3_weighted,"step,r_mult=3.0000,a=0.0576897",69.6433531638724,uniform,,0.00010569754736549614,29,7,0.016609952209685502
0.05581395348837209,1.0,1.0,0.1,2,72.15990874588448,RGG3_weighted,"step,r_mult=3.0000,a=0.0576897",69.65089951122864,uniform,,0.00010805379994211175,29,7,0.01685373320166799
0.05581395348837209,1.0,1.0,1.0,2,72.7202355355518,RGG3_weighted,"step,r_mult=3.0000,a=0.0576897",69.71881663743477,uniform,,0.00012926007313165475,29,7,0.019047762129510374
0.05581395348837209,1.0,10.0,0.0,2,72.3084380397682,RGG3_weighted,"step,r_mult=3.0000,a=0.0576897",69.6433531638724,uniform,,0.00011477540378534886,29,7,0.017890745673327112
0.05581395348837209,1.0,10.0,0.1,2,72.37069657195346,RGG3_weighted,"step,r_mult=3.0000,a=0.0576897",69.65089951122864,uniform,,0.00011713165636196448,29,7,0.0181345266653096
0.05581395348837209,1.0,10.0,1.0,2,72.93102336162077,RGG3_weighted,"step,r_mult=3.0000,a=0.0576897",69.71881663743477,uniform,,0.00013833792955150748,29,7,0.020328555593151987
0.05581395348837209,1.0,100.0,0.0,2,74.41631630045799,RGG3_weighted,"step,r_mult=3.0000,a=0.0576897",69.6433531638724,uniform,,0.00020555396798387546,29,7,0.030698680309743216
0.05581395348837209,1.0,100.0,0.1,2,74.47857483264325,RGG3_weighted,"step,r_mult=3.0000,a=0.0576897",69.65089951122864,uniform,,0.00020791022056049107,29,7,0.0309424613017257
0.05581395348837209,1.0,100.0,1.0,2,75.03890162231056,RGG3_weighted,"step,r_mult=3.0000,a=0.0576897",69.71881663743477,uniform,,0.00022911649375003407,29,7,0.03313649022956809
0.05581395348837209,1.5,0.0,0.0,2,70.72839275869231,RGG3_weighted,"step,r_mult=3.0000,a=0.0576897",68.29758788534348,uniform,,0.0001046858257256173,29,7,0.01635017325830639
0.05581395348837209,1.5,0.0,0.1,2,70.79065129087756,RGG3_weighted,"step,r_mult=3.0000,a=0.0576897",68.30513423269971,uniform,,0.00010704207830223291,29,7,0.016593954250288877
0.05581395348837209,1.5,0.0,1.0,2,71.35097808054488,RGG3_weighted,"step,r_mult=3.0000,a=0.0576897",68.37305135890584,uniform,,0.00012824835149177592,29,7,0.018787983178131264
0.05581395348837209,1.5,1.0,0.0,2,70.75181362825553,RGG3_weighted,"step,r_mult=3.0000,a=0.0576897",68.29758788534348,uniform,,0.00010569447643893446,29,7,0.016492483643155458
0.05581395348837209,1.5,1.0,0.1,2,70.81407216044079,RGG3_weighted,"step,r_mult=3.0000,a=0.0576897",68.30513423269971,uniform,,0.00010805072901555007,29,7,0.016736264635137943
0.05581395348837209,1.5,1.0,1.0,2,71.3743989501081,RGG3_weighted,"step,r_mult=3.0000,a=0.0576897",68.37305135890584,uniform,,0.00012925700220509307,29,7,0.01893029356298033
0.05581395348837209,1.5,10.0,0.0,2,70.96260145432451,RGG3_weighted,"step,r_mult=3.0000,a=0.0576897",68.29758788534348,uniform,,0.00011477233285878718,29,7,0.017773277106797068
0.05581395348837209,1.5,10.0,0.1,2,71.02485998650977,RGG3_weighted,"step,r_mult=3.0000,a=0.0576897",68.30513423269971,uniform,,0.0001171285854354028,29,7,0.018017058098779556
0.05581395348837209,1.5,10.0,1.0,2,71.58518677617708,RGG3_weighted,"step,r_mult=3.0000,a=0.0576897",68.37305135890584,uniform,,0.0001383348586249458,29,7,0.02021108702662194
0.05581395348837209,1.5,100.0,0.0,2,73.0704797150143,RGG3_weighted,"step,r_mult=3.0000,a=0.0576897",68.29758788534348,uniform,,0.00020555089705731378,29,7,0.030581211743213172
0.05581395348837209,1.5,100.0,0.1,2,73.13273824719955,RGG3_weighted,"step,r_mult=3.0000,a=0.0576897",68.30513423269971,uniform,,0.0002079071496339294,29,7,0.030824992735195657
0.05581395348837209,1.5,100.0,1.0,2,73.69306503686687,RGG3_weighted,"step,r_mult=3.0000,a=0.0576897",68.37305135890584,uniform,,0.0002291134228234724,29,7,0.033019021663038044
0.05581395348837209,2.0,0.0,0.0,2,69.38255617324862,RGG3_weighted,"step,r_mult=3.0000,a=0.0576897",66.95182260681453,uniform,,0.00010468275479905622,29,7,0.016232704691776345
0.05581395348837209,2.0,0.0,0.1,2,69.44481470543387,RGG3_weighted,"step,r_mult=3.0000,a=0.0576897",66.95936895417077,uniform,,0.00010703900737567184,29,7,0.016476485683758833
0.05581395348837209,2.0,0.0,1.0,2,70.00514149510119,RGG3_weighted,"step,r_mult=3.0000,a=0.0576897",67.0272860803769,uniform,,0.00012824528056521484,29,7,0.018670514611601217
0.05581395348837209,2.0,1.0,0.0,2,69.40597704281184,RGG3_weighted,"step,r_mult=3.0000,a=0.0576897",66.95182260681453,uniform,,0.0001056914055123734,29,7,0.016375015076625414
0.05581395348837209,2.0,1.0,0.1,2,69.4682355749971,RGG3_weighted,"step,r_mult=3.0000,a=0.0576897",66.95936895417077,uniform,,0.00010804765808898901,29,7,0.0166187960686079
0.05581395348837209,2.0,1.0,1.0,2,70.02856236466441,RGG3_weighted,"step,r_mult=3.0000,a=0.0576897",67.0272860803769,uniform,,0.000129253931278532,29,7,0.018812824996450286
0.05581395348837209,2.0,10.0,0.0,2,69.61676486888082,RGG3_weighted,"step,r_mult=3.0000,a=0.0576897",66.95182260681453,uniform,,0.00011476926193222611,29,7,0.017655808540267024
0.05581395348837209,2.0,10.0,0.1,2,69.67902340106608,RGG3_weighted,"step,r_mult=3.0000,a=0.0576897",66.95936895417077,uniform,,0.00011712551450884173,29,7,0.01789958953224951
0.05581395348837209,2.0,10.0,1.0,2,70.23935019073339,RGG3_weighted,"step,r_mult=3.0000,a=0.0576897",67.0272860803769,uniform,,0.00013833178769838474,29,7,0.020093618460091896
0.05581395348837209,2.0,100.0,0.0,2,71.72464312957061,RGG3_weighted,"step,r_mult=3.0000,a=0.0576897",66.95182260681453,uniform,,0.00020554782613075272,29,7,0.030463743176683124
0.05581395348837209,2.0,100.0,0.1,2,71.78690166175586,RGG3_weighted,"step,r_mult=3.0000,a=0.0576897",66.95936895417077,uniform,,0.00020790407870736833,29,7,0.030707524168665613
0.05581395348837209,2.0,100.0,1.0,2,72.34722845142318,RGG3_weighted,"step,r_mult=3.0000,a=0.0576897",67.0272860803769,uniform,,0.00022911035189691133,29,7,0.032901553096507996
0.05581395348837209,3.0,0.0,0.0,2,66.69088300236125,RGG3_weighted,"step,r_mult=3.0000,a=0.0576897",64.26029204975667,uniform,,0.00010467661294593347,29,7,0.015997767558716253
0.05581395348837209,3.0,0.0,0.1,2,66.7531415345465,RGG3_weighted,"step,r_mult=3.0000,a=0.0576897",64.26783839711291,uniform,,0.00010703286552254909,29,7,0.01624154855069874
0.05581395348837209,3.0,0.0,1.0,2,67.31346832421382,RGG3_weighted,"step,r_mult=3.0000,a=0.0576897",64.33575552331904,uniform,,0.0001282391387120921,29,7,0.018435577478541125
0.05581395348837209,3.0,1.0,0.0,2,66.71430387192447,RGG3_weighted,"step,r_mult=3.0000,a=0.0576897",64.26029204975667,uniform,,0.00010568526365925064,29,7,0.01614007794356532
0.05581395348837209,3.0,1.0,0.1,2,66.77656240410973,RGG3_weighted,"step,r_mult=3.0000,a=0.0576897",64.26783839711291,uniform,,0.00010804151623586626,29,7,0.01638385893554781
0.05581395348837209,3.0,1.0,1.0,2,67.33688919377704,RGG3_weighted,"step,r_mult=3.0000,a=0.0576897",64.33575552331904,uniform,,0.00012924778942540927,29,7,0.01857788786339019
0.05581395348837209,3.0,10.0,0.0,2,66.92509169799345,RGG3_weighted,"step,r_mult=3.0000,a=0.0576897",64.26029204975667,uniform,,0.00011476312007910337,29,7,0.01742087140720693
0.05581395348837209,3.0,10.0,0.1,2,66.9873502301787,RGG3_weighted,"step,r_mult=3.0000,a=0.0576897",64.26783839711291,uniform,,0.00011711937265571899,29,7,0.017664652399189417
0.05581395348837209,3.0,10.0,1.0,2,67.54767701984602,RGG3_weighted,"step,r_mult=3.0000,a=0.0576897",64.33575552331904,uniform,,0.000138325645845262,29,7,0.0198586813270318
0.05581395348837209,3.0,100.0,0.0,2,69.03296995868324,RGG3_weighted,"step,r_mult=3.0000,a=0.0576897",64.26029204975667,uniform,,0.00020554168427762995,29,7,0.03022880604362303
0.05581395348837209,3.0,100.0,0.1,2,69.0952284908685,RGG3_weighted,"step,r_mult=3.0000,a=0.0576897",64.26783839711291,uniform,,0.00020789793685424557,29,7,0.03047258703560552
0.05581395348837209,3.0,100.0,1.0,2,69.65555528053581,RGG3_weighted,"step,r_mult=3.0000,a=0.0576897",64.33575552331904,uniform,,0.0002291042100437886,29,7,0.03266661596344791
0.05581395348837209,0.5,0.0,0.0,3,73.48672438671572,RGG3_weighted,"step,r_mult=3.0000,a=0.0577411",70.98911844240133,uniform,,0.00010756270216685558,29,7,0.01682322890039361
0.05581395348837209,0.5,0.0,0.1,3,73.55051254863496,RGG3_weighted,"step,r_mult=3.0000,a=0.0577411",70.99666478975757,uniform,,0.00010998483027034374,29,7,0.01707252511524713
0.05581395348837209,0.5,0.0,1.0,3,74.12460600590812,RGG3_weighted,"step,r_mult=3.0000,a=0.0577411",71.0645819159637,uniform,,0.00013178398320174076,29,7,0.019316191048928805
0.05581395348837209,0.5,1.0,0.0,3,73.50933532781887,RGG3_weighted,"step,r_mult=3.0000,a=0.0577411",70.98911844240133,uniform,,0.00010853647224020413,29,7,0.016935716714962558
0.05581395348837209,0.5,1.0,0.1,3,73.57312348973811,RGG3_weighted,"step,r_mult=3.0000,a=0.0577411",70.99666478975757,uniform,,0.00011095860034369227,29,7,0.017185012929816078
0.05581395348837209,0.5,1.0,1.0,3,74.14721694701127,RGG3_weighted,"step,r_mult=3.0000,a=0.0577411",71.0645819159637,uniform,,0.00013275775327508928,29,7,0.019428678863497754
0.05581395348837209,0.5,10.0,0.0,3,73.71283379774722,RGG3_weighted,"step,r_mult=3.0000,a=0.0577411",70.98911844240133,uniform,,0.00011730040290033971,29,7,0.017948107046083083
0.05581395348837209,0.5,10.0,0.1,3,73.77662195966646,RGG3_weighted,"step,r_mult=3.0000,a=0.0577411",70.99666478975757,uniform,,0.00011972253100382787,29,7,0.0181974032609366
0.05581395348837209,0.5,10.0,1.0,3,74.35071541693962,RGG3_weighted,"step,r_mult=3.0000,a=0.0577411",71.0645819159637,uniform,,0.00014152168393522486,29,7,0.02044106919461828
0.05581395348837209,0.5,100.0,0.0,3,75.74781849703076,RGG3_weighted,"step,r_mult=3.0000,a=0.0577411",70.98911844240133,uniform,,0.00020493970950169807,29,7,0.028072010357288332
0.05581395348837209,0.5,100.0,0.1,3,75.81160665895,RGG3_weighted,"step,r_mult=3.0000,a=0.0577411",70.99666478975757,uniform,,0.00020736183760518623,29,7,0.028321306572141856
0.05581395348837209,0.5,100.0,1.0,3,76.38570011622316,RGG3_weighted,"step,r_mult=3.0000,a=0.0577411",71.0645819159637,uniform,,0.00022916099053658324,29,7,0.03056497250582353
0.05581395348837209,1.0,0.0,0.0,3,72.14092482600441,RGG3_weighted,"step,r_mult=3.0000,a=0.0577411",69.6433531638724,uniform,,0.00010756122575934553,29,7,0.01670762589485586
0.05581395348837209,1.0,0.0,0.1,3,72.20471298792364,RGG3_weighted,"step,r_mult=3.0000,a=0.0577411",69.65089951122864,uniform,,0.00010998335386283368,29,7,0.016956922109709376
0.05581395348837209,1.0,0.0,1.0,3,72.7788064451968,RGG3_weighted,"step,r_mult=3.0000,a=0.0577411",69.71881663743477,uniform,,0.00013178250679423068,29,7,0.019200588043391052
0.05581395348837209,1.0,1.0,0.0,3,72.16353576710756,RGG3_weighted,"step,r_mult=3.0000,a=0.0577411",69.6433531638724,uniform,,0.00010853499583269407,29,7,0.016820113709424808
0.05581395348837209,1.0,1.0,0.1,3,72.2273239290268,RGG3_weighted,"step,r_mult=3.0000,a=0.0577411",69.65089951122864,uniform,,0.00011095712393618221,29,7,0.017069409924278325
0.05581395348837209,1.0,1.0,1.0,3,72.80141738629996,RGG3_weighted,"step,r_mult=3.0000,a=0.0577411",69.71881663743477,uniform,,0.00013275627686757922,29,7,0.01931307585796
0.05581395348837209,1.0,10.0,0.0,3,72.36703423703591,RGG3_weighted,"step,r_mult=3.0000,a=0.0577411",69.6433531638724,uniform,,0.00011729892649282965,29,7,0.01783250404054533
0.05581395348837209,1.0,10.0,0.1,3,72.43082239895514,RGG3_weighted,"step,r_mult=3.0000,a=0.0577411",69.65089951122864,uniform,,0.00011972105459631781,29,7,0.01808180025539885
0.05581395348837209,1.0,10.0,1.0,3,73.00491585622831,RGG3_weighted,"step,r_mult=3.0000,a=0.0577411",69.71881663743477,uniform,,0.0001415202075277148,29,7,0.02032546618908053
0.05581395348837209,1.0,100.0,0.0,3,74.40201893631945,RGG3_weighted,"step,r_mult=3.0000,a=0.0577411",69.6433531638724,uniform,,0.00020493823309418802,29,7,0.027956407351750583
0.05581395348837209,1.0,100.0,0.1,3,74.46580709823868,RGG3_weighted,"step,r_mult=3.0000,a=0.0577411",69.65089951122864,uniform,,0.00020736036119767615,29,7,0.028205703566604103
0.05581395348837209,1.0,100.0,1.0,3,75.03990055551185,RGG3_weighted,"step,r_mult=3.0000,a=0.0577411",69.71881663743477,uniform,,0.00022915951412907318,29,7,0.030449369500285782
0.05581395348837209,1.5,0.0,0.0,3,70.79512526529308,RGG3_weighted,"step,r_mult=3.0000,a=0.0577411",68.29758788534348,uniform,,0.00010755974935183486,29,7,0.01659202288931811
0.05581395348837209,1.5,0.0,0.1,3,70.85891342721231,RGG3_weighted,"step,r_mult=3.0000,a=0.0577411",68.30513423269971,uniform,,0.000109981877455323,29,7,0.016841319104171627
0.05581395348837209,1.5,0.0,1.0,3,71.43300688448548,RGG3_weighted,"step,r_mult=3.0000,a=0.0577411",68.37305135890584,uniform,,0.00013178103038672003,29,7,0.019084985037853306
0.05581395348837209,1.5,1.0,0.0,3,70.81773620639623,RGG3_weighted,"step,r_mult=3.0000,a=0.0577411",68.29758788534348,uniform,,0.00010853351942518339,29,7,0.01670451070388706
0.05581395348837209,1.5,1.0,0.1,3,70.88152436831547,RGG3_weighted,"step,r_mult=3.0000,a=0.0577411",68.30513423269971,uniform,,0.00011095564752867155,29,7,0.016953806918740575
0.05581395348837209,1.5,1.0,1.0,3,71.45561782558863,RGG3_weighted,"step,r_mult=3.0000,a=0.0577411",68.37305135890584,uniform,,0.00013275480046006855,29,7,0.019197472852422254
0.05581395348837209,1.5,10.0,0.0,3,71.02123467632458,RGG3_weighted,"step,r_mult=3.0000,a=0.0577411",68.29758788534348,uniform,,0.00011729745008531899,29,7,0.017716901035007584
0.05581395348837209,1.5,10.0,0.1,3,71.08502283824382,RGG3_weighted,"step,r_mult=3.0000,a=0.0577411",68.30513423269971,uniform,,0.00011971957818880713,29,7,0.017966197249861104
0.05581395348837209,1.5,10.0,1.0,3,71.65911629551698,RGG3_weighted,"step,r_mult=3.0000,a=0.0577411",68.37305135890584,uniform,,0.00014151873112020416,29,7,0.020209863183542776
0.05581395348837209,1.5,100.0,0.0,3,73.05621937560812,RGG3_weighted,"step,r_mult=3.0000,a=0.0577411",68.29758788534348,uniform,,0.00020493675668667734,29,7,0.02784080434621284
0.05581395348837209,1.5,100.0,0.1,3,73.12000753752736,RGG3_weighted,"step,r_mult=3.0000,a=0.0577411",68.30513423269971,uniform,,0.0002073588847901655,29,7,0.028090100561066356
0.05581395348837209,1.5,100.0,1.0,3,73.69410099480052,RGG3_weighted,"step,r_mult=3.0000,a=0.0577411",68.37305135890584,uniform,,0.0002291580377215625,29,7,0.030333766494748036
0.05581395348837209,2.0,0.0,0.0,3,69.44932570458175,RGG3_weighted,"step,r_mult=3.0000,a=0.0577411",66.95182260681453,uniform,,0.0001075582729443248,29,7,0.01647641988378036
0.05581395348837209,2.0,0.0,0.1,3,69.51311386650099,RGG3_weighted,"step,r_mult=3.0000,a=0.0577411",66.95936895417077,uniform,,0.00010998040104781295,29,7,0.01672571609863388
0.05581395348837209,2.0,0.0,1.0,3,70.08720732377415,RGG3_weighted,"step,r_mult=3.0000,a=0.0577411",67.0272860803769,uniform,,0.00013177955397920997,29,7,0.018969382032315556
0.05581395348837209,2.0,1.0,0.0,3,69.4719366456849,RGG3_weighted,"step,r_mult=3.0000,a=0.0577411",66.95182260681453,uniform,,0.00010853204301767334,29,7,0.01658890769834931
0.05581395348837209,2.0,1.0,0.1,3,69.53572480760414,RGG3_weighted,"step,r_mult=3.0000,a=0.0577411",66.95936895417077,uniform,,0.00011095417112116148,29,7,0.016838203913202825
0.05581395348837209,2.0,1.0,1.0,3,70.1098182648773,RGG3_weighted,"step,r_mult=3.0000,a=0.0577411",67.0272860803769,uniform,,0.0001327533240525585,29,7,0.019081869846884505
0.05581395348837209,2.0,10.0,0.0,3,69.67543511561325,RGG3_weighted,"step,r_mult=3.0000,a=0.0577411",66.95182260681453,uniform,,0.00011729597367780893,29,7,0.017601298029469834
0.05581395348837209,2.0,10.0,0.1,3,69.73922327753249,RGG3_weighted,"step,r_mult=3.0000,a=0.0577411",66.95936895417077,uniform,,0.00011971810178129708,29,7,0.01785059424432335
0.05581395348837209,2.0,10.0,1.0,3,70.31331673480565,RGG3_weighted,"step,r_mult=3.0000,a=0.0577411",67.0272860803769,uniform,,0.0001415172547126941,29,7,0.020094260178005027
0.05581395348837209,2.0,100.0,0.0,3,71.7104198148968,RGG3_weighted,"step,r_mult=3.0000,a=0.0577411",66.95182260681453,uniform,,0.00020493528027916728,29,7,0.027725201340675087
0.05581395348837209,2.0,100.0,0.1,3,71.77420797681603,RGG3_weighted,"step,r_mult=3.0000,a=0.0577411",66.95936895417077,uniform,,0.00020735740838265544,29,7,0.02797449755552861
0.05581395348837209,2.0,100.0,1.0,3,72.3483014340892,RGG3_weighted,"step,r_mult=3.0000,a=0.0577411",67.0272860803769,uniform,,0.00022915656131405245,29,7,0.030218163489210283
0.05581395348837209,3.0,0.0,0.0,3,66.75772658315911,RGG3_weighted,"step,r_mult=3.0000,a=0.0577411",64.26029204975667,uniform,,0.00010755532012930407,29,7,0.01624521387270486
0.05581395348837209,3.0,0.0,0.1,3,66.82151474507835,RGG3_weighted,"step,r_mult=3.0000,a=0.0577411",64.26783839711291,uniform,,0.00010997744823279223,29,7,0.016494510087558378
0.05581395348837209,3.0,0.0,1.0,3,67.39560820235151,RGG3_weighted,"step,r_mult=3.0000,a=0.0577411",64.33575552331904,uniform,,0.00013177660116418924,29,7,0.018738176021240054
0.05581395348837209,3.0,1.0,0.0,3,66.78033752426226,RGG3_weighted,"step,r_mult=3.0000,a=0.0577411",64.26029204975667,uniform,,0.0001085290902026526,29,7,0.016357701687273806
0.05581395348837209,3.0,1.0,0.1,3,66.8441256861815,RGG3_weighted,"step,r_mult=3.0000,a=0.0577411",64.26783839711291,uniform,,0.00011095121830614076,29,7,0.016606997902127326
0.05581395348837209,3.0,1.0,1.0,3,67.41821914345466,RGG3_weighted,"step,r_mult=3.0000,a=0.0577411",64.33575552331904,uniform,,0.00013275037123753778,29,7,0.018850663835809002
0.05581395348837209,3.0,10.0,0.0,3,66.98383599419061,RGG3_weighted,"step,r_mult=3.0000,a=0.0577411",64.26029204975667,uniform,,0.0001172930208627882,29,7,0.01737009201839433
0.05581395348837209,3.0,10.0,0.1,3,67.04762415610985,RGG3_weighted,"step,r_mult=3.0000,a=0.0577411",64.26783839711291,uniform,,0.00011971514896627635,29,7,0.01761938823324785
0.05581395348837209,3.0,10.0,1.0,3,67.62171761338301,RGG3_weighted,"step,r_mult=3.0000,a=0.0577411",64.33575552331904,uniform,,0.00014151430189767337,29,7,0.019863054166929527
0.05581395348837209,3.0,100.0,0.0,3,69.01882069347415,RGG3_weighted,"step,r_mult=3.0000,a=0.0577411",64.26029204975667,uniform,,0.00020493232746414655,29,7,0.027493995329599584
0.05581395348837209,3.0,100.0,0.1,3,69.08260885539339,RGG3_weighted,"step,r_mult=3.0000,a=0.0577411",64.26783839711291,uniform,,0.0002073544555676347,29,7,0.027743291544453104
0.05581395348837209,3.0,100.0,1.0,3,69.65670231266655,RGG3_weighted,"step,r_mult=3.0000,a=0.0577411",64.33575552331904,uniform,,0.0002291536084990317,29,7,0.029986957478134783
0.05581395348837209,0.5,0.0,0.0,4,73.41685398849195,RGG3_weighted,"step,r_mult=3.0000,a=0.0576872",70.98911844240133,uniform,,0.00010455364108917384,29,7,0.016633722360520267
0.05581395348837209,0.5,0.0,0.1,4,73.47913040164804,RGG3_weighted,"step,r_mult=3.0000,a=0.0576872",70.99666478975757,uniform,,0.00010691066373343934,29,7,0.01688160017064917
0.05581395348837209,0.5,0.0,1.0,4,74.03961812005278,RGG3_weighted,"step,r_mult=3.0000,a=0.0576872",71.0645819159637,uniform,,0.00012812386753182942,29,7,0.019112500461809276
0.05581395348837209,0.5,1.0,0.0,4,73.43622877579872,RGG3_weighted,"step,r_mult=3.0000,a=0.0576872",70.98911844240133,uniform,,0.00010538804192064557,29,7,0.016733905353032
0.05581395348837209,0.5,1.0,0.1,4,73.49850518895481,RGG3_weighted,"step,r_mult=3.0000,a=0.0576872",70.99666478975757,uniform,,0.00010774506456491107,29,7,0.0169817831631609
0.05581395348837209,0.5,1.0,1.0,4,74.05899290735955,RGG3_weighted,"step,r_mult=3.0000,a=0.0576872",71.0645819159637,uniform,,0.00012895826836330115,29,7,0.019212683454321006
0.05581395348837209,0.5,10.0,0.0,4,73.61060186155969,RGG3_weighted,"step,r_mult=3.0000,a=0.0576872",70.98911844240133,uniform,,0.00011289764940389114,29,7,0.017635552285637575
0.05581395348837209,0.5,10.0,0.1,4,73.67287827471577,RGG3_weighted,"step,r_mult=3.0000,a=0.0576872",70.99666478975757,uniform,,0.00011525467204815663,29,7,0.017883430095766477
0.05581395348837209,0.5,10.0,1.0,4,74.23336599312051,RGG3_weighted,"step,r_mult=3.0000,a=0.0576872",71.0645819159637,uniform,,0.00013646787584654672,29,7,0.020114330386926584
0.05581395348837209,0.5,100.0,0.0,4,75.35433271916932,RGG3_weighted,"step,r_mult=3.0000,a=0.0576872",70.98911844240133,uniform,,0.0001879937242363474,29,7,0.026652021611693368
0.05581395348837209,0.5,100.0,0.1,4,75.4166091323254,RGG3_weighted,"step,r_mult=3.0000,a=0.0576872",70.99666478975757,uniform,,0.00019035074688061288,29,7,0.026899899421822273
0.05581395348837209,0.5,100.0,1.0,4,75.97709685073015,RGG3_weighted,"step,r_mult=3.0000,a=0.0576872",71.0645819159637,uniform,,0.00021156395067900298,29,7,0.029130799712982377
0.05581395348837209,1.0,0.0,0.0,4,72.0711334198754,RGG3_weighted,"step,r_mult=3.0000,a=0.0576872",69.6433531638724,uniform,,0.00010455556658066278,29,7,0.01652133412918047
0.05581395348837209,1.0,0.0,0.1,4,72.13340983303148,RGG3_weighted,"step,r_mult=3.0000,a=0.0576872",69.65089951122864,uniform,,0.00010691258922492827,29,7,0.016769211939309372
0.05581395348837209,1.0,0.0,1.0,4,72.69389755143622,RGG3_weighted,"step,r_mult=3.0000,a=0.0576872",69.71881663743477,uniform,,0.00012812579302331836,29,7,0.01900011223046948
0.05581395348837209,1.0,1.0,0.0,4,72.09050820718217,RGG3_weighted,"step,r_mult=3.0000,a=0.0576872",69.6433531638724,uniform,,0.00010538996741213451,29,7,0.016621517121692204
0.05581395348837209,1.0,1.0,0.1,4,72.15278462033825,RGG3_weighted,"step,r_mult=3.0000,a=0.0576872",69.65089951122864,uniform,,0.0001077469900564,29,7,0.016869394931821102
0.05581395348837209,1.0,1.0,1.0,4,72.713272338743,RGG3_weighted,"step,r_mult=3.0000,a=0.0576872",69.71881663743477,uniform,,0.0001289601938547901,29,7,0.01910029522298121
0.05581395348837209,1.0,10.0,0.0,4,72.26488129294313,RGG3_weighted,"step,r_mult=3.0000,a=0.0576872",69.6433531638724,uniform,,0.00011289957489538007,29,7,0.01752316405429778
0.05581395348837209,1.0,10.0,0.1,4,72.32715770609921,RGG3_weighted,"step,r_mult=3.0000,a=0.0576872",69.65089951122864,uniform,,0.00011525659753964557,29,7,0.01777104186442668
0.05581395348837209,1.0,10.0,1.0,4,72.88764542450396,RGG3_weighted,"step,r_mult=3.0000,a=0.0576872",69.71881663743477,uniform,,0.00013646980133803565,29,7,0.020001942155586788
0.05581395348837209,1.0,100.0,0.0,4,74.00861215055276,RGG3_weighted,"step,r_mult=3.0000,a=0.0576872",69.6433531638724,uniform,,0.00018799564972783633,29,7,0.02653963338035357
0.05581395348837209,1.0,100.0,0.1,4,74.07088856370885,RGG3_weighted,"step,r_mult=3.0000,a=0.0576872",69.65089951122864,uniform,,0.0001903526723721018,29,7,0.026787511190482477
0.05581395348837209,1.0,100.0,1.0,4,74.63137628211359,RGG3_weighted,"step,r_mult=3.0000,a=0.0576872",69.71881663743477,uniform,,0.0002115658761704919,29,7,0.02901841148164258
0.05581395348837209,1.5,0.0,0.0,4,70.72541285125884,RGG3_weighted,"step,r_mult=3.0000,a=0.0576872",68.29758788534348,uniform,,0.00010455749207215172,29,7,0.016408945897840678
0.05581395348837209,1.5,0.0,0.1,4,70.78768926441492,RGG3_weighted,"step,r_mult=3.0000,a=0.0576872",68.30513423269971,uniform,,0.00010691451471641722,29,7,0.016656823707969576
0.05581395348837209,1.5,0.0,1.0,4,71.34817698281967,RGG3_weighted,"step,r_mult=3.0000,a=0.0576872",68.37305135890584,uniform,,0.00012812771851480732,29,7,0.018887723999129684
0.05581395348837209,1.5,1.0,0.0,4,70.74478763856561,RGG3_weighted,"step,r_mult=3.0000,a=0.0576872",68.29758788534348,uniform,,0.00010539189290362346,29,7,0.016509128890352408
0.05581395348837209,1.5,1.0,0.1,4,70.8070640517217,RGG3_weighted,"step,r_mult=3.0000,a=0.0576872",68.30513423269971,uniform,,0.00010774891554788895,29,7,0.01675700670048131
0.05581395348837209,1.5,1.0,1.0,4,71.36755177012644,RGG3_weighted,"step,r_mult=3.0000,a=0.0576872",68.37305135890584,uniform,,0.00012896211934627905,29,7,0.018987906991641417
0.05581395348837209,1.5,10.0,0.0,4,70.91916072432657,RGG3_weighted,"step,r_mult=3.0000,a=0.0576872",68.29758788534348,uniform,,0.00011290150038686902,29,7,0.017410775822957986
0.05581395348837209,1.5,10.0,0.1,4,70.98143713748266,RGG3_weighted,"step,r_mult=3.0000,a=0.0576872",68.30513423269971,uniform,,0.00011525852303113452,29,7,0.017658653633086885
0.05581395348837209,1.5,10.0,1.0,4,71.5419248558874,RGG3_weighted,"step,r_mult=3.0000,a=0.0576872",68.37305135890584,uniform,,0.00013647172682952461,29,7,0.019889553924246992
0.05581395348837209,1.5,100.0,0.0,4,72.66289158193621,RGG3_weighted,"step,r_mult=3.0000,a=0.0576872",68.29758788534348,uniform,,0.00018799757521932527,29,7,0.02642724514901378
0.05581395348837209,1.5,100.0,0.1,4,72.72516799509229,RGG3_weighted,"step,r_mult=3.0000,a=0.0576872",68.30513423269971,uniform,,0.00019035459786359077,29,7,0.02667512295914268
0.05581395348837209,1.5,100.0,1.0,4,73.28565571349704,RGG3_weighted,"step,r_mult=3.0000,a=0.0576872",68.37305135890584,uniform,,0.00021156780166198085,29,7,0.028906023250302785
0.05581395348837209,2.0,0.0,0.0,4,69.37969228264228,RGG3_weighted,"step,r_mult=3.0000,a=0.0576872",66.95182260681453,uniform,,0.00010455941756364128,29,7,0.016296557666500885
0.05581395348837209,2.0,0.0,0.1,4,69.44196869579837,RGG3_weighted,"step,r_mult=3.0000,a=0.0576872",66.95936895417077,uniform,,0.00010691644020790678,29,7,0.016544435476629784
0.05581395348837209,2.0,0.0,1.0,4,70.00245641420311,RGG3_weighted,"step,r_mult=3.0000,a=0.0576872",67.0272860803769,uniform,,0.00012812964400629688,29,7,0.01877533576778989
0.05581395348837209,2.0,1.0,0.0,4,69.39906706994906,RGG3_weighted,"step,r_mult=3.0000,a=0.0576872",66.95182260681453,uniform,,0.000105393818395113,29,7,0.016396740659012615
0.05581395348837209,2.0,1.0,0.1,4,69.46134348310514,RGG3_weighted,"step,r_mult=3.0000,a=0.0576872",66.95936895417077,uniform,,0.00010775084103937851,29,7,0.016644618469141514
0.05581395348837209,2.0,1.0,1.0,4,70.02183120150988,RGG3_weighted,"step,r_mult=3.0000,a=0.0576872",67.0272860803769,uniform,,0.00012896404483776858,29,7,0.018875518760301625
0.05581395348837209,2.0,10.0,0.0,4,69.57344015571002,RGG3_weighted,"step,r_mult=3.0000,a=0.0576872",66.95182260681453,uniform,,0.00011290342587835857,29,7,0.017298387591618194
0.05581395348837209,2.0,10.0,0.1,4,69.6357165688661,RGG3_weighted,"step,r_mult=3.0000,a=0.0576872",66.95936895417077,uniform,,0.00011526044852262408,29,7,0.017546265401747092
0.05581395348837209,2.0,10.0,1.0,4,70.19620428727085,RGG3_weighted,"step,r_mult=3.0000,a=0.0576872",67.0272860803769,uniform,,0.00013647365232101415,29,7,0.0197771656929072
0.05581395348837209,2.0,100.0,0.0,4,71.31717101331965,RGG3_weighted,"step,r_mult=3.0000,a=0.0576872",66.95182260681453,uniform,,0.00018799950071081482,29,7,0.026314856917673983
0.05581395348837209,2.0,100.0,0.1,4,71.37944742647574,RGG3_weighted,"step,r_mult=3.0000,a=0.0576872",66.95936895417077,uniform,,0.00019035652335508033,29,7,0.026562734727802885
0.05581395348837209,2.0,100.0,1.0,4,71.93993514488048,RGG3_weighted,"step,r_mult=3.0000,a=0.0576872",67.0272860803769,uniform,,0.0002115697271534704,29,7,0.02879363501896299
0.05581395348837209,3.0,0.0,0.0,4,66.68825114540917,RGG3_weighted,"step,r_mult=3.0000,a=0.0576872",64.26029204975667,uniform,,0.00010456326854661917,29,7,0.016071781203821293
0.05581395348837209,3.0,0.0,0.1,4,66.75052755856525,RGG3_weighted,"step,r_mult=3.0000,a=0.0576872",64.26783839711291,uniform,,0.00010692029119088466,29,7,0.016319659013950195
0.05581395348837209,3.0,0.0,1.0,4,67.31101527697,RGG3_weighted,"step,r_mult=3.0000,a=0.0576872",64.33575552331904,uniform,,0.00012813349498927475,29,7,0.0185505593051103
0.05581395348837209,3.0,1.0,0.0,4,66.70762593271594,RGG3_weighted,"step,r_mult=3.0000,a=0.0576872",64.26029204975667,uniform,,0.0001053976693780909,29,7,0.016171964196333023
0.05581395348837209,3.0,1.0,0.1,4,66.76990234587203,RGG3_weighted,"step,r_mult=3.0000,a=0.0576872",64.26783839711291,uniform,,0.0001077546920223564,29,7,0.016419842006461925
0.05581395348837209,3.0,1.0,1.0,4,67.33039006427677,RGG3_weighted,"step,r_mult=3.0000,a=0.0576872",64.33575552331904,uniform,,0.00012896789582074648,29,7,0.018650742297622033
0.05581395348837209,3.0,10.0,0.0,4,66.8819990184769,RGG3_weighted,"step,r_mult=3.0000,a=0.0576872",64.26029204975667,uniform,,0.00011290727686133646,29,7,0.017073611128938602
0.05581395348837209,3.0,10.0,0.1,4,66.94427543163299,RGG3_weighted,"step,r_mult=3.0000,a=0.0576872",64.26783839711291,uniform,,0.00011526429950560196,29,7,0.017321488939067504
0.05581395348837209,3.0,10.0,1.0,4,67.50476315003773,RGG3_weighted,"step,r_mult=3.0000,a=0.0576872",64.33575552331904,uniform,,0.00013647750330399204,29,7,0.019552389230227604
0.05581395348837209,3.0,100.0,0.0,4,68.62572987608654,RGG3_weighted,"step,r_mult=3.0000,a=0.0576872",64.26029204975667,uniform,,0.00018800335169379272,29,7,0.02609008045499439
0.05581395348837209,3.0,100.0,0.1,4,68.68800628924262,RGG3_weighted,"step,r_mult=3.0000,a=0.0576872",64.26783839711291,uniform,,0.0001903603743380582,29,7,0.026337958265123296
0.05581395348837209,3.0,100.0,1.0,4,69.24849400764737,RGG3_weighted,"step,r_mult=3.0000,a=0.0576872",64.33575552331904,uniform,,0.0002115735781364483,29,7,0.0285688585562834
0.1,0.5,0.0,0.0,0,232.08160069946985,RGG3_weighted,"step,r_mult=3.0000,a=0.103283",224.4600000000001,uniform,,0.00032823431091601,24,5,0.05340030728589932
0.1,0.5,0.0,0.1,0,232.43215389301352,RGG3_weighted,"step,r_mult=3.0000,a=0.103283",224.50340186915898,uniform,,0.00034146218879649195,24,5,0.054814445838394565
0.1,0.5,0.0,1.0,0,235.58713263490648,RGG3_weighted,"step,r_mult=3.0000,a=0.103283",224.89401869158883,uniform,,0.00046051308972082925,24,5,0.06754169281085186
0.1,0.5,1.0,0.0,0,232.1602595814702,RGG3_weighted,"step,r_mult=3.0000,a=0.103283",224.4600000000001,uniform,,0.0003316218596671019,24,5,0.05393609133622731
0.1,0.5,1.0,0.1,0,232.51081277501387,RGG3_weighted,"step,r_mult=3.0000,a=0.103283",224.50340186915898,uniform,,0.00034484973754758387,24,5,0.055350229888722555
0.1,0.5,1.0,1.0,0,235.66579151690684,RGG3_weighted,"step,r_mult=3.0000,a=0.103283",224.89401869158883,uniform,,0.00046390063847192117,24,5,0.06807747686117983
0.1,0.5,10.0,0.0,0,232.86818951947342,RGG3_weighted,"step,r_mult=3.0000,a=0.103283",224.4600000000001,uniform,,0.00036210979842693047,24,5,0.0587581477891792
0.1,0.5,10.0,0.1,0,233.2187427130171,RGG3_weighted,"step,r_mult=3.0000,a=0.103283",224.50340186915898,uniform,,0.00037533767630741236,24,5,0.060172286341674444
0.1,0.5,10.0,1.0,0,236.37372145491005,RGG3_weighted,"step,r_mult=3.0000,a=0.103283",224.89401869158883,uniform,,0.0004943885772317497,24,5,0.07289953331413172
0.1,0.5,100.0,0.0,0,239.9474888995056,RGG3_weighted,"step,r_mult=3.0000,a=0.103283",224.4600000000001,uniform,,0.0006669891860252156,24,5,0.10697871231869811
0.1,0.5,100.0,0.1,0,240.29804209304928,RGG3_weighted,"step,r_mult=3.0000,a=0.103283",224.50340186915898,uniform,,0.0006802170639056976,24,5,0.10839285087119337
0.1,0.5,100.0,1.0,0,243.45302083494224,RGG3_weighted,"step,r_mult=3.0000,a=0.103283",224.89401869158883,uniform,,0.0007992679648300349,24,5,0.12112009784365065
0.1,1.0,0.0,0.0,0,224.34094359269474,RGG3_weighted,"step,r_mult=3.0000,a=0.103283",216.7200000000001,uniform,,0.00032820601174395476,24,5,0.05271008186409785
0.1,1.0,0.0,0.1,0,224.69149678623842,RGG3_weighted,"step,r_mult=3.0000,a=0.103283",216.763401869159,uniform,,0.0003414338896244367,24,5,0.054124220416593094
0.1,1.0,0.0,1.0,0,227.84647552813138,RGG3_weighted,"step,r_mult=3.0000,a=0.103283",217.15401869158885,uniform,,0.000460484790548774,24,5,0.06685146738905039
0.1,1.0,1.0,0.0,0,224.4196024746951,RGG3_weighted,"step,r_mult=3.0000,a=0.103283",216.7200000000001,uniform,,0.0003315935604950467,24,5,0.05324586591442584
0.1,1.0,1.0,0.1,0,224.77015566823877,RGG3_weighted,"step,r_mult=3.0000,a=0.103283",216.763401869159,uniform,,0.0003448214383755286,24,5,0.05466000446692108
0.1,1.0,1.0,1.0,0,227.92513441013173,RGG3_weighted,"step,r_mult=3.0000,a=0.103283",217.15401869158885,uniform,,0.000463872339299866,24,5,0.06738725143937836
0.1,1.0,10.0,0.0,0,225.12753241269832,RGG3_weighted,"step,r_mult=3.0000,a=0.103283",216.7200000000001,uniform,,0.0003620814992548752,24,5,0.058067922367377726
0.1,1.0,10.0,0.1,0,225.478085606242,RGG3_weighted,"step,r_mult=3.0000,a=0.103283",216.763401869159,uniform,,0.0003753093771353571,24,5,0.05948206091987297
0.1,1.0,10.0,1.0,0,228.63306434813495,RGG3_weighted,"step,r_mult=3.0000,a=0.103283",217.15401869158885,uniform,,0.0004943602780596945,24,5,0.07220930789233027
0.1,1.0,100.0,0.0,0,232.2068317927305,RGG3_weighted,"step,r_mult=3.0000,a=0.103283",216.7200000000001,uniform,,0.0006669608868531604,24,5,0.10628848689689664
0.1,1.0,100.0,0.1,0,232.55738498627417,RGG3_weighted,"step,r_mult=3.0000,a=0.103283",216.763401869159,uniform,,0.0006801887647336424,24,5,0.1077026254493919
0.1,1.0,100.0,1.0,0,235.71236372816713,RGG3_weighted,"step,r_mult=3.0000,a=0.103283",217.15401869158885,uniform,,0.0007992396656579797,24,5,0.12042987242184916
0.1,1.5,0.0,0.0,0,216.60028648591964,RGG3_weighted,"step,r_mult=3.0000,a=0.103283",208.9800000000001,uniform,,0.00032817771257190076,24,5,0.052019856442296376
0.1,1.5,0.0,0.1,0,216.95083967946331,RGG3_weighted,"step,r_mult=3.0000,a=0.103283",209.023401869159,uniform,,0.0003414055904523827,24,5,0.05343399499479162
0.1,1.5,0.0,1.0,0,220.10581842135628,RGG3_weighted,"step,r_mult=3.0000,a=0.103283",209.41401869158884,uniform,,0.00046045649137672,24,5,0.06616124196724892
0.1,1.5,1.0,0.0,0,216.67894536792,RGG3_weighted,"step,r_mult=3.0000,a=0.103283",208.9800000000001,uniform,,0.0003315652613229927,24,5,0.052555640492624366
0.1,1.5,1.0,0.1,0,217.02949856146367,RGG3_weighted,"step,r_mult=3.0000,a=0.103283",209.023401869159,uniform,,0.0003447931392034746,24,5,0.05396977904511961
0.1,1.5,1.0,1.0,0,220.18447730335663,RGG3_weighted,"step,r_mult=3.0000,a=0.103283",209.41401869158884,uniform,,0.0004638440401278119,24,5,0.0666970260175769
0.1,1.5,10.0,0.0,0,217.3868753059232,RGG3_weighted,"step,r_mult=3.0000,a=0.103283",208.9800000000001,uniform,,0.0003620532000828212,24,5,0.057377696945576255
0.1,1.5,10.0,0.1,0,217.7374284994669,RGG3_weighted,"step,r_mult=3.0000,a=0.103283",209.023401869159,uniform,,0.0003752810779633031,24,5,0.0587918354980715
0.1,1.5,10.0,1.0,0,220.89240724135985,RGG3_weighted,"step,r_mult=3.0000,a=0.103283",209.41401869158884,uniform,,0.0004943319788876404,24,5,0.0715190824705288
0.1,1.5,100.0,0.0,0,224.4661746859554,RGG3_weighted,"step,r_mult=3.0000,a=0.103283",208.9800000000001,uniform,,0.0006669325876811064,24,5,0.10559826147509517
0.1,1.5,100.0,0.1,0,224.81672787949907,RGG3_weighted,"step,r_mult=3.0000,a=0.103283",209.023401869159,uniform,,0.0006801604655615884,24,5,0.10701240002759042
0.1,1.5,100.0,1.0,0,227.97170662139203,RGG3_weighted,"step,r_mult=3.0000,a=0.103283",209.41401869158884,uniform,,0.0007992113664859257,24,5,0.1197396470000477
0.1,2.0,0.0,0.0,0,208.85962937914454,RGG3_weighted,"step,r_mult=3.0000,a=0.103283",201.24000000000012,uniform,,0.0003281494133998455,24,5,0.0513296310204949
0.1,2.0,0.0,0.1,0,209.2101825726882,RGG3_weighted,"step,r_mult=3.0000,a=0.103283",201.283401869159,uniform,,0.00034137729128032746,24,5,0.05274376957299015
0.1,2.0,0.0,1.0,0,212.36516131458117,RGG3_weighted,"step,r_mult=3.0000,a=0.103283",201.67401869158886,uniform,,0.0004604281922046648,24,5,0.06547101654544744
0.1,2.0,1.0,0.0,0,208.9382882611449,RGG3_weighted,"step,r_mult=3.0000,a=0.103283",201.24000000000012,uniform,,0.0003315369621509375,24,5,0.051865415070822894
0.1,2.0,1.0,0.1,0,209.28884145468857,RGG3_weighted,"step,r_mult=3.0000,a=0.103283",201.283401869159,uniform,,0.0003447648400314194,24,5,0.05327955362331814
0.1,2.0,1.0,1.0,0,212.44382019658153,RGG3_weighted,"step,r_mult=3.0000,a=0.103283",201.67401869158886,uniform,,0.00046381574095575673,24,5,0.06600680059577543
0.1,2.0,10.0,0.0,0,209.6462181991481,RGG3_weighted,"step,r_mult=3.0000,a=0.103283",201.24000000000012,uniform,,0.000362024900910766,24,5,0.056687471523774784
0.1,2.0,10.0,0.1,0,209.99677139269178,RGG3_weighted,"step,r_mult=3.0000,a=0.103283",201.283401869159,uniform,,0.0003752527787912479,24,5,0.05810161007627003
0.1,2.0,10.0,1.0,0,213.15175013458474,RGG3_weighted,"step,r_mult=3.0000,a=0.103283",201.67401869158886,uniform,,0.0004943036797155852,24,5,0.07082885704872732
0.1,2.0,100.0,0.0,0,216.7255175791803,RGG3_weighted,"step,r_mult=3.0000,a=0.103283",201.24000000000012,uniform,,0.0006669042885090511,24,5,0.1049080360532937
0.1,2.0,100.0,0.1,0,217.07607077272397,RGG3_weighted,"step,r_mult=3.0000,a=0.103283",201.283401869159,uniform,,0.0006801321663895331,24,5,0.10632217460578894
0.1,2.0,100.0,1.0,0,220.23104951461693,RGG3_weighted,"step,r_mult=3.0000,a=0.103283",201.67401869158886,uniform,,0.0007991830673138705,24,5,0.11904942157824622
0.1,3.0,0.0,0.0,0,193.3783151655943,RGG3_weighted,"step,r_mult=3.0000,a=0.103283",185.7600000000001,uniform,,0.0003280928150557363,24,5,0.049949180176891955
0.1,3.0,0.0,0.1,0,193.72886835913798,RGG3_weighted,"step,r_mult=3.0000,a=0.103283",185.803401869159,uniform,,0.0003413206929362182,24,5,0.051363318729387215
0.1,3.0,0.0,1.0,0,196.88384710103094,RGG3_weighted,"step,r_mult=3.0000,a=0.103283",186.19401869158884,uniform,,0.00046037159386055557,24,5,0.0640905657018445
0.1,3.0,1.0,0.0,0,193.45697404759466,RGG3_weighted,"step,r_mult=3.0000,a=0.103283",185.7600000000001,uniform,,0.00033148036380682824,24,5,0.05048496422721995
0.1,3.0,1.0,0.1,0,193.80752724113833,RGG3_weighted,"step,r_mult=3.0000,a=0.103283",185.803401869159,uniform,,0.00034470824168731013,24,5,0.051899102779715205
0.1,3.0,1.0,1.0,0,196.9625059830313,RGG3_weighted,"step,r_mult=3.0000,a=0.103283",186.19401869158884,uniform,,0.0004637591426116475,24,5,0.06462634975217249
0.1,3.0,10.0,0.0,0,194.16490398559787,RGG3_weighted,"step,r_mult=3.0000,a=0.103283",185.7600000000001,uniform,,0.00036196830256665673,24,5,0.05530702068017185
0.1,3.0,10.0,0.1,0,194.51545717914155,RGG3_weighted,"step,r_mult=3.0000,a=0.103283",185.803401869159,uniform,,0.0003751961804471387,24,5,0.056721159232667094
0.1,3.0,10.0,1.0,0,197.6704359210345,RGG3_weighted,"step,r_mult=3.0000,a=0.103283",186.19401869158884,uniform,,0.000494247081371476,24,5,0.06944840620512438
0.1,3.0,100.0,0.0,0,201.24420336563006,RGG3_weighted,"step,r_mult=3.0000,a=0.103283",185.7600000000001,uniform,,0.0006668476901649419,24,5,0.10352758520969076
0.1,3.0,100.0,0.1,0,201.59475655917373,RGG3_weighted,"step,r_mult=3.0000,a=0.103283",185.803401869159,uniform,,0.0006800755680454239,24,5,0.104941723762186
0.1,3.0,100.0,1.0,0,204.7497353010667,RGG3_weighted,"step,r_mult=3.0000,a=0.103283",186.19401869158884,uniform,,0.0007991264689697612,24,5,0.11766897073464327
0.1,0.5,0.0,0.0,1,232.79852306985862,RGG3_weighted,"step,r_mult=3.0000,a=0.103591",224.4600000000001,uniform,,0.0003591095206657418,24,5,0.05144865919641276
0.1,0.5,0.0,0.1,1,233.17805489563213,RGG3_weighted,"step,r_mult=3.0000,a=0.103591",224.50340186915898,uniform,,0.00037358540165689715,24,5,0.052817126557572903
0.1,0.5,0.0,1.0,1,236.59384132759374,RGG3_weighted,"step,r_mult=3.0000,a=0.103591",224.89401869158883,uniform,,0.0005038683305773002,24,5,0.06513333280801413
0.1,0.5,1.0,0.0,1,232.88073870247314,RGG3_weighted,"step,r_mult=3.0000,a=0.103591",224.4600000000001,uniform,,0.00036265024558454115,24,5,0.05192247981829209
0.1,0.5,1.0,0.1,1,233.26027052824665,RGG3_weighted,"step,r_mult=3.0000,a=0.103591",224.50340186915898,uniform,,0.00037712612657569646,24,5,0.05329094717945222
0.1,0.5,1.0,1.0,1,236.67605696020826,RGG3_weighted,"step,r_mult=3.0000,a=0.103591",224.89401869158883,uniform,,0.0005074090554960995,24,5,0.06560715342989346
0.1,0.5,10.0,0.0,1,233.62067939600388,RGG3_weighted,"step,r_mult=3.0000,a=0.103591",224.4600000000001,uniform,,0.00039451676985373754,24,5,0.05618686541520602
0.1,0.5,10.0,0.1,1,234.0002112217774,RGG3_weighted,"step,r_mult=3.0000,a=0.103591",224.50340186915898,uniform,,0.0004089926508448929,24,5,0.05755533277636616
0.1,0.5,10.0,1.0,1,237.415997653739,RGG3_weighted,"step,r_mult=3.0000,a=0.103591",224.89401869158883,uniform,,0.000539275579765296,24,5,0.06987153902680739
0.1,0.5,100.0,0.0,1,241.02008633131126,RGG3_weighted,"step,r_mult=3.0000,a=0.103591",224.4600000000001,uniform,,0.0007131820125457006,24,5,0.09883072138434534
0.1,0.5,100.0,0.1,1,241.39961815708477,RGG3_weighted,"step,r_mult=3.0000,a=0.103591",224.50340186915898,uniform,,0.000727657893536856,24,5,0.10019918874550547
0.1,0.5,100.0,1.0,1,244.81540458904638,RGG3_weighted,"step,r_mult=3.0000,a=0.103591",224.89401869158883,uniform,,0.000857940822457259,24,5,0.1125153949959467
0.1,1.0,0.0,0.0,1,225.0579428606631,RGG3_weighted,"step,r_mult=3.0000,a=0.103591",216.7200000000001,uniform,,0.0003590845331896207,24,5,0.050795152038185264
0.1,1.0,0.0,0.1,1,225.43747468643662,RGG3_weighted,"step,r_mult=3.0000,a=0.103591",216.763401869159,uniform,,0.000373560414180776,24,5,0.0521636193993454
0.1,1.0,0.0,1.0,1,228.85326111839822,RGG3_weighted,"step,r_mult=3.0000,a=0.103591",217.15401869158885,uniform,,0.000503843343101179,24,5,0.06447982564978663
0.1,1.0,1.0,0.0,1,225.14015849327762,RGG3_weighted,"step,r_mult=3.0000,a=0.103591",216.7200000000001,uniform,,0.00036262525810842,24,5,0.05126897266006459
0.1,1.0,1.0,0.1,1,225.51969031905114,RGG3_weighted,"step,r_mult=3.0000,a=0.103591",216.763401869159,uniform,,0.00037710113909957536,24,5,0.052637440021224724
0.1,1.0,1.0,1.0,1,228.93547675101274,RGG3_weighted,"step,r_mult=3.0000,a=0.103591",217.15401869158885,uniform,,0.0005073840680199784,24,5,0.06495364627166596
0.1,1.0,10.0,0.0,1,225.88009918680837,RGG3_weighted,"step,r_mult=3.0000,a=0.103591",216.7200000000001,uniform,,0.00039449178237761643,24,5,0.05553335825697852
0.1,1.0,10.0,0.1,1,226.25963101258188,RGG3_weighted,"step,r_mult=3.0000,a=0.103591",216.763401869159,uniform,,0.00040896766336877174,24,5,0.056901825618138654
0.1,1.0,10.0,1.0,1,229.67541744454348,RGG3_weighted,"step,r_mult=3.0000,a=0.103591",217.15401869158885,uniform,,0.0005392505922891748,24,5,0.06921803186857989
0.1,1.0,100.0,0.0,1,233.27950612211575,RGG3_weighted,"step,r_mult=3.0000,a=0.103591",216.7200000000001,uniform,,0.0007131570250695795,24,5,0.09817721422611783
0.1,1.0,100.0,0.1,1,233.65903794788926,RGG3_weighted,"step,r_mult=3.0000,a=0.103591",216.763401869159,uniform,,0.0007276329060607349,24,5,0.09954568158727797
0.1,1.0,100.0,1.0,1,237.07482437985087,RGG3_weighted,"step,r_mult=3.0000,a=0.103591",217.15401869158885,uniform,,0.0008579158349811378,24,5,0.11186188783771919
0.1,1.5,0.0,0.0,1,217.31736265146762,RGG3_weighted,"step,r_mult=3.0000,a=0.103591",208.9800000000001,uniform,,0.00035905954571350195,24,5,0.05014164487995776
0.1,1.5,0.0,0.1,1,217.69689447724113,RGG3_weighted,"step,r_mult=3.0000,a=0.103591",209.023401869159,uniform,,0.0003735354267046573,24,5,0.05151011224111789
0.1,1.5,0.0,1.0,1,221.11268090920274,RGG3_weighted,"step,r_mult=3.0000,a=0.103591",209.41401869158884,uniform,,0.0005038183556250603,24,5,0.06382631849155913
0.1,1.5,1.0,0.0,1,217.39957828408214,RGG3_weighted,"step,r_mult=3.0000,a=0.103591",208.9800000000001,uniform,,0.00036260027063230127,24,5,0.05061546550183708
0.1,1.5,1.0,0.1,1,217.77911010985565,RGG3_weighted,"step,r_mult=3.0000,a=0.103591",209.023401869159,uniform,,0.00037707615162345663,24,5,0.05198393286299721
0.1,1.5,1.0,1.0,1,221.19489654181726,RGG3_weighted,"step,r_mult=3.0000,a=0.103591",209.41401869158884,uniform,,0.0005073590805438596,24,5,0.06430013911343845
0.1,1.5,10.0,0.0,1,218.13951897761288,RGG3_weighted,"step,r_mult=3.0000,a=0.103591",208.9800000000001,uniform,,0.0003944667949014977,24,5,0.054879851098751015
0.1,1.5,10.0,0.1,1,218.5190508033864,RGG3_weighted,"step,r_mult=3.0000,a=0.103591",209.023401869159,uniform,,0.0004089426758926531,24,5,0.05624831845991115
0.1,1.5,10.0,1.0,1,221.934837235348,RGG3_weighted,"step,r_mult=3.0000,a=0.103591",209.41401869158884,uniform,,0.0005392256048130561,24,5,0.06856452471035239
0.1,1.5,100.0,0.0,1,225.53892591292026,RGG3_weighted,"step,r_mult=3.0000,a=0.103591",208.9800000000001,uniform,,0.0007131320375934608,24,5,0.09752370706789033
0.1,1.5,100.0,0.1,1,225.91845773869377,RGG3_weighted,"step,r_mult=3.0000,a=0.103591",209.023401869159,uniform,,0.0007276079185846162,24,5,0.09889217442905046
0.1,1.5,100.0,1.0,1,229.33424417065538,RGG3_weighted,"step,r_mult=3.0000,a=0.103591",209.41401869158884,uniform,,0.0008578908475050191,24,5,0.1112083806794917
0.1,2.0,0.0,0.0,1,209.5767824422721,RGG3_weighted,"step,r_mult=3.0000,a=0.103591",201.24000000000012,uniform,,0.0003590345582373808,24,5,0.04948813772173025
0.1,2.0,0.0,0.1,1,209.95631426804562,RGG3_weighted,"step,r_mult=3.0000,a=0.103591",201.283401869159,uniform,,0.00037351043922853616,24,5,0.050856605082890395
0.1,2.0,0.0,1.0,1,213.37210070000722,RGG3_weighted,"step,r_mult=3.0000,a=0.103591",201.67401869158886,uniform,,0.0005037933681489392,24,5,0.06317281133333162
0.1,2.0,1.0,0.0,1,209.65899807488663,RGG3_weighted,"step,r_mult=3.0000,a=0.103591",201.24000000000012,uniform,,0.0003625752831561801,24,5,0.04996195834360958
0.1,2.0,1.0,0.1,1,210.03852990066014,RGG3_weighted,"step,r_mult=3.0000,a=0.103591",201.283401869159,uniform,,0.0003770511641473355,24,5,0.051330425704769714
0.1,2.0,1.0,1.0,1,213.45431633262174,RGG3_weighted,"step,r_mult=3.0000,a=0.103591",201.67401869158886,uniform,,0.0005073340930677385,24,5,0.06364663195521095
0.1,2.0,10.0,0.0,1,210.39893876841737,RGG3_weighted,"step,r_mult=3.0000,a=0.103591",201.24000000000012,uniform,,0.00039444180742537655,24,5,0.05422634394052351
0.1,2.0,10.0,0.1,1,210.77847059419088,RGG3_weighted,"step,r_mult=3.0000,a=0.103591",201.283401869159,uniform,,0.0004089176884165319,24,5,0.055594811301683644
0.1,2.0,10.0,1.0,1,214.19425702615248,RGG3_weighted,"step,r_mult=3.0000,a=0.103591",201.67401869158886,uniform,,0.0005392006173369349,24,5,0.06791101755212488
0.1,2.0,100.0,0.0,1,217.79834570372475,RGG3_weighted,"step,r_mult=3.0000,a=0.103591",201.24000000000012,uniform,,0.0007131070501173397,24,5,0.09687019990966284
0.1,2.0,100.0,0.1,1,218.17787752949826,RGG3_weighted,"step,r_mult=3.0000,a=0.103591",201.283401869159,uniform,,0.0007275829311084949,24,5,0.09823866727082295
0.1,2.0,100.0,1.0,1,221.59366396145987,RGG3_weighted,"step,r_mult=3.0000,a=0.103591",201.67401869158886,uniform,,0.000857865860028898,24,5,0.1105548735212642
0.1,3.0,0.0,0.0,1,194.09562202388108,RGG3_weighted,"step,r_mult=3.0000,a=0.103591",185.7600000000001,uniform,,0.00035898458328514096,24,5,0.04818112340527526
0.1,3.0,0.0,0.1,1,194.4751538496546,RGG3_weighted,"step,r_mult=3.0000,a=0.103591",185.803401869159,uniform,,0.0003734604642762963,24,5,0.04954959076643539
0.1,3.0,0.0,1.0,1,197.8909402816162,RGG3_weighted,"step,r_mult=3.0000,a=0.103591",186.19401869158884,uniform,,0.0005037433931966993,24,5,0.061865797016876625
0.1,3.0,1.0,0.0,1,194.1778376564956,RGG3_weighted,"step,r_mult=3.0000,a=0.103591",185.7600000000001,uniform,,0.0003625253082039403,24,5,0.048654944027154576
0.1,3.0,1.0,0.1,1,194.5573694822691,RGG3_weighted,"step,r_mult=3.0000,a=0.103591",185.803401869159,uniform,,0.00037700118919509564,24,5,0.05002341138831472
0.1,3.0,1.0,1.0,1,197.97315591423072,RGG3_weighted,"step,r_mult=3.0000,a=0.103591",186.19401869158884,uniform,,0.0005072841181154986,24,5,0.06233961763875595
0.1,3.0,10.0,0.0,1,194.91777835002634,RGG3_weighted,"step,r_mult=3.0000,a=0.103591",185.7600000000001,uniform,,0.0003943918324731367,24,5,0.05291932962406851
0.1,3.0,10.0,0.1,1,195.29731017579985,RGG3_weighted,"step,r_mult=3.0000,a=0.103591",185.803401869159,uniform,,0.00040886771346429203,24,5,0.05428779698522865
0.1,3.0,10.0,1.0,1,198.71309660776146,RGG3_weighted,"step,r_mult=3.0000,a=0.103591",186.19401869158884,uniform,,0.0005391506423846951,24,5,0.06660400323566988
0.1,3.0,100.0,0.0,1,202.31718528533372,RGG3_weighted,"step,r_mult=3.0000,a=0.103591",185.7600000000001,uniform,,0.0007130570751650997,24,5,0.09556318559320783
0.1,3.0,100.0,0.1,1,202.69671711110723,RGG3_weighted,"step,r_mult=3.0000,a=0.103591",185.803401869159,uniform,,0.0007275329561562551,24,5,0.09693165295436795
0.1,3.0,100.0,1.0,1,206.11250354306884,RGG3_weighted,"step,r_mult=3.0000,a=0.103591",186.19401869158884,uniform,,0.0008578158850766582,24,5,0.10924785920480919
0.1,0.5,0.0,0.0,2,232.26332903702303,RGG3_weighted,"step,r_mult=3.0000,a=0.103361",224.4600000000001,uniform,,0.00033606068204233136,24,5,0.052940832647317124
0.1,0.5,0.0,0.1,2,232.62140116654078,RGG3_weighted,"step,r_mult=3.0000,a=0.103361",224.50340186915898,uniform,,0.00034961237284159344,24,5,0.05434290840900343
0.1,0.5,0.0,1.0,2,235.84405033220048,RGG3_weighted,"step,r_mult=3.0000,a=0.103361",224.89401869158883,uniform,,0.000471577590034955,24,5,0.06696159026418028
0.1,0.5,1.0,0.0,2,232.33851165477023,RGG3_weighted,"step,r_mult=3.0000,a=0.103361",224.4600000000001,uniform,,0.00033929852087726686,24,5,0.05339765886534824
0.1,0.5,1.0,0.1,2,232.69658378428798,RGG3_weighted,"step,r_mult=3.0000,a=0.103361",224.50340186915898,uniform,,0.000352850211676529,24,5,0.054799734627034545
0.1,0.5,1.0,1.0,2,235.91923294994768,RGG3_weighted,"step,r_mult=3.0000,a=0.103361",224.89401869158883,uniform,,0.0004748154288698905,24,5,0.06741841648221139
0.1,0.5,10.0,0.0,2,233.01515521449514,RGG3_weighted,"step,r_mult=3.0000,a=0.103361",224.4600000000001,uniform,,0.0003684390703916901,24,5,0.05750909482762834
0.1,0.5,10.0,0.1,2,233.3732273440129,RGG3_weighted,"step,r_mult=3.0000,a=0.103361",224.50340186915898,uniform,,0.00038199076119095225,24,5,0.058911170589314645
0.1,0.5,10.0,1.0,2,236.5958765096726,RGG3_weighted,"step,r_mult=3.0000,a=0.103361",224.89401869158883,uniform,,0.0005039559783843138,24,5,0.07152985244449149
0.1,0.5,100.0,0.0,2,239.7815908117441,RGG3_weighted,"step,r_mult=3.0000,a=0.103361",224.4600000000001,uniform,,0.000659844565535918,24,5,0.09862345445042933
0.1,0.5,100.0,0.1,2,240.13966294126186,RGG3_weighted,"step,r_mult=3.0000,a=0.103361",224.50340186915898,uniform,,0.0006733962563351801,24,5,0.10002553021211563
0.1,0.5,100.0,1.0,2,243.36231210692156,RGG3_weighted,"step,r_mult=3.0000,a=0.103361",224.89401869158883,uniform,,0.0007953614735285416,24,5,0.11264421206729247
0.1,1.0,0.0,0.0,2,224.5229189242574,RGG3_weighted,"step,r_mult=3.0000,a=0.103361",216.7200000000001,uniform,,0.00033604301999385375,24,5,0.05226522693846987
0.1,1.0,0.0,0.1,2,224.88099105377515,RGG3_weighted,"step,r_mult=3.0000,a=0.103361",216.763401869159,uniform,,0.0003495947107931159,24,5,0.053667302700156176
0.1,1.0,0.0,1.0,2,228.10364021943485,RGG3_weighted,"step,r_mult=3.0000,a=0.103361",217.15401869158885,uniform,,0.0004715599279864774,24,5,0.06628598455533302
0.1,1.0,1.0,0.0,2,224.5981015420046,RGG3_weighted,"step,r_mult=3.0000,a=0.103361",216.7200000000001,uniform,,0.00033928085882878924,24,5,0.05272205315650099
0.1,1.0,1.0,0.1,2,224.95617367152235,RGG3_weighted,"step,r_mult=3.0000,a=0.103361",216.763401869159,uniform,,0.0003528325496280514,24,5,0.0541241289181873
0.1,1.0,1.0,1.0,2,228.17882283718205,RGG3_weighted,"step,r_mult=3.0000,a=0.103361",217.15401869158885,uniform,,0.00047479776682141296,24,5,0.06674281077336414
0.1,1.0,10.0,0.0,2,225.2747451017295,RGG3_weighted,"step,r_mult=3.0000,a=0.103361",216.7200000000001,uniform,,0.00036842140834321256,24,5,0.05683348911878109
0.1,1.0,10.0,0.1,2,225.63281723124726,RGG3_weighted,"step,r_mult=3.0000,a=0.103361",216.763401869159,uniform,,0.00038197309914247464,24,5,0.05823556488046739
0.1,1.0,10.0,1.0,2,228.85546639690696,RGG3_weighted,"step,r_mult=3.0000,a=0.103361",217.15401869158885,uniform,,0.0005039383163358362,24,5,0.07085424673564424
0.1,1.0,100.0,0.0,2,232.04118069897848,RGG3_weighted,"step,r_mult=3.0000,a=0.103361",216.7200000000001,uniform,,0.0006598269034874404,24,5,0.09794784874158208
0.1,1.0,100.0,0.1,2,232.39925282849623,RGG3_weighted,"step,r_mult=3.0000,a=0.103361",216.763401869159,uniform,,0.0006733785942867025,24,5,0.09934992450326838
0.1,1.0,100.0,1.0,2,235.62190199415593,RGG3_weighted,"step,r_mult=3.0000,a=0.103361",217.15401869158885,uniform,,0.0007953438114800641,24,5,0.11196860635844522
0.1,1.5,0.0,0.0,2,216.7825088114918,RGG3_weighted,"step,r_mult=3.0000,a=0.103361",208.9800000000001,uniform,,0.00033602535794537863,24,5,0.05158962122962263
0.1,1.5,0.0,0.1,2,217.14058094100955,RGG3_weighted,"step,r_mult=3.0000,a=0.103361",209.023401869159,uniform,,0.0003495770487446407,24,5,0.052991696991308936
0.1,1.5,0.0,1.0,2,220.36323010666925,RGG3_weighted,"step,r_mult=3.0000,a=0.103361",209.41401869158884,uniform,,0.0004715422659380023,24,5,0.06561037884648578
0.1,1.5,1.0,0.0,2,216.857691429239,RGG3_weighted,"step,r_mult=3.0000,a=0.103361",208.9800000000001,uniform,,0.0003392631967803141,24,5,0.05204644744765374
0.1,1.5,1.0,0.1,2,217.21576355875675,RGG3_weighted,"step,r_mult=3.0000,a=0.103361",209.023401869159,uniform,,0.00035281488757957626,24,5,0.05344852320934005
0.1,1.5,1.0,1.0,2,220.43841272441645,RGG3_weighted,"step,r_mult=3.0000,a=0.103361",209.41401869158884,uniform,,0.0004747801047729378,24,5,0.0660672050645169
0.1,1.5,10.0,0.0,2,217.5343349889639,RGG3_weighted,"step,r_mult=3.0000,a=0.103361",208.9800000000001,uniform,,0.0003684037462947374,24,5,0.05615788340993384
0.1,1.5,10.0,0.1,2,217.89240711848166,RGG3_weighted,"step,r_mult=3.0000,a=0.103361",209.023401869159,uniform,,0.0003819554370939995,24,5,0.05755995917162015
0.1,1.5,10.0,1.0,2,221.11505628414136,RGG3_weighted,"step,r_mult=3.0000,a=0.103361",209.41401869158884,uniform,,0.0005039206542873611,24,5,0.070178641026797
0.1,1.5,100.0,0.0,2,224.30077058621288,RGG3_weighted,"step,r_mult=3.0000,a=0.103361",208.9800000000001,uniform,,0.0006598092414389653,24,5,0.09727224303273484
0.1,1.5,100.0,0.1,2,224.65884271573063,RGG3_weighted,"step,r_mult=3.0000,a=0.103361",209.023401869159,uniform,,0.0006733609322382274,24,5,0.09867431879442115
0.1,1.5,100.0,1.0,2,227.88149188139033,RGG3_weighted,"step,r_mult=3.0000,a=0.103361",209.41401869158884,uniform,,0.0007953261494315889,24,5,0.11129300064959798
0.1,2.0,0.0,0.0,2,209.04209869872616,RGG3_weighted,"step,r_mult=3.0000,a=0.103361",201.24000000000012,uniform,,0.000336007695896901,24,5,0.05091401552077538
0.1,2.0,0.0,0.1,2,209.40017082824392,RGG3_weighted,"step,r_mult=3.0000,a=0.103361",201.283401869159,uniform,,0.00034955938669616315,24,5,0.05231609128246169
0.1,2.0,0.0,1.0,2,212.62281999390362,RGG3_weighted,"step,r_mult=3.0000,a=0.103361",201.67401869158886,uniform,,0.00047152460388952467,24,5,0.06493477313763853
0.1,2.0,1.0,0.0,2,209.11728131647337,RGG3_weighted,"step,r_mult=3.0000,a=0.103361",201.24000000000012,uniform,,0.0003392455347318365,24,5,0.0513708417388065
0.1,2.0,1.0,0.1,2,209.47535344599112,RGG3_weighted,"step,r_mult=3.0000,a=0.103361",201.283401869159,uniform,,0.00035279722553109864,24,5,0.05277291750049281
0.1,2.0,1.0,1.0,2,212.69800261165082,RGG3_weighted,"step,r_mult=3.0000,a=0.103361",201.67401869158886,uniform,,0.00047476244272446017,24,5,0.06539159935566966
0.1,2.0,10.0,0.0,2,209.79392487619828,RGG3_weighted,"step,r_mult=3.0000,a=0.103361",201.24000000000012,uniform,,0.0003683860842462598,24,5,0.0554822777010866
0.1,2.0,10.0,0.1,2,210.15199700571603,RGG3_weighted,"step,r_mult=3.0000,a=0.103361",201.283401869159,uniform,,0.0003819377750455219,24,5,0.05688435346277291
0.1,2.0,10.0,1.0,2,213.37464617137573,RGG3_weighted,"step,r_mult=3.0000,a=0.103361",201.67401869158886,uniform,,0.0005039029922388835,24,5,0.06950303531794975
0.1,2.0,100.0,0.0,2,216.56036047344725,RGG3_weighted,"step,r_mult=3.0000,a=0.103361",201.24000000000012,uniform,,0.0006597915793904877,24,5,0.09659663732388758
0.1,2.0,100.0,0.1,2,216.918432602965,RGG3_weighted,"step,r_mult=3.0000,a=0.103361",201.283401869159,uniform,,0.0006733432701897498,24,5,0.0979987130855739
0.1,2.0,100.0,1.0,2,220.1410817686247,RGG3_weighted,"step,r_mult=3.0000,a=0.103361",201.67401869158886,uniform,,0.0007953084873831114,24,5,0.11061739494075072
0.1,3.0,0.0,0.0,2,193.5612784731949,RGG3_weighted,"step,r_mult=3.0000,a=0.103361",185.7600000000001,uniform,,0.0003359723717999483,24,5,0.04956280410308088
0.1,3.0,0.0,0.1,2,193.91935060271265,RGG3_weighted,"step,r_mult=3.0000,a=0.103361",185.803401869159,uniform,,0.0003495240625992104,24,5,0.05096487986476719
0.1,3.0,0.0,1.0,2,197.14199976837236,RGG3_weighted,"step,r_mult=3.0000,a=0.103361",186.19401869158884,uniform,,0.00047148927979257194,24,5,0.06358356171994403
0.1,3.0,1.0,0.0,2,193.6364610909421,RGG3_weighted,"step,r_mult=3.0000,a=0.103361",185.7600000000001,uniform,,0.0003392102106348838,24,5,0.050019630321111994
0.1,3.0,1.0,0.1,2,193.99453322045986,RGG3_weighted,"step,r_mult=3.0000,a=0.103361",185.803401869159,uniform,,0.0003527619014341459,24,5,0.051421706082798314
0.1,3.0,1.0,1.0,2,197.21718238611956,RGG3_weighted,"step,r_mult=3.0000,a=0.103361",186.19401869158884,uniform,,0.00047472711862750743,24,5,0.06404038793797516
0.1,3.0,10.0,0.0,2,194.31310465066701,RGG3_weighted,"step,r_mult=3.0000,a=0.103361",185.7600000000001,uniform,,0.00036835076014930703,24,5,0.05413106628339209
0.1,3.0,10.0,0.1,2,194.67117678018477,RGG3_weighted,"step,r_mult=3.0000,a=0.103361",185.803401869159,uniform,,0.00038190245094856917,24,5,0.055533142045078414
0.1,3.0,10.0,1.0,2,197.89382594584447,RGG3_weighted,"step,r_mult=3.0000,a=0.103361",186.19401869158884,uniform,,0.0005038676681419307,24,5,0.06815182390025526
0.1,3.0,100.0,0.0,2,201.079540247916,RGG3_weighted,"step,r_mult=3.0000,a=0.103361",185.7600000000001,uniform,,0.000659756255293535,24,5,0.09524542590619309
0.1,3.0,100.0,0.1,2,201.43761237743374,RGG3_weighted,"step,r_mult=3.0000,a=0.103361",185.803401869159,uniform,,0.000673307946092797,24,5,0.09664750166787939
0.1,3.0,100.0,1.0,2,204.66026154309344,RGG3_weighted,"step,r_mult=3.0000,a=0.103361",186.19401869158884,uniform,,0.0007952731632861587,24,5,0.10926618352305623
0.1,0.5,0.0,0.0,3,232.47740140462582,RGG3_weighted,"step,r_mult=3.0000,a=0.103453",224.4600000000001,uniform,,0.00034527999158594875,24,5,0.05370995055673613
0.1,0.5,0.0,0.1,3,232.84427100746964,RGG3_weighted,"step,r_mult=3.0000,a=0.103453",224.50340186915898,uniform,,0.000359210557205455,24,5,0.055143746430170636
0.1,0.5,0.0,1.0,3,236.14609743306406,RGG3_weighted,"step,r_mult=3.0000,a=0.103453",224.89401869158883,uniform,,0.0004845856477810177,24,5,0.06804790929108129
0.1,0.5,1.0,0.0,3,232.54998409577118,RGG3_weighted,"step,r_mult=3.0000,a=0.103453",224.4600000000001,uniform,,0.000348405861144319,24,5,0.05407104425315623
0.1,0.5,1.0,0.1,3,232.916853698615,RGG3_weighted,"step,r_mult=3.0000,a=0.103453",224.50340186915898,uniform,,0.00036233642676382523,24,5,0.055504840126590745
0.1,0.5,1.0,1.0,3,236.2186801242094,RGG3_weighted,"step,r_mult=3.0000,a=0.103453",224.89401869158883,uniform,,0.0004877115173393879,24,5,0.06840900298750138
0.1,0.5,10.0,0.0,3,233.2032283160794,RGG3_weighted,"step,r_mult=3.0000,a=0.103453",224.4600000000001,uniform,,0.000376538687169651,24,5,0.05732088752093723
0.1,0.5,10.0,0.1,3,233.5700979189232,RGG3_weighted,"step,r_mult=3.0000,a=0.103453",224.50340186915898,uniform,,0.0003904692527891573,24,5,0.058754683394371746
0.1,0.5,10.0,1.0,3,236.87192434451762,RGG3_weighted,"step,r_mult=3.0000,a=0.103453",224.89401869158883,uniform,,0.0005158443433647199,24,5,0.07165884625528239
0.1,0.5,100.0,0.0,3,239.73567051916143,RGG3_weighted,"step,r_mult=3.0000,a=0.103453",224.4600000000001,uniform,,0.0006578669474229689,24,5,0.08981932019874714
0.1,0.5,100.0,0.1,3,240.10254012200525,RGG3_weighted,"step,r_mult=3.0000,a=0.103453",224.50340186915898,uniform,,0.0006717975130424752,24,5,0.09125311607218166
0.1,0.5,100.0,1.0,3,243.40436654759966,RGG3_weighted,"step,r_mult=3.0000,a=0.103453",224.89401869158883,uniform,,0.0007971726036180378,24,5,0.1041572789330923
0.1,1.0,0.0,0.0,3,224.73720423495897,RGG3_weighted,"step,r_mult=3.0000,a=0.103453",216.7200000000001,uniform,,0.0003452715002135596,24,5,0.053045074387661345
0.1,1.0,0.0,0.1,3,225.1040738378028,RGG3_weighted,"step,r_mult=3.0000,a=0.103453",216.763401869159,uniform,,0.00035920206583306587,24,5,0.05447887026109585
0.1,1.0,0.0,1.0,3,228.4059002633972,RGG3_weighted,"step,r_mult=3.0000,a=0.103453",217.15401869158885,uniform,,0.00048457715640862854,24,5,0.0673830331220065
0.1,1.0,1.0,0.0,3,224.80978692610432,RGG3_weighted,"step,r_mult=3.0000,a=0.103453",216.7200000000001,uniform,,0.00034839736977192984,24,5,0.05340616808408145
0.1,1.0,1.0,0.1,3,225.17665652894814,RGG3_weighted,"step,r_mult=3.0000,a=0.103453",216.763401869159,uniform,,0.0003623279353914361,24,5,0.05483996395751596
0.1,1.0,1.0,1.0,3,228.47848295454256,RGG3_weighted,"step,r_mult=3.0000,a=0.103453",217.15401869158885,uniform,,0.00048770302596699876,24,5,0.0677441268184266
0.1,1.0,10.0,0.0,3,225.46303114641253,RGG3_weighted,"step,r_mult=3.0000,a=0.103453",216.7200000000001,uniform,,0.00037653019579726184,24,5,0.05665601135186245
0.1,1.0,10.0,0.1,3,225.82990074925635,RGG3_weighted,"step,r_mult=3.0000,a=0.103453",216.763401869159,uniform,,0.00039046076141676815,24,5,0.05808980722529696
0.1,1.0,10.0,1.0,3,229.13172717485077,RGG3_weighted,"step,r_mult=3.0000,a=0.103453",217.15401869158885,uniform,,0.0005158358519923308,24,5,0.0709939700862076
0.1,1.0,100.0,0.0,3,231.99547334949457,RGG3_weighted,"step,r_mult=3.0000,a=0.103453",216.7200000000001,uniform,,0.0006578584560505798,24,5,0.08915444402967235
0.1,1.0,100.0,0.1,3,232.3623429523384,RGG3_weighted,"step,r_mult=3.0000,a=0.103453",216.763401869159,uniform,,0.000671789021670086,24,5,0.09058823990310685
0.1,1.0,100.0,1.0,3,235.6641693779328,RGG3_weighted,"step,r_mult=3.0000,a=0.103453",217.15401869158885,uniform,,0.0007971641122456487,24,5,0.10349240276401751
0.1,1.5,0.0,0.0,3,216.99700706529208,RGG3_weighted,"step,r_mult=3.0000,a=0.103453",208.9800000000001,uniform,,0.0003452630088411704,24,5,0.05238019821858655
0.1,1.5,0.0,0.1,3,217.3638766681359,RGG3_weighted,"step,r_mult=3.0000,a=0.103453",209.023401869159,uniform,,0.00035919357446067673,24,5,0.05381399409202106
0.1,1.5,0.0,1.0,3,220.66570309373031,RGG3_weighted,"step,r_mult=3.0000,a=0.103453",209.41401869158884,uniform,,0.0004845686650362394,24,5,0.0667181569529317
0.1,1.5,1.0,0.0,3,217.06958975643744,RGG3_weighted,"step,r_mult=3.0000,a=0.103453",208.9800000000001,uniform,,0.00034838887839954064,24,5,0.052741291915006656
0.1,1.5,1.0,0.1,3,217.43645935928126,RGG3_weighted,"step,r_mult=3.0000,a=0.103453",209.023401869159,uniform,,0.00036231944401904695,24,5,0.05417508778844117
0.1,1.5,1.0,1.0,3,220.73828578487567,RGG3_weighted,"step,r_mult=3.0000,a=0.103453",209.41401869158884,uniform,,0.0004876945345946096,24,5,0.06707925064935182
0.1,1.5,10.0,0.0,3,217.72283397674565,RGG3_weighted,"step,r_mult=3.0000,a=0.103453",208.9800000000001,uniform,,0.0003765217044248727,24,5,0.05599113518278766
0.1,1.5,10.0,0.1,3,218.08970357958947,RGG3_weighted,"step,r_mult=3.0000,a=0.103453",209.023401869159,uniform,,0.00039045227004437896,24,5,0.057424931056222164
0.1,1.5,10.0,1.0,3,221.39153000518388,RGG3_weighted,"step,r_mult=3.0000,a=0.103453",209.41401869158884,uniform,,0.0005158273606199416,24,5,0.07032909391713281
0.1,1.5,100.0,0.0,3,224.2552761798277,RGG3_weighted,"step,r_mult=3.0000,a=0.103453",208.9800000000001,uniform,,0.0006578499646781906,24,5,0.08848956786059757
0.1,1.5,100.0,0.1,3,224.6221457826715,RGG3_weighted,"step,r_mult=3.0000,a=0.103453",209.023401869159,uniform,,0.0006717805302976969,24,5,0.08992336373403209
0.1,1.5,100.0,1.0,3,227.92397220826592,RGG3_weighted,"step,r_mult=3.0000,a=0.103453",209.41401869158884,uniform,,0.0007971556208732595,24,5,0.10282752659494274
0.1,2.0,0.0,0.0,3,209.25680989562522,RGG3_weighted,"step,r_mult=3.0000,a=0.103453",201.24000000000012,uniform,,0.0003452545174687813,24,5,0.05171532204951176
0.1,2.0,0.0,0.1,3,209.62367949846904,RGG3_weighted,"step,r_mult=3.0000,a=0.103453",201.283401869159,uniform,,0.0003591850830882876,24,5,0.05314911792294628
0.1,2.0,0.0,1.0,3,212.92550592406346,RGG3_weighted,"step,r_mult=3.0000,a=0.103453",201.67401869158886,uniform,,0.0004845601736638502,24,5,0.06605328078385692
0.1,2.0,1.0,0.0,3,209.32939258677058,RGG3_weighted,"step,r_mult=3.0000,a=0.103453",201.24000000000012,uniform,,0.0003483803870271515,24,5,0.05207641574593187
0.1,2.0,1.0,0.1,3,209.6962621896144,RGG3_weighted,"step,r_mult=3.0000,a=0.103453",201.283401869159,uniform,,0.0003623109526466578,24,5,0.05351021161936638
0.1,2.0,1.0,1.0,3,212.99808861520881,RGG3_weighted,"step,r_mult=3.0000,a=0.103453",201.67401869158886,uniform,,0.00048768604322222043,24,5,0.06641437448027702
0.1,2.0,10.0,0.0,3,209.9826368070788,RGG3_weighted,"step,r_mult=3.0000,a=0.103453",201.24000000000012,uniform,,0.00037651321305248357,24,5,0.055326259013712874
0.1,2.0,10.0,0.1,3,210.3495064099226,RGG3_weighted,"step,r_mult=3.0000,a=0.103453",201.283401869159,uniform,,0.0003904437786719898,24,5,0.05676005488714738
0.1,2.0,10.0,1.0,3,213.65133283551702,RGG3_weighted,"step,r_mult=3.0000,a=0.103453",201.67401869158886,uniform,,0.0005158188692475524,24,5,0.06966421774805803
0.1,2.0,100.0,0.0,3,216.51507901016083,RGG3_weighted,"step,r_mult=3.0000,a=0.103453",201.24000000000012,uniform,,0.0006578414733058014,24,5,0.08782469169152278
0.1,2.0,100.0,0.1,3,216.88194861300465,RGG3_weighted,"step,r_mult=3.0000,a=0.103453",201.283401869159,uniform,,0.0006717720389253077,24,5,0.08925848756495729
0.1,2.0,100.0,1.0,3,220.18377503859907,RGG3_weighted,"step,r_mult=3.0000,a=0.103453",201.67401869158886,uniform,,0.0007971471295008704,24,5,0.10216265042586795
0.1,3.0,0.0,0.0,3,193.77641555629145,RGG3_weighted,"step,r_mult=3.0000,a=0.103453",185.7600000000001,uniform,,0.000345237534724003,24,5,0.05038556971136219
0.1,3.0,0.0,0.1,3,194.14328515913527,RGG3_weighted,"step,r_mult=3.0000,a=0.103453",185.803401869159,uniform,,0.00035916810034350926,24,5,0.05181936558479671
0.1,3.0,0.0,1.0,3,197.4451115847297,RGG3_weighted,"step,r_mult=3.0000,a=0.103453",186.19401869158884,uniform,,0.00048454319091907193,24,5,0.06472352844570735
0.1,3.0,1.0,0.0,3,193.8489982474368,RGG3_weighted,"step,r_mult=3.0000,a=0.103453",185.7600000000001,uniform,,0.00034836340428237323,24,5,0.050746663407782305
0.1,3.0,1.0,0.1,3,194.21586785028063,RGG3_weighted,"step,r_mult=3.0000,a=0.103453",185.803401869159,uniform,,0.0003622939699018795,24,5,0.05218045928121681
0.1,3.0,1.0,1.0,3,197.51769427587504,RGG3_weighted,"step,r_mult=3.0000,a=0.103453",186.19401869158884,uniform,,0.00048766906047744216,24,5,0.06508462214212746
0.1,3.0,10.0,0.0,3,194.50224246774502,RGG3_weighted,"step,r_mult=3.0000,a=0.103453",185.7600000000001,uniform,,0.00037649623030770523,24,5,0.053996506675563306
0.1,3.0,10.0,0.1,3,194.86911207058884,RGG3_weighted,"step,r_mult=3.0000,a=0.103453",185.803401869159,uniform,,0.00039042679592721154,24,5,0.05543030254899781
0.1,3.0,10.0,1.0,3,198.17093849618325,RGG3_weighted,"step,r_mult=3.0000,a=0.103453",186.19401869158884,uniform,,0.0005158018865027742,24,5,0.06833446540990847
0.1,3.0,100.0,0.0,3,201.03468467082706,RGG3_weighted,"step,r_mult=3.0000,a=0.103453",185.7600000000001,uniform,,0.0006578244905610231,24,5,0.08649493935337321
0.1,3.0,100.0,0.1,3,201.40155427367088,RGG3_weighted,"step,r_mult=3.0000,a=0.103453",185.803401869159,uniform,,0.0006717550561805294,24,5,0.08792873522680773
0.1,3.0,100.0,1.0,3,204.7033806992653,RGG3_weighted,"step,r_mult=3.0000,a=0.103453",186.19401869158884,uniform,,0.000797130146756092,24,5,0.10083289808771838
0.1,0.5,0.0,0.0,4,232.2533133172201,RGG3_weighted,"step,r_mult=3.0000,a=0.103356",224.4600000000001,uniform,,0.0003356293418268733,24,5,0.053109791125235034
0.1,0.5,0.0,0.1,4,232.61148828689605,RGG3_weighted,"step,r_mult=3.0000,a=0.103356",224.50340186915898,uniform,,0.0003491854615735172,24,5,0.054535429222017325
0.1,0.5,0.0,1.0,4,235.8350630139798,RGG3_weighted,"step,r_mult=3.0000,a=0.103356",224.89401869158883,uniform,,0.00047119053929332383,24,5,0.06736617209305801
0.1,0.5,1.0,0.0,4,232.31550772994618,RGG3_weighted,"step,r_mult=3.0000,a=0.103356",224.4600000000001,uniform,,0.0003383078264403998,24,5,0.05343138548834994
0.1,0.5,1.0,0.1,4,232.67368269962213,RGG3_weighted,"step,r_mult=3.0000,a=0.103356",224.50340186915898,uniform,,0.00035186394618704376,24,5,0.05485702358513223
0.1,0.5,1.0,1.0,4,235.8972574267059,RGG3_weighted,"step,r_mult=3.0000,a=0.103356",224.89401869158883,uniform,,0.0004738690239068504,24,5,0.06768776645617292
0.1,0.5,10.0,0.0,4,232.87525744448092,RGG3_weighted,"step,r_mult=3.0000,a=0.103356",224.4600000000001,uniform,,0.00036241418796213737,24,5,0.05632573475638417
0.1,0.5,10.0,0.1,4,233.23343241415688,RGG3_weighted,"step,r_mult=3.0000,a=0.103356",224.50340186915898,uniform,,0.0003759703077087813,24,5,0.05775137285316646
0.1,0.5,10.0,1.0,4,236.45700714124064,RGG3_weighted,"step,r_mult=3.0000,a=0.103356",224.89401869158883,uniform,,0.0004979753854285879,24,5,0.07058211572420715
0.1,0.5,100.0,0.0,4,238.47275458982853,RGG3_weighted,"step,r_mult=3.0000,a=0.103356",224.4600000000001,uniform,,0.000603477803179519,24,5,0.08526922743672648
0.1,0.5,100.0,0.1,4,238.83092955950448,RGG3_weighted,"step,r_mult=3.0000,a=0.103356",224.50340186915898,uniform,,0.000617033922926163,24,5,0.08669486553350876
0.1,0.5,100.0,1.0,4,242.05450428658824,RGG3_weighted,"step,r_mult=3.0000,a=0.103356",224.89401869158883,uniform,,0.0007390390006459696,24,5,0.09952560840454944
0.1,1.0,0.0,0.0,4,224.51357046066659,RGG3_weighted,"step,r_mult=3.0000,a=0.103356",216.7200000000001,uniform,,0.0003356404160493744,24,5,0.0524634043262526
0.1,1.0,0.0,0.1,4,224.87174543034254,RGG3_weighted,"step,r_mult=3.0000,a=0.103356",216.763401869159,uniform,,0.0003491965357960183,24,5,0.05388904242303489
0.1,1.0,0.0,1.0,4,228.0953201574263,RGG3_weighted,"step,r_mult=3.0000,a=0.103356",217.15401869158885,uniform,,0.0004712016135158249,24,5,0.06671978529407557
0.1,1.0,1.0,0.0,4,224.57576487339267,RGG3_weighted,"step,r_mult=3.0000,a=0.103356",216.7200000000001,uniform,,0.0003383189006629009,24,5,0.05278499868936751
0.1,1.0,1.0,0.1,4,224.93393984306863,RGG3_weighted,"step,r_mult=3.0000,a=0.103356",216.763401869159,uniform,,0.00035187502040954485,24,5,0.0542106367861498
0.1,1.0,1.0,1.0,4,228.1575145701524,RGG3_weighted,"step,r_mult=3.0000,a=0.103356",217.15401869158885,uniform,,0.00047388009812935147,24,5,0.06704137965719048
0.1,1.0,10.0,0.0,4,225.13551458792742,RGG3_weighted,"step,r_mult=3.0000,a=0.103356",216.7200000000001,uniform,,0.00036242526218463846,24,5,0.05567934795740174
0.1,1.0,10.0,0.1,4,225.49368955760337,RGG3_weighted,"step,r_mult=3.0000,a=0.103356",216.763401869159,uniform,,0.0003759813819312824,24,5,0.05710498605418403
0.1,1.0,10.0,1.0,4,228.71726428468713,RGG3_weighted,"step,r_mult=3.0000,a=0.103356",217.15401869158885,uniform,,0.0004979864596510891,24,5,0.06993572892522472
0.1,1.0,100.0,0.0,4,230.73301173327502,RGG3_weighted,"step,r_mult=3.0000,a=0.103356",216.7200000000001,uniform,,0.0006034888774020202,24,5,0.08462284063774403
0.1,1.0,100.0,0.1,4,231.09118670295098,RGG3_weighted,"step,r_mult=3.0000,a=0.103356",216.763401869159,uniform,,0.0006170449971486641,24,5,0.08604847873452633
0.1,1.0,100.0,1.0,4,234.31476143003474,RGG3_weighted,"step,r_mult=3.0000,a=0.103356",217.15401869158885,uniform,,0.0007390500748684707,24,5,0.09887922160556699
0.1,1.5,0.0,0.0,4,216.77382760411305,RGG3_weighted,"step,r_mult=3.0000,a=0.103356",208.9800000000001,uniform,,0.00033565149027187547,24,5,0.05181701752727017
0.1,1.5,0.0,0.1,4,217.132002573789,RGG3_weighted,"step,r_mult=3.0000,a=0.103356",209.023401869159,uniform,,0.0003492076100185194,24,5,0.05324265562405246
0.1,1.5,0.0,1.0,4,220.35557730087277,RGG3_weighted,"step,r_mult=3.0000,a=0.103356",209.41401869158884,uniform,,0.000471212687738326,24,5,0.06607339849509315
0.1,1.5,1.0,0.0,4,216.83602201683914,RGG3_weighted,"step,r_mult=3.0000,a=0.103356",208.9800000000001,uniform,,0.000338329974885402,24,5,0.052138611890385086
0.1,1.5,1.0,0.1,4,217.1941969865151,RGG3_weighted,"step,r_mult=3.0000,a=0.103356",209.023401869159,uniform,,0.00035188609463204595,24,5,0.05356424998716738
0.1,1.5,1.0,1.0,4,220.41777171359885,RGG3_weighted,"step,r_mult=3.0000,a=0.103356",209.41401869158884,uniform,,0.00047389117235185256,24,5,0.06639499285820806
0.1,1.5,10.0,0.0,4,217.39577173137388,RGG3_weighted,"step,r_mult=3.0000,a=0.103356",208.9800000000001,uniform,,0.00036243633640713956,24,5,0.05503296115841931
0.1,1.5,10.0,0.1,4,217.75394670104984,RGG3_weighted,"step,r_mult=3.0000,a=0.103356",209.023401869159,uniform,,0.0003759924561537835,24,5,0.05645859925520161
0.1,1.5,10.0,1.0,4,220.9775214281336,RGG3_weighted,"step,r_mult=3.0000,a=0.103356",209.41401869158884,uniform,,0.0004979975338735901,24,5,0.0692893421262423
0.1,1.5,100.0,0.0,4,222.9932688767215,RGG3_weighted,"step,r_mult=3.0000,a=0.103356",208.9800000000001,uniform,,0.0006034999516245212,24,5,0.08397645383876161
0.1,1.5,100.0,0.1,4,223.35144384639744,RGG3_weighted,"step,r_mult=3.0000,a=0.103356",209.023401869159,uniform,,0.0006170560713711652,24,5,0.08540209193554389
0.1,1.5,100.0,1.0,4,226.5750185734812,RGG3_weighted,"step,r_mult=3.0000,a=0.103356",209.41401869158884,uniform,,0.0007390611490909718,24,5,0.09823283480658458
0.1,2.0,0.0,0.0,4,209.03408474755952,RGG3_weighted,"step,r_mult=3.0000,a=0.103356",201.24000000000012,uniform,,0.00033566256449437537,24,5,0.051170630728287744
0.1,2.0,0.0,0.1,4,209.39225971723548,RGG3_weighted,"step,r_mult=3.0000,a=0.103356",201.283401869159,uniform,,0.0003492186842410193,24,5,0.05259626882507004
0.1,2.0,0.0,1.0,4,212.61583444431923,RGG3_weighted,"step,r_mult=3.0000,a=0.103356",201.67401869158886,uniform,,0.0004712237619608259,24,5,0.06542701169611073
0.1,2.0,1.0,0.0,4,209.0962791602856,RGG3_weighted,"step,r_mult=3.0000,a=0.103356",201.24000000000012,uniform,,0.00033834104910790186,24,5,0.05149222509140266
0.1,2.0,1.0,0.1,4,209.45445412996156,RGG3_weighted,"step,r_mult=3.0000,a=0.103356",201.283401869159,uniform,,0.00035189716885454585,24,5,0.05291786318818495
0.1,2.0,1.0,1.0,4,212.67802885704532,RGG3_weighted,"step,r_mult=3.0000,a=0.103356",201.67401869158886,uniform,,0.00047390224657435247,24,5,0.06574860605922564
0.1,2.0,10.0,0.0,4,209.65602887482035,RGG3_weighted,"step,r_mult=3.0000,a=0.103356",201.24000000000012,uniform,,0.00036244741062963946,24,5,0.05438657435943688
0.1,2.0,10.0,0.1,4,210.0142038444963,RGG3_weighted,"step,r_mult=3.0000,a=0.103356",201.283401869159,uniform,,0.0003760035303762834,24,5,0.05581221245621918
0.1,2.0,10.0,1.0,4,213.23777857158007,RGG3_weighted,"step,r_mult=3.0000,a=0.103356",201.67401869158886,uniform,,0.00049800860809609,24,5,0.06864295532725986
0.1,2.0,100.0,0.0,4,215.25352602016795,RGG3_weighted,"step,r_mult=3.0000,a=0.103356",201.24000000000012,uniform,,0.0006035110258470212,24,5,0.08333006703977917
0.1,2.0,100.0,0.1,4,215.6117009898439,RGG3_weighted,"step,r_mult=3.0000,a=0.103356",201.283401869159,uniform,,0.0006170671455936651,24,5,0.08475570513656147
0.1,2.0,100.0,1.0,4,218.83527571692767,RGG3_weighted,"step,r_mult=3.0000,a=0.103356",201.67401869158886,uniform,,0.0007390722233134717,24,5,0.09758644800760215
0.1,3.0,0.0,0.0,4,193.55459903445248,RGG3_weighted,"step,r_mult=3.0000,a=0.103356",185.7600000000001,uniform,,0.00033568471293937875,24,5,0.049877857130322896
0.1,3.0,0.0,0.1,4,193.91277400412844,RGG3_weighted,"step,r_mult=3.0000,a=0.103356",185.803401869159,uniform,,0.00034924083268602274,24,5,0.051303495227105186
0.1,3.0,0.0,1.0,4,197.1363487312122,RGG3_weighted,"step,r_mult=3.0000,a=0.103356",186.19401869158884,uniform,,0.00047124591040582936,24,5,0.06413423809814588
0.1,3.0,1.0,0.0,4,193.61679344717857,RGG3_weighted,"step,r_mult=3.0000,a=0.103356",185.7600000000001,uniform,,0.0003383631975529053,24,5,0.0501994514934378
0.1,3.0,1.0,0.1,4,193.97496841685452,RGG3_weighted,"step,r_mult=3.0000,a=0.103356",185.803401869159,uniform,,0.0003519193172995493,24,5,0.051625089590220094
0.1,3.0,1.0,1.0,4,197.19854314393828,RGG3_weighted,"step,r_mult=3.0000,a=0.103356",186.19401869158884,uniform,,0.00047392439501935585,24,5,0.06445583246126078
0.1,3.0,10.0,0.0,4,194.1765431617133,RGG3_weighted,"step,r_mult=3.0000,a=0.103356",185.7600000000001,uniform,,0.00036246955907464284,24,5,0.053093800761472035
0.1,3.0,10.0,0.1,4,194.53471813138927,RGG3_weighted,"step,r_mult=3.0000,a=0.103356",185.803401869159,uniform,,0.0003760256788212868,24,5,0.054519438858254325
0.1,3.0,10.0,1.0,4,197.75829285847303,RGG3_weighted,"step,r_mult=3.0000,a=0.103356",186.19401869158884,uniform,,0.0004980307565410934,24,5,0.06735018172929501
0.1,3.0,100.0,0.0,4,199.77404030706091,RGG3_weighted,"step,r_mult=3.0000,a=0.103356",185.7600000000001,uniform,,0.0006035331742920246,24,5,0.08203729344181433
0.1,3.0,100.0,0.1,4,200.13221527673687,RGG3_weighted,"step,r_mult=3.0000,a=0.103356",185.803401869159,uniform,,0.0006170892940386685,24,5,0.08346293153859663
0.1,3.0,100.0,1.0,4,203.35579000382063,RGG3_weighted,"step,r_mult=3.0000,a=0.103356",186.19401869158884,uniform,,0.0007390943717584752,24,5,0.09629367440963729
